member_id,zone,LC_V26_H3p5_T8,LC_V2_H0p5_T5,LC_V2_H0p5_T6,LC_V2_H1p0_T7,LC_V2_H1p0_T8,LC_V2_H1p5_T8,LC_V4_H0p5_T5,LC_V4_H0p5_T6,LC_V4_H1p0_T5,LC_V4_H1p0_T7,LC_V4_H1p0_T8,LC_V4_H1p5_T7,LC_V4_H1p5_T8,LC_V6_H0p5_T5,LC_V6_H0p5_T6,LC_V6_H1p0_T5,LC_V6_H1p0_T6,LC_V6_H1p0_T8,LC_V6_H1p5_T7,LC_V6_H1p5_T8,LC_V8_H0p5_T5,LC_V8_H0p5_T6,LC_V8_H1p0_T5,LC_V8_H1p0_T6,LC_V8_H1p5_T6,LC_V8_H1p5_T8,LC_V8_H2p0_T7,LC_V8_H2p0_T8,LC_V10_H0p5_T5,LC_V10_H0p5_T6,LC_V10_H1p0_T5,LC_V10_H1p0_T6,LC_V10_H1p5_T6,LC_V10_H2p0_T7,LC_V10_H2p0_T8,LC_V12_H0p5_T5,LC_V12_H1p0_T5,LC_V12_H1p0_T6,LC_V12_H1p5_T6,LC_V12_H2p0_T7,LC_V12_H2p5_T7,LC_V12_H2p5_T8,LC_V14_H0p5_T5,LC_V14_H1p0_T5,LC_V14_H1p0_T6,LC_V14_H1p5_T6,LC_V14_H2p0_T7,LC_V14_H2p5_T7,LC_V14_H2p5_T8,LC_V14_H3p0_T8,LC_V16_H1p0_T5,LC_V16_H1p5_T6,LC_V16_H2p0_T7,LC_V16_H2p5_T7,LC_V16_H2p5_T8,LC_V16_H3p0_T8,LC_V18_H1p5_T6,LC_V18_H2p0_T7,LC_V18_H2p5_T7,LC_V18_H3p0_T8,LC_V18_H3p5_T8,LC_V20_H2p0_T7,LC_V20_H2p5_T7,LC_V20_H3p0_T8,LC_V20_H3p5_T8,LC_V22_H2p5_T7,LC_V22_H3p0_T8,LC_V22_H3p5_T8,LC_V24_H3p5_T8,worst_bin,worst_bin_damage
1,submerged,1.2192710793030579e-09,3.2761528056793454e-11,3.258208681866165e-11,4.0734063816583825e-11,4.06449461416683e-11,5.831793786499271e-11,5.128528499833209e-11,5.127144801188876e-11,6.589478830195691e-11,6.442310235483243e-11,6.457447047490374e-11,9.335391183701131e-11,9.383818266334859e-11,1.29234605530749e-10,1.2878524434923358e-10,1.5405324813446575e-10,1.527269143596515e-10,1.516777497856329e-10,2.0110270491729746e-10,2.005004366557985e-10,1.1151755330417683e-10,1.1147743479227186e-10,1.3501830568522658e-10,1.3445561083025553e-10,1.812683486064908e-10,1.8333152873234844e-10,2.696484510243955e-10,2.67957092131878e-10,4.6562531103770975e-09,4.631803495254688e-09,4.7864579652240526e-09,4.729440069871357e-09,4.992839855871226e-09,5.295187602042576e-09,5.1864725181457355e-09,7.3702955473168866e-09,7.525198491904774e-09,7.454501055026196e-09,7.806676595760927e-09,8.270268349879919e-09,9.112583359083605e-09,8.910326532974579e-09,1.0691937423940733e-08,1.0873389174266926e-08,1.0804367065821711e-08,1.1210749847108963e-08,1.1837518054263452e-08,1.284899552110645e-08,1.2728966205476632e-08,1.4096174779660433e-08,1.1460278338629896e-08,1.1626259765275444e-08,1.211238261642793e-08,1.3190822649839852e-08,1.2951920151572018e-08,1.4335122594263804e-08,2.6037202200969715e-08,2.65398946283601e-08,2.7872150337225536e-08,2.9238618973995942e-08,3.167255254492273e-08,3.339378665257817e-08,3.492413074803001e-08,3.622955008116809e-08,3.899524970319104e-08,2.382114362407785e-08,2.5126595315694646e-08,2.7518139068831826e-08,3.734522367501226e-08,LC_V20_H3p5_T8,3.899524970319104e-08
2,submerged,6.818868387210001e-10,2.1280409769773196e-11,2.1139192783553595e-11,2.5699867817240622e-11,2.558203230830929e-11,3.523441159160577e-11,3.121895616028392e-11,3.1163796199708955e-11,3.930971393136422e-11,3.8220259764203636e-11,3.822113851694039e-11,5.339731465366183e-11,5.335789580234959e-11,7.178991444128137e-11,7.141113711886565e-11,8.526438751990446e-11,8.402905042059375e-11,8.30694816172504e-11,1.0892188347015218e-10,1.0832883163749484e-10,5.917021035262514e-11,5.916622069513528e-11,7.16024973930509e-11,7.105935624611166e-11,9.495377532405124e-11,9.498093833782168e-11,1.385071626220665e-10,1.3701960362838716e-10,2.3641051417904977e-09,2.35020792826719e-09,2.42824193401811e-09,2.397364210244974e-09,2.5287288227854727e-09,2.6740224962707855e-09,2.609019048301361e-09,3.863668522939579e-09,3.939806427313429e-09,3.903286245449176e-09,4.078722292124045e-09,4.309686069095869e-09,4.7383768142591455e-09,4.625821232522511e-09,5.679572840644605e-09,5.780067703175245e-09,5.742724669983587e-09,5.960075369826988e-09,6.27484911060105e-09,6.794011058555812e-09,6.713005393642172e-09,7.411314904449417e-09,6.039751097892534e-09,6.119066416430319e-09,6.3542272835792926e-09,6.903352810024022e-09,6.767774461983375e-09,7.473472663318979e-09,1.3593709274483654e-08,1.3807630242382099e-08,1.4477836724022164e-08,1.5106634115172072e-08,1.631061620886322e-08,1.7545791562906422e-08,1.8322404308250543e-08,1.8880320871315844e-08,2.0270769445729875e-08,1.2279014608553967e-08,1.2914941986051945e-08,1.410680268306569e-08,1.9483812384434288e-08,LC_V20_H3p5_T8,2.0270769445729875e-08
3,submerged,3.9257644121540927e-10,1.871195630491645e-11,1.8551578512333538e-11,2.0943003210465223e-11,2.0703486250414e-11,2.5367728111482707e-11,2.326872677807819e-11,2.3137020263569918e-11,2.781238368090091e-11,2.6505219736064646e-11,2.6290857867259146e-11,3.340302859828696e-11,3.2794399847391805e-11,4.13326760684497e-11,4.0861894057962746e-11,4.830540668899562e-11,4.6873922039121964e-11,4.5562722195922765e-11,5.723287501399526e-11,5.614347823712771e-11,3.0387017863597635e-11,3.028245256100915e-11,3.587560099333523e-11,3.530038052907254e-11,4.5253979602297477e-11,4.3782020171982e-11,6.077337252111965e-11,5.899784943501259e-11,9.888173619633638e-10,9.816925846778448e-10,1.0177195236298968e-09,9.995306460927503e-10,1.0493125617232126e-09,1.096563029088662e-09,1.0629292150310556e-09,1.8203333028894927e-09,1.8541091242728084e-09,1.8356820432412239e-09,1.9089716047718908e-09,1.9957217851704507e-09,2.161627886173532e-09,2.1052738862890757e-09,2.8326580831933024e-09,2.887044858293098e-09,2.865267996759521e-09,2.973351723464655e-09,3.1038140885180953e-09,3.333526723534789e-09,3.265978640199371e-09,3.561722369985684e-09,2.935980714678069e-09,2.9656925052536572e-09,3.0365286500061117e-09,3.25898043112951e-09,3.1747635747179176e-09,3.451001435412596e-09,6.4209384473174924e-09,6.442816474797136e-09,6.6948095676025716e-09,6.8540129519210795e-09,7.305851392672997e-09,8.484593987968967e-09,8.802337878852e-09,8.88640196393433e-09,9.389483009629132e-09,5.603115207617537e-09,5.767017258631558e-09,6.210762667945736e-09,9.219316418871288e-09,LC_V20_H3p5_T8,9.389483009629132e-09
4,submerged,8.386240243674883e-11,9.564148670092855e-12,9.536212674478004e-12,1.0030600948256778e-11,9.94175757649501e-12,1.0827265707155047e-11,1.0320346990314579e-11,1.0249120365894244e-11,1.1672507878329303e-11,1.1022324865991245e-11,1.0874347664955118e-11,1.2541121959513447e-11,1.2158874796303242e-11,1.1548405366505864e-11,1.137690451556404e-11,1.322598844204241e-11,1.2677881706621783e-11,1.2007930730072639e-11,1.4236870424131311e-11,1.3639556621388398e-11,1.2027459005373257e-11,1.196972533635208e-11,1.3321428310198128e-11,1.3014707707165828e-11,1.514606628720213e-11,1.4288939983327715e-11,1.7536933046776542e-11,1.673727493077072e-11,1.712620352115019e-10,1.700830610455095e-10,1.769234739787962e-10,1.731726010376192e-10,1.8221552779351398e-10,1.8829491809803704e-10,1.8053574990815984e-10,4.231602267286303e-10,4.2930565228939455e-10,4.255732445748309e-10,4.384932574174385e-10,4.500314021085775e-10,4.742757228244209e-10,4.605786610207408e-10,7.296946497719154e-10,7.474503895162162e-10,7.392047521256177e-10,7.663054697834921e-10,7.880936488131655e-10,8.309554549969253e-10,8.107157630811436e-10,8.581142152852739e-10,6.443520282779502e-10,6.489594777422443e-10,6.550745649084774e-10,6.878696086514229e-10,6.666976389289619e-10,7.024858233647757e-10,1.2866911795621443e-09,1.290038740730974e-09,1.3290424501369538e-09,1.3385421116287072e-09,1.3970565757429993e-09,1.6208733957038212e-09,1.6674711302782424e-09,1.6610690824700738e-09,1.728742428978395e-09,1.0766599107710898e-09,1.0792576436089893e-09,1.1351056873097514e-09,1.7702738195386472e-09,LC_V24_H3p5_T8,1.7702738195386472e-09
5,submerged,9.203069636964225e-10,3.0479810587144077e-11,3.097558957070579e-11,3.721903041662813e-11,3.7872559923264114e-11,5.2273627324261725e-11,6.587770635709129e-11,6.59734806642682e-11,8.12755140140253e-11,8.086313315803996e-11,8.143571377340438e-11,1.1333498709033969e-10,1.1438453731998886e-10,1.483484448519874e-10,1.4795352480393374e-10,1.759080353500897e-10,1.746961936929465e-10,1.7252155579400164e-10,2.2594898383828827e-10,2.253248870088309e-10,1.703127141753036e-10,1.6989076545393495e-10,1.9635184670658731e-10,1.9606226915983296e-10,2.506376297272914e-10,2.634524888485803e-10,3.5681473573051647e-10,3.667676011584652e-10,4.161848242198796e-09,4.1453733270618556e-09,4.307024110674834e-09,4.269309812921225e-09,4.5410332602477435e-09,4.896406203655408e-09,4.809667217714002e-09,7.696392720034526e-09,7.875808345210351e-09,7.80435768185754e-09,8.17589417915007e-09,8.740014167972811e-09,9.64421607553707e-09,9.513722788763652e-09,1.3177637313768392e-08,1.3439761256961693e-08,1.333538024928262e-08,1.3874367771981777e-08,1.4593412032265097e-08,1.5794257685815894e-08,1.554985191256314e-08,1.7121672538238263e-08,1.5674828160312186e-08,1.5839119396694823e-08,1.6370882166255594e-08,1.745094991075471e-08,1.721636424148439e-08,1.8669248096385434e-08,3.034303514395235e-08,3.108298689846311e-08,3.262707860776715e-08,3.45045314797732e-08,3.728345964297543e-08,4.036770982539494e-08,4.194303046124212e-08,4.375967841774208e-08,4.68666025038216e-08,3.617507401018717e-08,3.7703120302715125e-08,4.055587676180623e-08,5.630122580656962e-08,LC_V24_H3p5_T8,5.630122580656962e-08
6,submerged,5.049048751120896e-10,1.9780636693038042e-11,2.0097179731655175e-11,2.351243152930861e-11,2.3872514944924455e-11,3.156164917338197e-11,4.080241026831036e-11,4.081330729634974e-11,4.937992403922222e-11,4.8791863353732825e-11,4.903672595401409e-11,6.611378474248344e-11,6.632447765662325e-11,8.401501655225251e-11,8.3796437326283e-11,9.895772534386569e-11,9.785721243880089e-11,9.621694975937922e-11,1.2426242089018962e-10,1.234827698946263e-10,9.611734401123332e-11,9.575174463093565e-11,1.0957064802370837e-10,1.0900918904298975e-10,1.3700816076791568e-10,1.424744019205396e-10,1.9046137518747938e-10,1.9464339739872122e-10,2.096025470726314e-09,2.0880528004648644e-09,2.1719178776201093e-09,2.1521154293579357e-09,2.2886987571006617e-09,2.4585463029038742e-09,2.4112227663219637e-09,4.077924231913909e-09,4.169374229084855e-09,4.131691617555632e-09,4.324013673411045e-09,4.598362712512423e-09,5.057618627599222e-09,4.993268890348264e-09,7.122219897643963e-09,7.264194996720249e-09,7.195179865161987e-09,7.478605669153651e-09,7.828835540300098e-09,8.439730357031183e-09,8.278041704146765e-09,9.077879106575611e-09,8.492729857742051e-09,8.565065511781827e-09,8.835570506388588e-09,9.380872874700109e-09,9.260553539888778e-09,9.979087251123477e-09,1.621502565583448e-08,1.6556818838239338e-08,1.733858127541754e-08,1.8247913542618373e-08,1.9657608291985393e-08,2.1826787162053095e-08,2.2620098116145007e-08,2.34465813791055e-08,2.499778263964695e-08,1.959987466768419e-08,2.034067580653344e-08,2.1744534928117735e-08,3.0943385368285295e-08,LC_V24_H3p5_T8,3.0943385368285295e-08
7,submerged,2.746924057501455e-10,1.7563710948631317e-11,1.7828821362590773e-11,1.936068998434741e-11,1.9511069215621114e-11,2.2865165150913854e-11,3.167369368472334e-11,3.161501532269328e-11,3.629345079173278e-11,3.5325881516415057e-11,3.502011113238868e-11,4.318041769896892e-11,4.2514348473385894e-11,5.019819399583925e-11,4.999246508043935e-11,5.744670964689926e-11,5.6425040786305436e-11,5.47460757097478e-11,6.713927857638516e-11,6.598549239327663e-11,5.807283294209394e-11,5.775073544090823e-11,6.470328694894079e-11,6.358260963902059e-11,7.577015535655046e-11,7.501086298140815e-11,9.633765878930765e-11,9.539176731993066e-11,8.561651173055117e-10,8.531645288080305e-10,8.887925010776714e-10,8.802522371252679e-10,9.353356814390415e-10,9.948580827797408e-10,9.674314560685044e-10,2.0110305751983476e-09,2.049082910265498e-09,2.0251373128313864e-09,2.106276279242325e-09,2.2035482347907e-09,2.3890530585578384e-09,2.338239591082087e-09,3.715566548973509e-09,3.787632766081436e-09,3.742284722615237e-09,3.8590699465475516e-09,3.972377740701989e-09,4.2193829897795715e-09,4.127670939812218e-09,4.437271216365752e-09,4.495716195050582e-09,4.500525058774013e-09,4.584978405537486e-09,4.787662255711983e-09,4.72745445977518e-09,5.004744333371858e-09,8.263689274607748e-09,8.365463994926517e-09,8.654083296770468e-09,8.929113414369259e-09,9.468403085820948e-09,1.1615092223356942e-08,1.189307445268427e-08,1.2102515147358013e-08,1.2656915688442098e-08,1.0485855926310748e-08,1.0712889618284398e-08,1.1255374626038217e-08,1.7170306866217346e-08,LC_V24_H3p5_T8,1.7170306866217346e-08
8,submerged,5.499403008876218e-11,9.292178377117344e-12,9.419949530899438e-12,9.660409268515313e-12,9.736606442671693e-12,1.030112111693064e-11,1.3553098441033455e-11,1.3514751732555779e-11,1.48529646373516e-11,1.4325592114851524e-11,1.4155672657077003e-11,1.600130326114337e-11,1.5566151884601606e-11,1.4743191562647092e-11,1.467700626988721e-11,1.6363446265481935e-11,1.5975905551065667e-11,1.5390042930875425e-11,1.7674741733862683e-11,1.7108359076786303e-11,2.03822078734247e-11,2.027577252323556e-11,2.2140529948944687e-11,2.1663245454585948e-11,2.423191335440621e-11,2.314308904957479e-11,2.7149405722382516e-11,2.6202025066644326e-11,1.7471629801861703e-10,1.7426246309373123e-10,1.8066864199841627e-10,1.7931832194433796e-10,1.8946049117604189e-10,1.9714165765028478e-10,1.909136229812692e-10,4.758275083387754e-10,4.835214974807404e-10,4.764800910917404e-10,4.906156916430241e-10,4.9927278445345e-10,5.262292195867247e-10,5.113487818446577e-10,8.640524571002648e-10,8.837878724020641e-10,8.745364024335606e-10,9.012713159436567e-10,9.1529409974269e-10,9.562228702907608e-10,9.272030391885422e-10,9.69838989664436e-10,9.394041142796757e-10,9.327870804489085e-10,9.286255095632118e-10,9.453824033610462e-10,9.27159520369913e-10,9.477717721581315e-10,1.6310451377033383e-09,1.625359113151553e-09,1.6508063044994633e-09,1.6518653580682262e-09,1.7067516544014397e-09,2.330933368133286e-09,2.354277932720819e-09,2.336438166955127e-09,2.373563196694699e-09,2.011185827202205e-09,2.004906241904177e-09,2.0545291866580582e-09,3.523817844893139e-09,LC_V24_H3p5_T8,3.523817844893139e-09
9,submerged,1.1949894802450115e-09,3.380819019034883e-11,3.366914113297565e-11,4.169902570281992e-11,4.165722029037758e-11,5.93575840225716e-11,5.62566860512408e-11,5.609993630848771e-11,7.184526623336472e-11,6.996487816080653e-11,6.974069339371135e-11,9.905362340045036e-11,9.851533736710179e-11,1.2783675673413738e-10,1.2748224303669383e-10,1.5442275405265043e-10,1.53388838104418e-10,1.5147444745169131e-10,2.0322496946697356e-10,2.01300359148016e-10,1.0463778200908813e-10,1.0498210701371046e-10,1.28872283325911e-10,1.2863022455355787e-10,1.7409512161853006e-10,1.7205683431969085e-10,2.5320024819876416e-10,2.4798184595223306e-10,4.083498863176169e-09,4.066013826251471e-09,4.199866447837211e-09,4.1592729039122875e-09,4.387970607194522e-09,4.674630709246937e-09,4.575472110571118e-09,6.754569612349789e-09,6.919207447711199e-09,6.856885712061364e-09,7.195549395478828e-09,7.68150199972139e-09,8.482006957434922e-09,8.328802765677806e-09,9.56885862437612e-09,9.785954113815707e-09,9.725303124288597e-09,1.0159495293394484e-08,1.0738115144982529e-08,1.1709576309736701e-08,1.1587232979547344e-08,1.2911936655375694e-08,1.0551283020916776e-08,1.0869828001356479e-08,1.137819916814609e-08,1.2413302295441722e-08,1.2088954003087283e-08,1.340291133305762e-08,2.4067778297740557e-08,2.4435221854841057e-08,2.5773173202239473e-08,2.7065836880500794e-08,2.9501234138863557e-08,3.1044644260430765e-08,3.259634377213749e-08,3.360186954605549e-08,3.62450400682689e-08,2.22093002809387e-08,2.3482044991470037e-08,2.568979487441369e-08,3.4337852248941665e-08,LC_V20_H3p5_T8,3.62450400682689e-08
10,submerged,6.680342288041764e-10,2.1849462717331357e-11,2.171798566943764e-11,2.619887645182473e-11,2.608310900163542e-11,3.567227364422855e-11,3.3520592212091775e-11,3.3431979320822666e-11,4.213553836856273e-11,4.087136867526608e-11,4.0670953848635204e-11,5.6229461256512135e-11,5.576433410622933e-11,7.125962152938374e-11,7.084811213781705e-11,8.528758248993367e-11,8.426954316951222e-11,8.283569122790241e-11,1.09644982505047e-10,1.0829423050552203e-10,5.553307566112551e-11,5.5423368250867446e-11,6.845848658608492e-11,6.805485809474294e-11,9.135874400415067e-11,8.980733562681047e-11,1.3037950628082302e-10,1.2737652224898255e-10,2.1130235814908856e-09,2.103968209875645e-09,2.1751318392342947e-09,2.1512547955371235e-09,2.267196046705332e-09,2.406338011474742e-09,2.3495183367610507e-09,3.594371385540944e-09,3.6789670492320663e-09,3.647064853042977e-09,3.821488158964971e-09,4.0629028298003605e-09,4.466968720108318e-09,4.3787756938482896e-09,5.190982064499044e-09,5.318729993137184e-09,5.282538825570923e-09,5.509798970793628e-09,5.8058882944538276e-09,6.302036882464411e-09,6.225019486563571e-09,6.896187408477118e-09,5.6359377895691615e-09,5.791442135521751e-09,6.043443746075304e-09,6.57378520898783e-09,6.397225684243795e-09,7.05342166126345e-09,1.2792828379783367e-08,1.2954566893256354e-08,1.359974412893235e-08,1.417915728397608e-08,1.5390918325365504e-08,1.6540924936612748e-08,1.7323139580704577e-08,1.777459175959105e-08,1.906280614314618e-08,1.1611464316973501e-08,1.2208166131464319e-08,1.3294214980589738e-08,1.8068906896061578e-08,LC_V20_H3p5_T8,1.906280614314618e-08
11,submerged,3.85147341510517e-10,1.8727234319598936e-11,1.85715785347846e-11,2.0960112675907665e-11,2.0698057535744888e-11,2.5337447359636617e-11,2.3305432792459106e-11,2.318536747791267e-11,2.777810162069125e-11,2.6571419417891368e-11,2.631583612681704e-11,3.360101010309262e-11,3.294963343446476e-11,4.1081051859526465e-11,4.060150430668288e-11,4.781615568877792e-11,4.6461285997140966e-11,4.512934881690886e-11,5.683774955440691e-11,5.562670264148269e-11,2.93846829924954e-11,2.92825004265913e-11,3.5008397544428814e-11,3.445195555021509e-11,4.433938713704192e-11,4.26438690104163e-11,5.909191650037782e-11,5.7273700571189794e-11,9.491250533406687e-10,9.42927226053811e-10,9.755549387565948e-10,9.60169313239957e-10,1.007663257776164e-09,1.0553825752981975e-09,1.024392308192498e-09,1.7681950002051772e-09,1.8005887571814507e-09,1.7847748286829298e-09,1.8552230302447108e-09,1.944129182664733e-09,2.1051942541544616e-09,2.053268425781194e-09,2.754590580687219e-09,2.812137744584787e-09,2.792518374922768e-09,2.8973564992184774e-09,3.0233988681501233e-09,3.2430466618458923e-09,3.1792880409511337e-09,3.4550702843852994e-09,2.8677641529271553e-09,2.9066324391180477e-09,2.9847244162310134e-09,3.1986099186658363e-09,3.112549180058799e-09,3.3715659465954103e-09,6.312527459797548e-09,6.3322153837180614e-09,6.58220654508323e-09,6.706342293132285e-09,7.133591581233339e-09,8.278021727676517e-09,8.586924880165202e-09,8.660712213903606e-09,9.149293237190895e-09,5.5357975929952475e-09,5.67804581596563e-09,6.090966689655274e-09,8.957116881387228e-09,LC_V20_H3p5_T8,9.149293237190895e-09
12,submerged,8.273385828192753e-11,9.561458242154503e-12,9.53441570967725e-12,1.0015507119999503e-11,9.928626930387522e-12,1.0797370311655106e-11,1.0308019099526087e-11,1.0244790423042274e-11,1.1622132042144533e-11,1.102398519179274e-11,1.0874321355955395e-11,1.2513817732432796e-11,1.2155590589194461e-11,1.1458472568292623e-11,1.1308672190804871e-11,1.3047582684287357e-11,1.2554882833638481e-11,1.1958034417694963e-11,1.4086951262027086e-11,1.3538131911881805e-11,1.1716074563481362e-11,1.1674418565393438e-11,1.297926591452282e-11,1.2685483302657271e-11,1.4688092776700985e-11,1.3923459391655845e-11,1.6950785004025424e-11,1.6260618431158015e-11,1.6896767541241237e-10,1.67783488808554e-10,1.7435413587601406e-10,1.7095792861005735e-10,1.7922870239572799e-10,1.842910546790981e-10,1.7693995855876017e-10,4.147144497839914e-10,4.2141689058667245e-10,4.179652106676412e-10,4.3020252483468935e-10,4.4176589909470386e-10,4.650020294411848e-10,4.5210716555998296e-10,7.20763555296529e-10,7.387189080810108e-10,7.309616997910693e-10,7.57403531720156e-10,7.776853853868981e-10,8.182680635306009e-10,7.979927125766973e-10,8.428949706082969e-10,6.328246423005621e-10,6.364494116655251e-10,6.430130855541458e-10,6.73706080444917e-10,6.534036481830161e-10,6.85802860730153e-10,1.2696696215092142e-09,1.2673568009270214e-09,1.3036892315997387e-09,1.3066230412095726e-09,1.3594530846964277e-09,1.5932105198604434e-09,1.637538432596682e-09,1.6312026568877859e-09,1.6949607631242814e-09,1.082686536294545e-09,1.0857490728908338e-09,1.1387715993743935e-09,1.759108586238336e-09,LC_V24_H3p5_T8,1.759108586238336e-09
13,submerged,9.473635728808061e-10,3.265766980432439e-11,3.3150598100674226e-11,3.945516338491298e-11,3.996373973797732e-11,5.505457034142986e-11,6.99967772842816e-11,6.981527266860323e-11,8.687620899183658e-11,8.562330052231272e-11,8.508930179925037e-11,1.192118617106445e-10,1.1865832622774455e-10,1.4161476290087818e-10,1.4116608792654655e-10,1.6878379607302982e-10,1.6755250288214277e-10,1.6563053504691107e-10,2.19906931827879e-10,2.1848130721999312e-10,1.5967419989503238e-10,1.5855783726210035e-10,1.8908890661378398e-10,1.8721630444501625e-10,2.429933301079019e-10,2.3728927348362754e-10,3.360926112964184e-10,3.3441942899928254e-10,3.6797430574166123e-09,3.6719086187664008e-09,3.7881383793191835e-09,3.762497951839737e-09,3.994569003197972e-09,4.3196096009987896e-09,4.248673166897706e-09,7.129789687005497e-09,7.324810393126201e-09,7.263097094848308e-09,7.656790749238061e-09,8.168571739665336e-09,9.058321100902656e-09,8.914451429110431e-09,1.1943798165539915e-08,1.214103741750473e-08,1.2038709053587325e-08,1.251097769671451e-08,1.313796628167778e-08,1.423331087297249e-08,1.4039612838764351e-08,1.547905047283152e-08,1.432060982307172e-08,1.4578235545998239e-08,1.5191737831908026e-08,1.6283989640122348e-08,1.6123568220591438e-08,1.7577403720445285e-08,2.814911604315978e-08,2.8959862209382212e-08,3.047092129705048e-08,3.2124463163031326e-08,3.494874324205886e-08,3.897865119882008e-08,4.060741179787935e-08,4.228500399983715e-08,4.531129800305975e-08,3.4778899952827866e-08,3.642119160640667e-08,3.913464466272745e-08,5.584172844710837e-08,LC_V24_H3p5_T8,5.584172844710837e-08
14,submerged,5.192826409645156e-10,2.090842291702941e-11,2.1225599869900662e-11,2.4642132066214653e-11,2.493980351452224e-11,3.2981143346253694e-11,4.274100538484317e-11,4.263470057091674e-11,5.212795121433065e-11,5.116751609114383e-11,5.077876779922133e-11,6.926236907870808e-11,6.865104479688353e-11,8.05202010941448e-11,8.01953163340536e-11,9.500266374313754e-11,9.403715086606568e-11,9.26229087874276e-11,1.209891426293944e-10,1.199335820526757e-10,9.122624824232645e-11,9.051262804197467e-11,1.0662318684336486e-10,1.0528599485790578e-10,1.3460463404830872e-10,1.3094923268803931e-10,1.8193194023174503e-10,1.8066596131937585e-10,1.8970265785234434e-09,1.892673728085228e-09,1.9519076571656065e-09,1.9397648236272253e-09,2.059016115827688e-09,2.2192955686034833e-09,2.178855168136986e-09,3.842877333808158e-09,3.940100157591677e-09,3.905074689295466e-09,4.105057632624275e-09,4.360972559212922e-09,4.8120318130713336e-09,4.730355274812027e-09,6.590416741670388e-09,6.700958200099197e-09,6.641232130389361e-09,6.8944053661062105e-09,7.207560023352437e-09,7.77717116035705e-09,7.660056393860715e-09,8.400039551123569e-09,7.874066440585257e-09,7.98428922657573e-09,8.287485567764741e-09,8.847020900641733e-09,8.764952366247966e-09,9.504524874960552e-09,1.5268808000714927e-08,1.5674164514278348e-08,1.6445780744888602e-08,1.7224522072996138e-08,1.8651701198210882e-08,2.12516097120958e-08,2.2075772129436324e-08,2.2869393514609286e-08,2.438580117875083e-08,1.907899945203532e-08,1.9878019497174128e-08,2.1247299211020912e-08,3.08924032011652e-08,LC_V24_H3p5_T8,3.08924032011652e-08
15,submerged,2.81607426243842e-10,1.7497406330462706e-11,1.777058568438777e-11,1.930542196685784e-11,1.94867427652585e-11,2.3003723677424395e-11,3.161110973283522e-11,3.155143983503149e-11,3.632396843116424e-11,3.53679253198761e-11,3.5050003834351305e-11,4.352493957456912e-11,4.279540618651651e-11,4.9650755793467484e-11,4.9382305624132046e-11,5.695729503830585e-11,5.579206662304944e-11,5.4137803355818285e-11,6.657614098530158e-11,6.536977529181578e-11,5.777566065349709e-11,5.75057446008236e-11,6.483786284795422e-11,6.3709297384301e-11,7.645139789123382e-11,7.439388513302949e-11,9.59593213248179e-11,9.458771011386649e-11,8.374963174797364e-10,8.35568746409366e-10,8.667266513099044e-10,8.601056150357452e-10,9.110501848506956e-10,9.726470719913585e-10,9.495732835985876e-10,1.996404242050484e-09,2.0332887137571366e-09,2.0102283227936838e-09,2.0894286920329072e-09,2.186029055058859e-09,2.3712706343082117e-09,2.319658926595561e-09,3.667242413703124e-09,3.733326156337673e-09,3.6945243161983135e-09,3.822800200805312e-09,3.939358572482931e-09,4.191580978258402e-09,4.092875268880863e-09,4.400473816946586e-09,4.405687287218954e-09,4.424369488695316e-09,4.5089736539719095e-09,4.7240080861804225e-09,4.679443402896815e-09,4.9707709083206735e-09,8.103986292620128e-09,8.223716452737322e-09,8.538468962798914e-09,8.818997326373258e-09,9.367925872654002e-09,1.1497739531135546e-08,1.1797630146875262e-08,1.2027260296687426e-08,1.2598401869657854e-08,1.0359728734634958e-08,1.060429063087554e-08,1.117956564495768e-08,1.7221387425234905e-08,LC_V24_H3p5_T8,1.7221387425234905e-08
16,submerged,5.598459696421377e-11,9.243823972790547e-12,9.372669395733674e-12,9.621353271985655e-12,9.692317907117462e-12,1.026867341218608e-11,1.3523416778346788e-11,1.3481639144465032e-11,1.4878864396302e-11,1.4314860083344942e-11,1.4147942948432712e-11,1.6049118463315103e-11,1.5623743223574214e-11,1.477508157352097e-11,1.4678014797984137e-11,1.6473302565808385e-11,1.602618930343349e-11,1.53867799047779e-11,1.771409274663565e-11,1.71389130020298e-11,2.0343166730885063e-11,2.0209682247336646e-11,2.2005561008755064e-11,2.1567719323454197e-11,2.4240971703678237e-11,2.3274749560506998e-11,2.73788167702455e-11,2.6439507661258616e-11,1.7617366063473732e-10,1.7568152381092694e-10,1.8211573100837615e-10,1.8065682356829956e-10,1.9134488301603414e-10,1.9979416645040848e-10,1.9340243432291688e-10,4.801050141340205e-10,4.879926253639082e-10,4.815071436694819e-10,4.958825477392457e-10,5.053393655839681e-10,5.341305536442161e-10,5.184533062477533e-10,8.731847171724887e-10,8.931672283653496e-10,8.836355926498901e-10,9.111745124534367e-10,9.268527779271183e-10,9.696469731157193e-10,9.414403015948478e-10,9.868097667621512e-10,9.463633081829184e-10,9.39681153715275e-10,9.36817210378146e-10,9.552488615245473e-10,9.365614996757783e-10,9.603194926034375e-10,1.6320730574411638e-09,1.6290575488358612e-09,1.6575343624380712e-09,1.6612966193375481e-09,1.720339076030486e-09,2.322609262072978e-09,2.345174402172213e-09,2.3298908430005163e-09,2.3734642666410594e-09,2.002684440219743e-09,1.998964476095562e-09,2.0535686621440495e-09,3.5184888403239567e-09,LC_V24_H3p5_T8,3.5184888403239567e-09
17,submerged,2.551512731945747e-10,3.833138550274587e-11,3.8015849690633614e-11,3.9029070190452073e-11,3.855217224530283e-11,4.0159607940799776e-11,3.3717182536779397e-11,3.337394960707216e-11,3.6793767472080435e-11,3.4558167891719625e-11,3.4104176494942774e-11,3.692521181435545e-11,3.5840218475931134e-11,2.753425702749271e-11,2.7074880105373116e-11,3.0603189173423064e-11,2.908069273897346e-11,2.7512215251012438e-11,3.0555498654195854e-11,2.9241853095096985e-11,3.658945345955502e-11,3.640078952060385e-11,3.833198809494541e-11,3.739327146190611e-11,4.0653363471326957e-11,3.818069324435996e-11,4.2915986282864784e-11,4.1148362011068115e-11,2.8422780129986644e-10,2.8246078099115116e-10,2.921763381511713e-10,2.861107869058377e-10,2.9675026593571976e-10,2.9985358165451263e-10,2.90770570692968e-10,9.84663338088015e-10,9.94844030330454e-10,9.846992197900638e-10,9.99232612506505e-10,1.0056322197453334e-09,1.0316681879911321e-09,1.007709483967114e-09,2.023801103378286e-09,2.066706852527417e-09,2.044312596012451e-09,2.088174798384661e-09,2.1006672210504912e-09,2.168293873790765e-09,2.1151613499477792e-09,2.1788488549161774e-09,1.5815963116925456e-09,1.5736530380886023e-09,1.565986349103597e-09,1.5909375414531017e-09,1.5528504013312614e-09,1.5775464351187136e-09,2.7053989662573774e-09,2.680210113813843e-09,2.735714167148306e-09,2.6971790541959556e-09,2.757309090512849e-09,3.3933128212276877e-09,3.4623119386948903e-09,3.3937785750755317e-09,3.460375400315625e-09,2.3922240424564154e-09,2.3530610500027087e-09,2.407160546577015e-09,4.229156503723767e-09,LC_V24_H3p5_T8,4.229156503723767e-09
18,splash,4.069933143813797e-08,1.1388822790830127e-08,1.1317805769433893e-08,1.1413666112926902e-08,1.1339671149868159e-08,1.14894500027641e-08,1.2402033395630597e-08,1.231584192495601e-08,1.298001634282272e-08,1.2462758678324218e-08,1.2361470300853607e-08,1.2792814782960688e-08,1.2565079031305963e-08,9.148521090818251e-09,9.047760030337243e-09,9.691249211673097e-09,9.354143790067943e-09,9.062418764677679e-09,9.460248815189072e-09,9.23713493297561e-09,7.856637371529498e-09,7.816628825767279e-09,8.144710694331488e-09,7.964703773419079e-09,8.286896747156917e-09,7.914956848829778e-09,8.340336451088194e-09,8.08219962894736e-09,2.0478590376560424e-08,2.0380184330822042e-08,2.0908388462684924e-08,2.0555176141433718e-08,2.1000057858533786e-08,2.0954786315658163e-08,2.0537579168130713e-08,5.738152601217594e-08,5.791782134668535e-08,5.737908975760564e-08,5.783030271455825e-08,5.7641782735875494e-08,5.810841884141976e-08,5.736970270137784e-08,9.519112887116863e-08,9.617463145248889e-08,9.544666875159283e-08,9.631632616231498e-08,9.611489448490497e-08,9.684975944898061e-08,9.580634783328548e-08,9.630791394951595e-08,8.300121752816832e-08,8.261082859212518e-08,8.200444421129559e-08,8.23882902160297e-08,8.127766402355962e-08,8.148875030677085e-08,1.1356174238753782e-07,1.1265425058384187e-07,1.133938804389885e-07,1.1220487495725254e-07,1.1278120027623834e-07,1.4238107774068221e-07,1.4349362182292528e-07,1.416635077260119e-07,1.421675767219557e-07,1.2495469099715592e-07,1.2339692101534372e-07,1.2428001201409353e-07,1.8381415238925307e-07,LC_V24_H3p5_T8,1.8381415238925307e-07
19,splash,3.1043258515298924e-08,8.992719320557056e-09,8.933227847864471e-09,9.001979435134338e-09,8.942545635699559e-09,9.048289023699731e-09,8.975007307584282e-09,8.913440439115354e-09,9.39330235462832e-09,9.025663809180306e-09,8.951786998900147e-09,9.267703129519947e-09,9.104167377075992e-09,5.85885445931143e-09,5.786891681267162e-09,6.2726195223982656e-09,6.0108934490354875e-09,5.802865389797742e-09,6.079549814358331e-09,5.923418780134329e-09,5.454595001877676e-09,5.4238206093683095e-09,5.692093376813874e-09,5.551213511835637e-09,5.799613467403418e-09,5.523762911831042e-09,5.843986217744022e-09,5.666160088675467e-09,1.0871153678454461e-08,1.0794206628523082e-08,1.1269445835357861e-08,1.0999107486371553e-08,1.1334702242704167e-08,1.1303722675400108e-08,1.1039840873893368e-08,3.945457562586299e-08,3.999941463317762e-08,3.960416979741428e-08,4.005608008577286e-08,3.9986264854814926e-08,4.037660968873506e-08,3.9837203519029924e-08,6.811865877735102e-08,6.88620770574182e-08,6.832823627286938e-08,6.892947160605572e-08,6.875960001016721e-08,6.921838984306624e-08,6.85392953016946e-08,6.879213487070124e-08,5.5667856644073205e-08,5.5552184117115916e-08,5.52563087640178e-08,5.565302626368172e-08,5.49807944023651e-08,5.510995279629531e-08,7.320221914748322e-08,7.286758778539972e-08,7.35760640667318e-08,7.293133466516394e-08,7.344804320637628e-08,9.437663561991566e-08,9.546970996912491e-08,9.458829283796673e-08,9.515715576928999e-08,8.611585535386823e-08,8.538097876800349e-08,8.611941473252512e-08,1.2784742209081963e-07,LC_V24_H3p5_T8,1.2784742209081963e-07
20,atmospheric,9.816718927368012e-11,2.264202553679354e-11,2.2506086453733046e-11,2.269513150085278e-11,2.2539677504672606e-11,2.2861754718260636e-11,1.530111985373544e-11,1.508938126460722e-11,1.6547030177486275e-11,1.5374368826779952e-11,1.5154699739129116e-11,1.601797420149519e-11,1.555290783217743e-11,9.509779747481552e-12,9.364888386754905e-12,1.0355578146680754e-11,9.808273393231565e-12,9.36653700205047e-12,9.93551046945568e-12,9.595659581140613e-12,1.878571706297448e-11,1.859384826468111e-11,1.9829714697875775e-11,1.9102834743902002e-11,2.0027023144038835e-11,1.883049292414315e-11,1.9972683383035176e-11,1.9289605652321914e-11,9.820725401720742e-11,9.752312355316476e-11,1.0058186813740882e-10,9.849652338314842e-11,1.0049523798522735e-10,9.968596693766849e-11,9.764409191969313e-11,5.041106459369389e-10,5.096586564042736e-10,5.034897675255156e-10,5.074977897150118e-10,5.038961022750994e-10,5.063541045539167e-10,4.98905221632521e-10,1.1088093153147234e-09,1.1217442523883202e-09,1.1105560202871365e-09,1.1203481162915002e-09,1.1142800394534286e-09,1.121863295484017e-09,1.106944159101114e-09,1.1104181979511278e-09,8.171558103289982e-10,8.095291518325255e-10,7.991399165382328e-10,8.011534657077221e-10,7.909044408621249e-10,7.877668556035901e-10,1.261026303972232e-09,1.2422603181435556e-09,1.2460442350987235e-09,1.2230713851352964e-09,1.2232087852236506e-09,1.5923148303015548e-09,1.6014510920005998e-09,1.5714896819474536e-09,1.5686184996500172e-09,1.263991862171345e-09,1.2417921781366612e-09,1.2460096097877689e-09,2.0043785916232842e-09,LC_V24_H3p5_T8,2.0043785916232842e-09
21,submerged,1.6725914556932023e-10,3.701448070483572e-11,3.748660148874809e-11,3.72605138089629e-11,3.7647768465049604e-11,3.777512706862753e-11,4.840400696283651e-11,4.8266155407772844e-11,5.1342157184978883e-11,4.937590407706618e-11,4.886493268780335e-11,5.194098431477988e-11,5.0645253033672934e-11,4.290316516666879e-11,4.26783384757914e-11,4.611412840890874e-11,4.4730812369489315e-11,4.317719110161453e-11,4.644809682766934e-11,4.4861579312252876e-11,6.805482683865646e-11,6.779400530257455e-11,7.186737707692916e-11,7.003780109252654e-11,7.462946440387753e-11,7.132331202286559e-11,7.761676585323856e-11,7.513769237487048e-11,3.630371270075724e-10,3.6185625454560854e-10,3.700199771379687e-10,3.6550077324698246e-10,3.77319273376581e-10,3.831585403987971e-10,3.7339620050166917e-10,1.1612404088820873e-09,1.1827597152516857e-09,1.1642952526397973e-09,1.186090447784877e-09,1.1855436137553222e-09,1.2162157964017793e-09,1.1830571865042704e-09,2.2618009294977814e-09,2.305242951316525e-09,2.2799333902490107e-09,2.329227363655947e-09,2.334120803050734e-09,2.396379947422274e-09,2.326970974458552e-09,2.3802564606490313e-09,2.2549258642061364e-09,2.230952785018449e-09,2.202955360164642e-09,2.2287807133340142e-09,2.187555163684478e-09,2.2036629723999707e-09,3.6572040957625946e-09,3.6317475398159083e-09,3.6655729438188808e-09,3.6341137276032883e-09,3.6859114078589687e-09,5.230038755888694e-09,5.2554012997957595e-09,5.190129128706115e-09,5.2204627223071975e-09,4.330174019571441e-09,4.300101407017497e-09,4.37545721020549e-09,8.14627024604191e-09,LC_V24_H3p5_T8,8.14627024604191e-09
22,splash,3.11716763824493e-08,1.0518548555541732e-08,1.0554522549033128e-08,1.0500483243897362e-08,1.0532243889262032e-08,1.0506034943136764e-08,1.6547130384276952e-08,1.6473164611682564e-08,1.7072593136849008e-08,1.658704185046321e-08,1.6500835200218088e-08,1.6871800472730408e-08,1.666881857190578e-08,1.3230375493396978e-08,1.3155421409417605e-08,1.3708785436405147e-08,1.340400235796714e-08,1.316173584008456e-08,1.3500891128948163e-08,1.3305434095762263e-08,1.3027968206816237e-08,1.2973321390260146e-08,1.3403098783841954e-08,1.316519351779566e-08,1.3521261428039684e-08,1.3102297137736688e-08,1.3545025472218452e-08,1.3277480754745294e-08,2.6967715062055998e-08,2.6877107901642366e-08,2.7311942506173216e-08,2.6997796529023416e-08,2.731655724340561e-08,2.72221189125743e-08,2.6868565096872472e-08,6.667757755740636e-08,6.722734733085409e-08,6.669321011052828e-08,6.712074301804755e-08,6.68949826729121e-08,6.735275546418441e-08,6.659988882123427e-08,1.0371179551326089e-07,1.0435142339563614e-07,1.0375472865961024e-07,1.0423385978350223e-07,1.0378986253554096e-07,1.0419972821452994e-07,1.0325762484320155e-07,1.0343756494998984e-07,1.0569287910393539e-07,1.0507573348012213e-07,1.0432145950600333e-07,1.0457851124597841e-07,1.0381727620529251e-07,1.0366592253938618e-07,1.4526677155740352e-07,1.4464751667908432e-07,1.4502108363360505e-07,1.4412065779805292e-07,1.4444955081305918e-07,1.8739844241301092e-07,1.8767245612875518e-07,1.864601576249633e-07,1.865133547998383e-07,1.7719087296738233e-07,1.760256178604505e-07,1.765207294389453e-07,2.6755937655537945e-07,LC_V24_H3p5_T8,2.6755937655537945e-07
23,splash,2.4076346451347645e-08,8.352558766577495e-09,8.372716166145217e-09,8.332380133943416e-09,8.353399073446487e-09,8.329463508521377e-09,1.2370175451095897e-08,1.2313328881339667e-08,1.2782205370198227e-08,1.2394216016920351e-08,1.2331118914813102e-08,1.2597834989009671e-08,1.2445944857484573e-08,9.211960532767922e-09,9.142297207576067e-09,9.623848427796816e-09,9.357500543981345e-09,9.156196852787604e-09,9.426533632848592e-09,9.272561540178717e-09,9.448892556717523e-09,9.406162503413255e-09,9.735526627228635e-09,9.545297307277672e-09,9.805235212631016e-09,9.485909881620527e-09,9.799263513397605e-09,9.605369516181508e-09,1.6193800568371613e-08,1.6122747966056327e-08,1.6596628461473923e-08,1.632651740462e-08,1.667389876148441e-08,1.6652815468127844e-08,1.6376767503574537e-08,4.452361525282848e-08,4.5110767879545766e-08,4.4708312848054223e-08,4.5189035025667424e-08,4.5121919827675885e-08,4.557025868376458e-08,4.496211946058882e-08,7.2201122209951e-08,7.270792242373256e-08,7.230291722796671e-08,7.272692255477472e-08,7.254871351051809e-08,7.292404081547327e-08,7.233537140581906e-08,7.253724234848181e-08,7.006641462065129e-08,6.989603255427629e-08,6.96234164926068e-08,6.98242121066636e-08,6.932478640706405e-08,6.936726025892207e-08,9.012882993061308e-08,8.984156884775359e-08,9.032587399619681e-08,8.983813195344253e-08,9.024230013457224e-08,1.1486346102414463e-07,1.1527884424505065e-07,1.1475715501598685e-07,1.1505840215377617e-07,1.0913821342005994e-07,1.0865602960041768e-07,1.0916120025824436e-07,1.6976807241019115e-07,LC_V24_H3p5_T8,1.6976807241019115e-07
24,atmospheric,6.555177303242771e-11,2.215328756372975e-11,2.2375445637290984e-11,2.2044708547070893e-11,2.225251916650368e-11,2.1956945983489348e-11,2.3706992318948766e-11,2.3605029248411895e-11,2.4760346804844403e-11,2.3743084442380076e-11,2.3614580990542613e-11,2.4266271489155617e-11,2.385376195819765e-11,1.8192532224039073e-11,1.8026898176944865e-11,1.9171387835197226e-11,1.8510886520539855e-11,1.7988086862447753e-11,1.8653590650759085e-11,1.8233045939450517e-11,3.754221783457453e-11,3.722102543476426e-11,3.904863796720491e-11,3.808107667775617e-11,3.9291933732695466e-11,3.7660088894832446e-11,3.9157440931463595e-11,3.821932799079077e-11,1.676914852505121e-10,1.6672305928796272e-10,1.7086628282077253e-10,1.6838410773534898e-10,1.708970280131484e-10,1.7011267857656989e-10,1.6756004422934814e-10,5.486546983306997e-10,5.547505932614665e-10,5.486637638922755e-10,5.531541755633341e-10,5.49665444609699e-10,5.532731619363661e-10,5.447728637882764e-10,1.1267181696955232e-09,1.128643856020181e-09,1.1230272108150773e-09,1.1237337855031589e-09,1.1155949334046555e-09,1.117442893235427e-09,1.1073565606248729e-09,1.1060127617563657e-09,1.088886872371523e-09,1.0769881719576047e-09,1.0640173917058118e-09,1.0614588662432289e-09,1.0526154952900719e-09,1.0462307318488448e-09,1.5501465812567691e-09,1.5315941592979902e-09,1.5296237499693779e-09,1.5104134217374107e-09,1.5067562493131158e-09,1.9451394324986363e-09,1.938486217839161e-09,1.9132793646604058e-09,1.903770443492551e-09,1.6056045516415409e-09,1.5859806460727015e-09,1.5832372660946279e-09,3.081128016236037e-09,LC_V24_H3p5_T8,3.081128016236037e-09
25,submerged,2.570628231679323e-10,3.836781376056412e-11,3.8219738869449525e-11,3.904880233822863e-11,3.861507075057576e-11,4.017881565651651e-11,3.411038126111732e-11,3.3805543451477734e-11,3.707302085926961e-11,3.4978479372941655e-11,3.454380504307536e-11,3.728420442883968e-11,3.6271203914652394e-11,2.7368466507813307e-11,2.6964136136508324e-11,3.029313376233206e-11,2.8919641333599458e-11,2.7492995549485745e-11,3.0373020034848414e-11,2.916074281010737e-11,3.548485496313853e-11,3.536047176432438e-11,3.7245966743848316e-11,3.6423746257883146e-11,3.9402734092691406e-11,3.716556161440828e-11,4.14415827451045e-11,3.9845671005076904e-11,2.777906851475042e-10,2.76101793673038e-10,2.8425483747787743e-10,2.783383154740913e-10,2.87554375257467e-10,2.898853718941827e-10,2.810364187136165e-10,9.556186786080417e-10,9.64450400129654e-10,9.562434759385138e-10,9.707852354337966e-10,9.775965739749236e-10,1.0012932995116565e-09,9.817968529108396e-10,1.9775702109565592e-09,2.0200640096530366e-09,1.996895643897144e-09,2.0414658909558763e-09,2.0487528229976683e-09,2.116370937348251e-09,2.0592945895456853e-09,2.120709126298234e-09,1.5542560728575982e-09,1.5473955406502312e-09,1.5391772395164618e-09,1.5619463342545081e-09,1.5243884211111804e-09,1.5465921927593632e-09,2.6749249479285044e-09,2.6498587434004443e-09,2.7047985363360913e-09,2.6627750058076345e-09,2.72081161963577e-09,3.3680373309996074e-09,3.439374701914518e-09,3.3641324478556397e-09,3.425022598608078e-09,2.398411913659853e-09,2.3578857313662867e-09,2.408263692105022e-09,4.218239175624363e-09,LC_V24_H3p5_T8,4.218239175624363e-09
26,splash,4.0885771082225084e-08,1.1399135540838895e-08,1.1326400722536956e-08,1.1422855990638754e-08,1.1346573531579137e-08,1.1499390141036881e-08,1.242365741719346e-08,1.232864969168042e-08,1.3072011312001977e-08,1.2488909132871629e-08,1.2378484772889378e-08,1.2848886939438162e-08,1.2600276042619248e-08,9.177741440315036e-09,9.07031168407736e-09,9.773343235326612e-09,9.406834146703365e-09,9.094958852270195e-09,9.525861714311966e-09,9.289628800533103e-09,7.781748611275232e-09,7.737262581065314e-09,8.137562930126503e-09,7.911424552164728e-09,8.303986672789087e-09,7.851932421759358e-09,8.350990273521499e-09,8.05258748207203e-09,2.0284656605443665e-08,2.0166930741144613e-08,2.079675448881016e-08,2.039407160712762e-08,2.087044352079436e-08,2.0783853776982603e-08,2.0320742334206594e-08,5.6381182932608136e-08,5.6948660643529305e-08,5.6430521900146645e-08,5.69252825100402e-08,5.679278867687406e-08,5.7319820223287806e-08,5.658874466383487e-08,9.379423398625356e-08,9.480039706677698e-08,9.402700985883155e-08,9.490406315847056e-08,9.458865397774456e-08,9.531972185363829e-08,9.414612106380615e-08,9.459771761910008e-08,8.222484147503624e-08,8.191652889130103e-08,8.134329646557784e-08,8.179196257470532e-08,8.059213989052332e-08,8.081848373377713e-08,1.1303581620737872e-07,1.120673272459427e-07,1.1285361381375241e-07,1.1144328335903009e-07,1.1196887282857476e-07,1.4235321535553402e-07,1.4357583658496315e-07,1.4168686909002453e-07,1.422337987662338e-07,1.2508321618954586e-07,1.2358138049101373e-07,1.2441760069016168e-07,1.8358943393622557e-07,LC_V24_H3p5_T8,1.8358943393622557e-07
27,splash,3.114432637983423e-08,9.066606238468223e-09,9.006964425404751e-09,9.076431897167315e-09,9.016641052246562e-09,9.123457729071991e-09,9.16338618395037e-09,9.093474634940326e-09,9.645876262578481e-09,9.216041608123744e-09,9.135164791695282e-09,9.48706316823725e-09,9.302344881681919e-09,5.973694352596286e-09,5.899672528212254e-09,6.41229315942082e-09,6.136148962676843e-09,5.917906077412522e-09,6.211583762386096e-09,6.046200054449274e-09,5.578439235801687e-09,5.547447782470739e-09,5.854182368791243e-09,5.689772170427222e-09,5.9693043570385855e-09,5.658859174236848e-09,6.008480995740568e-09,5.806572787858543e-09,1.0755450238573352e-08,1.067234005722971e-08,1.1176277606442898e-08,1.0904071835264803e-08,1.1253300679199096e-08,1.1231730897685032e-08,1.0962289162388432e-08,3.8686279319356984e-08,3.927047146326455e-08,3.8851874744057136e-08,3.933401340683748e-08,3.9264286793347475e-08,3.9683706433704624e-08,3.910463301808662e-08,6.693113856143529e-08,6.769093135731334e-08,6.716323706554276e-08,6.778087522822657e-08,6.76237308460208e-08,6.812112973887818e-08,6.74066279542419e-08,6.76920740610473e-08,5.412260373433336e-08,5.402833763805022e-08,5.3753244342510064e-08,5.415610254612369e-08,5.349237352765271e-08,5.364160744096961e-08,7.078622478697962e-08,7.045565772489783e-08,7.11575656694721e-08,7.052547637077988e-08,7.105032110592597e-08,9.18432007083388e-08,9.296386834688352e-08,9.208663149743449e-08,9.267683603922247e-08,8.359123320189052e-08,8.287293866382158e-08,8.366224188957208e-08,1.247063527675747e-07,LC_V24_H3p5_T8,1.247063527675747e-07
28,atmospheric,9.764952666735658e-11,2.487891194491903e-11,2.4794595218188292e-11,2.49138120676327e-11,2.4811006822008813e-11,2.5056793240975376e-11,1.7285851526250495e-11,1.7079704039505724e-11,1.8583961441156492e-11,1.7355102529975056e-11,1.713358218354415e-11,1.8015083933730524e-11,1.753069857332726e-11,1.0354445663186664e-11,1.0194080614164865e-11,1.1298962309196408e-11,1.0704322046469662e-11,1.0213840175830563e-11,1.0859095332686114e-11,1.0489720751650693e-11,2.12427736486192e-11,2.1190648750941e-11,2.1805030572442133e-11,2.1360082341998564e-11,2.1991223164500573e-11,2.1236332299953082e-11,2.198766485551937e-11,2.1450870899547596e-11,9.397493135904698e-11,9.278092818142576e-11,9.848826698859981e-11,9.569260115922319e-11,9.902882655499072e-11,9.846022274555641e-11,9.565462214309323e-11,4.893940700102359e-10,4.95862914731846e-10,4.895996111094632e-10,4.943298553517222e-10,4.911372508491537e-10,4.951621257466642e-10,4.866637604099403e-10,1.0526448257465225e-09,1.062856362816966e-09,1.0544120909468638e-09,1.0622222425967664e-09,1.057259098251315e-09,1.0640213592053192e-09,1.0517802891188069e-09,1.055525769731833e-09,7.349918207964595e-10,7.28127503076825e-10,7.192361742308664e-10,7.207822794444926e-10,7.133569624772663e-10,7.100593238622038e-10,1.0966428170286372e-09,1.0801010024150333e-09,1.084980077165754e-09,1.0649777852799048e-09,1.065183958103163e-09,1.433627851452562e-09,1.4451439498098569e-09,1.4168112540670357e-09,1.4185680873011385e-09,1.0210728583864775e-09,1.004142290657347e-09,1.0073128465385333e-09,1.7458065364276783e-09,LC_V24_H3p5_T8,1.7458065364276783e-09
29,submerged,1.6634606253498686e-10,3.725689765084002e-11,3.7725948572753416e-11,3.7524645397235947e-11,3.7892586277076603e-11,3.803398527572264e-11,4.831628375855388e-11,4.817504298961219e-11,5.1193680127953394e-11,4.933728203377029e-11,4.885174128592838e-11,5.1945438648237195e-11,5.071628578912204e-11,4.2938358630885145e-11,4.2724558881325125e-11,4.589191784847785e-11,4.4623076402288914e-11,4.313821781721387e-11,4.6188838604230815e-11,4.471879928848374e-11,6.902379569952066e-11,6.880011689340626e-11,7.245408352322394e-11,7.089281078009966e-11,7.556385126324785e-11,7.262692668362243e-11,7.902682157499368e-11,7.67147802927954e-11,3.7026388130545043e-10,3.6870176812213225e-10,3.774000447843285e-10,3.7295174572036534e-10,3.8435083752547104e-10,3.9166823181551496e-10,3.8178187095254806e-10,1.1880187929958904e-09,1.2111785590846237e-09,1.1927461027274703e-09,1.2163145998279439e-09,1.216898337157031e-09,1.2515210783299268e-09,1.2168701270441945e-09,2.3069514463200528e-09,2.347522362731136e-09,2.3241680314631737e-09,2.3712770902718845e-09,2.3786429537890006e-09,2.4394742848988925e-09,2.3738273290608127e-09,2.4291000430604144e-09,2.278129823122192e-09,2.254140753631838e-09,2.228481671624026e-09,2.25454029709402e-09,2.2152639318967996e-09,2.2332153119432307e-09,3.6620445766115026e-09,3.64165397266861e-09,3.677677292153523e-09,3.655953449676889e-09,3.7094194643399804e-09,5.2163837962046e-09,5.23904304188022e-09,5.178872704344521e-09,5.212901379859714e-09,4.32285969703707e-09,4.292473253629365e-09,4.372672886383707e-09,8.125342818911076e-09,LC_V24_H3p5_T8,8.125342818911076e-09
30,splash,3.096027986204342e-08,1.053316956283127e-08,1.0566112037066368e-08,1.0515887244758065e-08,1.0546829284902531e-08,1.0523477439706216e-08,1.6494970379853477e-08,1.6428986714812977e-08,1.6979038040867025e-08,1.6539482127699575e-08,1.6461077169410853e-08,1.6808778687346856e-08,1.662237901327487e-08,1.318881365779501e-08,1.3123258673461003e-08,1.3608383791702034e-08,1.3335452263594587e-08,1.311588170488525e-08,1.3411606980113711e-08,1.3234150211972795e-08,1.3057598812703457e-08,1.3006119044052457e-08,1.339801556417881e-08,1.3189171529112809e-08,1.3520979535507122e-08,1.3166699519527694e-08,1.3580654388779982e-08,1.3352294780484415e-08,2.7107981321944347e-08,2.703589703388198e-08,2.7412149050835614e-08,2.7142057585797624e-08,2.744529029930254e-08,2.7412322979744343e-08,2.7099288047913146e-08,6.768707211939708e-08,6.827047130979893e-08,6.777646903118821e-08,6.823940394074258e-08,6.802114462449519e-08,6.852354806043612e-08,6.772469209053288e-08,1.0494362539716273e-07,1.0548264385579556e-07,1.0493460636452466e-07,1.0536475482658505e-07,1.0496503849463802e-07,1.0538866103097677e-07,1.0452499025707923e-07,1.0475688746606454e-07,1.0636735102750065e-07,1.0572357942794099e-07,1.0496605604085443e-07,1.0512501385038957e-07,1.044544301581764e-07,1.0423655998352067e-07,1.4540014553601506e-07,1.4472587286383631e-07,1.4507874941558257e-07,1.442182428815494e-07,1.4459742950960716e-07,1.8725004577723703e-07,1.874165919447262e-07,1.8622012812857817e-07,1.8628823043147498e-07,1.770972544839402e-07,1.759010810388697e-07,1.7647159512075316e-07,2.668756718346234e-07,LC_V24_H3p5_T8,2.668756718346234e-07
31,splash,2.4068845736647437e-08,8.447896282303763e-09,8.468468901878121e-09,8.427841762357969e-09,8.449708879745868e-09,8.425589867500493e-09,1.2379859832083665e-08,1.2324965920984216e-08,1.2775100410385045e-08,1.24028069970159e-08,1.2342401146643525e-08,1.259969641185786e-08,1.2453569900804344e-08,9.233975229042823e-09,9.167168509715308e-09,9.631860509651987e-09,9.374513766871221e-09,9.179755298588127e-09,9.44178889853689e-09,9.290846086571686e-09,9.586952902597165e-09,9.546254375410212e-09,9.861916587425244e-09,9.680770683806987e-09,9.925681262125779e-09,9.627347407110763e-09,9.91741499396989e-09,9.736933719345819e-09,1.6339608022448957e-08,1.6268049855434643e-08,1.6757439700474033e-08,1.6481905656931534e-08,1.6835865201587935e-08,1.6814598430203117e-08,1.6538402037139567e-08,4.5332629655135844e-08,4.586730210483265e-08,4.5474451697460503e-08,4.5907782965625845e-08,4.582185482036719e-08,4.6204493916482704e-08,4.5657838208505226e-08,7.329493046338501e-08,7.381624029312124e-08,7.340450190618652e-08,7.383560390985249e-08,7.365247266733473e-08,7.40138114146784e-08,7.342687130334254e-08,7.361537243087572e-08,7.120659460752396e-08,7.104680482809607e-08,7.077402924454411e-08,7.099768350699884e-08,7.046456075488134e-08,7.051486474826264e-08,9.145482166834168e-08,9.120642542988388e-08,9.164923374194509e-08,9.122042308123364e-08,9.159004503789353e-08,1.1645268588600141e-07,1.168375299159619e-07,1.1635750832834384e-07,1.1664981529767245e-07,1.1089183065673724e-07,1.1040582239259684e-07,1.1087962517716411e-07,1.7246659774583355e-07,LC_V24_H3p5_T8,1.7246659774583355e-07
32,atmospheric,6.625236125903614e-11,2.4673549196311315e-11,2.4918279651257916e-11,2.453741318940841e-11,2.4785887288517328e-11,2.4437020047881253e-11,2.4936152249771198e-11,2.4849023589909445e-11,2.5855664854839806e-11,2.498714667597904e-11,2.4861120320038537e-11,2.5449891065121156e-11,2.509613105765175e-11,1.909994358693092e-11,1.8936550282378662e-11,2.0183890573746336e-11,1.9451681970766138e-11,1.889013637626751e-11,1.9605030191037182e-11,1.913743716082611e-11,4.2423925622398544e-11,4.234028776742323e-11,4.347012360211227e-11,4.262184836058573e-11,4.372180661680095e-11,4.2433539669724137e-11,4.364463113145194e-11,4.277689741670239e-11,1.613495368182108e-10,1.6039322091395217e-10,1.652937149916985e-10,1.6238739009068844e-10,1.6561310209962225e-10,1.6503119836554164e-10,1.6209601351711434e-10,5.865291891155779e-10,5.936714578165508e-10,5.869024383579021e-10,5.927892896261992e-10,5.89477063797144e-10,5.944007028240268e-10,5.842536921731131e-10,1.147103396753915e-09,1.1509750569481078e-09,1.1455234336759098e-09,1.1479402162241989e-09,1.141362682161612e-09,1.1444292543764564e-09,1.1341343566979445e-09,1.1346753412969168e-09,1.1216346509756945e-09,1.112610966420989e-09,1.1002634679170463e-09,1.0991370905049762e-09,1.0877619816749281e-09,1.083577061342002e-09,1.4285899557851876e-09,1.4147036599744296e-09,1.4129521563910683e-09,1.396621296206994e-09,1.3956823771976092e-09,1.8557830743504526e-09,1.850401196163555e-09,1.8269071699918246e-09,1.8200266791663672e-09,1.4859308544191993e-09,1.4679968129847859e-09,1.4658354583772776e-09,2.7864597813025127e-09,LC_V24_H3p5_T8,2.7864597813025127e-09
33,submerged,5.163549144891293e-13,1.1427430908657083e-15,1.1709729489314731e-15,2.7714872984456278e-15,3.020306337511504e-15,8.508502822000753e-15,5.7040291954802576e-15,5.802496659211e-15,8.911961370638394e-15,1.0013637684771087e-14,1.0538661597478565e-14,2.0153782974317998e-14,2.185634683993439e-14,4.310473722408646e-14,4.351958485580655e-14,5.1902110583579706e-14,5.363714582862349e-14,5.6556895687176676e-14,7.966660357760239e-14,8.337571350112425e-14,8.506212838728922e-14,8.564031410044297e-14,1.000815136026638e-13,1.0254557164784164e-13,1.3492859671892382e-13,1.4940850518150978e-13,2.0793036444663428e-13,2.2238497428521248e-13,2.843615520438444e-12,2.8399817850472572e-12,2.9067781516914103e-12,2.9023324725900877e-12,3.04874708223437e-12,3.314721167064596e-12,3.336812057192481e-12,3.8805434200468796e-12,3.959389440713834e-12,3.933688510389662e-12,4.125648747841495e-12,4.476355282512593e-12,5.008926659699839e-12,5.068328087347728e-12,5.829468297828964e-12,5.9143907359842366e-12,5.8948250850137865e-12,6.1181352271954336e-12,6.516135978448795e-12,7.125292970544459e-12,7.199344104568003e-12,8.117806678853508e-12,7.200939486166e-12,7.354366310493706e-12,7.725828575155073e-12,8.10099753847162e-12,8.13765496041831e-12,9.160325401814775e-12,1.6185697621623437e-11,1.6833020756718967e-11,1.7828297309198973e-11,1.9560259181551926e-11,2.165825845124412e-11,2.0275876600487366e-11,2.1294721941674045e-11,2.3065100959902837e-11,2.5223813422267136e-11,1.7770527374472594e-11,1.9206575819313422e-11,2.125698566686742e-11,2.7585416815896297e-11,LC_V24_H3p5_T8,2.7585416815896297e-11
34,submerged,5.211997952949644e-14,2.123290331156711e-15,2.1280528284126e-15,2.18699148802136e-15,2.174594112228488e-15,2.3063391163758654e-15,6.0244774334402525e-15,5.983702929362623e-15,6.467469811510325e-15,6.204099231709273e-15,6.123354877148062e-15,6.715295940025345e-15,6.551206147395765e-15,1.7648638318521998e-14,1.7573928343853107e-14,1.8257054246018598e-14,1.803670407392706e-14,1.7605024415379657e-14,1.866881937999414e-14,1.8238435065642423e-14,3.950232261851571e-14,3.934671591403321e-14,4.051694526634411e-14,4.00518625254028e-14,4.168893192904199e-14,4.0273306635488794e-14,4.297277328728668e-14,4.1921860994854966e-14,5.219643192560809e-13,5.196337558669761e-13,5.2300158762748e-13,5.174525905530262e-13,5.198534108035979e-13,5.160659940225288e-13,5.078495968385024e-13,7.418004345558484e-13,7.38892838533166e-13,7.342126533607637e-13,7.351782061849617e-13,7.336771483993375e-13,7.436819009248904e-13,7.310926267274615e-13,1.1155977613716929e-12,1.1090907020264884e-12,1.1014995828917333e-12,1.0969195346921238e-12,1.0844872845819564e-12,1.0910247439090128e-12,1.073126119941809e-12,1.0826797961796204e-12,1.6907877862374855e-12,1.6507063973946368e-12,1.6132989675597063e-12,1.6093706380292516e-12,1.5887644703831243e-12,1.5840933154654769e-12,3.4482131727694474e-12,3.388703461186205e-12,3.379151530194202e-12,3.3168040841352535e-12,3.324888255536955e-12,5.193168464438823e-12,5.1202835984602135e-12,4.99889181308136e-12,4.957967145143309e-12,5.337414212212738e-12,5.262503417162363e-12,5.2356507924189756e-12,8.340352044711164e-12,LC_V24_H3p5_T8,8.340352044711164e-12
35,submerged,4.886769368882157e-13,1.1600188838565379e-15,1.194197460585589e-15,2.7964925035627394e-15,3.0211411845902418e-15,8.611527734910165e-15,5.7022016568848845e-15,5.732177624223511e-15,8.811237285220844e-15,9.814448744089793e-15,1.0365367858255053e-14,1.9569346965713994e-14,2.1518548866228106e-14,3.9494522897329056e-14,3.9802407779501e-14,4.8853215907555135e-14,5.050557011066815e-14,5.235701654555126e-14,7.668647089274586e-14,7.940483316447673e-14,7.216925182624641e-14,7.192875531282929e-14,8.531076543553267e-14,8.601637120697015e-14,1.148850880710215e-13,1.2211160810316878e-13,1.7510480479494452e-13,1.837585341676512e-13,2.133339918975614e-12,2.1298906923667966e-12,2.16315918388188e-12,2.1629231402204747e-12,2.269142107791375e-12,2.4877658316502365e-12,2.5102031512458214e-12,3.059441904776336e-12,3.1347296527312713e-12,3.1188283240359507e-12,3.2906138588884366e-12,3.6092053243831675e-12,4.076079410236199e-12,4.149763160274234e-12,4.510726171190906e-12,4.586959002379669e-12,4.559677022193756e-12,4.749399288509059e-12,5.086661771308707e-12,5.622343908996293e-12,5.7085210914426395e-12,6.5418974309120246e-12,6.0420369913324734e-12,6.224956720995457e-12,6.605082328849631e-12,6.974633200192038e-12,7.057596243307827e-12,8.048665174357e-12,1.2870562250127466e-11,1.333443935821383e-11,1.4210214278479894e-11,1.5490358271821727e-11,1.7296912626066528e-11,1.648710426313791e-11,1.7464658942293552e-11,1.8961241799330405e-11,2.102685831199141e-11,1.554884632763583e-11,1.7026434447281565e-11,1.8790567769445e-11,2.5775380043098642e-11,LC_V24_H3p5_T8,2.5775380043098642e-11
36,submerged,5.062790972451351e-14,1.8709579287988566e-15,1.8732670276926078e-15,1.9538247196491697e-15,1.936435950929574e-15,2.1095104424956287e-15,6.1361462165766174e-15,6.079543239255177e-15,6.731929547129224e-15,6.3663773355363335e-15,6.264841822915856e-15,6.989411554663843e-15,6.76454836710112e-15,1.76060998159959e-14,1.7534657513325798e-14,1.8084986722720878e-14,1.7867550014264202e-14,1.7427404711804604e-14,1.8364700207886447e-14,1.7952985473648285e-14,4.1010634398551525e-14,4.090692480331336e-14,4.2071639818205823e-14,4.170144976013599e-14,4.343638192006739e-14,4.265120636089447e-14,4.536811094893308e-14,4.483574773366982e-14,4.4529842689575527e-13,4.438161965988881e-13,4.4656678114165125e-13,4.423897127661516e-13,4.453359721580684e-13,4.432476520944791e-13,4.3743088003277974e-13,7.424421308762627e-13,7.416594389738505e-13,7.372395089765942e-13,7.397456568350121e-13,7.39277486373928e-13,7.508225290665475e-13,7.399232057184524e-13,1.2073420858752824e-12,1.2109730515326705e-12,1.202999155340366e-12,1.2086128665739286e-12,1.2035358494044727e-12,1.2177183063498994e-12,1.1964117665191451e-12,1.2131971022666836e-12,1.7200404948634868e-12,1.6777729826191133e-12,1.640959097063546e-12,1.6454920184354775e-12,1.6176615388974587e-12,1.6175267407931642e-12,3.603434208442959e-12,3.5290209920864515e-12,3.5041746903324545e-12,3.45108088245473e-12,3.4563378834313677e-12,5.239644501074593e-12,5.1755683164274775e-12,5.0902931795319165e-12,5.064771688751279e-12,5.0479698006606344e-12,4.953021135934483e-12,4.91463616117747e-12,7.3201602786866e-12,LC_V24_H3p5_T8,7.3201602786866e-12
37,submerged,2.87124018168867e-12,5.198832825650363e-14,5.1936311962591445e-14,5.713236679865781e-14,5.942789661235808e-14,7.50575997210804e-14,2.364340605262588e-13,2.3502825267452464e-13,2.553495328354108e-13,2.5279378585235597e-13,2.5758303867226824e-13,2.869003644287591e-13,3.022372881226995e-13,8.518288640799822e-13,8.502171308707757e-13,8.769451271740992e-13,8.749196266142909e-13,8.897347260371475e-13,9.51018626272555e-13,9.903368065347278e-13,2.806212961403931e-12,2.8051546004653814e-12,2.8280624125397194e-12,2.837375371386424e-12,2.930772094766707e-12,3.0966048131763045e-12,3.2171676293914526e-12,3.4135847519339103e-12,2.8686198391258287e-11,2.860989293898556e-11,2.8369954204444568e-11,2.8227261457090928e-11,2.808151352726381e-11,2.8325723382311238e-11,2.868216017672723e-11,4.6372791369154066e-11,4.601369882282071e-11,4.5873659309718546e-11,4.579726070563688e-11,4.660503826233686e-11,4.7759854532551775e-11,4.942905912916211e-11,5.7866817643080065e-11,5.729592921967167e-11,5.7165840281088875e-11,5.6866807584120955e-11,5.735580322399881e-11,5.831190161527715e-11,5.988182423576185e-11,6.228113798796716e-11,7.564154581952088e-11,7.425851986607564e-11,7.405553323984605e-11,7.463081824530539e-11,7.576025498811715e-11,7.797890752706454e-11,1.6684001106666913e-10,1.64123650384089e-10,1.6395466597658175e-10,1.6678212267214074e-10,1.703889019963752e-10,2.412356221898305e-10,2.3944589509299873e-10,2.395375728763331e-10,2.4305611296832246e-10,2.2496641989342023e-10,2.2795010637042383e-10,2.314116541497008e-10,3.8134003100822866e-10,LC_V24_H3p5_T8,3.8134003100822866e-10
38,submerged,8.168350402515078e-12,9.444861154180883e-13,9.49642447822514e-13,9.833391284480335e-13,9.828609852939316e-13,1.0574683215687167e-12,1.838297079139199e-12,1.8265409149398073e-12,2.042705494841922e-12,1.939027217229785e-12,1.9112344182380298e-12,2.17230281789428e-12,2.11203469227262e-12,2.8697582628452775e-12,2.8470995665003836e-12,3.132542340021562e-12,3.058794195050633e-12,2.9422801511952598e-12,3.3342381579381117e-12,3.2257473145275777e-12,4.8405858118951214e-12,4.832947429907552e-12,5.169811833958663e-12,5.1202402687068436e-12,5.65075410791294e-12,5.4804581248897034e-12,6.235537225685297e-12,6.188599304720692e-12,5.5945086674618876e-11,5.5675041051152806e-11,5.6581673972228183e-11,5.5969640844754705e-11,5.724792667405283e-11,5.860822599369332e-11,5.773285216051516e-11,1.0145835214871244e-10,1.0194698420097263e-10,1.0151703663345539e-10,1.0339048463384842e-10,1.0645407157913671e-10,1.1136417375968332e-10,1.1158037038077564e-10,1.422889566009299e-10,1.4339792098066863e-10,1.4336419031236138e-10,1.4628856948593561e-10,1.502497619752915e-10,1.572014887005923e-10,1.5615765389094625e-10,1.6510933778055147e-10,1.628214961604836e-10,1.6159110714368828e-10,1.6192663235176036e-10,1.6628663155978636e-10,1.6401320247757064e-10,1.7022831987389123e-10,3.4168196268910963e-10,3.393598230577986e-10,3.4529365880551063e-10,3.50187542146008e-10,3.629300900962368e-10,4.612049080049044e-10,4.656729674424436e-10,4.648476751627043e-10,4.770539551726793e-10,3.855534898480085e-10,3.90114700060114e-10,4.019508254023027e-10,6.042059393686073e-10,LC_V24_H3p5_T8,6.042059393686073e-10
39,submerged,2.4949455175830946e-12,3.8971685303929183e-14,3.925350444012783e-14,4.3623529277884815e-14,4.5973319084752036e-14,5.891896327472665e-14,2.077762594259874e-13,2.0741192012571083e-13,2.2138196902282638e-13,2.2384957764476174e-13,2.299653392630337e-13,2.5394720966762907e-13,2.704607844994606e-13,9.168625895366155e-13,9.166190988149776e-13,9.383648411102205e-13,9.395558321998296e-13,9.56862981988854e-13,1.0095975338344354e-12,1.04077395401934e-12,3.0772528674751304e-12,3.073278476449302e-12,3.120890289150313e-12,3.1222317555354643e-12,3.2258174265138595e-12,3.4261365626423678e-12,3.562864838732964e-12,3.782826112008864e-12,3.106100509177529e-11,3.101548929752794e-11,3.0864932729626124e-11,3.076696345945947e-11,3.075562378092646e-11,3.139523505960753e-11,3.19693217718706e-11,5.432275180091134e-11,5.394732636843899e-11,5.3774629421182314e-11,5.3647839341379775e-11,5.446034480741465e-11,5.5633806383474676e-11,5.699010489052161e-11,7.762340952150061e-11,7.729518629732487e-11,7.709067266029492e-11,7.699042264177594e-11,7.761283841151601e-11,7.886572017659057e-11,8.017345033868271e-11,8.286083648058505e-11,1.0747251631015817e-10,1.049704556337618e-10,1.0399021786355218e-10,1.0351408685264389e-10,1.0430465003717461e-10,1.0618569325701119e-10,2.2848467794314066e-10,2.266793405003626e-10,2.2695460398329896e-10,2.3232818712496575e-10,2.37060227485749e-10,3.380010034096678e-10,3.360860459379695e-10,3.420682489002151e-10,3.466562889811349e-10,3.243113948838287e-10,3.263345353095217e-10,3.288178793491045e-10,4.990395248150143e-10,LC_V24_H3p5_T8,4.990395248150143e-10
40,submerged,6.8893520291453396e-12,7.705066996797032e-13,7.73752431565357e-13,8.112728276337746e-13,8.085690399525526e-13,8.81292651537915e-13,1.459350420528309e-12,1.4519252959028569e-12,1.6038765849019772e-12,1.5356406459110995e-12,1.521942385529824e-12,1.7112941925355677e-12,1.675033112962592e-12,2.75572136343954e-12,2.744696951786874e-12,2.9537142349621965e-12,2.906177471233529e-12,2.8252363203711576e-12,3.137215325837881e-12,3.0902851849999676e-12,5.226132874910874e-12,5.2329958742863395e-12,5.44005628720876e-12,5.4397661957577196e-12,5.862441885502579e-12,6.039652553464366e-12,6.666394293124917e-12,6.809607529724445e-12,5.677891116608651e-11,5.6580906396434005e-11,5.767203528225381e-11,5.7157369423560876e-11,5.873123900352053e-11,6.057263662651971e-11,6.036405453625845e-11,1.1582599311954928e-10,1.1647967713709346e-10,1.1618599268192854e-10,1.1811305295165728e-10,1.2124605624241326e-10,1.26208656272948e-10,1.2595653090077864e-10,1.9349781257364912e-10,1.9526990564355322e-10,1.9453184136998005e-10,1.9755754822985968e-10,2.008261554187659e-10,2.072881801991408e-10,2.0516313180543214e-10,2.134308373427299e-10,2.368549736562099e-10,2.33248459547281e-10,2.3202156672351356e-10,2.3775158413374824e-10,2.352325620152156e-10,2.418511183896261e-10,4.658337897889329e-10,4.617374049278776e-10,4.6490725326089487e-10,4.69934429906765e-10,4.84100175113035e-10,6.135755967706432e-10,6.14016876130852e-10,6.206878221386315e-10,6.332624925978988e-10,5.777637303662415e-10,5.799005975168926e-10,5.905915489628648e-10,8.39438403702827e-10,LC_V24_H3p5_T8,8.39438403702827e-10
41,submerged,2.522673712399859e-12,6.222141135365928e-14,6.240994847129929e-14,6.629227114769284e-14,6.788738419921071e-14,8.109504721809088e-14,2.305230482220859e-13,2.300285911067969e-13,2.440509336645854e-13,2.460319910103235e-13,2.513879018559557e-13,2.7654475331972795e-13,2.8953751442102966e-13,8.595659758019652e-13,8.586928055682137e-13,8.743155920058338e-13,8.734603458445427e-13,8.855463175491794e-13,9.284366965062225e-13,9.526591715405643e-13,2.8440580873013418e-12,2.8402996397808513e-12,2.8675432586897048e-12,2.8685082133407698e-12,2.9519818320098144e-12,3.0614789362462335e-12,3.185106096254166e-12,3.3331849079464525e-12,2.6724003788603784e-11,2.665447799893935e-11,2.653514852012704e-11,2.6418335431010768e-11,2.638568573807096e-11,2.6583659898747564e-11,2.682074912703644e-11,5.135612098190188e-11,5.098435817838856e-11,5.081935148714403e-11,5.068662158827549e-11,5.130154033770629e-11,5.220571128283389e-11,5.372167886321084e-11,7.153414741019467e-11,7.087701564804075e-11,7.050239169374154e-11,7.007077154957404e-11,7.003360717205855e-11,7.065153096518328e-11,7.18662735886885e-11,7.38024803077755e-11,1.0509802928642262e-10,1.0343280619107887e-10,1.0307922064468974e-10,1.0280037325118475e-10,1.0441231159367785e-10,1.0638132600969426e-10,2.139954478177118e-10,2.1139235964315648e-10,2.1063788087646398e-10,2.139148735699952e-10,2.1692059359074767e-10,3.299096592207689e-10,3.268125856000385e-10,3.269760307708337e-10,3.294271642520389e-10,3.4435510234594024e-10,3.4711663845548884e-10,3.5011861798765127e-10,5.567242811454059e-10,LC_V24_H3p5_T8,5.567242811454059e-10
42,submerged,6.7648693858457265e-12,9.881102975559243e-13,9.931455637301708e-13,1.0211157444648456e-12,1.0204685633425761e-12,1.0857971102097835e-12,1.762874530084457e-12,1.7544072563372173e-12,1.9278070515100824e-12,1.8485355171569864e-12,1.8239975223964612e-12,2.0477224229546225e-12,1.9937213989140937e-12,2.5939083059404497e-12,2.5744578942278565e-12,2.819271459719753e-12,2.7470405788709863e-12,2.64305551773494e-12,2.9687110275741234e-12,2.8772122749780314e-12,4.9640701583613036e-12,4.9525017569411475e-12,5.2399640133760256e-12,5.183932493813456e-12,5.617349031632491e-12,5.534393229818956e-12,6.169298712952427e-12,6.137327193760157e-12,4.833553534319316e-11,4.825429286860105e-11,4.8782867092040024e-11,4.857097195961178e-11,4.9697307977150076e-11,5.092287865131072e-11,5.0284842238920047e-11,1.0618623528673384e-10,1.0712959735335073e-10,1.0651362344875707e-10,1.0856869777036462e-10,1.1147348515480463e-10,1.1608709668951614e-10,1.1595196901055275e-10,1.7197569326586143e-10,1.725302220898791e-10,1.7171926568779213e-10,1.735885169506124e-10,1.756369072917752e-10,1.8089886293339801e-10,1.792248199069194e-10,1.8635441575569554e-10,2.2027028571423449e-10,2.1784964676412424e-10,2.1790131720896826e-10,2.2322822917203588e-10,2.2334407447136061e-10,2.29878104510067e-10,4.238993533911468e-10,4.2313363124609895e-10,4.2861586762282367e-10,4.3293602994364196e-10,4.454343547329853e-10,6.036957977336936e-10,6.075172415503111e-10,6.103814405920549e-10,6.224354371468159e-10,5.843783902299647e-10,5.921683611905297e-10,6.028927053010564e-10,9.134738224423799e-10,LC_V24_H3p5_T8,9.134738224423799e-10
43,submerged,2.8723444292723693e-12,4.4734288818761996e-14,4.436325710822024e-14,4.9917703283487554e-14,5.1624462295101956e-14,6.699296729699888e-14,1.8388250338613141e-13,1.8314067989699952e-13,1.9526710244245478e-13,1.950146984740927e-13,1.9944042648490103e-13,2.2004663194300017e-13,2.3439401767343566e-13,8.88632225555178e-13,8.878238204656192e-13,9.061389085072228e-13,9.071050034590516e-13,9.284345884942706e-13,9.784499522254407e-13,1.0138548895643083e-12,2.761637277368201e-12,2.7608983879376653e-12,2.8023317285570382e-12,2.8077631755731566e-12,2.914072529381048e-12,3.090095772102122e-12,3.2112782671640856e-12,3.4110578230850217e-12,3.505865073470773e-11,3.498212268654745e-11,3.474176722476799e-11,3.4593183982396514e-11,3.4476078947979863e-11,3.501256337812005e-11,3.5719536990085754e-11,5.427096568544101e-11,5.387059901054905e-11,5.3714959403133885e-11,5.352161489749184e-11,5.4045645516609264e-11,5.4878470090761925e-11,5.6059399402896994e-11,7.002779652700557e-11,6.93946631183466e-11,6.912988637140153e-11,6.868644580199795e-11,6.89604792952409e-11,6.974803370931071e-11,7.138779561301209e-11,7.358809222001872e-11,8.818576532459798e-11,8.627114103444619e-11,8.537031967166769e-11,8.553441258109527e-11,8.629506772454579e-11,8.790820387969178e-11,2.0671064163257777e-10,2.0456196231613512e-10,2.0396579860628592e-10,2.0828980878047554e-10,2.112302890643656e-10,2.959810219327707e-10,2.9413248134978157e-10,2.965375765300551e-10,2.9975512999727824e-10,2.7642965535303894e-10,2.792924919833582e-10,2.81622460023449e-10,4.430242356383702e-10,LC_V24_H3p5_T8,4.430242356383702e-10
44,submerged,7.95773972180832e-12,7.743223743444827e-13,7.774154837207795e-13,8.202813078288608e-13,8.173439714530726e-13,9.010104534572007e-13,1.586513335924998e-12,1.5766763658050658e-12,1.7506885255193154e-12,1.6716426957051806e-12,1.6489545735363905e-12,1.871342025976996e-12,1.819868437358926e-12,2.8728261087970874e-12,2.86727016230088e-12,3.0981172186185675e-12,3.0556108552246644e-12,2.956198888293861e-12,3.304411053872526e-12,3.213387691714524e-12,4.828572510929671e-12,4.823081659404707e-12,5.128255634553662e-12,5.0872863053909575e-12,5.5979467143698164e-12,5.586822254150802e-12,6.343820888093895e-12,6.402474081312038e-12,6.892288652118794e-11,6.856922395980347e-11,6.971883701449476e-11,6.894541049069338e-11,7.036919778975435e-11,7.197097293635423e-11,7.13971716166017e-11,1.1357733371379929e-10,1.1387766715563317e-10,1.1341524780612793e-10,1.149138262674689e-10,1.1737743628445964e-10,1.2178278254662794e-10,1.2137341659630765e-10,1.7039443014073737e-10,1.7176308021847973e-10,1.7130233350766666e-10,1.7392175614027803e-10,1.7699436813252492e-10,1.8307918304452416e-10,1.8154817844106597e-10,1.8930263232179032e-10,1.864931842669563e-10,1.8464966486328913e-10,1.8460084191417137e-10,1.8800175086944917e-10,1.864243088548434e-10,1.9234739454918723e-10,4.147366430503169e-10,4.1066035299874584e-10,4.1343543520446825e-10,4.1765463555503935e-10,4.281284938921779e-10,5.414438532962561e-10,5.443605035466754e-10,5.460078992434138e-10,5.565317146578042e-10,4.309996646977425e-10,4.359678071350857e-10,4.4723194493655147e-10,6.648304470742654e-10,LC_V24_H3p5_T8,6.648304470742654e-10
45,submerged,3.1066580215613615e-11,2.1567138952903203e-13,2.1923155502414234e-13,3.9338603289911267e-13,4.03126066908631e-13,8.83422063135476e-13,7.406717281356476e-13,7.462918711106622e-13,1.0970122870034393e-12,1.1404436235133222e-12,1.1570103197857454e-12,2.070860546982238e-12,2.130624545135593e-12,3.74755908787606e-12,3.780106904990009e-12,4.5235109743784054e-12,4.6203801602227405e-12,4.72925331084507e-12,6.607442483633968e-12,6.695322232924494e-12,5.494329618164845e-12,5.5321490009622395e-12,6.5863110033532535e-12,6.723683806024057e-12,9.011212163073879e-12,9.471709702581747e-12,1.3652556261424334e-11,1.400341255227371e-11,2.1296546407222805e-10,2.1238237906352399e-10,2.1948937906314947e-10,2.1808559813739e-10,2.307845333474938e-10,2.49032268774915e-10,2.4640084730522673e-10,2.941927536623432e-10,3.009521863305234e-10,2.9850401018505517e-10,3.143585784112229e-10,3.3784846713699254e-10,3.7648826893378364e-10,3.7269149329397667e-10,4.124826480396792e-10,4.1869403251754254e-10,4.174105902436508e-10,4.337705719957112e-10,4.61028970960981e-10,5.039484382722346e-10,5.034651708095299e-10,5.655368983595156e-10,4.695321009184865e-10,4.801595524342078e-10,5.048036400180579e-10,5.506660111876026e-10,5.451514625990843e-10,6.098825104610252e-10,1.110211577714713e-09,1.1475320247164475e-09,1.2135001199977847e-09,1.2951192482575386e-09,1.4181673879099121e-09,1.3970501506387159e-09,1.4674706592413093e-09,1.5557692320658633e-09,1.6895533426144636e-09,1.1590547919416726e-09,1.2346468190614217e-09,1.356659575111811e-09,1.7474701015518402e-09,LC_V24_H3p5_T8,1.7474701015518402e-09
46,submerged,2.7126239313221075e-11,2.358988069254604e-13,2.4059861394104774e-13,3.9819870268217935e-13,4.0852451806045175e-13,8.356511412951752e-13,8.71028329141604e-13,8.763082982959197e-13,1.2500724741021311e-12,1.292048480955687e-12,1.3053674019563278e-12,2.2441662613715095e-12,2.282868411892595e-12,3.846155711286587e-12,3.87155867373326e-12,4.661308243076609e-12,4.739222190504626e-12,4.80286944726781e-12,6.6680978719985455e-12,6.734367934715815e-12,5.350435822213168e-12,5.3858670118835075e-12,6.4237513908592685e-12,6.541211112365836e-12,8.833188401691226e-12,9.330647729494709e-12,1.340257968585827e-11,1.374744342558881e-11,1.9222155189781075e-10,1.9142795969536692e-10,1.9877097880579074e-10,1.9724200111370083e-10,2.0969069773229486e-10,2.2712505627792916e-10,2.2425097024671807e-10,2.848026737787557e-10,2.9202445015220786e-10,2.8944257935504107e-10,3.052214720309574e-10,3.272859113224304e-10,3.652638240311234e-10,3.5980219557288e-10,4.4091648606943505e-10,4.498171974472933e-10,4.48257986117064e-10,4.680515524188345e-10,4.964632015840346e-10,5.404465057443613e-10,5.361561467773861e-10,5.966788877988932e-10,5.190656368466083e-10,5.305549996425269e-10,5.54629206778935e-10,5.977919558570401e-10,5.890716489503133e-10,6.487961005938673e-10,1.123483145723022e-09,1.1597226318749096e-09,1.2262554791674371e-09,1.3146109963108545e-09,1.4362402213604612e-09,1.4179747385279139e-09,1.490726041008572e-09,1.579505569721666e-09,1.7125523477121387e-09,1.2617447910671185e-09,1.338274664985357e-09,1.4582544303449483e-09,1.8595221156024226e-09,LC_V24_H3p5_T8,1.8595221156024226e-09
47,submerged,2.962052637496163e-11,2.0615598632852528e-13,2.1109859666487452e-13,3.719990054928509e-13,3.8613525144693896e-13,8.456334007149172e-13,8.141474493180336e-13,8.208696868007759e-13,1.1864661759680108e-12,1.2416632739894978e-12,1.2649753763804468e-12,2.2261335923704305e-12,2.2955258867600175e-12,3.844500807487005e-12,3.875035484876631e-12,4.669303480347904e-12,4.76585320324258e-12,4.863296736367968e-12,6.830113457974414e-12,6.9350874803361e-12,6.186705957500893e-12,6.228620776438421e-12,7.353524298495e-12,7.50809815272486e-12,9.985892283138487e-12,1.0557217054641014e-11,1.5083804676010667e-11,1.5497095784817435e-11,2.033262263835904e-10,2.0265376639014264e-10,2.1013094073804167e-10,2.0867176928924052e-10,2.217076995367537e-10,2.4106560281612106e-10,2.3864821724747646e-10,2.9666216472030347e-10,3.0369013229726494e-10,3.0146958417592096e-10,3.177103133647104e-10,3.427165785099716e-10,3.839984594163661e-10,3.800070527980877e-10,4.4891442050172547e-10,4.5680565863354204e-10,4.555994330069822e-10,4.752330820660033e-10,5.068523202200917e-10,5.540035347270877e-10,5.518805077835487e-10,6.183395879854908e-10,5.31462182921133e-10,5.435419235357553e-10,5.6989955566907e-10,6.186633597026918e-10,6.117681152924345e-10,6.794252828334266e-10,1.170547583233535e-09,1.213734276247955e-09,1.281466125947098e-09,1.374669971369927e-09,1.5073188558390057e-09,1.4812046012930967e-09,1.5564482616814318e-09,1.6515120764830114e-09,1.7888912958155038e-09,1.3440123811168515e-09,1.4224372859345076e-09,1.5493260680890992e-09,1.9773574234013265e-09,LC_V24_H3p5_T8,1.9773574234013265e-09
48,submerged,3.3697786864102516e-11,2.5119324291564433e-13,2.543260836209367e-13,4.33303771905926e-13,4.3832196249619597e-13,9.147386723596593e-13,7.378358099639645e-13,7.412880881629668e-13,1.0835328710927312e-12,1.1064673513030963e-12,1.114979664537288e-12,1.9823984387345978e-12,2.019241527736137e-12,3.5836105417285455e-12,3.6079798767566643e-12,4.355366739136249e-12,4.4349047121958826e-12,4.501373478323742e-12,6.3452905020607595e-12,6.371415096288053e-12,4.436376220930881e-12,4.479536594402615e-12,5.447456377834632e-12,5.5632457503905925e-12,7.66074435104847e-12,8.005576470810138e-12,1.184502602677731e-11,1.2161752795202477e-11,2.0025283029320236e-10,1.9971065281756052e-10,2.0634511556627755e-10,2.0498122376894587e-10,2.1696518888177993e-10,2.34169243198368e-10,2.3127686197270158e-10,2.798210750410522e-10,2.866795144788817e-10,2.8401418520656366e-10,2.9934210965017386e-10,3.2233714884339354e-10,3.5996212611601773e-10,3.554488193164785e-10,3.984138207074381e-10,4.044419994571233e-10,4.0322284205308396e-10,4.194253771994348e-10,4.4604824073775504e-10,4.878075643141338e-10,4.862255102703086e-10,5.462762172610132e-10,4.54394682579039e-10,4.645153474228458e-10,4.893919415322359e-10,5.362808666277426e-10,5.30058798331601e-10,5.943583564137057e-10,1.0586546281780228e-09,1.0925309067338299e-09,1.158760194012375e-09,1.2383809755161968e-09,1.3602226774862124e-09,1.3332336543998875e-09,1.4041773372765493e-09,1.488285974084017e-09,1.6245486087036992e-09,1.0782460720384641e-09,1.1478349473272606e-09,1.2658581693073786e-09,1.6264403788109858e-09,LC_V24_H3p5_T8,1.6264403788109858e-09
49,submerged,2.957604451135532e-11,2.4600227307948075e-13,2.49762887025843e-13,4.1981316792661765e-13,4.2914949223939004e-13,9.112912355794635e-13,9.036394635064211e-13,9.011219402378188e-13,1.3000888486169107e-12,1.3320945047790669e-12,1.3499850901397179e-12,2.310992533595078e-12,2.3647515137754593e-12,3.6402813775846986e-12,3.646495760492579e-12,4.522763345440602e-12,4.5876985648247236e-12,4.6097733905521725e-12,6.6925044016903716e-12,6.699487887112706e-12,5.321238046807697e-12,5.306127871430212e-12,6.369653792436898e-12,6.411085219647369e-12,8.682037728357226e-12,8.742690405143828e-12,1.2952933878611657e-11,1.2964528047701221e-11,1.5749445932364314e-10,1.572228439308288e-10,1.6157502248527865e-10,1.6122749723631769e-10,1.711986394393174e-10,1.8807898991294706e-10,1.8575257012922273e-10,2.4356988914951936e-10,2.5102306458045806e-10,2.4917908372227196e-10,2.645175898373254e-10,2.8779639748456094e-10,3.2483129424953577e-10,3.2238728594669737e-10,3.6062202632618535e-10,3.6755040317793693e-10,3.653314341094105e-10,3.816540515721648e-10,4.0608208296281854e-10,4.471354012156143e-10,4.445629825232613e-10,5.032719233229297e-10,4.4892452763091906e-10,4.622291598579195e-10,4.89107981807841e-10,5.373328363811394e-10,5.343358240957663e-10,5.989214951037469e-10,9.686442705074146e-10,1.0020147163808475e-09,1.0677162956509581e-09,1.1469018302824831e-09,1.2706111791318923e-09,1.2741708590870055e-09,1.3481164280689668e-09,1.4347050356978977e-09,1.5747088098557193e-09,1.1722144817508059e-09,1.2656397762207425e-09,1.3857635704894384e-09,1.8704384230984937e-09,LC_V24_H3p5_T8,1.8704384230984937e-09
50,submerged,3.0444452493093005e-11,2.8561510339098305e-13,2.8749804596097014e-13,4.628446363082439e-13,4.666000250303128e-13,9.340109430575785e-13,8.667929035337602e-13,8.634758779109968e-13,1.2412036986990815e-12,1.239354415830677e-12,1.2407037731767781e-12,2.111530391053993e-12,2.1230854819106128e-12,3.460512499820363e-12,3.470114366189461e-12,4.3136677613803146e-12,4.3694126828543614e-12,4.349119904221723e-12,6.246641435158689e-12,6.203073620454519e-12,4.1037922858596075e-12,4.102167992127211e-12,5.0516097722271016e-12,5.103745746603295e-12,7.111357285678485e-12,7.077039528664111e-12,1.0758702478282514e-11,1.069655438850444e-11,1.5596369884108035e-10,1.5557377613707096e-10,1.5959715851057046e-10,1.589862904185269e-10,1.6823658270120303e-10,1.8296941784395675e-10,1.8042543935443748e-10,2.307841625341788e-10,2.370157101046139e-10,2.3522496862173714e-10,2.480322413988434e-10,2.684475693024333e-10,3.013715616199332e-10,2.99133463553622e-10,3.1900613651508026e-10,3.2639298108122824e-10,3.239449462529831e-10,3.3931945199413476e-10,3.616494394749942e-10,3.993962676885697e-10,3.9621761922574266e-10,4.486532107867931e-10,3.8697816023326914e-10,4.014924442286366e-10,4.2454022486193175e-10,4.694245996109734e-10,4.5865522734442675e-10,5.162091365059576e-10,8.884350001795115e-10,9.149411022074751e-10,9.747939693607451e-10,1.0346230616444707e-09,1.139295739472783e-09,1.1325333968243993e-09,1.1997766928814563e-09,1.2660904380669106e-09,1.3875831888095912e-09,9.350009191065702e-10,1.007214035657671e-09,1.1102982815451086e-09,1.4286560512912059e-09,LC_V24_H3p5_T8,1.4286560512912059e-09
51,submerged,3.0930558781691736e-11,2.448692492668622e-13,2.473719709676566e-13,4.263959951446944e-13,4.3527837994333394e-13,9.318492147047662e-13,8.568310666101151e-13,8.543922983886162e-13,1.2467124539996247e-12,1.2647696755691436e-12,1.2767722478286843e-12,2.215530003658415e-12,2.255026955314578e-12,3.6139954752461864e-12,3.6240954626480327e-12,4.512958056020922e-12,4.5782918945147745e-12,4.589544201770406e-12,6.654261701827419e-12,6.661861418817351e-12,5.0386098926082325e-12,5.041508403659845e-12,6.061911611185741e-12,6.124032897309183e-12,8.335312451691296e-12,8.39364128818588e-12,1.2438884495025312e-11,1.2385808464498677e-11,1.6550606874239536e-10,1.6511927196433524e-10,1.6950707187706427e-10,1.6897126536589953e-10,1.7901874452938506e-10,1.9580273551346362e-10,1.9350022735075297e-10,2.417350641334495e-10,2.4864299007934225e-10,2.465788712136796e-10,2.607197857015142e-10,2.830345796204436e-10,3.1930332995228194e-10,3.171309194653699e-10,3.28048093273609e-10,3.3556796290491554e-10,3.32917650728864e-10,3.4893096622776253e-10,3.723527769189919e-10,4.1232584425028435e-10,4.1021382125002757e-10,4.679650438732967e-10,3.9683627709496513e-10,4.119088014736068e-10,4.3708640237024265e-10,4.835354284894396e-10,4.749274272070798e-10,5.371950149706346e-10,9.181510545996074e-10,9.473418392736387e-10,1.0112084879794113e-09,1.0789791486974774e-09,1.195263167845831e-09,1.166171535483458e-09,1.2376730637039383e-09,1.31253312757844e-09,1.4472638520000611e-09,9.836072613373274e-10,1.0676622900033396e-09,1.1816213832514713e-09,1.5512668656618768e-09,LC_V24_H3p5_T8,1.5512668656618768e-09
52,submerged,2.98865178076256e-11,2.782491750148893e-13,2.8210186318855177e-13,4.518799445285779e-13,4.572446203649632e-13,9.270538374228098e-13,9.576476576522102e-13,9.54433484103267e-13,1.369095721172746e-12,1.3822041238221038e-12,1.3923218286207031e-12,2.373593981813404e-12,2.4049119906180965e-12,3.642342504706657e-12,3.6436051630569895e-12,4.541647468946229e-12,4.589089979659156e-12,4.5876396260209895e-12,6.667799497816615e-12,6.647437447516284e-12,4.686460212788132e-12,4.68188682825768e-12,5.768829390878168e-12,5.774400262880265e-12,7.961373016504467e-12,7.911658084498478e-12,1.2017078489627533e-11,1.1975565558439268e-11,1.4916416568318579e-10,1.4888846643510237e-10,1.5314951014994763e-10,1.529303179610833e-10,1.6287475758149983e-10,1.7923144249402866e-10,1.7667727129114363e-10,2.358573823841287e-10,2.4347780997686255e-10,2.4137629113263697e-10,2.565264644170188e-10,2.790963923758985e-10,3.155054341567396e-10,3.118532106350584e-10,3.544566384572971e-10,3.618840448011688e-10,3.592123567098442e-10,3.7574643668431246e-10,4.0073210202640527e-10,4.4235062209122255e-10,4.3817386755198976e-10,4.967188834742276e-10,4.4182292327580197e-10,4.5439432955310986e-10,4.805252665084708e-10,5.241542196129087e-10,5.214299224647555e-10,5.838409229787594e-10,9.375004266383957e-10,9.710019553888497e-10,1.036873890801628e-09,1.110764782743089e-09,1.2322864253227042e-09,1.2491488401424996e-09,1.3218281784475124e-09,1.4029389040685066e-09,1.539427836768153e-09,1.1248566864816515e-09,1.2131886457423794e-09,1.3337730599229852e-09,1.7995105055010622e-09,LC_V24_H3p5_T8,1.7995105055010622e-09
53,submerged,5.742349996080522e-12,6.073892098170534e-13,6.052821452723889e-13,6.127241620934862e-13,6.080574231123818e-13,6.343356892653263e-13,1.0007218090400308e-12,9.898688585805717e-13,1.076511406396872e-12,1.0273270654927548e-12,1.0265681114713899e-12,1.1773891291425001e-12,1.1778344356336893e-12,1.7052601959604625e-12,1.7031100863072143e-12,1.8372578914645876e-12,1.8267922711408432e-12,1.8024637649597802e-12,2.062839765761655e-12,2.040492285186756e-12,2.9553354150915152e-12,2.9558865912791034e-12,3.1098952530490265e-12,3.109114624950665e-12,3.446659322115345e-12,3.5466555598426593e-12,4.083029718047716e-12,4.1992123311163156e-12,3.207512489033865e-11,3.194439774440284e-11,3.282611795073905e-11,3.25747654989567e-11,3.3933766371375223e-11,3.550285871936981e-11,3.510565509822829e-11,6.8795337183958e-11,6.953752012854764e-11,6.93356743954354e-11,7.126722520134888e-11,7.436821922351893e-11,7.873627977873292e-11,7.792572519464602e-11,1.2022035536784795e-10,1.2148976506334278e-10,1.214761343275021e-10,1.2416606026191006e-10,1.2804116447132646e-10,1.3405325201429294e-10,1.322882266280302e-10,1.3980120011529633e-10,1.3791549945036031e-10,1.3715666432434996e-10,1.3842209613726196e-10,1.4205850611294836e-10,1.4071590872693873e-10,1.4668653339055704e-10,2.711613293749181e-10,2.6985950190345533e-10,2.73146734031715e-10,2.7805967777112456e-10,2.8971971391638516e-10,3.53846006288929e-10,3.565907997292112e-10,3.635838305185427e-10,3.770263501148879e-10,3.2915835987278574e-10,3.325550134068884e-10,3.4460784190487743e-10,4.773624746242693e-10,LC_V24_H3p5_T8,4.773624746242693e-10
54,submerged,3.850404832713096e-12,1.4682163493427546e-13,1.4753681066173992e-13,1.470383868849492e-13,1.4800183423122696e-13,1.6188631191326171e-13,3.3174989041883383e-13,3.300718487697781e-13,3.519343404465613e-13,3.4500696151460017e-13,3.438917383822332e-13,3.762115048765544e-13,3.7677760919430074e-13,6.729594342848154e-13,6.69151957913414e-13,6.820711841845334e-13,6.705717348928032e-13,6.580012042503712e-13,7.304997020636088e-13,7.596585821273622e-13,1.677623294642455e-12,1.672521485162757e-12,1.7089775192119774e-12,1.7107010127146093e-12,1.818231882505476e-12,1.8807958929176783e-12,2.177392099679368e-12,2.3173198199847037e-12,1.2701659149830099e-11,1.271144084691616e-11,1.2768140991408834e-11,1.2871052961404003e-11,1.3343679872895072e-11,1.4385159504103046e-11,1.4405755442699896e-11,2.2550948775936674e-11,2.2400658711236464e-11,2.236064086343944e-11,2.2360874264958285e-11,2.2727916386476422e-11,2.4355376448421127e-11,2.5190031281363832e-11,3.957660650876544e-11,3.9572862412495045e-11,3.9379969849264705e-11,3.940840377820943e-11,3.918729616166663e-11,3.957128833274865e-11,3.900363508483488e-11,3.9454424271713494e-11,5.791938733318564e-11,5.6112597862981837e-11,5.463524811974345e-11,5.4041956506829355e-11,5.3538926301858094e-11,5.322227233634207e-11,1.2028309853425294e-10,1.174639642014547e-10,1.1610166821995461e-10,1.1427929757221543e-10,1.1380224126702445e-10,1.8122442584652538e-10,1.7865814743718233e-10,1.7551091564993464e-10,1.7402956285467898e-10,1.7037679942675143e-10,1.672713296375875e-10,1.6590569168331912e-10,2.5712705623570266e-10,LC_V24_H3p5_T8,2.5712705623570266e-10
55,submerged,6.747813983597705e-12,6.002026556631556e-13,6.038854064632606e-13,6.208242417262303e-13,6.22355076098251e-13,6.722073345296988e-13,1.1057374151188765e-12,1.0978832770340036e-12,1.2029928372667277e-12,1.1512038176156908e-12,1.1455841516115888e-12,1.3260218573726668e-12,1.317450700401248e-12,1.8789603206601776e-12,1.8661331530887353e-12,1.9504198305926533e-12,1.9069673099367805e-12,1.8466515491500215e-12,2.109306741485762e-12,2.0911257768846193e-12,3.429047120544159e-12,3.4165600668842965e-12,3.519117569834695e-12,3.467899014419484e-12,3.587639588184882e-12,3.494326254675015e-12,3.8454676884076236e-12,3.87630058520071e-12,3.2080001104516126e-11,3.1904330581430874e-11,3.2555410990701704e-11,3.225043319003248e-11,3.3382696367941056e-11,3.483635928629777e-11,3.40980945710694e-11,5.988604789071829e-11,6.011468074920819e-11,5.9957472943588e-11,6.11478968023346e-11,6.362211770578883e-11,6.713432987168031e-11,6.737276911787272e-11,1.0753512537657297e-10,1.0808090233175253e-10,1.0720132829761229e-10,1.0787881209007166e-10,1.0716265106776196e-10,1.0827070028372243e-10,1.0604298450314217e-10,1.069537275318364e-10,1.3596721817621905e-10,1.3253545771042417e-10,1.2891428759542223e-10,1.272260426232984e-10,1.248837574541509e-10,1.237781743713787e-10,2.580069594371883e-10,2.5268513643382166e-10,2.504034708878417e-10,2.451783392246842e-10,2.4446085227336546e-10,3.689885016438871e-10,3.6375193134844106e-10,3.5504633176292255e-10,3.5243841283274926e-10,3.31841008165342e-10,3.2425835717554936e-10,3.2169342762494214e-10,4.995174343513639e-10,LC_V24_H3p5_T8,4.995174343513639e-10
56,submerged,4.129534050356506e-12,1.2043834345649446e-13,1.1977412047418648e-13,1.2325929078734302e-13,1.2355057114082744e-13,1.4166895151329726e-13,2.645778466793466e-13,2.6291954763240597e-13,2.8618745372452147e-13,2.7931400907340304e-13,2.7782251549547284e-13,3.1277566773248806e-13,3.1839878081161754e-13,6.035890153376816e-13,6.035329105048287e-13,6.258871145582913e-13,6.307164136309381e-13,6.353045715733034e-13,7.414437997069511e-13,7.624345249023637e-13,1.6999229710367085e-12,1.7087542311743293e-12,1.7730658322185625e-12,1.8126968507257118e-12,1.9940845783481946e-12,2.2114344579259567e-12,2.577933174123066e-12,2.7658839482769446e-12,1.3620782626778712e-11,1.3622166195189653e-11,1.37636457174397e-11,1.3878881640545307e-11,1.4415093236504259e-11,1.5810790925223315e-11,1.6166184054021733e-11,2.3577085729762994e-11,2.3706355409449153e-11,2.3909401350668265e-11,2.4613060415050708e-11,2.656110155844283e-11,2.867852485583632e-11,2.9309425833961986e-11,4.0440079982622233e-11,4.0797492349930774e-11,4.102523543993981e-11,4.1881644710294984e-11,4.377187961385411e-11,4.655029304659066e-11,4.707332694912257e-11,5.10928895438216e-11,4.938458380540495e-11,4.973969306563154e-11,5.1672279549744304e-11,5.374764745609813e-11,5.444946819173748e-11,5.8086146658593935e-11,1.0978376829144468e-10,1.1139143212425986e-10,1.1461747118636415e-10,1.2183342417716052e-10,1.3027369245899362e-10,1.5753796118687976e-10,1.6075285801444443e-10,1.695487105068234e-10,1.7987043514661887e-10,1.5264516351670862e-10,1.580748375853745e-10,1.6598798896571541e-10,2.3595525721386354e-10,LC_V24_H3p5_T8,2.3595525721386354e-10
57,submerged,6.973608512369287e-12,6.480492265516187e-13,6.53320201940327e-13,6.492635735294934e-13,6.523504615729736e-13,6.538992441961973e-13,1.1964926517979797e-12,1.1905383171943834e-12,1.2582273880791245e-12,1.209602167936758e-12,1.1970137175371934e-12,1.2591588032211818e-12,1.2306873702737042e-12,1.7750200381298864e-12,1.7592560465935322e-12,1.859364429869192e-12,1.8523117010370736e-12,1.826729970729176e-12,2.072490104122537e-12,2.054944795492386e-12,3.2248838744837473e-12,3.2100902789998305e-12,3.335258958914869e-12,3.2776162351869326e-12,3.417772258568092e-12,3.28267596640115e-12,3.768889986964913e-12,3.8705302041762194e-12,3.870896412383812e-11,3.852304765613229e-11,3.9305364540232767e-11,3.891269333627565e-11,3.997936823121671e-11,4.1406859489207563e-11,4.1047962041578126e-11,6.598321771601568e-11,6.622105789094369e-11,6.597588145373746e-11,6.715706676283146e-11,6.931472850764275e-11,7.285853279669921e-11,7.248100702019273e-11,1.0328536811507829e-10,1.0407342780228804e-10,1.0406356043705379e-10,1.059165809537255e-10,1.088881745963491e-10,1.1342211550454488e-10,1.1307552749079969e-10,1.1928499259784268e-10,1.3824008750567423e-10,1.3506791117880072e-10,1.3212428909338235e-10,1.300904242946186e-10,1.2875587337671156e-10,1.2717302967376448e-10,2.5100600053437053e-10,2.473139384385185e-10,2.464948317117607e-10,2.4298255985361375e-10,2.522837618927409e-10,3.68754916801099e-10,3.63043561643968e-10,3.5586518640670055e-10,3.54294535881435e-10,3.56490092998433e-10,3.498674720745327e-10,3.470979366067683e-10,5.958260142079299e-10,LC_V24_H3p5_T8,5.958260142079299e-10
58,submerged,4.409739972267917e-12,1.5551123243752843e-13,1.5614102194312675e-13,1.5673331277386138e-13,1.5718297525203368e-13,1.6994122530047755e-13,3.1198824427177225e-13,3.111887114001518e-13,3.296207959594632e-13,3.283659710901397e-13,3.278741852836014e-13,3.605701591187896e-13,3.631313888205089e-13,5.695999792595626e-13,5.693603662966353e-13,5.932956839641754e-13,5.92517026953405e-13,5.907746098908806e-13,6.747062308363621e-13,6.906935014277657e-13,1.5861010398461171e-12,1.5877660626660383e-12,1.6121752689845675e-12,1.633725372725495e-12,1.7725588014480554e-12,1.850530557158685e-12,2.1686748548332675e-12,2.242051690082927e-12,1.2630870126037806e-11,1.2586961057214649e-11,1.2562721317047606e-11,1.2464243298948482e-11,1.245598328947745e-11,1.3148589932521345e-11,1.3341904328593682e-11,2.2374724107812355e-11,2.2359975004672442e-11,2.2311275353114435e-11,2.255704519079208e-11,2.378278196135937e-11,2.5559295116325854e-11,2.6300915769327184e-11,3.72155150731466e-11,3.721776493414045e-11,3.71449502717309e-11,3.74743027434521e-11,3.839168929977438e-11,3.994196874474961e-11,4.0162383189520804e-11,4.3039545543868e-11,4.968156537937826e-11,4.9731302287631573e-11,5.125148003746483e-11,5.314837732483471e-11,5.430396580090549e-11,5.789461579724613e-11,1.0204025844438803e-10,1.0148407259426482e-10,1.0462797760232315e-10,1.0978272587311363e-10,1.1637016768725784e-10,1.5019116639524604e-10,1.5308294300045761e-10,1.5939614997343952e-10,1.6626721399777935e-10,1.6315202190275788e-10,1.7137625639861148e-10,1.7980162106140424e-10,2.665849400262093e-10,LC_V24_H3p5_T8,2.665849400262093e-10
59,submerged,5.7837245959331655e-12,6.300582005840155e-13,6.335678513080477e-13,6.470340086527585e-13,6.477686168219311e-13,6.973440616724477e-13,1.0566322024791659e-12,1.0524635745077362e-12,1.1506628334075125e-12,1.1343253545056306e-12,1.1321352040077429e-12,1.3076664758423195e-12,1.3031722134934595e-12,1.5801440196969102e-12,1.5745754482815738e-12,1.7166158212925917e-12,1.7029833355151411e-12,1.6735479245470793e-12,1.92552568364989e-12,1.9027504043445194e-12,2.775617912276599e-12,2.76524601454882e-12,2.9680658171374656e-12,2.9406089209698485e-12,3.2746397212061306e-12,3.2231595669772673e-12,3.750607273808182e-12,3.725722111953524e-12,2.7599499086037646e-11,2.750047561819828e-11,2.79528041294355e-11,2.773464974126585e-11,2.8518645564401703e-11,2.977450601585543e-11,2.950120035025088e-11,6.210037381451954e-11,6.284011228091551e-11,6.251108695891749e-11,6.405232522270683e-11,6.666459124042002e-11,7.064531414608381e-11,7.046888564327865e-11,1.0355566361154243e-10,1.0432274442498068e-10,1.0388182475651548e-10,1.0611100096752449e-10,1.0854279879670258e-10,1.1325832495013817e-10,1.1231898956289551e-10,1.1871888538508212e-10,1.2960293079985317e-10,1.287827189443264e-10,1.3017829923658137e-10,1.3341136687832316e-10,1.336689730069802e-10,1.389252419573161e-10,2.4596536079103446e-10,2.4733576353629486e-10,2.521853760015067e-10,2.5665837119114204e-10,2.6818279753424786e-10,3.473691936866455e-10,3.526983060459391e-10,3.5869508324171686e-10,3.7152738482351827e-10,3.2713367775986327e-10,3.3449047687656556e-10,3.4618405108808686e-10,5.166238418381497e-10,LC_V24_H3p5_T8,5.166238418381497e-10
60,submerged,3.850118426995885e-12,1.348081212125495e-13,1.3567091690770077e-13,1.3407959633916747e-13,1.3484321477145878e-13,1.4677020776410103e-13,3.07833930767297e-13,3.064837417577881e-13,3.166762897571547e-13,3.0757854630139594e-13,3.0567703420496483e-13,3.136436317424394e-13,3.1456325347188214e-13,6.379898247372447e-13,6.336739049035198e-13,6.480875387052411e-13,6.353596342979499e-13,6.324444658247056e-13,7.161169694418368e-13,7.41900995915351e-13,1.5632048153104037e-12,1.5688857099543573e-12,1.6058496633986922e-12,1.6443668190955815e-12,1.818104479934775e-12,2.014417583424107e-12,2.3527440051997597e-12,2.512037870109718e-12,1.530142892641653e-11,1.529336476282317e-11,1.5363142963312337e-11,1.5434347229774968e-11,1.590154739524085e-11,1.7146718991507996e-11,1.7537032468285657e-11,2.280871172255392e-11,2.2805481158394905e-11,2.2969145468765492e-11,2.343251677971642e-11,2.498035780237171e-11,2.673380130892528e-11,2.7352658989118835e-11,3.785212571828955e-11,3.74777567807344e-11,3.72744271154117e-11,3.740996750769886e-11,3.8683026481130015e-11,4.0770922307108975e-11,4.139091876270033e-11,4.4681997331837446e-11,5.870773922570505e-11,5.731297727808708e-11,5.6298571560121854e-11,5.5826291157001265e-11,5.5683852115334597e-11,5.547642549334786e-11,1.1478897739591362e-10,1.128877831137218e-10,1.1204095317123768e-10,1.1319912410949178e-10,1.2086828271436922e-10,1.8237561516604847e-10,1.7951216005528365e-10,1.765455625298797e-10,1.7541803554389913e-10,1.8764640362217213e-10,1.8595570703161583e-10,1.8522583588615277e-10,3.1400094592367296e-10,LC_V24_H3p5_T8,3.1400094592367296e-10
61,submerged,2.8600252645353367e-11,4.745850095183499e-13,4.730711643378417e-13,6.669513833182128e-13,6.428240573015054e-13,1.0412693248058566e-12,1.0368761103946075e-12,1.0357589783309853e-12,1.4260761587597889e-12,1.3711143848667817e-12,1.3318183261376655e-12,2.137200091089823e-12,2.026819043740109e-12,3.7595305290391316e-12,3.758523408448915e-12,4.549647203137979e-12,4.539045805284113e-12,4.385054278404947e-12,6.024062111717723e-12,5.7482192618800195e-12,4.51406985910406e-12,4.538838777970005e-12,5.48139144095701e-12,5.511302184364374e-12,7.358981231721928e-12,7.065578563216343e-12,1.035572154515842e-11,9.905259627171251e-12,1.6386935159171488e-10,1.6329664891247787e-10,1.6972297340608123e-10,1.6797553623883173e-10,1.783422646203118e-10,1.893599301549286e-10,1.835281461140035e-10,2.4530154979880176e-10,2.5259867599947724e-10,2.49903904707685e-10,2.6373441144857764e-10,2.8058868150857387e-10,3.105004361790323e-10,2.986701297767067e-10,3.8010592665607053e-10,3.8771571665932934e-10,3.852910663207842e-10,4.0046679044185133e-10,4.187259558125449e-10,4.522983990660454e-10,4.4043665464607125e-10,4.834318416976156e-10,4.175356736036142e-10,4.271317384803953e-10,4.4396625645317144e-10,4.810665467801315e-10,4.664890163173967e-10,5.114842471442431e-10,9.549740801496393e-10,9.753491301277082e-10,1.0277465766668093e-09,1.0630770368833988e-09,1.1478661416308822e-09,1.2107767639430925e-09,1.270696086798341e-09,1.3076865407193826e-09,1.4025527641230278e-09,9.853448942486483e-10,1.013323259082279e-09,1.0974215408059152e-09,1.4573699430654702e-09,LC_V24_H3p5_T8,1.4573699430654702e-09
62,submerged,1.7241753934803583e-11,2.2551515518533006e-13,2.292104036655623e-13,3.40848125506079e-13,3.3256743178013174e-13,5.981244477902408e-13,7.98203443878487e-13,7.995456510757035e-13,1.12232592617458e-12,1.0988238056201441e-12,1.0664757052688907e-12,1.7996652713007223e-12,1.7043722651511387e-12,2.939568355249732e-12,2.9510655434055434e-12,3.607789328500378e-12,3.6341466494776006e-12,3.514673333844843e-12,4.9244030771658566e-12,4.728570733032153e-12,4.2368212145090694e-12,4.264475768508814e-12,5.125776058376635e-12,5.1973008535322266e-12,7.0141465390243186e-12,6.921423654947222e-12,1.0119233049383715e-11,9.831429540219195e-12,1.2411168013128947e-10,1.2361615098880707e-10,1.293047777892052e-10,1.2803022887865717e-10,1.373252718732556e-10,1.4838907030289533e-10,1.4420688420458934e-10,1.89174919079191e-10,1.9537576350989144e-10,1.9305998131178028e-10,2.0504579817050552e-10,2.190525606070631e-10,2.4546998873435844e-10,2.36307706590924e-10,3.061390056539451e-10,3.144844277878565e-10,3.128047741199113e-10,3.282836397252238e-10,3.470125471395456e-10,3.787963015346328e-10,3.6830863287768565e-10,4.079394351612471e-10,3.5321726273065006e-10,3.6320302111318674e-10,3.7919513213124e-10,4.113055691426949e-10,4.004907656625771e-10,4.400093254404042e-10,7.691709057331751e-10,7.930731942560956e-10,8.393916332450329e-10,8.814318856413003e-10,9.596937794942532e-10,9.855386086281705e-10,1.0392250287561686e-09,1.085496672211845e-09,1.172847591059585e-09,8.886924537343832e-10,9.223715151132032e-10,9.998289084546934e-10,1.2809458306041103e-09,LC_V24_H3p5_T8,1.2809458306041103e-09
63,submerged,2.206504870499066e-11,4.197748193964334e-13,4.2608790346074925e-13,5.822512409224948e-13,5.72814121617991e-13,9.08748706349828e-13,1.4220765879432959e-12,1.4211484843384028e-12,1.8755613920380277e-12,1.8210333470420016e-12,1.7743696441956636e-12,2.708414426048423e-12,2.5777880166921236e-12,4.391504523442985e-12,4.395208677341109e-12,5.2609974797200716e-12,5.254492272331674e-12,5.056188874556798e-12,6.773476722056523e-12,6.491145617731083e-12,6.158862503330594e-12,6.16629060407888e-12,7.213442989143506e-12,7.26397964059605e-12,9.383905077191856e-12,9.33466795100626e-12,1.3013395169476921e-11,1.2678207445571515e-11,1.5943292869135618e-10,1.5871854101490055e-10,1.656493946740254e-10,1.6370108275104027e-10,1.7448386575519869e-10,1.860619130807072e-10,1.8014825035991456e-10,2.544015121989633e-10,2.620128997720468e-10,2.5898630815238e-10,2.7365044153544463e-10,2.902465326250184e-10,3.2137289959491e-10,3.083330897281276e-10,4.2831107680400236e-10,4.3909664284124716e-10,4.3639620751043036e-10,4.56651639539573e-10,4.784747449533738e-10,5.168541850750391e-10,5.018091962326506e-10,5.478681629047843e-10,4.935894795383757e-10,5.033347660206064e-10,5.207961054179046e-10,5.578735904515565e-10,5.4369775385616e-10,5.868456674106878e-10,1.045869612882801e-09,1.0712585769565576e-09,1.1239942991759973e-09,1.1669417156854525e-09,1.2542820543056099e-09,1.3580048943878577e-09,1.421038018025454e-09,1.4673864400773826e-09,1.565700215605373e-09,1.2216878749797983e-09,1.2558857741524989e-09,1.3457697919201756e-09,1.786218966207156e-09,LC_V24_H3p5_T8,1.786218966207156e-09
64,submerged,1.9726903642899837e-11,2.5239810989214453e-13,2.5199483857631766e-13,3.8323193096326007e-13,3.667735283485304e-13,6.664174347560508e-13,6.569692904247996e-13,6.556656944932023e-13,9.838603806086333e-13,9.363947949420112e-13,8.976833361988753e-13,1.6108401137587236e-12,1.4875225412378537e-12,2.7092079711548767e-12,2.7159134076822717e-12,3.4029595699844655e-12,3.4057858792792487e-12,3.255585744876118e-12,4.720907656907371e-12,4.453635591815683e-12,3.484602984184606e-12,3.504426254179211e-12,4.382831747865316e-12,4.395026840516887e-12,6.197939772461395e-12,5.850366399549713e-12,9.185502612708802e-12,8.649013822922246e-12,1.29039159801268e-10,1.2857244913089075e-10,1.3455906349857214e-10,1.3308188345112309e-10,1.4287171017702555e-10,1.5308079993837267e-10,1.475894221121957e-10,1.8528760535255171e-10,1.9226911578010205e-10,1.900436605554997e-10,2.0339963131229285e-10,2.1809635365280415e-10,2.45608939704017e-10,2.3372276702201556e-10,2.7557323016042597e-10,2.8219778770933727e-10,2.8065687682071234e-10,2.9438023375727883e-10,3.1082518514454754e-10,3.405656512070106e-10,3.3010930393015093e-10,3.6679017264581935e-10,3.0578312166324695e-10,3.162556147899874e-10,3.326002685448314e-10,3.674681912488963e-10,3.5343592506749227e-10,3.9404531081370676e-10,7.208859316457807e-10,7.413849986797056e-10,7.885745934639006e-10,8.233354894022655e-10,9.010431226111249e-10,9.171559123913696e-10,9.713727562520323e-10,1.004772107685648e-09,1.0891177346043645e-09,7.546881500244074e-10,7.815158661910361e-10,8.570352174607229e-10,1.0997808599429994e-09,LC_V24_H3p5_T8,1.0997808599429994e-09
65,submerged,2.3378661544111908e-11,5.33552707398744e-13,5.396892135574184e-13,7.076339849091518e-13,6.922786897923829e-13,1.0612655078855712e-12,1.5962517460712314e-12,1.5840053581805499e-12,2.1091812052510524e-12,2.018893749614046e-12,1.958808115681482e-12,2.9658528675526566e-12,2.809242825747802e-12,4.165005473357878e-12,4.141926454307041e-12,5.141715265616195e-12,5.081518151146629e-12,4.828969526832865e-12,6.683369157089807e-12,6.3574950541713275e-12,5.444619495495204e-12,5.4191654211244056e-12,6.574889453606791e-12,6.495095716375839e-12,8.565806315410184e-12,7.849289849664127e-12,1.150292028072054e-11,1.0767558757557369e-11,1.2225459261203236e-10,1.2171871033050098e-10,1.2643412029089383e-10,1.2550306584344436e-10,1.3464010885943293e-10,1.451013625314806e-10,1.3988126652879569e-10,2.1301355173533982e-10,2.2102176162551404e-10,2.1848656448860576e-10,2.3256851304473273e-10,2.4839073120426904e-10,2.7745371299331966e-10,2.670941111779962e-10,3.4644311611396544e-10,3.555656410771139e-10,3.525814079847863e-10,3.69962826626639e-10,3.8963145191079887e-10,4.265258241155315e-10,4.1236322946068375e-10,4.569420237231681e-10,4.2854471144361953e-10,4.384098229199302e-10,4.5788544736470825e-10,4.943986513003282e-10,4.830620525503119e-10,5.260845378306447e-10,8.834273369833012e-10,9.096210436787536e-10,9.639432027615403e-10,1.0056985452040032e-09,1.0936255715073307e-09,1.216602803867873e-09,1.2741652758242173e-09,1.3167907745483983e-09,1.4129282623456302e-09,1.1228647788137227e-09,1.1696584134804807e-09,1.2590214862502518e-09,1.8149748837265922e-09,LC_V24_H3p5_T8,1.8149748837265922e-09
66,submerged,1.9176341988458398e-11,2.9424201166051373e-13,2.941587786006902e-13,4.2524436751577823e-13,4.092110058917141e-13,7.127995235483156e-13,8.166339626856133e-13,8.092347562560251e-13,1.178502118368593e-12,1.1174115466467743e-12,1.0750421216750935e-12,1.8083589332059222e-12,1.6923867547074644e-12,2.636656770576673e-12,2.631074241231187e-12,3.396377750098831e-12,3.379006209529937e-12,3.1797953730332646e-12,4.665644685337455e-12,4.401370434873138e-12,3.287647627773975e-12,3.2758933176124035e-12,4.1595294364478305e-12,4.138368920262473e-12,5.886976836178561e-12,5.3449940505685156e-12,8.556600207695936e-12,7.85549125710643e-12,9.712611181301714e-11,9.676142500877963e-11,1.005960863776558e-10,9.989225684107091e-11,1.0751047789128439e-10,1.166133586610616e-10,1.123173686546675e-10,1.5141827653974305e-10,1.56969229596379e-10,1.5516101530916225e-10,1.6579978232963584e-10,1.7916755274752723e-10,2.0294320096888987e-10,1.9549965791601663e-10,2.1586229145476294e-10,2.234643492795922e-10,2.216332762409775e-10,2.354555329566958e-10,2.50971565425973e-10,2.797383683892689e-10,2.703128559473409e-10,3.058628939246121e-10,2.6046562448461254e-10,2.7238675563790964e-10,2.870881295557887e-10,3.194126399114764e-10,3.0443151299179886e-10,3.414500541597763e-10,5.976344756444682e-10,6.180735773784413e-10,6.639503865188569e-10,6.937716262451036e-10,7.645752119566533e-10,7.809966679723055e-10,8.336875281415062e-10,8.68141861744313e-10,9.498928886707387e-10,6.630528842316447e-10,7.012541081157332e-10,7.699979973920384e-10,9.921699756813595e-10,LC_V24_H3p5_T8,9.921699756813595e-10
67,submerged,2.6426227641227124e-11,5.509940904980506e-13,5.493827553551631e-13,7.391633174918696e-13,7.163216169209804e-13,1.1134087172100941e-12,1.321579206473167e-12,1.3080629619797679e-12,1.7645206171057998e-12,1.6710856363057721e-12,1.6183093148015327e-12,2.4776493731780423e-12,2.3419275696185254e-12,3.702363448265028e-12,3.697251356542524e-12,4.599620731906593e-12,4.591903919825287e-12,4.354786435476454e-12,6.095309129461512e-12,5.778211414341774e-12,4.364827225244731e-12,4.342528916656133e-12,5.364645412725435e-12,5.3359387143563044e-12,7.222544533148801e-12,6.570770644004418e-12,9.931597343616285e-12,9.22169686260417e-12,1.269422339497241e-10,1.265186242506666e-10,1.3061624126329439e-10,1.299037097587596e-10,1.3859595196016712e-10,1.4888534758433398e-10,1.4325854943670123e-10,2.0892690859628826e-10,2.1443270207417427e-10,2.1302826764808686e-10,2.2431341781456595e-10,2.391584177982393e-10,2.6499927305689566e-10,2.570104559125677e-10,3.058853238366648e-10,3.1471151880328135e-10,3.122949307974443e-10,3.2909641064396095e-10,3.4730197625649546e-10,3.810140671800995e-10,3.693550266718019e-10,4.1006496863389746e-10,3.6472175758189293e-10,3.7832395366884604e-10,3.9458741278054614e-10,4.3168444790552645e-10,4.1152133747014757e-10,4.5406535284574986e-10,8.137953790639094e-10,8.343635769637737e-10,8.890381242046265e-10,9.178727558510992e-10,9.98419147216159e-10,1.0614892898148174e-09,1.1198514816376102e-09,1.1501471394484578e-09,1.2397825643112172e-09,8.785422096105044e-10,9.138030482118387e-10,9.878020073067708e-10,1.3022506127087172e-09,LC_V24_H3p5_T8,1.3022506127087172e-09
68,submerged,1.7932801144682595e-11,2.8832237043571597e-13,2.9193497523403915e-13,4.1286060862040526e-13,3.9887583021509656e-13,6.90398193076109e-13,9.187331163516902e-13,9.111317855008907e-13,1.2934690364719241e-12,1.239142381275647e-12,1.1952316496751966e-12,1.986236957134922e-12,1.8621775322887935e-12,2.8202569114873166e-12,2.8101242344255936e-12,3.603905326242749e-12,3.5795488837532864e-12,3.3952238098339508e-12,4.98370838323095e-12,4.703498325341724e-12,3.795466948418113e-12,3.7687167113850904e-12,4.703908130441322e-12,4.660488871808839e-12,6.411453185491121e-12,5.831570245969404e-12,9.098856940717633e-12,8.410407895596295e-12,9.37410881723749e-11,9.343683647559629e-11,9.74325293584922e-11,9.693005691844156e-11,1.0499592514211194e-10,1.1522363282807214e-10,1.1051933963742982e-10,1.5463590596215338e-10,1.6154372194580368e-10,1.5993970878088694e-10,1.7220846177766863e-10,1.8654255271769577e-10,2.11792481766447e-10,2.025184490857713e-10,2.433150316138844e-10,2.5088822957429126e-10,2.4913964662977793e-10,2.634635069864424e-10,2.8020622425339944e-10,3.110383883145463e-10,2.986078349620852e-10,3.353988573136614e-10,3.0399662849619693e-10,3.1556925464022e-10,3.323821773772006e-10,3.6673498060903684e-10,3.528018706312326e-10,3.9173014274575853e-10,6.432359506862017e-10,6.667972330078194e-10,7.148116202869739e-10,7.480165777194785e-10,8.23750001076342e-10,8.690096680563907e-10,9.199385002128968e-10,9.554659891978182e-10,1.0382636620436534e-09,8.040550149721827e-10,8.445258431552628e-10,9.223673402126245e-10,1.2683068666016685e-09,LC_V24_H3p5_T8,1.2683068666016685e-09
69,splash,9.750276116511061e-09,5.458467601343738e-10,5.394712618010801e-10,5.63922991607948e-10,5.479622947184395e-10,7.7283212912275e-10,9.86258063044184e-10,9.791444494858545e-10,1.0660200206719756e-09,9.903280377412026e-10,9.77316414607718e-10,1.4979879755422083e-09,1.2713780806768318e-09,1.4814405804966263e-09,1.4672882728269968e-09,1.822583473955322e-09,1.7435011999143155e-09,1.523202632458459e-09,2.4977469105023125e-09,2.194353731727832e-09,2.5814382092727745e-09,2.5516970354379544e-09,3.0048251139256836e-09,2.8794002216601932e-09,4.156700214243974e-09,3.3969140543827065e-09,5.393580788740523e-09,4.692706685238677e-09,8.170660432088751e-09,8.13354967988226e-09,9.2201615734455e-09,9.047870880645649e-09,1.0835620747297784e-08,1.250541027132195e-08,1.145685241021775e-08,1.1534376733119882e-08,1.1652964139675303e-08,1.1544654861833123e-08,1.2724415359812817e-08,1.4389994575530775e-08,1.768579047085594e-08,1.5914689804492078e-08,1.5594881159976638e-08,1.5775184319101375e-08,1.5621167661450257e-08,1.5920085971588712e-08,1.6623615888240945e-08,2.0097378332622946e-08,1.8195500690857567e-08,2.191493860305889e-08,1.8952064531627974e-08,1.8887661373954393e-08,1.961900704899702e-08,2.2990907782302776e-08,2.093350232011922e-08,2.4604592430485656e-08,3.000381542281481e-08,2.997361223102051e-08,3.342912851714932e-08,3.5290902851032964e-08,4.06866011764861e-08,3.907009406439944e-08,4.084577101186707e-08,4.25371603740597e-08,4.802209243483973e-08,3.968137003188088e-08,4.164249243207643e-08,4.713738458898022e-08,5.76702255833524e-08,LC_V24_H3p5_T8,5.76702255833524e-08
70,splash,6.7668267840689056e-09,1.3388147144033867e-09,1.3380100284802448e-09,1.3433872524671034e-09,1.3362828797427618e-09,1.3664007581416734e-09,2.3768746140862627e-09,2.365869777401116e-09,2.4412318293899166e-09,2.376451097060374e-09,2.3637559631143113e-09,2.411289052166839e-09,2.381268292985886e-09,2.494612533815382e-09,2.482830079380394e-09,2.5716414652338727e-09,2.5185295359554686e-09,2.4682122911964007e-09,2.5488950871788348e-09,2.4993880375655445e-09,3.800901557863013e-09,3.78965396999237e-09,3.942062552825491e-09,3.893686570531359e-09,4.19271559571193e-09,3.924306001223665e-09,4.755486650614024e-09,4.210255079471745e-09,1.0004895297388765e-08,9.98366499106404e-09,1.0184418750531497e-08,1.0108712209481304e-08,1.0533790719316143e-08,1.0994516235088513e-08,1.0505461665552333e-08,1.6054470933403557e-08,1.6185701505644508e-08,1.6089125662736213e-08,1.6360868304507548e-08,1.648966019450204e-08,1.710053544776198e-08,1.6609458945599548e-08,2.1405737650804582e-08,2.155283570520078e-08,2.149589520012505e-08,2.176223289167448e-08,2.1954154114937433e-08,2.254165428310199e-08,2.2084796489576805e-08,2.2711511763986037e-08,2.333428983121007e-08,2.3342782110806123e-08,2.3338349114886813e-08,2.3619112546020467e-08,2.3159754172884038e-08,2.3654156681119907e-08,3.6181004212538996e-08,3.6144132389797473e-08,3.667194532840239e-08,3.6695243087580394e-08,3.7937353919083364e-08,4.564327912946193e-08,4.602331168103593e-08,4.582088299010887e-08,4.69176247781294e-08,4.434574920952962e-08,4.4197230491515394e-08,4.517212417857418e-08,5.914015589936134e-08,LC_V24_H3p5_T8,5.914015589936134e-08
71,splash,9.76939622221485e-09,4.451735622736576e-10,4.443083031921197e-10,4.818695734302644e-10,4.481874992696284e-10,7.360408914062482e-10,1.0647256393611882e-09,1.0597750624032903e-09,1.1081303347673818e-09,1.0641727349795142e-09,1.0559712513395278e-09,1.4703708231317987e-09,1.2333230725755096e-09,1.6848273020128376e-09,1.6751327641618162e-09,1.8070840919100779e-09,1.7289126230947845e-09,1.6596840140999839e-09,2.434845129687647e-09,2.133429629124007e-09,2.73628056309598e-09,2.7187039184393784e-09,3.171692572780601e-09,3.0669477641362658e-09,4.388588095660503e-09,3.6329353892138277e-09,5.696978837254972e-09,4.977340332328207e-09,8.383869877078396e-09,8.33571880475354e-09,9.568397973641539e-09,9.363795397729869e-09,1.1222013579663489e-08,1.290366869209916e-08,1.1838005004587232e-08,1.2236807165085959e-08,1.2716176752346035e-08,1.2508486875056622e-08,1.4407342690912772e-08,1.6247753162880583e-08,1.9739765776883142e-08,1.790737237544877e-08,1.7289860948279983e-08,1.725445069383175e-08,1.717167671112436e-08,1.8472737608973224e-08,2.016002499745746e-08,2.3800586296954405e-08,2.181372064166887e-08,2.564773094652268e-08,2.12890831204254e-08,2.1912016053423413e-08,2.3742134004332813e-08,2.744175667268457e-08,2.5405543346144913e-08,2.9355768285974672e-08,3.438099525266684e-08,3.62929753590945e-08,4.056387320467699e-08,4.254579401194367e-08,4.8283682090558564e-08,4.486206693044017e-08,4.9324369917799275e-08,5.1172751896786e-08,5.711019479740581e-08,4.934482179373841e-08,5.130221106399143e-08,5.72917992808457e-08,6.943678202375331e-08,LC_V24_H3p5_T8,6.943678202375331e-08
72,splash,6.6979983343839344e-09,1.3032310086880765e-09,1.299568734627255e-09,1.312925758538425e-09,1.302761318133194e-09,1.339420742104135e-09,2.1211703877074713e-09,2.109454560587632e-09,2.1958307550755865e-09,2.1214244107875176e-09,2.108715751724105e-09,2.179843191301151e-09,2.1408865733554253e-09,2.3634452783910558e-09,2.350327809225166e-09,2.4751672904895664e-09,2.4234010952405505e-09,2.3539730896597924e-09,2.508291975374881e-09,2.433569342830936e-09,3.6787227674144018e-09,3.6694670171600434e-09,3.855371833582698e-09,3.788077621701858e-09,4.197786659388972e-09,3.869883864624334e-09,4.682774782784292e-09,4.287467660132204e-09,9.63391944129233e-09,9.603938708813058e-09,9.978707501576698e-09,9.830935380767774e-09,1.0555292193977198e-08,1.1175258973558322e-08,1.057702191193872e-08,1.5799843488149642e-08,1.5976122753633496e-08,1.5895554596926166e-08,1.6157356644413165e-08,1.6395239586524807e-08,1.735051221667494e-08,1.670778344667093e-08,2.207529824963341e-08,2.2307562289311865e-08,2.2228280028451207e-08,2.2539564812424728e-08,2.2732595073541448e-08,2.349675052449246e-08,2.290129527323237e-08,2.3758806172158317e-08,2.3823018061391555e-08,2.3799962169741904e-08,2.3934224648709907e-08,2.523109597841952e-08,2.4362666536017623e-08,2.5633874540804808e-08,3.756714404857846e-08,3.758425867286278e-08,3.89190012307369e-08,3.9190605486854725e-08,4.152297925874766e-08,4.685132248173922e-08,4.790623371282995e-08,4.8125088238834926e-08,5.038838991365287e-08,4.876749119322689e-08,4.897012521666615e-08,5.1263307024798315e-08,6.552205856805555e-08,LC_V24_H3p5_T8,6.552205856805555e-08
73,splash,9.302369444139836e-09,5.513563582461361e-10,5.503860062053702e-10,5.594803248531352e-10,5.520257642184231e-10,7.740609169319159e-10,1.1042564620885006e-09,1.0992801185186327e-09,1.1335900921940986e-09,1.0997405834663124e-09,1.094274890208922e-09,1.4200764701715336e-09,1.2170444943040704e-09,1.6484006772295088e-09,1.641482581950093e-09,1.7975981379916244e-09,1.6937978603108554e-09,1.6258673078205285e-09,2.3742741810709432e-09,2.0575700966848462e-09,2.6226632834603164e-09,2.6120548208512084e-09,2.9338894351404893e-09,2.8089082425679896e-09,4.042294098284443e-09,3.2949321819740737e-09,5.231005431735628e-09,4.515972124908767e-09,7.95512411667179e-09,7.912473460089581e-09,8.594047446187955e-09,8.383048286819014e-09,1.0095293963279838e-08,1.1603209742803532e-08,1.055474203526559e-08,1.245518524691435e-08,1.252388732220587e-08,1.24435203123454e-08,1.3588772533039437e-08,1.5208474025502668e-08,1.8421133813270038e-08,1.6603303931591248e-08,1.7420851014199965e-08,1.747674969188932e-08,1.7366964638961386e-08,1.751218922107307e-08,1.8671637209936243e-08,2.1998773879559996e-08,2.0012227863237492e-08,2.3516055843114955e-08,2.15736199323519e-08,2.1401553660653537e-08,2.296751111262324e-08,2.6593719745377687e-08,2.449369042283314e-08,2.8256822596116287e-08,3.4149542105584686e-08,3.4763840284781227e-08,3.861812576802435e-08,4.020363879851971e-08,4.5498646306934666e-08,4.4972994088024074e-08,4.735420256133887e-08,4.89672421658209e-08,5.4252146997480506e-08,5.010412088352174e-08,5.169340212248084e-08,5.727418657489625e-08,6.970412006337588e-08,LC_V24_H3p5_T8,6.970412006337588e-08
74,splash,6.5791514754062255e-09,1.357091124468472e-09,1.3550386289065466e-09,1.362714681503384e-09,1.3552418034523416e-09,1.3867643366783261e-09,2.3271925226812524e-09,2.3135022127742054e-09,2.408575048861142e-09,2.3271279794851976e-09,2.3120627523740365e-09,2.3832290230157872e-09,2.334835156941632e-09,2.4194622532697074e-09,2.4017689978065455e-09,2.577822375588492e-09,2.4912497078926616e-09,2.400239061306697e-09,2.5846717946178547e-09,2.4922769638729664e-09,3.73986053248953e-09,3.7238506523757363e-09,3.921235896699805e-09,3.847464441999643e-09,4.152734622134201e-09,3.8745716579252264e-09,4.6026211783859335e-09,4.144820646617356e-09,9.485218743650588e-09,9.449676371756143e-09,9.751199438521053e-09,9.61322923444493e-09,1.0151251242693566e-08,1.0569167833459101e-08,1.0073285053276126e-08,1.6497497548938096e-08,1.6805743973692698e-08,1.6616958078640153e-08,1.6968533509146583e-08,1.7063848677080836e-08,1.771365607708624e-08,1.713801830548756e-08,2.2743259847881946e-08,2.292809311167106e-08,2.2782632600765223e-08,2.3100874053902516e-08,2.320171489805795e-08,2.3760343317736864e-08,2.3226897305724443e-08,2.3818892461475423e-08,2.553493821404907e-08,2.5591505142658152e-08,2.5605518984008438e-08,2.6337128799694748e-08,2.5761861316871004e-08,2.6504111677711884e-08,3.973967763564572e-08,3.9789518025699866e-08,4.055242439106799e-08,4.0568535724714565e-08,4.2251677690198616e-08,5.0219837024574166e-08,5.080289198973214e-08,5.0669788954620275e-08,5.215146534056463e-08,5.263550783084192e-08,5.2659860343471236e-08,5.455052108634061e-08,7.066344480325758e-08,LC_V24_H3p5_T8,7.066344480325758e-08
75,splash,9.361301319046436e-09,5.052857087684515e-10,4.981421215440029e-10,5.234071774143998e-10,5.091116674003631e-10,7.604260024246624e-10,8.306055731173611e-10,8.25340621542635e-10,9.590940433620717e-10,8.472993787777424e-10,8.259136834200809e-10,1.395429175469781e-09,1.1570693183303848e-09,1.430823822161769e-09,1.420153838661397e-09,1.8754720168996963e-09,1.771785428181996e-09,1.5301083339211591e-09,2.4833488323553088e-09,2.178394093378679e-09,2.230157194271691e-09,2.2003651088034202e-09,2.970174489643461e-09,2.869843693885665e-09,4.120873144678355e-09,3.3831797430001377e-09,5.332565338681558e-09,4.635263737419253e-09,9.298013963102425e-09,9.242321870286668e-09,1.0509872623239688e-08,1.0289471174734767e-08,1.2156351581928335e-08,1.3831379785990257e-08,1.2751902643508012e-08,1.1710262373004222e-08,1.2686922366303833e-08,1.2449034950330599e-08,1.436696912076344e-08,1.613404234867533e-08,1.9458574015513616e-08,1.7617426748394086e-08,1.6152620977216982e-08,1.6144470208506302e-08,1.6058016369530318e-08,1.7301177364041222e-08,1.9048722699943e-08,2.2612798263318718e-08,2.0586594260051536e-08,2.4267507205753777e-08,1.8961662855346787e-08,2.0369741347432325e-08,2.2117986305038143e-08,2.54836284144685e-08,2.335134145055741e-08,2.6940661001413265e-08,3.3012884536786645e-08,3.4835242167762616e-08,3.8778605524548435e-08,4.0309609314638845e-08,4.542176125450489e-08,4.323373121665397e-08,4.738107570969984e-08,4.879511830733397e-08,5.417820094102682e-08,4.530611501660834e-08,4.685054118665107e-08,5.2133146049865506e-08,6.460319855749067e-08,LC_V24_H3p5_T8,6.460319855749067e-08
76,splash,6.678691565898157e-09,1.2943254251304782e-09,1.2949318554334386e-09,1.2983019132884048e-09,1.2929306922861586e-09,1.3225077156981145e-09,2.19360761176408e-09,2.183020455433307e-09,2.263379001669179e-09,2.1933630802443248e-09,2.1809146730022748e-09,2.2274765850193393e-09,2.198116658357787e-09,2.3934778363444765e-09,2.3781839932530924e-09,2.5064638158115347e-09,2.4351508847277582e-09,2.3669969847084994e-09,2.512208634326706e-09,2.4280676583785885e-09,3.4197349600997227e-09,3.404674041938209e-09,3.62483862374568e-09,3.5436571350748717e-09,3.943141295950315e-09,3.5971361709128235e-09,4.473011140153278e-09,3.963533854660273e-09,1.015457537206572e-08,1.0107239379975193e-08,1.0603337709683316e-08,1.038809356266357e-08,1.1159376746664923e-08,1.168231939915833e-08,1.1090988097633307e-08,1.5806050770703323e-08,1.6069769157056164e-08,1.5921451126959028e-08,1.6267462680921502e-08,1.6416774735032856e-08,1.725542617970307e-08,1.6558398990051416e-08,2.162839761293421e-08,2.1987612074612343e-08,2.181749583520496e-08,2.224570058026488e-08,2.2381840178562457e-08,2.3147396700756928e-08,2.245471981050552e-08,2.325706970643883e-08,2.3504754816671603e-08,2.3286897561344446e-08,2.321467993911925e-08,2.3845668869702107e-08,2.3043833730769024e-08,2.4014467924985617e-08,3.689484625011951e-08,3.6775903917713555e-08,3.7473743470039873e-08,3.737030872122469e-08,3.913490747835459e-08,4.666030462268734e-08,4.661512205719358e-08,4.6271340967967706e-08,4.813868787992658e-08,4.72424754048214e-08,4.6986542065146305e-08,4.8716847050691606e-08,6.542803693891796e-08,LC_V24_H3p5_T8,6.542803693891796e-08
77,splash,5.092016810060025e-09,8.326728292111744e-10,8.124234919110073e-10,8.85876723256065e-10,8.500714329700979e-10,9.619240376650324e-10,1.6072418754884422e-09,1.581872633684606e-09,1.865901317377659e-09,1.6815753387226886e-09,1.6326315768938063e-09,1.8939323982181022e-09,1.7800299205260215e-09,3.3307373338655547e-09,3.2997446727054294e-09,3.6270269621710436e-09,3.4907958722404576e-09,3.3315278012702943e-09,3.6448216812873547e-09,3.4928880275579234e-09,3.665327273968065e-09,3.6379706208974755e-09,3.998237472579092e-09,3.871621647198198e-09,4.316148182299733e-09,3.989993400371736e-09,4.627432179353427e-09,4.377413471162427e-09,3.3604973271787723e-08,3.347534127797967e-08,3.4062136800168826e-08,3.365084678570507e-08,3.421732748268803e-08,3.4222504449060336e-08,3.356019343031532e-08,4.221667949432725e-08,4.266792191450609e-08,4.2188291479394824e-08,4.27667854038402e-08,4.280874366748895e-08,4.382973105618924e-08,4.2748426186096854e-08,5.3159363920552965e-08,5.3438033634348505e-08,5.300623390587134e-08,5.342614440624639e-08,5.3333282752151045e-08,5.421220754827409e-08,5.315915312706855e-08,5.3994314701996496e-08,5.825519310252514e-08,5.814420970863627e-08,5.790201794740762e-08,5.893848308659421e-08,5.7673423988235975e-08,5.8591867773920306e-08,9.50441359215745e-08,9.436126591050849e-08,9.516816718925766e-08,9.43426435793434e-08,9.556238707751914e-08,1.0787701195761893e-07,1.0862387553688288e-07,1.0733094872644566e-07,1.0845720017470104e-07,9.6803313211579e-08,9.5918785578651e-08,9.728312479690186e-08,1.1500567266642065e-07,LC_V24_H3p5_T8,1.1500567266642065e-07
78,splash,4.00848065553783e-09,6.85538345508475e-10,6.83166666789246e-10,7.138609734020696e-10,7.011492479890626e-10,7.516095267600786e-10,1.8073255994925932e-09,1.7951369501556691e-09,1.9393838153548953e-09,1.8504927982108573e-09,1.823445753155612e-09,1.9745308650884478e-09,1.909792477655628e-09,3.5696233286868016e-09,3.5521722987840106e-09,3.7297926542919054e-09,3.6644828777188813e-09,3.5649764338348174e-09,3.753641958925059e-09,3.6604230110932354e-09,4.084847707098017e-09,4.069840213154326e-09,4.265510339883308e-09,4.202952974377412e-09,4.445633638487065e-09,4.243618141609835e-09,4.59539685327497e-09,4.4406715805085686e-09,2.990056583936463e-08,2.982340009781128e-08,3.000836395797397e-08,2.9783934044941754e-08,2.9944434156647546e-08,2.973476248742042e-08,2.9323545022712685e-08,4.001001215958343e-08,4.005995257360402e-08,3.9784793012532056e-08,3.989478386317092e-08,3.967726722628242e-08,3.9993397388781264e-08,3.9353251355791034e-08,5.3440353675387376e-08,5.347231332294224e-08,5.320027869602599e-08,5.3295202757285836e-08,5.294740827457942e-08,5.323647125959072e-08,5.247719138309686e-08,5.268360795105281e-08,5.8897370328950135e-08,5.8464330515722124e-08,5.790882702108656e-08,5.814863666939886e-08,5.7403443941338386e-08,5.743886001837867e-08,9.412239993336287e-08,9.309618048143766e-08,9.295995501175572e-08,9.183499501802593e-08,9.185092908073202e-08,1.0844394067333898e-07,1.0834340898184924e-07,1.0691545536189324e-07,1.0691685804215492e-07,9.76989994199006e-08,9.664391327583464e-08,9.682430679672025e-08,1.2051168990520105e-07,LC_V24_H3p5_T8,1.2051168990520105e-07
79,splash,4.33834371270689e-09,7.505915947024905e-10,7.373687571033422e-10,7.99023609114961e-10,7.705525585507472e-10,8.670759426285277e-10,1.9528379357095345e-09,1.9251858248677735e-09,2.2304867881543377e-09,2.028198276458591e-09,1.9759286132324147e-09,2.2549578809320083e-09,2.1318645504168046e-09,3.690179581730328e-09,3.6581409515031173e-09,4.0019039950428464e-09,3.856262004692423e-09,3.6906089843837247e-09,4.01026440265786e-09,3.852294693488453e-09,4.279951362480613e-09,4.248151398740401e-09,4.590141888597247e-09,4.444827179559078e-09,4.866645333527762e-09,4.471798849287858e-09,5.0836490816687024e-09,4.7891782095271524e-09,3.2950440360052876e-08,3.282795423213436e-08,3.345214558211371e-08,3.3060092003338014e-08,3.36701407695445e-08,3.3731512624096923e-08,3.306875417593123e-08,4.294279859014984e-08,4.341953794386757e-08,4.2938738405532205e-08,4.356370236185105e-08,4.3619650776349143e-08,4.467990887817786e-08,4.355362334582416e-08,5.592841999301782e-08,5.623613607294469e-08,5.5807835229999915e-08,5.625170439351075e-08,5.6131579663355696e-08,5.702271149462687e-08,5.589064714658692e-08,5.671136118494014e-08,6.169955353247083e-08,6.154906653770598e-08,6.12719791171767e-08,6.17960809425675e-08,6.058722523375327e-08,6.133219337234976e-08,9.918122061588481e-08,9.859266614598927e-08,9.935336606518536e-08,9.86213153907586e-08,9.973505102778326e-08,1.1293622686879463e-07,1.1364385951900299e-07,1.1250205970608697e-07,1.134845025176204e-07,1.0398033728294025e-07,1.0309414840247046e-07,1.0426513368750969e-07,1.226706175504335e-07,LC_V24_H3p5_T8,1.226706175504335e-07
80,splash,4.709960196826077e-09,7.961419481614838e-10,7.873399672592407e-10,8.278975775680815e-10,8.083989310910389e-10,8.687748597017641e-10,1.3467131954916324e-09,1.3376665087715338e-09,1.4515748785382439e-09,1.3874234701289385e-09,1.3640777545949972e-09,1.4929522669773978e-09,1.43963289006693e-09,2.990225394474789e-09,2.980574252950225e-09,3.0935844967847214e-09,3.0539126165803364e-09,2.9863282769712746e-09,3.1285402967221646e-09,3.0589092101163195e-09,3.6276479556170412e-09,3.6204862877806033e-09,3.6492522156610844e-09,3.6273730925428545e-09,3.6619661064653333e-09,3.6040919220487804e-09,3.782097229309012e-09,3.6575568139576303e-09,2.9023207974777958e-08,2.8963067864802634e-08,2.9009553003935715e-08,2.884194465889038e-08,2.889432774768827e-08,2.8672854063430146e-08,2.833453058320452e-08,3.867600031270351e-08,3.8681440643737776e-08,3.844217188694655e-08,3.8500370594542523e-08,3.828937738929114e-08,3.852982869459298e-08,3.7954883256690764e-08,5.17881684875934e-08,5.1685946231165475e-08,5.1448291428860526e-08,5.138976541778426e-08,5.100257761216063e-08,5.1118720543776365e-08,5.0533336640518845e-08,5.059907564235216e-08,5.545703432278293e-08,5.499244511180527e-08,5.444931490623676e-08,5.427185138412556e-08,5.359556528183135e-08,5.3604853066804276e-08,8.771392776375116e-08,8.673275449022829e-08,8.658150552145012e-08,8.54660486618969e-08,8.54378495371643e-08,1.0117209098131776e-07,1.0103250171421083e-07,9.95544056957185e-08,9.942376823911267e-08,9.006265418830464e-08,8.891431266601325e-08,8.89801471152025e-08,1.084055623690551e-07,LC_V24_H3p5_T8,1.084055623690551e-07
81,splash,4.31467472692981e-09,8.81965453978797e-10,8.690751610325944e-10,9.290490650284233e-10,9.0104592428418e-10,9.96286470282198e-10,2.035662297864908e-09,2.004493850810814e-09,2.312213928132502e-09,2.1077228235373725e-09,2.0546005234102425e-09,2.3299404262732056e-09,2.206584016265652e-09,3.5196228860916197e-09,3.47983121827211e-09,3.840765865566825e-09,3.6888075791245168e-09,3.5119710300213554e-09,3.844179144950924e-09,3.682093500912231e-09,4.1101587819340415e-09,4.072923316275995e-09,4.414007247921988e-09,4.26803379029559e-09,4.6654599524016545e-09,4.261773096231738e-09,4.84909513833175e-09,4.547264077396595e-09,2.6877037398770282e-08,2.6784666381712004e-08,2.7265577583500872e-08,2.6952989628355728e-08,2.749219408034402e-08,2.760665146220271e-08,2.7014923322038078e-08,3.636890129244811e-08,3.6842732435138634e-08,3.641553894091717e-08,3.702663740433152e-08,3.7147028372019184e-08,3.8201102836496815e-08,3.7164924188618115e-08,4.726965708116478e-08,4.755412700820525e-08,4.716143464174939e-08,4.759801215243186e-08,4.7397686764167725e-08,4.8175114193185117e-08,4.702211515261752e-08,4.771487033879489e-08,5.354518591303383e-08,5.336372160610546e-08,5.3147416011323255e-08,5.373652468774678e-08,5.263644958156873e-08,5.342319963747086e-08,8.48477931103343e-08,8.425670390872747e-08,8.507341686918525e-08,8.43655758533175e-08,8.55990022177554e-08,9.96990996075447e-08,1.0017041181952903e-07,9.875230624867512e-08,9.968560325153862e-08,9.356159433898917e-08,9.283849710309283e-08,9.400392242537449e-08,1.1638771982136942e-07,LC_V24_H3p5_T8,1.1638771982136942e-07
82,splash,4.70665548307397e-09,8.475385930287168e-10,8.378898480732742e-10,8.802179564747823e-10,8.599024127719143e-10,9.245460302794482e-10,1.5537621166686814e-09,1.5373473661596748e-09,1.7007229961335819e-09,1.5944861937806827e-09,1.5643667135873866e-09,1.7237707526453825e-09,1.6540822361427534e-09,2.9439541099530363e-09,2.9213250637098502e-09,3.132144489940803e-09,3.0508764588942573e-09,2.9393773825341213e-09,3.147940687425441e-09,3.0461548505027308e-09,3.5269731299302393e-09,3.5220984747717048e-09,3.6604174523924488e-09,3.5929838567139274e-09,3.8203099534861105e-09,3.612698249078722e-09,3.944556976854732e-09,3.785144320767553e-09,2.443658958261334e-08,2.4370522928175703e-08,2.4531546526558867e-08,2.4337462356041644e-08,2.4494145523513865e-08,2.4316854053931946e-08,2.3929923964807907e-08,3.3941411318357275e-08,3.40224647571207e-08,3.377378016950803e-08,3.390590313930751e-08,3.371558910988736e-08,3.402836478378376e-08,3.342326653195672e-08,4.4870498632338514e-08,4.501705010759811e-08,4.469760708162436e-08,4.49144237788922e-08,4.4632931247880296e-08,4.5022811619952746e-08,4.4242020498900665e-08,4.4553939589726414e-08,5.0209565799181285e-08,4.991169855206703e-08,4.943175878571274e-08,4.949046793345427e-08,4.864208418758506e-08,4.880658259031163e-08,7.845198743517169e-08,7.761276717098916e-08,7.778556596743195e-08,7.668221671721337e-08,7.691772120588592e-08,9.381426329836108e-08,9.398730215298064e-08,9.250146085446154e-08,9.27029496627445e-08,8.366300041334674e-08,8.268080735774246e-08,8.290048392944797e-08,1.0238768279483986e-07,LC_V24_H3p5_T8,1.0238768279483986e-07
83,splash,5.103222666986254e-09,9.059419415219355e-10,8.862318673224308e-10,9.606229067074149e-10,9.247122649049109e-10,1.0399160261039156e-09,1.8321963024241514e-09,1.7975328769408407e-09,2.1288129084535996e-09,1.903453104680499e-09,1.8476806036229288e-09,2.1368104245655663e-09,2.0076091252868737e-09,3.276289034536942e-09,3.2325326973705697e-09,3.644442138338741e-09,3.472539795641707e-09,3.276481550374284e-09,3.6442747915284324e-09,3.4693537451688406e-09,3.827385470518886e-09,3.790866812104478e-09,4.1365837719852205e-09,3.987650806236396e-09,4.36318186686194e-09,3.981423438061825e-09,4.538379087406638e-09,4.26226907817623e-09,2.7519741743872154e-08,2.7421268438965707e-08,2.785236799325669e-08,2.7522343611368436e-08,2.7971531394923305e-08,2.796976431357196e-08,2.7385011459917797e-08,3.545318430392018e-08,3.589082006726658e-08,3.546264299740115e-08,3.5987367805923465e-08,3.602611808781319e-08,3.69432152966114e-08,3.59487689500308e-08,4.488326389402091e-08,4.531920869577174e-08,4.4845514529585904e-08,4.539413213003634e-08,4.524093750821947e-08,4.6172786259027384e-08,4.493085841514092e-08,4.5703477447310885e-08,5.026256056882068e-08,5.0142381025065113e-08,4.981037478624247e-08,5.08474558347421e-08,4.9569790896031916e-08,5.042240461555753e-08,8.038706988184463e-08,7.971506255317753e-08,8.052242397738846e-08,7.963164899339134e-08,8.075077133436146e-08,9.357832364217848e-08,9.426156449927687e-08,9.289902810440761e-08,9.396212755680063e-08,8.498630753759457e-08,8.431116910997887e-08,8.541950811006949e-08,1.01771293388468e-07,LC_V24_H3p5_T8,1.01771293388468e-07
84,splash,3.937549957533912e-09,8.150989225305892e-10,8.133361220073305e-10,8.420374297814081e-10,8.305949761043597e-10,8.761117479898821e-10,1.849049858959812e-09,1.8398854512121334e-09,1.956052797003837e-09,1.888552454816817e-09,1.864768579282583e-09,1.992683925404406e-09,1.938931802367464e-09,3.3465175100797985e-09,3.3337111421853204e-09,3.4670481591991796e-09,3.42198256361687e-09,3.3394823271248178e-09,3.499296493848288e-09,3.419283791085829e-09,3.874934009431003e-09,3.858929058389238e-09,4.026009174195809e-09,3.972860912349109e-09,4.176702804635327e-09,3.987331419887702e-09,4.292722859547351e-09,4.147908417636353e-09,2.4974823983564722e-08,2.4928999948861287e-08,2.4978420053341753e-08,2.484823698889333e-08,2.492964292843914e-08,2.477061852746939e-08,2.444804191567701e-08,3.4853854231470224e-08,3.490593365984018e-08,3.4688804724434726e-08,3.481410647010845e-08,3.46410057264026e-08,3.4936466763334914e-08,3.4338797487495465e-08,4.587900681677532e-08,4.5789227219385607e-08,4.559589248286758e-08,4.560419739740107e-08,4.5278573868079053e-08,4.547294696332259e-08,4.485216295244595e-08,4.498183417085163e-08,5.18570478933073e-08,5.13707446257441e-08,5.082571775228422e-08,5.091780830537681e-08,5.038802647718348e-08,5.031301952319121e-08,8.141748679503272e-08,8.060133180131124e-08,8.05349894288352e-08,7.951290925622432e-08,7.956289691990513e-08,9.713339323933737e-08,9.683851457435235e-08,9.552796073009127e-08,9.540116569608916e-08,8.927348478326247e-08,8.826746811922486e-08,8.834319987248228e-08,1.1286893653695397e-07,LC_V24_H3p5_T8,1.1286893653695397e-07
85,splash,6.12438724582762e-09,2.1247342045443595e-09,2.1171998517492385e-09,2.1224610755883426e-09,2.114500539385441e-09,2.127308600816339e-09,3.0706632287608213e-09,3.051334236786428e-09,3.1828357000577244e-09,3.0707784253250525e-09,3.0505121156677577e-09,3.1241256366722587e-09,3.0800038738732155e-09,2.8937497464437597e-09,2.8718080236347446e-09,2.999829466423522e-09,2.9243227511094425e-09,2.8586674319525614e-09,2.928568542408616e-09,2.880332257076677e-09,4.260009389241608e-09,4.250659226489039e-09,4.3144551766335e-09,4.268021450354669e-09,4.3173752783118426e-09,4.2402262727480355e-09,4.302267503154772e-09,4.254429048849045e-09,1.0515241331247376e-08,1.0486380783311214e-08,1.0568881214484055e-08,1.0483973332903302e-08,1.051520639519018e-08,1.043833466575759e-08,1.0351365323652811e-08,2.038727440650716e-08,2.0414502218910273e-08,2.0318959886988125e-08,2.033414296101047e-08,2.0223507566409444e-08,2.0247531651153468e-08,2.0095200323466867e-08,2.989389858127639e-08,2.99989305042802e-08,2.9854222636077084e-08,2.993103736900053e-08,2.9800680855255252e-08,2.9850601679608166e-08,2.964952254890164e-08,2.965617214131109e-08,3.138474352339132e-08,3.114950229509102e-08,3.0873804128201255e-08,3.0820790394884306e-08,3.061012199625154e-08,3.0500366087099365e-08,4.630524979749488e-08,4.593423682138011e-08,4.588390266874912e-08,4.5479609891720273e-08,4.54206957122241e-08,5.841510714768004e-08,5.832462762237886e-08,5.7676532550300746e-08,5.748799759113432e-08,5.6056315246246944e-08,5.546569512898399e-08,5.535780030374508e-08,7.574792272889221e-08,LC_V24_H3p5_T8,7.574792272889221e-08
86,atmospheric,3.2663831553616684e-13,3.1853794836245006e-14,3.201888227432123e-14,3.168036599846532e-14,3.182725150074203e-14,3.156418321280888e-14,7.972144421755859e-14,7.9084784819904e-14,8.259776675636744e-14,7.936134685139783e-14,7.8717301601277e-14,8.05572949666584e-14,7.928405076469295e-14,1.920433981996715e-13,1.9047369910112893e-13,1.9662702432275563e-13,1.9240062543951164e-13,1.8802144382432798e-13,1.909797864188224e-13,1.8789631850714864e-13,7.687678486933011e-13,7.677267966088178e-13,7.722818910979932e-13,7.679283023931459e-13,7.712220540144098e-13,7.623154827811033e-13,7.673841820104404e-13,7.617820028402235e-13,4.187220357136385e-12,4.18173150013089e-12,4.171016462568476e-12,4.152326832931509e-12,4.1311168200300295e-12,4.084752651178077e-12,4.066469719611456e-12,7.855775645408725e-12,7.815149763353796e-12,7.790813893363518e-12,7.7458057993252e-12,7.669650326747248e-12,7.628982830768729e-12,7.588706972767254e-12,1.4088358936323547e-11,1.4062560421921507e-11,1.4001644805855755e-11,1.3960957478706088e-11,1.3834564134893553e-11,1.3771304213254797e-11,1.370839764473004e-11,1.3635681233349519e-11,1.8914695673030176e-11,1.8666932349251217e-11,1.841287744681461e-11,1.8262759030464025e-11,1.8164515382426962e-11,1.800975417413262e-11,4.0423905632475525e-11,3.987600753645775e-11,3.960502875667697e-11,3.9105156407765846e-11,3.889421686823037e-11,6.215158995083783e-11,6.175834686336166e-11,6.076022698759417e-11,6.023534860803019e-11,5.898715353718767e-11,5.80950541422932e-11,5.7609263180944825e-11,9.081746075227305e-11,LC_V24_H3p5_T8,9.081746075227305e-11
87,splash,5.095304630452007e-09,1.7689386626822298e-09,1.768673650820393e-09,1.764755984022021e-09,1.763891047326832e-09,1.7654288307849358e-09,3.2763524727181897e-09,3.259075119257425e-09,3.3779075463243597e-09,3.2750397182699587e-09,3.2567758257840244e-09,3.3228934160470993e-09,3.2820428782943358e-09,3.271122328446419e-09,3.2514061135094844e-09,3.3628201027063673e-09,3.293777197333026e-09,3.236741749255902e-09,3.294892351585416e-09,3.2516283288848564e-09,4.613580687974439e-09,4.600174229419345e-09,4.686358499796112e-09,4.6322455221061035e-09,4.694032319672223e-09,4.604626104754881e-09,4.681622321339253e-09,4.627618499109126e-09,1.062559157701897e-08,1.059782436779963e-08,1.0685980590396815e-08,1.0594727339899334e-08,1.0636065931919852e-08,1.0555240933816187e-08,1.0463603803447103e-08,1.9115262962538837e-08,1.916575887738653e-08,1.9070073285204604e-08,1.90946659231444e-08,1.8989484008417507e-08,1.9009651886936673e-08,1.8870409415760406e-08,2.712721632261437e-08,2.717874759085713e-08,2.7074276945454682e-08,2.7096256841879343e-08,2.696472776043594e-08,2.6979587794707055e-08,2.681797171275257e-08,2.6801697906605956e-08,2.9391731114128177e-08,2.9163359928315168e-08,2.8900019580543657e-08,2.884498586624877e-08,2.8648815705067404e-08,2.8546393377920034e-08,4.3065614401175324e-08,4.270054299686825e-08,4.259034728000349e-08,4.22146707401861e-08,4.210522880363567e-08,5.542357703592887e-08,5.512471216671495e-08,5.4585717891587855e-08,5.433255510212435e-08,5.4033720392560506e-08,5.351301947558971e-08,5.329846247003742e-08,7.438987034710085e-08,LC_V24_H3p5_T8,7.438987034710085e-08
88,atmospheric,2.734027700923606e-13,2.1126283314804036e-14,2.112083457625684e-14,2.10606266481505e-14,2.1012285968212145e-14,2.1070337686887874e-14,7.083250610894344e-14,7.045091496139645e-14,7.247857181670888e-14,7.041799882469253e-14,7.00104784756909e-14,7.105457743637531e-14,7.019358593172727e-14,2.0337438192167094e-13,2.0238829826204866e-13,2.048226161411481e-13,2.0215491659234836e-13,1.9949958025074428e-13,2.0001131071356415e-13,1.9811017823073135e-13,8.106118927709989e-13,8.090108326945667e-13,8.146242956643205e-13,8.104744824901604e-13,8.135202349729879e-13,8.048770741488918e-13,8.102168908564948e-13,8.047659656117761e-13,4.060730602060225e-12,4.051897699994793e-12,4.047128826629396e-12,4.0260500533199425e-12,4.0050082540841735e-12,3.955954526055677e-12,3.9338596085060514e-12,6.704500410206572e-12,6.664296685015392e-12,6.644824719294117e-12,6.604767400899411e-12,6.533638823597336e-12,6.49376947047257e-12,6.4587658129689564e-12,1.2137590924814614e-11,1.2101244584148468e-11,1.205962395652705e-11,1.2018429257024165e-11,1.1915884642708065e-11,1.1870043564386675e-11,1.1808624143650636e-11,1.175220439290945e-11,1.6413680263923102e-11,1.6134272322416376e-11,1.586858481807628e-11,1.5711476371168095e-11,1.563778919932318e-11,1.5452594126516054e-11,3.7289778680922436e-11,3.669973582236261e-11,3.638173800838139e-11,3.585476906998969e-11,3.550421936929388e-11,5.682918445323591e-11,5.6258586415242353e-11,5.5426285303354095e-11,5.495603898715185e-11,5.395600243750477e-11,5.318142099733565e-11,5.2671436184889503e-11,8.203009153213719e-11,LC_V24_H3p5_T8,8.203009153213719e-11
89,splash,5.173801112042521e-09,2.103612646299682e-09,2.1064848697584764e-09,2.097168958416609e-09,2.0997417297295302e-09,2.0954353255727487e-09,3.5013336958666086e-09,3.48429797710487e-09,3.604914037183569e-09,3.499992806350781e-09,3.4817135290907484e-09,3.5485470040196234e-09,3.507111539494926e-09,3.4135594037175157e-09,3.3943364270885287e-09,3.512555680221415e-09,3.4392007404682015e-09,3.380087599461104e-09,3.4426586670092568e-09,3.3973974575730886e-09,4.685769907613679e-09,4.676649303790611e-09,4.7403705947240316e-09,4.695033505317275e-09,4.744895283996753e-09,4.669502884914071e-09,4.73184192567231e-09,4.685058308406111e-09,1.1198392556217529e-08,1.11623844093472e-08,1.1293108326863718e-08,1.1187505787671902e-08,1.1251328127752834e-08,1.1175020029328865e-08,1.1073340673435072e-08,2.1141099096102025e-08,2.121880592126953e-08,2.110400377647842e-08,2.1155746762816878e-08,2.1046083222024093e-08,2.1100819399578826e-08,2.091522485188224e-08,3.000456215779488e-08,3.0041225274238656e-08,2.992846378208408e-08,2.9936650473594616e-08,2.979199674831587e-08,2.9804005910892804e-08,2.9635556856003892e-08,2.9611028172718083e-08,3.2476199931245816e-08,3.226091140112419e-08,3.2020438959429136e-08,3.1967083272874345e-08,3.178640716432981e-08,3.16857252094281e-08,4.9294493315234163e-08,4.8853664089352064e-08,4.866477413542571e-08,4.821807451645647e-08,4.8062967400086726e-08,6.183685153469809e-08,6.147489019407637e-08,6.084080372923641e-08,6.053427529592976e-08,6.11944460132972e-08,6.06448204896376e-08,6.04685438349722e-08,8.542158108855613e-08,LC_V24_H3p5_T8,8.542158108855613e-08
90,atmospheric,3.256500283153168e-13,3.264872602576925e-14,3.2795529163705456e-14,3.2479705026047645e-14,3.2605915862225774e-14,3.237233774591284e-14,7.840378075785603e-14,7.803019239046492e-14,8.0177538745354e-14,7.794423759196027e-14,7.751846403329772e-14,7.859415415335424e-14,7.765154610669049e-14,2.0807997844427674e-13,2.0724870108647506e-13,2.0970054724063892e-13,2.071523735255792e-13,2.046138381030767e-13,2.0536616482659084e-13,2.0345425670487584e-13,7.339597867288179e-13,7.341125738558319e-13,7.312111187702213e-13,7.299925171001163e-13,7.281734714083189e-13,7.263669920407301e-13,7.249640973457863e-13,7.234214790596504e-13,4.215129801254694e-12,4.2065189380171e-12,4.199145390957438e-12,4.175106593529826e-12,4.151860946400056e-12,4.100713662331967e-12,4.080931993174672e-12,7.809570855960248e-12,7.770377132537677e-12,7.738844179595088e-12,7.697250140747026e-12,7.613618267570865e-12,7.575054126348589e-12,7.52789682266264e-12,1.3971826234435153e-11,1.3914812011462682e-11,1.3862534512326087e-11,1.3798411829417116e-11,1.3666356721503886e-11,1.3601026681772246e-11,1.352693524649449e-11,1.3453153558882087e-11,1.8947815104128273e-11,1.8702139630584995e-11,1.847083281071497e-11,1.837007266690305e-11,1.8272726394205327e-11,1.8110370304497197e-11,4.258131159714275e-11,4.1882054948582866e-11,4.147844077575789e-11,4.076326487028072e-11,4.040937666094616e-11,6.451983571159188e-11,6.376577240036598e-11,6.268938455213283e-11,6.193846927823959e-11,6.45367493747098e-11,6.351234309620452e-11,6.30522547180558e-11,1.0561274023286742e-10,LC_V24_H3p5_T8,1.0561274023286742e-10
91,splash,6.302347916631146e-09,1.9158623900804203e-09,1.9039231327990024e-09,1.914950716996891e-09,1.9027403937756137e-09,1.9219804249892216e-09,2.6285214299062377e-09,2.6092582807215583e-09,2.7398329470213236e-09,2.6289367341611556e-09,2.6089496660427483e-09,2.682871072670163e-09,2.6386436485698004e-09,2.6370207738500654e-09,2.613529436947086e-09,2.748587505311945e-09,2.668817953140152e-09,2.601939262114921e-09,2.6744424018048784e-09,2.6244449716567846e-09,3.614281504232863e-09,3.603665997713366e-09,3.678807755628643e-09,3.6298861739313358e-09,3.6908252501510224e-09,3.6048284904538094e-09,3.679421791125667e-09,3.6237149476665496e-09,9.752253688127738e-09,9.723361216144868e-09,9.8025288981405e-09,9.717349563140287e-09,9.748938791531033e-09,9.666986772933228e-09,9.583136779478706e-09,1.812915768439759e-08,1.8230689752175008e-08,1.81027557932006e-08,1.8167136626099008e-08,1.8059897800411593e-08,1.8108846056074813e-08,1.793159925362731e-08,2.7072757987180354e-08,2.7145641204448033e-08,2.7023009146953516e-08,2.7057932878883697e-08,2.691730277813867e-08,2.6941673289274827e-08,2.6762475248979076e-08,2.67408772731493e-08,2.836060203944678e-08,2.814648971419017e-08,2.7886584114695448e-08,2.7864862298208137e-08,2.7609239225188814e-08,2.753992071142614e-08,4.164702228443263e-08,4.123974339860818e-08,4.119720578848701e-08,4.072060200927021e-08,4.0663742771039206e-08,5.3039316839216485e-08,5.293294745241568e-08,5.2267172510142675e-08,5.209289029928539e-08,5.2186003123721867e-08,5.161785807230603e-08,5.145301545991422e-08,7.111339484866316e-08,LC_V24_H3p5_T8,7.111339484866316e-08
92,atmospheric,3.8944898426371966e-13,2.1974890718251212e-14,2.1938485385729396e-14,2.1899336220296684e-14,2.183339514591224e-14,2.1903111599881688e-14,5.3339873247211174e-14,5.296847831716011e-14,5.4990783016903123e-14,5.2983754676820964e-14,5.260389611859374e-14,5.361301336701372e-14,5.2822317075622537e-14,1.6245011100029372e-13,1.6144326510202186e-13,1.6499137623900114e-13,1.6208197313948365e-13,1.5916663238705554e-13,1.6054388562423774e-13,1.5846911827664075e-13,6.592177046950148e-13,6.579371167625441e-13,6.638051871900037e-13,6.59679781014218e-13,6.633415592887305e-13,6.553509374612698e-13,6.606383113909069e-13,6.558265334081936e-13,3.684770080054351e-12,3.675218383277717e-12,3.676448239382581e-12,3.654087825657975e-12,3.638004672076775e-12,3.5961933445844103e-12,3.5779033975504257e-12,6.612854188611878e-12,6.591647903029744e-12,6.559930512724868e-12,6.531295059296364e-12,6.4619070561866544e-12,6.432837284102668e-12,6.386661482197934e-12,1.2611711430694404e-11,1.2611131868821024e-11,1.2542619905934917e-11,1.2522105694987135e-11,1.241283724747174e-11,1.2381290754845828e-11,1.2293973083832037e-11,1.2244196849237401e-11,1.7827670772824035e-11,1.7550074490527613e-11,1.7279087055285848e-11,1.7068353639784384e-11,1.6996706915359786e-11,1.6815169624858742e-11,3.691279508557618e-11,3.628216025624395e-11,3.60106092076693e-11,3.5355439867016544e-11,3.5087506495681293e-11,5.6814540688266685e-11,5.641001455199467e-11,5.5434930592765245e-11,5.494008047215905e-11,5.760411717446508e-11,5.66835399775927e-11,5.620635526414974e-11,9.3750155633393e-11,LC_V24_H3p5_T8,9.3750155633393e-11
93,splash,5.5622206956649785e-09,1.0666893197400153e-09,1.056033766416611e-09,1.06479152224619e-09,1.0533473018369674e-09,1.0688539963420257e-09,1.7125445126848734e-09,1.6980130839715653e-09,1.782869035449635e-09,1.7091577358302824e-09,1.6953508888979644e-09,1.7421498758192277e-09,1.7137299902665345e-09,3.1552081079654066e-09,3.1360545941269477e-09,3.223092778762847e-09,3.160268392289227e-09,3.107020631840529e-09,3.1454750153616893e-09,3.105935668378506e-09,4.148515721784943e-09,4.135929722986845e-09,4.202343425896889e-09,4.154527936802082e-09,4.200348851057864e-09,4.117471555233198e-09,4.179725048456226e-09,4.129194669124549e-09,2.7413730999107184e-08,2.736126209929964e-08,2.7246014991054514e-08,2.7108594259020724e-08,2.6898142636198197e-08,2.6478304313437403e-08,2.632053688095002e-08,3.6539506966413264e-08,3.6423109895549684e-08,3.62081088969948e-08,3.601965690314874e-08,3.556853657440016e-08,3.537265364209482e-08,3.506915658675726e-08,5.0441128834221034e-08,5.0262119990797876e-08,4.9997922689924195e-08,4.973521974884739e-08,4.9117617818598095e-08,4.8835917606210884e-08,4.8467255198753454e-08,4.8109689621300026e-08,5.472607822801926e-08,5.3972690852369305e-08,5.315684124519096e-08,5.28606994239796e-08,5.2478477381748516e-08,5.196271410788629e-08,8.692629612331002e-08,8.572279087367234e-08,8.513611197114442e-08,8.385109638881575e-08,8.32516459800175e-08,1.0121487956448276e-07,1.0053977382852538e-07,9.883615267368168e-08,9.802601604888396e-08,9.076877529694903e-08,8.947837117395398e-08,8.890784657310899e-08,1.1198517773109718e-07,LC_V24_H3p5_T8,1.1198517773109718e-07
94,atmospheric,4.153790512415024e-13,1.3573748919876054e-13,1.3522527919877207e-13,1.3536690600456176e-13,1.344557354977934e-13,1.3563770968085733e-13,3.386059505503128e-13,3.344100108248779e-13,3.585911550497392e-13,3.376757228411582e-13,3.3381992176369735e-13,3.468317537180212e-13,3.3901491598453856e-13,7.934209782328368e-13,7.879305357457969e-13,8.119437576052444e-13,7.927799903299085e-13,7.763898933172491e-13,7.857569538510313e-13,7.732677389941599e-13,1.673564591079059e-12,1.6660735527904233e-12,1.7015293457899733e-12,1.6760071293431546e-12,1.6989235933868512e-12,1.6540367274412136e-12,1.6850040449723852e-12,1.6565669707109576e-12,2.8022219568706684e-11,2.793650250895629e-11,2.7767987762178792e-11,2.7551106989529054e-11,2.7216533020529934e-11,2.6491248273207246e-11,2.618571588046758e-11,3.9740297465749524e-11,3.930961118963992e-11,3.901154412347655e-11,3.8465281008909666e-11,3.7766776042859946e-11,3.743524216045333e-11,3.7067527827629605e-11,7.014778679159507e-11,6.969565285240948e-11,6.929079822843904e-11,6.867641917932004e-11,6.754971955780783e-11,6.693983019099004e-11,6.642290954479071e-11,6.571037174601565e-11,7.136211275113034e-11,6.995399194879741e-11,6.850140606785282e-11,6.74126959665023e-11,6.684812296638095e-11,6.593680902893936e-11,1.6228818399413384e-10,1.5927441720638272e-10,1.57535241457428e-10,1.5434640282530526e-10,1.5267244207048308e-10,1.9813440254343974e-10,1.9528578472833886e-10,1.9088636482709187e-10,1.8858491984949548e-10,1.736720841424195e-10,1.7040882880885678e-10,1.687770894855048e-10,2.3097569659049134e-10,LC_V24_H3p5_T8,2.3097569659049134e-10
95,splash,4.362748624731636e-09,9.016020484241994e-10,9.002907981281552e-10,8.967698541838506e-10,8.953866630856637e-10,8.956495586117192e-10,2.3643915337166994e-09,2.3526320871691753e-09,2.4227743308719513e-09,2.3593919151260474e-09,2.3481604114612123e-09,2.3851227956166547e-09,2.3607364294109852e-09,3.938468839184243e-09,3.9229688218608605e-09,3.986363540735855e-09,3.934839245839132e-09,3.890099743390559e-09,3.915179858647099e-09,3.881477337340669e-09,5.159282579360396e-09,5.145322917563459e-09,5.2153751728271636e-09,5.166743665258293e-09,5.212343707275896e-09,5.129046766650088e-09,5.191019786563358e-09,5.1420099311669045e-09,2.858430917479931e-08,2.8537065027143e-08,2.8394104591952588e-08,2.827589708505523e-08,2.8048340027465454e-08,2.7641099928533654e-08,2.7489187724593265e-08,3.8146272146817065e-08,3.797093595294789e-08,3.778220545105672e-08,3.7547702510543965e-08,3.709753540222509e-08,3.686132489973042e-08,3.660430235449106e-08,5.210051569244661e-08,5.1823333629086364e-08,5.161166785946187e-08,5.126786291178884e-08,5.064142427294303e-08,5.028889055713707e-08,4.9995314913267787e-08,4.959366726804693e-08,5.786953386348858e-08,5.7108161208299423e-08,5.631352933827716e-08,5.5839852796708696e-08,5.5508531399566105e-08,5.499493383610352e-08,9.262838440752197e-08,9.142956156651931e-08,9.079436271971015e-08,8.953151753563692e-08,8.889042052571612e-08,1.0712926861095932e-07,1.063923830739608e-07,1.0473958148535225e-07,1.0391645013923954e-07,9.720497895279089e-08,9.592897727617165e-08,9.535499276357488e-08,1.2509709150124242e-07,LC_V24_H3p5_T8,1.2509709150124242e-07
96,atmospheric,3.3772320474269793e-13,1.316339200740994e-13,1.316903793262979e-13,1.310782667514429e-13,1.3082348743231327e-13,1.3098679073054565e-13,3.9054232895218496e-13,3.862625775003997e-13,4.100479561362213e-13,3.8934471228482856e-13,3.855466034087632e-13,3.9806373048696164e-13,3.903992521666565e-13,8.946873219895921e-13,8.898985907283203e-13,9.077704703111167e-13,8.912476994119991e-13,8.765134498594267e-13,8.822302908180526e-13,8.710877231531379e-13,1.906236876930596e-12,1.899178582654831e-12,1.9312722072196265e-12,1.908869954687559e-12,1.928608243692563e-12,1.887200573442011e-12,1.915737930330328e-12,1.889861672607161e-12,2.8580101047772113e-11,2.8498471315595503e-11,2.8275607584092986e-11,2.8076127551306355e-11,2.7692768987395718e-11,2.6945830390003278e-11,2.665858039994588e-11,4.068044703940366e-11,4.041762484804514e-11,4.0121956547888175e-11,3.975518494943314e-11,3.907165265681351e-11,3.8699509128431675e-11,3.8339087924670966e-11,6.927940852235269e-11,6.881126411670164e-11,6.839942990757833e-11,6.775100407488886e-11,6.661018501849612e-11,6.5930318961107e-11,6.546993609094324e-11,6.47273995946073e-11,7.317681209403475e-11,7.181226765905162e-11,7.036053902960452e-11,6.991314566771979e-11,6.927485774831656e-11,6.83845935513294e-11,1.6916009363328737e-10,1.6590580062674958e-10,1.63764333754573e-10,1.6043956944312494e-10,1.5829728162988549e-10,2.0456291149062493e-10,2.0203888394060958e-10,1.9732459561235542e-10,1.9481166204633213e-10,1.755199974937384e-10,1.7229756850523464e-10,1.7045867155262436e-10,2.3704053151489017e-10,LC_V24_H3p5_T8,2.3704053151489017e-10
97,splash,4.695647554991073e-09,1.1147231323609484e-09,1.1134129098661257e-09,1.108877092580049e-09,1.1076844207596273e-09,1.1066120232415929e-09,2.441660805190583e-09,2.429092252380422e-09,2.5052689108813807e-09,2.4353491130173487e-09,2.423072692870075e-09,2.4625436641566647e-09,2.435805886303858e-09,3.716354245475657e-09,3.7021872373228636e-09,3.763029622070585e-09,3.709749356409702e-09,3.6688485772376933e-09,3.6887161588175097e-09,3.6574503685657025e-09,4.997157033289006e-09,4.9837320378448364e-09,5.057163167431113e-09,5.006043207923487e-09,5.055880206620118e-09,4.970700153772723e-09,5.03622513938505e-09,4.984870639452004e-09,2.3230979885586027e-08,2.3193280978788434e-08,2.3079044370091236e-08,2.2964667763752106e-08,2.278791080384399e-08,2.2440382817016975e-08,2.230260507822774e-08,3.282990426980325e-08,3.2769144790024076e-08,3.257134979112637e-08,3.24368496456652e-08,3.20632646694489e-08,3.1915738243370964e-08,3.165817995762309e-08,4.522748928464006e-08,4.511732497924283e-08,4.4905886765130865e-08,4.4717276876994896e-08,4.424052551005902e-08,4.402456567557257e-08,4.3743292377658365e-08,4.346897916992589e-08,5.1349336909477374e-08,5.0760259504257526e-08,5.013106848972782e-08,4.97872761631585e-08,4.948260934799687e-08,4.907590400769589e-08,7.835631599021069e-08,7.737799828322337e-08,7.690539855581218e-08,7.587812425044554e-08,7.538688533483225e-08,9.653526432929272e-08,9.591702952651294e-08,9.463589148960976e-08,9.400518028533556e-08,8.919067051509815e-08,8.814656841411402e-08,8.766340686621002e-08,1.1826010476056497e-07,LC_V24_H3p5_T8,1.1826010476056497e-07
98,atmospheric,3.797160386752771e-13,1.9404888707545784e-13,1.9461999982772056e-13,1.929721306795552e-13,1.9346055501445945e-13,1.9245354371843168e-13,4.834794315247881e-13,4.797924196066306e-13,5.03902760554168e-13,4.813474725243361e-13,4.778804173796404e-13,4.894873700375199e-13,4.814096829036952e-13,8.555699515534822e-13,8.499763086451787e-13,8.745138207823974e-13,8.533159567700479e-13,8.370244073816199e-13,8.449972270253927e-13,8.329583790784124e-13,1.8338269174759134e-12,1.8281515341357382e-12,1.851447247959042e-12,1.831532392536904e-12,1.843774633865434e-12,1.811974833594434e-12,1.829348225204032e-12,1.8102959038697425e-12,2.0224485915202818e-11,2.017913592486198e-11,1.9983121957140665e-11,1.9849919955563813e-11,1.956399925550333e-11,1.9061180081996362e-11,1.8893200841737118e-11,3.501355052223117e-11,3.486903732258431e-11,3.4588090824315475e-11,3.434927430056671e-11,3.3754197800092786e-11,3.350830464950451e-11,3.3098657147842444e-11,5.7491473595263e-11,5.731249199884491e-11,5.6904237319662877e-11,5.655234763031697e-11,5.567827678916024e-11,5.530246179932295e-11,5.474100917938595e-11,5.426306251048009e-11,6.735909720021338e-11,6.618107820923805e-11,6.498572711403991e-11,6.453752722942208e-11,6.401407012190484e-11,6.32656071148578e-11,1.3550024865405314e-10,1.329065187095657e-10,1.313922931344807e-10,1.2872045402821667e-10,1.2718896845064117e-10,1.8524879415802008e-10,1.830118451362493e-10,1.790853610667547e-10,1.770945118174841e-10,1.6297889815457187e-10,1.601233582402111e-10,1.584937531547049e-10,2.349008587491565e-10,LC_V24_H3p5_T8,2.349008587491565e-10
99,splash,5.197352166779534e-09,1.1449490104528082e-09,1.135054750221837e-09,1.1422451838869412e-09,1.1324827406363395e-09,1.1448300118806622e-09,2.022207014245939e-09,2.0093079433726928e-09,2.0874372566992344e-09,2.0186295902381715e-09,2.0060869020663794e-09,2.048338976552384e-09,2.0221825293096194e-09,3.0988492431604663e-09,3.083189993022859e-09,3.1523225952787696e-09,3.0973339127308974e-09,3.052380895882087e-09,3.079401189620292e-09,3.0456002197974905e-09,4.4208660938726686e-09,4.409215050397593e-09,4.472365757330529e-09,4.425976696559521e-09,4.47016931250194e-09,4.393631835756816e-09,4.452305323839478e-09,4.406109122588996e-09,2.2562595439339808e-08,2.2526724424531393e-08,2.2385521823641086e-08,2.2290937445813525e-08,2.210043227729697e-08,2.1763363398204086e-08,2.1635724773627177e-08,3.1562663820214334e-08,3.1419094825656716e-08,3.124876338183403e-08,3.1045592362773995e-08,3.0666467625189875e-08,3.050941643167686e-08,3.029052569462256e-08,4.406828692981123e-08,4.3964064998925936e-08,4.373440206105145e-08,4.355059064646967e-08,4.306272850099085e-08,4.2844547356785976e-08,4.256426166791222e-08,4.228537935774298e-08,4.86619867758926e-08,4.802960671507676e-08,4.739177983998352e-08,4.702290277918294e-08,4.6704982600616704e-08,4.6328528515345723e-08,7.622106910307089e-08,7.511061697485418e-08,7.453313934393612e-08,7.336734050770168e-08,7.274878859839026e-08,9.21856691994954e-08,9.154127350655078e-08,8.996533923827079e-08,8.942650569934409e-08,8.336111107339077e-08,8.217542920579067e-08,8.167897668420167e-08,1.058603994203103e-07,LC_V24_H3p5_T8,1.058603994203103e-07
100,atmospheric,3.7724513153269226e-13,1.9262649556218968e-13,1.925403107630443e-13,1.9180631865603658e-13,1.916895205202481e-13,1.9160670546215057e-13,4.4466327479402064e-13,4.4057548269756667e-13,4.639275759378469e-13,4.426225077790739e-13,4.389274337672747e-13,4.50594471674637e-13,4.4286947302928496e-13,7.662293276923655e-13,7.607768029597795e-13,7.819611987182734e-13,7.640908893541573e-13,7.490905781974048e-13,7.560786315601734e-13,7.452854390415906e-13,1.6776952819770626e-12,1.6749487404566964e-12,1.6848218155177038e-12,1.67218618864148e-12,1.6767458876120967e-12,1.6563595544575157e-12,1.6642899660678143e-12,1.6515426928054989e-12,1.9852574392640094e-11,1.9804215218665798e-11,1.9610153906444796e-11,1.948047879141022e-11,1.9186675438872006e-11,1.868502273244541e-11,1.8531533014252205e-11,3.432785924402447e-11,3.411953206063701e-11,3.3878688813120716e-11,3.359043042519174e-11,3.301455558355324e-11,3.2707729025974444e-11,3.238153287240906e-11,5.737335131318209e-11,5.7078763650061515e-11,5.67207240293392e-11,5.628998101691663e-11,5.5396462670812584e-11,5.491441573563766e-11,5.4443813224537265e-11,5.3884286948564816e-11,6.554508169967547e-11,6.440694219016058e-11,6.321657770451204e-11,6.240324410187177e-11,6.184523418162618e-11,6.114832390352811e-11,1.3079515187948038e-10,1.282879492883359e-10,1.2681052763312546e-10,1.2422305678785665e-10,1.2270860074065915e-10,1.7779846577789632e-10,1.7591465310089322e-10,1.7195697438091594e-10,1.700852843133656e-10,1.5857437983213217e-10,1.5565990051604144e-10,1.5386462823548913e-10,2.1940715938697204e-10,LC_V24_H3p5_T8,2.1940715938697204e-10
101,atmospheric,0.0,0.0,0.0,0.0,0.0,0.0,0.0,0.0,0.0,0.0,0.0,0.0,0.0,0.0,0.0,0.0,0.0,0.0,0.0,0.0,0.0,0.0,0.0,0.0,0.0,0.0,0.0,0.0,0.0,0.0,0.0,0.0,0.0,0.0,0.0,0.0,0.0,0.0,0.0,0.0,0.0,0.0,0.0,0.0,0.0,0.0,0.0,0.0,0.0,0.0,0.0,0.0,0.0,0.0,0.0,0.0,0.0,0.0,0.0,0.0,0.0,0.0,0.0,0.0,0.0,0.0,0.0,0.0,0.0,LC_V26_H3p5_T8,0.0
102,atmospheric,0.0,0.0,0.0,0.0,0.0,0.0,0.0,0.0,0.0,0.0,0.0,0.0,0.0,0.0,0.0,0.0,0.0,0.0,0.0,0.0,0.0,0.0,0.0,0.0,0.0,0.0,0.0,0.0,0.0,0.0,0.0,0.0,0.0,0.0,0.0,0.0,0.0,0.0,0.0,0.0,0.0,0.0,0.0,0.0,0.0,0.0,0.0,0.0,0.0,0.0,0.0,0.0,0.0,0.0,0.0,0.0,0.0,0.0,0.0,0.0,0.0,0.0,0.0,0.0,0.0,0.0,0.0,0.0,0.0,LC_V26_H3p5_T8,0.0
103,atmospheric,0.0,0.0,0.0,0.0,0.0,0.0,0.0,0.0,0.0,0.0,0.0,0.0,0.0,0.0,0.0,0.0,0.0,0.0,0.0,0.0,0.0,0.0,0.0,0.0,0.0,0.0,0.0,0.0,0.0,0.0,0.0,0.0,0.0,0.0,0.0,0.0,0.0,0.0,0.0,0.0,0.0,0.0,0.0,0.0,0.0,0.0,0.0,0.0,0.0,0.0,0.0,0.0,0.0,0.0,0.0,0.0,0.0,0.0,0.0,0.0,0.0,0.0,0.0,0.0,0.0,0.0,0.0,0.0,0.0,LC_V26_H3p5_T8,0.0
104,atmospheric,0.0,0.0,0.0,0.0,0.0,0.0,0.0,0.0,0.0,0.0,0.0,0.0,0.0,0.0,0.0,0.0,0.0,0.0,0.0,0.0,0.0,0.0,0.0,0.0,0.0,0.0,0.0,0.0,0.0,0.0,0.0,0.0,0.0,0.0,0.0,0.0,0.0,0.0,0.0,0.0,0.0,0.0,0.0,0.0,0.0,0.0,0.0,0.0,0.0,0.0,0.0,0.0,0.0,0.0,0.0,0.0,0.0,0.0,0.0,0.0,0.0,0.0,0.0,0.0,0.0,0.0,0.0,0.0,0.0,LC_V26_H3p5_T8,0.0
105,submerged,3.69040074929718e-14,5.781468037048627e-16,5.77528090361417e-16,8.108558310488776e-16,8.187015506447275e-16,1.3893776974063156e-15,1.1983832906523946e-15,1.2034207040408656e-15,1.6354002671572114e-15,1.6480074199890098e-15,1.6694707476581879e-15,2.6581652088905177e-15,2.7226857011161266e-15,4.037456728085027e-15,4.0412440142563166e-15,4.859177681869827e-15,4.894820008947017e-15,4.9487066144908815e-15,6.772459873277903e-15,6.826654023246157e-15,4.38643593120562e-15,4.411536279243422e-15,5.200752756507122e-15,5.2728369891895705e-15,6.9865305809406546e-15,7.255945630452836e-15,1.0650897266635358e-14,1.0912099592887627e-14,1.8587094546611912e-13,1.8511531672728008e-13,1.913951510839303e-13,1.8971858260354464e-13,2.005283370548719e-13,2.1475922626479706e-13,2.1188130252861598e-13,2.716894046359396e-13,2.777772998237107e-13,2.751008720820967e-13,2.893738572019972e-13,3.100458238369383e-13,3.4467133636925193e-13,3.39885513149534e-13,3.8321801866387726e-13,3.8940173583829904e-13,3.8713695106121235e-13,4.0267085042488475e-13,4.277181630960504e-13,4.675540447923824e-13,4.663249702125025e-13,5.226275085155225e-13,4.220361016626642e-13,4.2976406971635007e-13,4.50979471631207e-13,4.938446787363589e-13,4.881802438436567e-13,5.463505881607845e-13,9.806953547007866e-13,1.0075975087287986e-12,1.0639203940016354e-12,1.1312629126825586e-12,1.2368219128648348e-12,1.23466748896178e-12,1.296258607958861e-12,1.366365526350859e-12,1.4830959612649647e-12,9.346988356907456e-13,9.963198478491396e-13,1.0976163324507977e-12,1.4202096039935246e-12,LC_V20_H3p5_T8,1.4830959612649647e-12
106,submerged,3.117715736640336e-14,6.058265165980389e-16,6.144750560182738e-16,8.134011941830193e-16,8.283609968005886e-16,1.358916152007925e-15,1.5671287514368422e-15,1.5619072882620878e-15,2.070753433796251e-15,2.070902269325684e-15,2.0752794730434457e-15,3.188107853565803e-15,3.2294319122111134e-15,4.152292898386171e-15,4.149844848607221e-15,5.076006818244621e-15,5.092515119441746e-15,5.110069456662484e-15,7.096469115226515e-15,7.11490211241655e-15,4.876122522777124e-15,4.8663321026768535e-15,5.853826740363748e-15,5.853627165086712e-15,7.856152388274997e-15,7.775318787229929e-15,1.1520588848465756e-14,1.1560584549002983e-14,1.4228116514162978e-13,1.4200586824664336e-13,1.4640229662460328e-13,1.4560637659852863e-13,1.5498449989155125e-13,1.6922740987383696e-13,1.668346589580214e-13,2.4373105621820657e-13,2.514147726974752e-13,2.492733409813979e-13,2.643498610705554e-13,2.8617498750309373e-13,3.21201251365947e-13,3.1744390628185796e-13,3.7948574850528085e-13,3.8718973107987336e-13,3.8460089913380423e-13,4.015442017297753e-13,4.2604135867850665e-13,4.657673781226861e-13,4.627009082410874e-13,5.180161346697832e-13,4.610794591098849e-13,4.728546585942161e-13,4.975296459095264e-13,5.406406513161318e-13,5.368632377244698e-13,5.962675051233743e-13,9.494308368970625e-13,9.824866893121381e-13,1.044869296358941e-12,1.1162498887852072e-12,1.2299062572407283e-12,1.286338120459467e-12,1.3537677215378613e-12,1.431602144500809e-12,1.5558655277369088e-12,1.1262098050769018e-12,1.202371017978607e-12,1.3138474203190393e-12,1.7857877179465254e-12,LC_V24_H3p5_T8,1.7857877179465254e-12
107,submerged,3.024457722823628e-14,5.4170885762142e-16,5.514090725044228e-16,7.398900838557807e-16,7.614408286094979e-16,1.267593441164925e-15,1.4293384698837516e-15,1.4340225014255996e-15,1.8886817135392152e-15,1.9279148913112372e-15,1.9589885404077312e-15,3.027660311127903e-15,3.1163459245720893e-15,4.361713544315853e-15,4.368925997261343e-15,5.2630035727571926e-15,5.29809046855395e-15,5.331358761757237e-15,7.251933840712488e-15,7.330511251610328e-15,5.3243027567535136e-15,5.347568914732283e-15,6.2624159174708485e-15,6.339644831747382e-15,8.418649349623247e-15,9.04274327248431e-15,1.2784050511444065e-14,1.3255067408048017e-14,1.715653780445277e-13,1.7082773724106609e-13,1.773218895348885e-13,1.7577937951073412e-13,1.8685926918060348e-13,2.0324682738828745e-13,2.0071573991802012e-13,2.7767407830627973e-13,2.84619260500674e-13,2.8210639870590344e-13,2.9676246225927125e-13,3.1924048107231125e-13,3.5578557380339213e-13,3.521347603140643e-13,4.455746252504654e-13,4.542824228195611e-13,4.5258608799875695e-13,4.719282475968169e-13,5.017575013518267e-13,5.476550337221506e-13,5.439132527575465e-13,6.052088096102106e-13,5.246632860482655e-13,5.329732422348969e-13,5.553639853925657e-13,5.988415755417242e-13,5.928081942430206e-13,6.522032934834479e-13,1.0717170439229002e-12,1.1075981481895163e-12,1.1718924460423874e-12,1.2547640010174284e-12,1.3729943432162503e-12,1.3822678475447459e-12,1.450223828899619e-12,1.53555365781673e-12,1.6648006008846883e-12,1.2277035282222135e-12,1.30053967380651e-12,1.4159667464117854e-12,1.8405707479465836e-12,LC_V24_H3p5_T8,1.8405707479465836e-12
108,submerged,3.618529952986741e-14,6.129399395023396e-16,6.142314619411316e-16,8.477812474522569e-16,8.563768145252636e-16,1.4311754600191888e-15,1.3631814613212749e-15,1.3590833652534176e-15,1.8396437168478015e-15,1.824065424316946e-15,1.8275367275363774e-15,2.840013944267794e-15,2.872803738940812e-15,3.964849246507927e-15,3.971330242078631e-15,4.879411492926154e-15,4.904991155167807e-15,4.904003601128742e-15,6.863196840285234e-15,6.856193306793025e-15,4.1233770851099405e-15,4.1257827996052675e-15,4.946747485137733e-15,4.949436494079587e-15,6.645213809812508e-15,6.603353391342191e-15,9.981349608181144e-15,9.942538798327355e-15,1.542247080345005e-13,1.537212007873483e-13,1.5824707095489696e-13,1.571665959312281e-13,1.6616342914490343e-13,1.7972870420232645e-13,1.7720981170520977e-13,2.374051277780696e-13,2.4366893541497606e-13,2.4149497768015324e-13,2.54226780480776e-13,2.743275153521672e-13,3.0708229373023107e-13,3.036377543019186e-13,3.23470024610259e-13,3.3043072766560275e-13,3.2831464055089074e-13,3.43953089127203e-13,3.662783695925019e-13,4.0455321729621787e-13,4.022578031307468e-13,4.550776212475864e-13,3.7268031413171066e-13,3.8513326130993475e-13,4.069062411705603e-13,4.4885125595746475e-13,4.3970712542151805e-13,4.947799007947254e-13,8.605028301002144e-13,8.832733336030428e-13,9.405094961706886e-13,1.0027756068232598e-12,1.1049370604856448e-12,1.1009426320303418e-12,1.1661408578182571e-12,1.2235257208705285e-12,1.3375695600663984e-12,8.398463978106806e-13,9.034756399119847e-13,1.0005961550136108e-12,1.288386740471433e-12,LC_V20_H3p5_T8,1.3375695600663984e-12
109,submerged,1.5579877542860272e-10,3.020905675802994e-12,3.013009854818904e-12,4.033400106739671e-12,4.051549288691462e-12,6.405816506507403e-12,5.595289775119367e-12,5.611496141523026e-12,7.4666584919984e-12,7.437545424645254e-12,7.50243061396348e-12,1.1530006026035582e-11,1.1716628384619247e-11,1.6783621930947792e-11,1.6778753628026447e-11,2.015087105415467e-11,2.0189743225490476e-11,2.0259734635301172e-11,2.7463795860967947e-11,2.7541970115414058e-11,1.6210953562098577e-11,1.6198125785237644e-11,1.9391857391175146e-11,1.959878765800445e-11,2.6697125941106593e-11,2.7476845630357935e-11,4.0710829028590614e-11,4.1146605120280623e-11,7.086541478336898e-10,7.056348889873545e-10,7.295552064681896e-10,7.226528375800903e-10,7.635502927488331e-10,8.152452886861926e-10,8.02099675734611e-10,1.0611646871977607e-09,1.084659285717074e-09,1.073741917022734e-09,1.1288903361238398e-09,1.2060008350072987e-09,1.3372706708557959e-09,1.3147712361758153e-09,1.5112995776986792e-09,1.5362325689234168e-09,1.5272220695953223e-09,1.587048952573912e-09,1.6824891418965876e-09,1.8368103248687544e-09,1.826383446069734e-09,2.0397959194373492e-09,1.6437750197561652e-09,1.6727840692724972e-09,1.753133259570276e-09,1.918336049580617e-09,1.8916313605511123e-09,2.1104329475955297e-09,3.7975014072944345e-09,3.897247759763676e-09,4.10996987383805e-09,4.3538135024065345e-09,4.743615194072831e-09,4.817933769874951e-09,5.0523526143770346e-09,5.2997976285900605e-09,5.738907016620148e-09,3.5672312570227637e-09,3.789369922829595e-09,4.169175956253092e-09,5.457150560052863e-09,LC_V20_H3p5_T8,5.738907016620148e-09
110,submerged,1.2708554215707265e-10,3.1114820773016377e-12,3.1566670444775258e-12,3.995687046370601e-12,4.05923129973304e-12,6.18686218640266e-12,7.435950509982297e-12,7.411147647143778e-12,9.58847511546068e-12,9.536273947518708e-12,9.516212748592358e-12,1.4131595983301612e-11,1.421785711687103e-11,1.7611318701300816e-11,1.7582866831199653e-11,2.1368200654813073e-11,2.1373897513446235e-11,2.1337310156985076e-11,2.918102946469876e-11,2.916550137459401e-11,1.9856809360221847e-11,1.979710474093982e-11,2.3964928540401607e-11,2.390015677373098e-11,3.195607313940194e-11,3.1460119772703937e-11,4.6066023914670815e-11,4.595326640303465e-11,5.486590551047467e-10,5.476082589496929e-10,5.653129717754848e-10,5.615156294494797e-10,5.975438258067493e-10,6.501957679514505e-10,6.403668323591572e-10,9.773667886950408e-10,1.0075160277322396e-09,9.983268407776277e-10,1.05792946217071e-09,1.1401943093021221e-09,1.275873892592192e-09,1.2587046608990062e-09,1.5582130465288371e-09,1.58849574805593e-09,1.5766353198694648e-09,1.6461267454086424e-09,1.7420884960954154e-09,1.8994774900210877e-09,1.8817045478146372e-09,2.0970580000716198e-09,1.8804191528339987e-09,1.9274474721265483e-09,2.023708916660615e-09,2.1899002667978827e-09,2.170017803891703e-09,2.3964338645458926e-09,3.812694290987797e-09,3.940599187927017e-09,4.1829766240758446e-09,4.449192040907047e-09,4.887561412933965e-09,5.214279526011542e-09,5.471029896650482e-09,5.754306345749447e-09,6.226487804360257e-09,4.5896493198178156e-09,4.863508188302235e-09,5.28001850647557e-09,7.272402951368328e-09,LC_V24_H3p5_T8,7.272402951368328e-09
111,submerged,1.2356327793728867e-10,2.8256059876183973e-12,2.873715815667419e-12,3.6859825125174405e-12,3.773559923522081e-12,5.78775437301701e-12,6.8309214411833534e-12,6.8449277317021036e-12,8.803871651926804e-12,8.892875497762171e-12,8.998678967345644e-12,1.33927616615013e-11,1.3685520237945716e-11,1.8482756791521485e-11,1.847882363214862e-11,2.218549476790817e-11,2.2235439676556997e-11,2.2223579521870475e-11,2.985986457488277e-11,3.002879561535723e-11,2.1560925903451733e-11,2.1622640381008406e-11,2.5441776548636665e-11,2.5647888910301775e-11,3.38024991341965e-11,3.603898030509408e-11,5.0364032003451736e-11,5.214184800878223e-11,6.471308226733257e-10,6.443447785430419e-10,6.693749461589745e-10,6.635732128083965e-10,7.059876198487748e-10,7.663188308067618e-10,7.547331614622597e-10,1.0933017842980187e-09,1.1201305830377737e-09,1.1102596510908001e-09,1.1662183950197567e-09,1.2527504454042633e-09,1.391040788541243e-09,1.3754506835366874e-09,1.794311580485909e-09,1.8295101864352402e-09,1.8206056200908663e-09,1.897388932750556e-09,2.0126443116808986e-09,2.1925945123863944e-09,2.1716840353885007e-09,2.409139128498682e-09,2.1133638992640643e-09,2.1425633822150667e-09,2.22626578888111e-09,2.3953115740727373e-09,2.3677781541051535e-09,2.5949408061765568e-09,4.2318740472781504e-09,4.363369306710842e-09,4.604883638124684e-09,4.916179044747151e-09,5.360767277093996e-09,5.511291942030516e-09,5.768006597523601e-09,6.085206742270124e-09,6.575536568884901e-09,4.908539677411983e-09,5.1719586128299145e-09,5.610985200840675e-09,7.42392754333522e-09,LC_V24_H3p5_T8,7.42392754333522e-09
112,submerged,1.5289134941626766e-10,3.168830874596444e-12,3.1695812062020805e-12,4.18188980089654e-12,4.204550359023774e-12,6.585951431239791e-12,6.309079295258006e-12,6.290404861431223e-12,8.334071422744378e-12,8.199429125773628e-12,8.199955017997867e-12,1.2327502896277492e-11,1.237367308526213e-11,1.655831573378335e-11,1.655370209274231e-11,2.0267175680913392e-11,2.0291093570459916e-11,2.0197692904122553e-11,2.7886650407813495e-11,2.7743648076603518e-11,1.527802061664032e-11,1.531110361100851e-11,1.865306777435197e-11,1.8693664959408268e-11,2.5538511217921314e-11,2.531680566911879e-11,3.823086294689583e-11,3.776996242098328e-11,5.996061585207123e-10,5.975867434081004e-10,6.158764289257172e-10,6.108214800587274e-10,6.46043474955751e-10,6.955157273028161e-10,6.83780239890113e-10,9.442208299148348e-10,9.690051513212674e-10,9.597169518188007e-10,1.009855316655428e-09,1.0858760084496164e-09,1.2112313448386957e-09,1.1941703347091018e-09,1.3007631266768828e-09,1.330438463217035e-09,1.3220042750198733e-09,1.3837908356258917e-09,1.4718929391539297e-09,1.6214997525426882e-09,1.6078285243440555e-09,1.8116398412517258e-09,1.4739233603094674e-09,1.5224575622841424e-09,1.603994369982559e-09,1.7643576626157192e-09,1.7246177588570506e-09,1.9322758588807825e-09,3.389799023265143e-09,3.4708387867344735e-09,3.691425964044591e-09,3.9169739998144125e-09,4.3054138133367686e-09,4.3550375711141445e-09,4.606129358330127e-09,4.806915635540541e-09,5.233120742049476e-09,3.2468477611041593e-09,3.472445960728076e-09,3.834909319918313e-09,4.973460490237651e-09,LC_V20_H3p5_T8,5.233120742049476e-09
