member_id,zone,LC_V26_H3p5_T8,LC_V2_H0p5_T5,LC_V2_H0p5_T6,LC_V2_H1p0_T7,LC_V2_H1p0_T8,LC_V2_H1p5_T8,LC_V4_H0p5_T5,LC_V4_H0p5_T6,LC_V4_H1p0_T5,LC_V4_H1p0_T7,LC_V4_H1p0_T8,LC_V4_H1p5_T7,LC_V4_H1p5_T8,LC_V6_H0p5_T5,LC_V6_H0p5_T6,LC_V6_H1p0_T5,LC_V6_H1p0_T6,LC_V6_H1p0_T8,LC_V6_H1p5_T7,LC_V6_H1p5_T8,LC_V8_H0p5_T5,LC_V8_H0p5_T6,LC_V8_H1p0_T5,LC_V8_H1p0_T6,LC_V8_H1p5_T6,LC_V8_H1p5_T8,LC_V8_H2p0_T7,LC_V8_H2p0_T8,LC_V10_H0p5_T5,LC_V10_H0p5_T6,LC_V10_H1p0_T5,LC_V10_H1p0_T6,LC_V10_H1p5_T6,LC_V10_H2p0_T7,LC_V10_H2p0_T8,LC_V12_H0p5_T5,LC_V12_H1p0_T5,LC_V12_H1p0_T6,LC_V12_H1p5_T6,LC_V12_H2p0_T7,LC_V12_H2p5_T7,LC_V12_H2p5_T8,LC_V14_H0p5_T5,LC_V14_H1p0_T5,LC_V14_H1p0_T6,LC_V14_H1p5_T6,LC_V14_H2p0_T7,LC_V14_H2p5_T7,LC_V14_H2p5_T8,LC_V14_H3p0_T8,LC_V16_H1p0_T5,LC_V16_H1p5_T6,LC_V16_H2p0_T7,LC_V16_H2p5_T7,LC_V16_H2p5_T8,LC_V16_H3p0_T8,LC_V18_H1p5_T6,LC_V18_H2p0_T7,LC_V18_H2p5_T7,LC_V18_H3p0_T8,LC_V18_H3p5_T8,LC_V20_H2p0_T7,LC_V20_H2p5_T7,LC_V20_H3p0_T8,LC_V20_H3p5_T8,LC_V22_H2p5_T7,LC_V22_H3p0_T8,LC_V22_H3p5_T8,LC_V24_H3p5_T8,worst_bin,worst_bin_contribution
1,submerged,1.4348814902471537e-05,6.702957532436171e-07,1.170448520368686e-06,8.200222860452432e-07,1.6674540380684053e-07,2.446163982307857e-07,1.602256104764731e-06,1.26002049645866e-06,2.9545964484140913e-07,2.5277445286252553e-06,2.8019960505058807e-07,7.340513308734273e-07,5.108256012299134e-07,6.656180928760998e-06,2.922803529138373e-06,2.0641334367547716e-06,1.0107301789073485e-05,5.584350049407604e-07,4.286409435938179e-06,1.2021893901637151e-06,4.643912424692099e-06,1.1198840276238572e-06,3.3660744099587643e-06,7.602214355270228e-06,6.4092248200581245e-06,7.569366491887181e-07,1.7302564514696506e-06,1.0781505481592715e-06,0.00013971561464253118,1.72357143170264e-05,0.00015230786859904918,0.00018855221947553503,0.00030987201797009556,9.107135968726924e-05,2.727877085643931e-05,0.00011445309107512196,0.00019453340955112984,0.00017633660263619846,0.0004985710041385567,0.0002280398556428015,5.0324970607207936e-05,5.717499918805637e-05,7.479296771969505e-05,0.00013682630389958109,0.00011606843062211606,0.0005352462537046174,0.00039052967596283494,0.00012975470753819805,8.35192151412703e-05,6.542876256874753e-05,4.94267135588834e-05,0.00023420249254932563,0.0005407071160844799,0.00021264495172988442,8.583361822880232e-05,0.00010762923291241758,0.00016501904877894546,0.0008183418596281798,0.0004291608495022731,0.00022529274012099654,0.00012535518041736988,0.00018837171239804792,0.0007926092241252914,0.00028344750064028117,0.00020561216387725084,0.00012372356591763486,0.0001361205159441004,0.0004038089878475338,0.00048074024683457877,LC_V18_H2p0_T7,0.0008183418596281798
2,submerged,8.024686387896475e-06,4.3539386414563543e-07,7.593846598287051e-07,5.173670973131413e-07,1.0494998056045116e-07,1.4779183168774972e-07,9.753433776145382e-07,7.658652813938195e-07,1.7625724911287626e-07,1.4996336557883084e-06,1.6584801761855221e-07,4.198685316478376e-07,2.904636303687092e-07,3.6975131963995973e-06,1.620688182450515e-06,1.1424431186977089e-06,5.560951553373289e-06,3.058385718598631e-07,2.321618643959179e-06,6.495336080838473e-07,2.464018146799757e-06,5.94374149843135e-07,1.785086347667445e-06,4.017745743704525e-06,3.357343398577969e-06,3.921559684760614e-07,8.887605724829655e-07,5.513112550415568e-07,7.093738143845823e-05,8.745516185806235e-06,7.726806672077798e-05,9.557756014554984e-05,0.00015694120497260517,4.599022411893164e-05,1.372239658644584e-05,5.9998788719004506e-05,0.00010184767592525525,9.233243520369879e-05,0.00026048634701875844,0.00011883292627096969,2.6168065026891272e-05,2.9682562612581985e-05,3.973013414583031e-05,7.27340194892021e-05,6.16925578221468e-05,0.00028455795169845177,0.00020701254930683064,6.860885868207388e-05,4.404638465257945e-05,3.44003370265477e-05,2.604867339706997e-05,0.00012326411380237195,0.0002836581388033071,0.00011128670015738119,4.485069106591218e-05,5.6111423160539295e-05,8.615445532658944e-05,0.0004257500629838578,0.00022292218692356006,0.00011640135934051298,6.455495605163309e-05,9.897442408882167e-05,0.00041583015387409577,0.00014771311678647456,0.00010688267932420275,6.377542141971108e-05,6.996525173593399e-05,0.00020700722890326794,0.000250812603413025,LC_V18_H2p0_T7,0.0004257500629838578
3,submerged,4.619978924859567e-06,3.828437069334069e-07,6.664296164058964e-07,4.216060898472575e-07,8.493580390048843e-08,1.0640572196318568e-07,7.269621204501616e-07,5.686034018839775e-07,1.2470541625987662e-07,1.0399751287795896e-06,1.1408050173187486e-07,2.626514209772474e-07,1.785224153276489e-07,2.1288243118133846e-06,9.273677956150307e-07,6.472359806121218e-07,3.1020653960915234e-06,1.6774918556317276e-07,1.2198917742391773e-06,3.366331514750364e-07,1.265403029612706e-06,3.042125521056779e-07,8.943968140667479e-07,1.9959082253801318e-06,1.600074869678949e-06,1.807665919377969e-07,3.8996522873673866e-07,2.3738339299962e-07,2.9670471561785208e-05,3.6530420502479014e-06,3.238442551922702e-05,3.984905590731587e-05,6.512377932574503e-05,1.8859669108488756e-05,5.59058249937734e-06,2.8267899430238542e-05,4.793045260037417e-05,4.3423152352655354e-05,0.00012191588548447414,5.502894084447351e-05,1.1937762931624224e-05,1.3508936209437747e-05,1.9815202444303447e-05,3.632939746950302e-05,3.07808090626324e-05,0.00014195976117877926,0.0001023974370878604,3.366339293779887e-05,2.142923221685078e-05,1.653207986735844e-05,1.2662509016875035e-05,5.974170463142108e-05,0.0001355532351682686,5.253696110261829e-05,2.1039462986958813e-05,2.5910391406191167e-05,4.069473926830085e-05,0.00019866041252456716,0.00010308318972615967,5.281232195461882e-05,2.891545662863943e-05,4.786092440320789e-05,0.00019977058976733707,6.952414315714465e-05,4.9508387149539e-05,2.9101767936660386e-05,3.12421700927035e-05,9.113849524603343e-05,0.00011867907096831207,LC_V20_H2p5_T7,0.00019977058976733707
4,submerged,9.869225230285252e-07,1.9568098978290724e-07,3.425700163677352e-07,2.0192722133087006e-07,4.0785941156479864e-08,4.541530165389877e-08,3.2242852835973586e-07,2.51877062818747e-07,5.233729587742383e-08,4.324787281941499e-07,4.71856431573433e-08,9.86121211620941e-08,6.618909650438881e-08,5.94796380137115e-07,2.582008275621116e-07,1.772127839428795e-07,8.390084811983413e-07,4.4209838727523035e-08,3.034521875243891e-07,8.178201768667403e-08,5.008580681480548e-07,1.2024589769403783e-07,3.321099217731077e-07,7.358606840585509e-07,5.355294772664216e-07,5.89959753580037e-08,1.1252944872444758e-07,6.734399898779948e-08,5.13889171127296e-06,6.329074740215355e-07,5.629807557620203e-06,6.9040050821243604e-06,1.130889332179664e-05,3.2384639605169846e-06,9.495458302169575e-07,6.571242042901871e-06,1.1097952083160089e-05,1.0066956804653099e-05,2.8004237267534682e-05,1.2408919714564961e-05,2.6192256213556907e-06,2.9554006211157192e-06,5.104409633320687e-06,9.405611489363533e-06,7.941079284416693e-06,3.658650290914697e-05,2.5999872261104982e-05,8.39134715731551e-06,5.319390682808224e-06,3.983020367325481e-06,2.7790078209031798e-06,1.3072813640779803e-05,2.924308866626743e-05,1.1088921715577168e-05,4.418269256155568e-06,5.274319058202782e-06,8.154814518270189e-06,3.977757699738884e-05,2.046390321609229e-05,1.0313887272322238e-05,5.529338971247854e-06,9.143218776166996e-06,3.7843547441641386e-05,1.2995631432412406e-05,9.115224913653403e-06,5.592015460857979e-06,5.846757407395616e-06,1.665686322559849e-05,2.278850651359829e-05,LC_V18_H2p0_T7,3.977757699738884e-05
5,submerged,1.0830499057751612e-05,6.236121697625161e-07,1.112738210488555e-06,7.492607303817605e-07,1.5537172261447197e-07,2.1926335029406286e-07,2.058152883073199e-06,1.6213300205685904e-06,3.644238812157128e-07,3.172795704278881e-06,3.533634061341431e-07,8.911645636600242e-07,6.226735044253009e-07,7.64063220822235e-06,3.3578309893385925e-06,2.3569620371978774e-06,1.156120490262143e-05,6.351760623978917e-07,4.8159961685417265e-06,1.3510354043112774e-06,7.0923124298146085e-06,1.7066947676646958e-06,4.895150499725962e-06,1.1085497941885366e-05,8.861960345741092e-06,1.0877389476231743e-06,2.2895773965388335e-06,1.4757239194155935e-06,0.00012488049326868543,1.5425626427342784e-05,0.0001370520052756574,0.0001702078531416668,0.00028183141872006857,8.421276148479937e-05,2.5296925698288568e-05,0.00011951704396124182,0.000203597001728682,0.00018461247898658188,0.0005221509717519062,0.0002409923698799324,5.326095481443951e-05,6.104681918333319e-05,9.218110461660999e-05,0.00016912048567477438,0.00014325842947151665,0.0006624180785184857,0.0004814489360039447,0.00015949723723068918,0.00010202803639634807,7.94719038884691e-05,6.760352747742194e-05,0.0003190674660110188,0.0007308101770059019,0.00028132107450160574,0.00011409449859928424,0.00014017018957826144,0.0001923086343099738,0.0009584254066369054,0.0005023747576944438,0.00026586824947453716,0.00014756230346449069,0.00022771106207597664,0.0009519043744051903,0.00034236062685135993,0.00024711583148542284,0.0001878880890231807,0.0002042524314904853,0.000595128453471745,0.0007247584169498417,LC_V18_H2p0_T7,0.0009584254066369054
6,submerged,5.941899811549735e-06,4.0470874096023415e-07,7.219523541084706e-07,4.733315570958637e-07,9.793670609137325e-08,1.3238631586887505e-07,1.2747498808603986e-06,1.0030066580086044e-06,2.2141014782638096e-07,1.9144276063348866e-06,2.1277869015787933e-07,5.19859433036191e-07,3.6104963047667277e-07,4.3271625940126906e-06,1.9017747257000876e-06,1.325917838026873e-06,6.476084339838772e-06,3.542438682681017e-07,2.648594973674152e-06,7.403957732530651e-07,4.002603310930539e-06,9.6190632327626e-07,2.7316514788376537e-06,6.16345585492297e-06,4.844288102665462e-06,5.88246316007897e-07,1.222135791702001e-06,7.831660059131102e-07,6.289337800307225e-05,7.769993175347437e-06,6.91116865782409e-05,8.580003864686256e-05,0.00014204415179759036,4.228427234064302e-05,1.2682067261747e-05,6.33259589817399e-05,0.00010778221801737347,9.773537592955096e-05,0.0002761518057801986,0.00012679273813041378,2.793110348040691e-05,3.2040368407924384e-05,4.982183693895209e-05,9.140967331136396e-05,7.729589617841122e-05,0.0003570586911615796,0.00025827986852518963,8.522804310881513e-05,5.431513721354508e-05,4.2135856427444034e-05,3.6628056807019675e-05,0.00017253697510689027,0.0003944274218179696,0.0001512259934484833,6.137057732198276e-05,7.49237754293279e-05,0.00010276788147200957,0.0005105196575699012,0.0002669704410780348,0.00014060590369072693,7.78018453208261e-05,0.00012312318206495572,0.0005133670626429832,0.00018343796363954565,0.00013180703341541581,0.00010179890704212487,0.00011019333302620459,0.0003190854809831192,0.0003983302081492241,LC_V20_H2p5_T7,0.0005133670626429832
7,submerged,3.2326777466717534e-06,3.593507860700887e-07,6.40465962168201e-07,3.8975235399700587e-07,8.004392732425504e-08,9.590864404562783e-08,9.89550298266775e-07,7.769542083775574e-07,1.627329013010286e-07,1.386068047921075e-06,1.51958215622327e-07,3.395320287695979e-07,2.3143476358369215e-07,2.585439559018504e-06,1.134587693689495e-06,7.697187540648727e-07,3.7341480909185222e-06,2.0155972186209264e-07,1.4310421002554401e-06,3.9564531720251264e-07,2.4183201876861635e-06,5.801544171187517e-07,1.6130855540937161e-06,3.5950052568169712e-06,2.6790554670142452e-06,3.0970380092555623e-07,6.181710112052558e-07,3.8381774263786903e-07,2.5690105920841294e-05,3.1747676901709922e-06,2.828189288394213e-05,3.5093691971191167e-05,5.805000029114204e-05,1.7110456721055822e-05,5.088302486337906e-06,3.122923146030731e-05,5.297070707380132e-05,4.79047264170294e-05,0.00013451668794699337,6.075943368523433e-05,1.3193736640130348e-05,1.500381004297152e-05,2.599138378190482e-05,4.7662029161832995e-05,4.0202365585034555e-05,0.0001842475088502953,0.00013105208243543854,4.26091522042457e-05,2.7083097848607832e-05,2.0596024766069625e-05,1.9389448497580197e-05,9.065978292465947e-05,0.00020467735617973014,7.718034244643752e-05,3.1329294540558255e-05,3.757601582975824e-05,5.237375863101592e-05,0.0002579441048324822,0.00013325106582627404,6.880162259932724e-05,3.747450968481336e-05,6.551981763967086e-05,0.0002699153940986243,9.468590314520326e-05,6.673673953931738e-05,5.4462015232148714e-05,5.803587966341849e-05,0.0001651645637888786,0.00022103114531923018,LC_V20_H2p5_T7,0.0002699153940986243
8,submerged,6.471892689652349e-07,1.90116520015994e-07,3.3839348755506863e-07,1.9447484857318474e-07,3.994431109178331e-08,4.320837185972019e-08,4.2342622676912984e-07,3.321315244231416e-07,6.659785651763885e-08,5.620877567830571e-07,6.142387012340882e-08,1.2581987967530296e-07,8.473724308807938e-08,7.59342670682835e-07,3.330972110941812e-07,2.1925105108877356e-07,1.057268127463814e-06,5.6661828859462666e-08,3.7672879525392643e-07,1.0258076295630236e-07,8.487738977547035e-07,2.0368708554173062e-07,5.519745704542853e-07,1.2248550622741076e-06,8.567837777664676e-07,9.555286206463769e-08,1.7420991749168054e-07,1.054263108459997e-07,5.242540383239987e-06,6.484597270031106e-07,5.748980976201965e-06,7.1490212574261745e-06,1.1758539512796217e-05,3.390618078628222e-06,1.0041292914322836e-06,7.389110626340085e-06,1.2499482318955788e-05,1.1271160855259764e-05,3.1333020527764404e-05,1.3766674656306332e-05,2.9061429635052544e-06,3.281177864647997e-06,6.0442785034748555e-06,1.1121226884643508e-05,9.394911070124291e-06,4.303031483256895e-05,3.0196322112849225e-05,9.656351632476068e-06,6.08370458838278e-06,4.501601744909477e-06,4.051529701161614e-06,1.8790312935500373e-05,4.145463672171246e-05,1.524020152991993e-05,6.144375148805369e-06,7.115945339333252e-06,1.0337267232548696e-05,5.011698116535581e-05,2.541825540659809e-05,1.2728141269638115e-05,6.755065328621084e-06,1.3148610985903784e-05,5.343074732745929e-05,1.8279486147089313e-05,1.2515202971808778e-05,1.0445807564543309e-05,1.0861355016016786e-05,3.0148744771309356e-05,4.5361652544807396e-05,LC_V20_H2p5_T7,5.343074732745929e-05
9,submerged,1.4063060424788781e-05,6.917102972168673e-07,1.2094988464214813e-06,8.394480486075266e-07,1.7089824635463053e-07,2.489772262677813e-07,1.7575727357733305e-06,1.3786829188504496e-06,3.2214045134455685e-07,2.7451850578823516e-06,3.0261672455319046e-07,7.78868744267328e-07,5.362865628105688e-07,6.5841852395020245e-06,2.893231687628055e-06,2.069084384106028e-06,1.0151107185638716e-05,5.576865026718409e-07,4.331644505227922e-06,1.2069856806313917e-06,4.357418913583961e-06,1.054633029994185e-06,3.2128509749457576e-06,7.27284293741535e-06,6.155596291941757e-06,7.103858487434592e-07,1.6247130710199882e-06,9.977782674823292e-07,0.00012252954039144366,1.5130316471790708e-05,0.0001336421862927198,0.00016582092718186135,0.0002723318484260836,8.039846870822147e-05,2.4065153112759854e-05,0.00010489150211852189,0.00017886797506309066,0.0001621999812199829,0.00045954155310859093,0.00021180553435872374,4.684256198299095e-05,5.344352865215796e-05,6.69367305316223e-05,0.00012314246368493254,0.00010447633480829821,0.00048505513631823683,0.00035425944938781054,0.00011824836011268702,7.602790269758593e-05,5.993200644378185e-05,4.550633310498738e-05,0.00021896472837322928,0.0005079325392263303,0.0002001107995682677,8.011465871804373e-05,0.00010063011711859193,0.00015253719851542944,0.0007534455269370203,0.000396841893144845,0.00020855077183703908,0.00011676143003526699,0.0001751203857461934,0.0007397796936724768,0.0002628894346833448,0.00019111099877492478,0.00011535188531065488,0.0001272113487522499,0.00037697934588889077,0.00044202674241768596,LC_V18_H2p0_T7,0.0007534455269370203
10,submerged,7.861663956718772e-06,4.470365986804156e-07,7.801766760262338e-07,5.274126995179815e-07,1.070056416819013e-07,1.4962845764119964e-07,1.0472511463843843e-06,8.216069725912702e-07,1.889277061568069e-07,1.6036541981058436e-06,1.7647818281138241e-07,4.4213798926500307e-07,3.035635248734031e-07,3.6702006545898086e-06,1.6079102325392702e-06,1.1427539041811803e-06,5.576867103043066e-06,3.0497782110759283e-07,2.337031159308317e-06,6.493261416342018e-07,2.312557372386397e-06,5.567740680158212e-07,1.7067045736683366e-06,3.847869315077432e-06,3.230231499884542e-06,3.7079527003327633e-07,8.366077425062324e-07,5.125114106618727e-07,6.340342362063998e-05,7.829217071638324e-06,6.921395670090201e-05,8.576572709736146e-05,0.00014070962306156608,4.1386347574848846e-05,1.2357526644028423e-05,5.5816881820552365e-05,9.51047343778729e-05,8.627150509903912e-05,0.0002440581680754331,0.00011202826022106723,2.4669192114295792e-05,2.8097342540024644e-05,3.63123107243641e-05,6.692873351053112e-05,5.6748904165242e-05,0.00026305994674775143,0.00019154113758608742,6.364069091905886e-05,4.084453783318337e-05,3.2009322786625165e-05,2.430707828637473e-05,0.00011666436248444247,0.00026978449596920447,0.00010597384830011469,4.239502874314932e-05,5.2957647053077224e-05,8.107861797630186e-05,0.00039944636218625817,0.00020940177463060915,0.00010925485912842286,6.0914930703129534e-05,9.330605083436252e-05,0.00039315166701037744,0.00013906227369288332,0.00010051339202846788,6.0308262000034406e-05,6.613637270260124e-05,0.0001950830861822283,0.00023259870758401112,LC_V18_H2p0_T7,0.00039944636218625817
11,submerged,4.532550642202e-06,3.8315629273044034e-07,6.671480785724076e-07,4.219505225321057e-07,8.491353266370297e-08,1.0627870841086394e-07,7.281088906323945e-07,5.697915579314606e-07,1.2455170204977e-07,1.042572580274747e-06,1.141888866464007e-07,2.642081697436478e-07,1.7936745823232773e-07,2.115864499278878e-06,9.214582049019175e-07,6.406805891436239e-07,3.0747575897180544e-06,1.6615362612618968e-07,1.2114698611721431e-06,3.335345939429823e-07,1.2236629158485757e-06,2.9416719695546623e-07,8.727769950149727e-07,1.947937683178046e-06,1.5677370193392888e-06,1.7606740935604068e-07,3.791758097109723e-07,2.304461179760358e-07,2.8479463434791064e-05,3.508789676992982e-06,3.1042723973099324e-05,3.827980742096993e-05,6.253888691307425e-05,1.8151410931235565e-05,5.3878937841692635e-06,2.745824534414119e-05,4.654690112303971e-05,4.221893959601097e-05,0.00011848324927310817,5.360635464413443e-05,1.1626103684108347e-05,1.3175232146931297e-05,1.9269099342182722e-05,3.5386796837792916e-05,2.999927929938919e-05,0.00013833144374846048,9.974447133872068e-05,3.2749686187477744e-05,2.0860424766782762e-05,1.6037043866791953e-05,1.2368299717763247e-05,5.8551982831087635e-05,0.00013324064987992832,5.156374775197847e-05,2.0627162220970947e-05,2.531398348074812e-05,4.0007650160199175e-05,0.0001952500936887931,0.00010134938705158158,5.167447316006429e-05,2.8233678306192792e-05,4.669566660210675e-05,0.00019488175428027842,6.775842441586802e-05,4.824192676710505e-05,2.8752130007366335e-05,3.0760177266862414e-05,8.938057503854135e-05,0.0001153038101460201,LC_V18_H2p0_T7,0.0001952500936887931
12,submerged,9.736414147814133e-07,1.956259440469953e-07,3.425054638790041e-07,2.016233656780573e-07,4.073207283839165e-08,4.5289904490717004e-08,3.220433800998524e-07,2.5177065239045733e-07,5.211142024975604e-08,4.32543873760058e-07,4.718552899812097e-08,9.839742523952779e-08,6.617121831212963e-08,5.90164424370479e-07,2.5665228307927777e-07,1.7482235534529263e-07,8.308685489920859e-07,4.40261344763159e-08,3.002567311960629e-07,8.117388080825623e-08,4.878911222663303e-07,1.1727929430329774e-07,3.235796407990748e-07,7.17246105770554e-07,5.193366051351422e-07,5.7486984207837174e-08,1.0876830554474998e-07,6.54261267558968e-08,5.070047109843003e-06,6.243503816992604e-07,5.5480497289735755e-06,6.815711035586328e-06,1.1123521140822736e-05,3.169601945991903e-06,9.306334060356551e-07,6.4400878345476586e-06,1.0894020225041291e-05,9.886988374568797e-06,2.747475217639231e-05,1.2181011255690559e-05,2.5680109077512984e-06,2.901041474534729e-06,5.041934233932039e-06,9.295738080695852e-06,7.852526374081614e-06,3.616148860911423e-05,2.5656494897322877e-05,8.263224397335454e-06,5.235910282657825e-06,3.912378766890559e-06,2.7292916806881103e-06,1.2820807517032665e-05,2.870465391532522e-05,1.0860596094670284e-05,4.330168703259074e-06,5.149062056787986e-06,8.046934981254283e-06,3.907819287928815e-05,2.0073527566083114e-05,1.0067940812154697e-05,5.380510031812672e-06,8.987174678901693e-06,3.716421965946898e-05,1.2761966822573412e-05,8.937102668802792e-06,5.6233168799661045e-06,5.881923998489929e-06,1.671065786035407e-05,2.2644777905638477e-05,LC_V18_H2p0_T7,3.907819287928815e-05
13,submerged,1.1148910839729699e-05,6.681708295999875e-07,1.190871189811191e-06,7.942765892661261e-07,1.6395076271017513e-07,2.3092810198880814e-07,2.1868409958381807e-06,1.7157439069770779e-06,3.895363277634778e-07,3.359568563246583e-06,3.6921694568825324e-07,9.373750282406921e-07,6.459386692694057e-07,7.2938163905917464e-06,3.2037889283922735e-06,2.26150555912099e-06,1.1088443181379588e-05,6.098052534929134e-07,4.68721267574635e-06,1.3100016831378743e-06,6.649294024347445e-06,1.592846029649749e-06,4.7140817426905685e-06,1.058534090473433e-05,8.591675791216288e-06,9.797166303093725e-07,2.156609492017063e-06,1.3455680080049391e-06,0.0001104144364162179,1.366378517916911e-05,0.00012054076035019641,0.0001500023954444218,0.00024791605452479667,7.429249900974127e-05,2.2346321388615173e-05,0.00011071828302602806,0.00018935319003521948,0.00017180893219658858,0.0004889985905653288,0.00022523572894079036,5.002530294542299e-05,5.720146745859005e-05,8.355006910586007e-05,0.0001527778734596506,0.00012932863702737134,0.0005973243568605138,0.00043343255666219283,0.00014373412198557332,9.211882773923931e-05,7.184751423754337e-05,6.176295712885097e-05,0.00029366788380571487,0.0006781721657522206,0.0002625088884077897,0.00010685243446040865,0.0001319725357479971,0.0001784039743424268,0.0008929601201082859,0.0004691753707819875,0.00024752907575258955,0.00013832184849183943,0.00021987549209909936,0.0009215922764425248,0.00033082328296834597,0.00023891510123433529,0.0001806365634144948,0.00019730772635424826,0.0005742728900199468,0.0007188433667166564,LC_V20_H2p5_T7,0.0009215922764425248
14,submerged,6.111102464207962e-06,4.277830711684466e-07,7.624886674672327e-07,4.960736930386831e-07,1.0231524464068533e-07,1.3834042818130486e-07,1.3353155160173994e-06,1.0477682738212534e-06,2.3373177680637672e-07,2.0076401805420313e-06,2.2033770587134723e-07,5.446170728275276e-07,3.737147314461677e-07,4.147163406440126e-06,1.8200466581863887e-06,1.2729246360441272e-06,6.223276802081838e-06,3.4101161574084793e-07,2.578826589259363e-06,7.191150417072484e-07,3.7989239820841554e-06,9.092750172386786e-07,2.658169786091255e-06,5.952943849462393e-06,4.759305019709157e-06,5.406613586331191e-07,1.1674048640683211e-06,7.269264779688727e-07,5.692221366165286e-05,7.0429550187177235e-06,6.211083375745075e-05,7.733409396293113e-05,0.00012778929372112623,3.8169424800489896e-05,1.1459906642333292e-05,5.967592298750953e-05,0.00010185526912729205,9.237474093409341e-05,0.0002621682454548561,0.00012024707189574722,2.6574830650231487e-05,3.0353327456149628e-05,4.610173133967113e-05,8.432213070006086e-05,7.134498356779409e-05,0.00032916662079307687,0.00023778346672837655,7.853723411522678e-05,5.02603186799144e-05,3.89895983803765e-05,3.395984067773982e-05,0.00016083766196965421,0.00036996044154517853,0.00014261993981043179,5.8086180766552435e-05,7.136072361866894e-05,9.677092618547506e-05,0.00048330353666988684,0.0002532235636580266,0.00013272035107236615,7.382061693563774e-05,0.00011987865150876516,0.0005010134896619079,0.00017892224491754052,0.00012858020877945726,9.909355669895092e-05,0.00010768694428775717,0.00031178890285549676,0.0003976739212885867,LC_V20_H2p5_T7,0.0005010134896619079
15,submerged,3.314056162673849e-06,3.5799420392587937e-07,6.383739579400884e-07,3.8863974696002926e-07,7.994412835355982e-08,9.648983208039062e-08,9.875950489398715e-07,7.753918101884594e-07,1.6286973656737011e-07,1.3877177044926555e-06,1.5208792513790215e-07,3.4224103941867355e-07,2.3296475352185332e-07,2.5572439553151667e-06,1.1207400186608556e-06,7.631611704353985e-07,3.692258546305259e-06,1.993202333711833e-07,1.419039087739299e-06,3.9195351194231107e-07,2.4059450768412826e-06,5.776932793177594e-07,1.616440599082374e-06,3.602168270616547e-06,2.7031426096143605e-06,3.071564314228603e-07,6.157433286568149e-07,3.805825428878925e-07,2.5129929577230684e-05,3.109290845369901e-06,2.7579744746138916e-05,3.42904911157424e-05,5.6542762716440477e-05,1.67284519452956e-05,4.994375642415132e-06,3.100209958627046e-05,5.256241234228063e-05,4.755205349732905e-05,0.00013344072196207316,6.027636940629986e-05,1.3095531779617844e-05,1.4884583270192854e-05,2.5653343504820223e-05,4.697865688760765e-05,3.9689288290926056e-05,0.00018251584542045265,0.00012996275230677136,4.2328395481435955e-05,2.6854791238346717e-05,2.042522606731782e-05,1.9001165341802586e-05,8.912568471130142e-05,0.0002012844390857802,7.61541943306785e-05,3.101112065756387e-05,3.732094067057337e-05,5.136159019712111e-05,0.0002535734037088659,0.00013147089654684806,6.795314356486642e-05,3.707683604715777e-05,6.485784037371265e-05,0.00026774926897097967,9.409713515648007e-05,6.642821085983658e-05,5.3806928887027456e-05,5.744755681221759e-05,0.00016405212127075216,0.0002216886987660711,LC_V20_H2p5_T7,0.00026774926897097967
16,submerged,6.588466116067899e-07,1.8912719644675482e-07,3.366950400444597e-07,1.936886076593826e-07,3.976261790613451e-08,4.307226895629029e-08,4.2249891155111304e-07,3.313177666436566e-07,6.671398608991848e-08,5.616666681839334e-07,6.139032960355077e-08,1.261958554871299e-07,8.505075225376582e-08,7.609851539892601e-07,3.331200998148249e-07,2.207229970911329e-07,1.0605958517382129e-06,5.664981531101888e-08,3.7756754355685523e-07,1.0276396258104255e-07,8.471481120237391e-07,2.0302315346885537e-07,5.486097267510122e-07,1.2194539479516267e-06,8.571040598092476e-07,9.609646013892745e-08,1.7568198211543554e-07,1.063818443887942e-07,5.28627003213182e-06,6.537402889149356e-07,5.795028187810513e-06,7.202384329637898e-06,1.187549105119137e-05,3.436238291010599e-06,1.0172194435648137e-06,7.455535881231766e-06,1.2615065150769117e-05,1.139007604036592e-05,3.166938667542477e-05,1.393395124597936e-05,2.949778712944475e-06,3.3267655516396333e-06,6.108161110125761e-06,1.1239252882687615e-05,9.492661241134532e-06,4.350313323489262e-05,3.057765262700187e-05,9.79191402201492e-06,6.177120264309655e-06,4.580373252973901e-06,4.08154381368948e-06,1.8929188994989697e-05,4.182032124999532e-05,1.539925548550837e-05,6.206682968255352e-06,7.210154615706524e-06,1.0343782000765641e-05,5.023102022911222e-05,2.552185053741859e-05,1.2800812099134279e-05,6.808842291728183e-06,1.3101655361221966e-05,5.3224141117644355e-05,1.8228262143295205e-05,1.2514681338467378e-05,1.0401652593257513e-05,1.0829166165226385e-05,3.013464976180183e-05,4.52930529564299e-05,LC_V20_H2p5_T7,5.3224141117644355e-05
17,submerged,3.002710761655739e-06,7.84254167690042e-07,1.3656459535144103e-06,7.856988564633435e-07,1.5815982401028793e-07,1.6845072045553082e-07,1.0533930260264427e-06,8.201808644635591e-07,1.649762257352215e-07,1.3559455632309323e-06,1.4798381952156084e-07,2.90346706867882e-07,1.9510289555436765e-07,1.418141803128683e-06,6.144691150205813e-07,4.100469597957253e-07,1.9245287510750274e-06,1.0129227313395751e-07,6.512760621743184e-07,1.7533251361442818e-07,1.5236903294501947e-06,3.656763617945049e-07,9.55635782528989e-07,2.1142417437461945e-06,1.4374078441289617e-06,1.5763991173760799e-07,2.753795241730938e-07,1.6556430249756158e-07,8.528544521904216e-06,1.051083737018499e-06,9.297220542246398e-06,1.1406598474659376e-05,1.8417294844843036e-05,5.157149366689144e-06,1.5293368936167347e-06,1.5290806452605302e-05,2.5717647368366563e-05,2.3293110263794167e-05,6.381568403331591e-05,2.772875274643362e-05,5.697470101636067e-06,6.466181538285587e-06,1.4157031096826818e-05,2.6006597882516036e-05,2.1961504387498624e-05,9.969785724939842e-05,6.930277828358861e-05,2.1896368240492625e-05,1.387831603864121e-05,1.0113338308432364e-05,6.821222448002053e-06,3.170008853827101e-05,6.990696954231306e-05,2.564698546012694e-05,1.0290888683260798e-05,1.1844343261039676e-05,1.7146326265527397e-05,8.264268413443213e-05,4.212310143866853e-05,2.0782611526802855e-05,1.091301302657719e-05,1.914140955283251e-05,7.857777189095788e-05,2.655175271778256e-05,1.824569093163881e-05,1.2424864804032466e-05,1.2747444695552075e-05,3.5323357494066346e-05,5.444138611124708e-05,LC_V14_H1p5_T6,9.969785724939842e-05
18,splash,0.00047896418062666815,0.000233013537644029,0.00040657030626616605,0.00022976987074559894,4.6520864816280324e-05,4.8192854209544104e-05,0.00038746462499509264,0.00030266773922575977,5.81999140980956e-05,0.0004889964765620747,5.363852108535495e-05,0.00010059120750552775,6.840034481161383e-05,0.0004711912212753537,0.00020534048819874904,0.00012985141036609104,0.0006190471054889719,3.3365288414289104e-05,0.00020164074771856312,5.53853437785655e-05,0.0003271730308360304,7.852457125653065e-05,0.00020305174254387395,0.00045032992664175613,0.000293005285927977,3.267916302805251e-05,5.351753698973502e-05,3.251948993383482e-05,0.0006144809514536989,7.583806938577206e-05,0.0006653170477479425,0.0008194889936058145,0.0013033324708903828,0.00036039910672608263,0.0001080194513927003,0.0008910759386157737,0.0014972297770569542,0.001357305294549739,0.0036933145289623293,0.0015893829871038742,0.00032090839172524795,0.00036812485976036354,0.0006658874576763621,0.0012102224191231192,0.0010253580781378051,0.004598528506303764,0.0031709112016832766,0.0009780307100118882,0.0006286190761622755,0.00044702252446433133,0.0003579736270431464,0.0016641346708618323,0.003660748503392036,0.0013281547679900043,0.0005386348821398759,0.0006118239749145097,0.0007197336550151001,0.0034736267874736666,0.0017459798927878362,0.0008645737938763673,0.0004463709607321096,0.0008031604114300469,0.0032566127151614868,0.0011083264105381516,0.0007496139479931152,0.0006489965466090333,0.000668488999145471,0.0018237201918182204,0.002366215871681197,LC_V14_H1p5_T6,0.004598528506303764
19,splash,0.00036532808656481065,0.00018398963443438333,0.00032090895143832907,0.00018121991924424216,3.6686686159909816e-05,3.7953328806868256e-05,0.00028039739370372353,0.00021905208615611102,4.2117773637403655e-05,0.0003541365050259049,3.8843325592017554e-05,7.287289501313456e-05,4.956022849224529e-05,0.0003017581487272487,0.0001313345136255108,8.404576890791507e-05,0.00039779441865956327,2.136452556292614e-05,0.00012958274082508524,3.551648729423375e-05,0.0002271450614755768,5.4486812335134096e-05,0.0001419067566990318,0.00031386949780864515,0.0002050607669114846,2.280643497768724e-05,3.749917649123268e-05,2.2798327735834074e-05,0.0003262000329564708,4.0167045497241354e-05,0.00035860030275967165,0.0004385098654737242,0.0007034687990055766,0.0001944115054921575,5.8065147060329565e-05,0.000612688881802182,0.0010340222277209089,0.0009368386563704945,0.0025581692574612974,0.0011025593946197912,0.00022298305713481446,0.0002556238618670015,0.0004765082739481227,0.0008665323508251884,0.000734031998640351,0.003290970002019485,0.002268437031159025,0.0006989972029796951,0.0004497103737670691,0.00031930536683944227,0.0002400883402202373,0.0011190580848405263,0.002466688867369748,0.000897164293510251,0.0003643630026607362,0.00041376987928085605,0.0004639423421528637,0.0022468287131480677,0.0011328859013701575,0.000561958834034173,0.00029069626435631316,0.0005323711457777303,0.002166701679478825,0.0007400261702032227,0.000501739797925368,0.0004472732659089653,0.000462541889806037,0.0012637407496988576,0.0016457633722576715,LC_V14_H1p5_T6,0.003290970002019485
20,atmospheric,1.1552663327248597e-06,4.6325231032681203e-07,8.08487674091331e-07,4.568783929643159e-07,9.246875648678931e-08,9.589433888014051e-08,4.780379536972792e-07,3.7082880257011065e-07,7.419372283308456e-08,6.032382058987354e-07,6.575881846703688e-08,1.2595096497972523e-07,8.466514662531463e-08,4.8979771580487e-07,2.1253777142798188e-07,1.387526414946686e-07,6.491009108039801e-07,3.448496661118925e-08,2.117707260310167e-07,5.7535037491582566e-08,7.822914177245499e-07,1.86790750275871e-07,4.943647815942508e-07,1.0800876484045399e-06,7.081086951660793e-07,7.77470755583013e-08,1.281589571361224e-07,7.761354156504853e-08,2.946808631770898e-06,3.6289982910295946e-07,3.200573381615868e-06,3.926836543045936e-06,6.237064093743801e-06,1.7144881792765311e-06,5.13568865860818e-07,7.828318593324699e-06,1.3175152289235554e-05,1.1910076128794215e-05,3.241119053832778e-05,1.3894155492965644e-05,2.7963810507273693e-06,3.2013311225120566e-06,7.756418321522994e-06,1.4115573122143901e-05,1.1930406807487291e-05,5.348992175083559e-05,3.676103561108179e-05,1.1329060202741255e-05,7.263049165262253e-06,5.154113776355361e-06,3.5242884140052473e-06,1.6307372188327085e-05,3.567428913889536e-05,1.2915133844644368e-05,5.241399656419625e-06,5.9146157854533465e-06,7.992155207788683e-06,3.8304357765067244e-05,1.9185939943003656e-05,9.42414906688239e-06,4.84127566738864e-06,8.982122164859476e-06,3.634521118544362e-05,1.2294793107616605e-05,8.27093162541113e-06,6.564990453297952e-06,6.727270044331412e-06,1.82842988807549e-05,2.5802107045128222e-05,LC_V14_H1p5_T6,5.348992175083559e-05
21,submerged,1.9683650020564373e-06,7.573105009619488e-07,1.346633734369199e-06,7.500958374893755e-07,1.5444951835464444e-07,1.584489415182973e-07,1.5122391472291054e-06,1.1861639851667686e-06,2.3020842646542298e-07,1.9373433879246796e-06,2.1203324997093566e-07,4.0841725764751434e-07,2.7569685490586286e-07,2.20971177644766e-06,9.685923177389807e-07,6.178754132632671e-07,2.9602367191430066e-06,1.5896632802263624e-07,9.900193068281661e-07,2.689875173078267e-07,2.8339991916274304e-06,6.810474590527942e-07,1.791689931685891e-06,3.959986300232215e-06,2.638723303003869e-06,2.944786921536391e-07,4.980444328516661e-07,3.023235682133746e-07,1.0893298567657504e-05,1.3465275531587186e-06,1.1774250284116904e-05,1.4571700031631302e-05,2.341767171296729e-05,6.5899023551965485e-06,1.963914656158579e-06,1.8032866311077256e-05,3.057544333683012e-05,2.754146358025229e-05,7.57493023180137e-05,3.2689531113332525e-05,6.716649032892538e-06,7.591337245328189e-06,1.5821903664486085e-05,2.9008239065485965e-05,2.4492715669229925e-05,0.00011120667550570944,7.700460828823908e-05,2.419967994520741e-05,1.5268073330234595e-05,1.1048191246979162e-05,9.725206621810449e-06,4.494091079675802e-05,9.834181080458257e-05,3.59294472971451e-05,1.4497138075032751e-05,1.6545275686153798e-05,2.3178693947797894e-05,0.00011198277450043733,5.644058242541939e-05,2.8001987382893802e-05,1.4588280779683212e-05,2.950223544890641e-05,0.00011927224693869094,4.060577970844724e-05,2.7526189598582552e-05,2.249029598242123e-05,2.329531776115971e-05,6.420670173240306e-05,0.00010486588600843576,LC_V20_H2p5_T7,0.00011927224693869094
22,splash,0.0003668393536137791,0.00021520786255280915,0.0003791508312364504,0.00021138647774040384,4.320840416877082e-05,4.4067889256070395e-05,0.0005169658445967098,0.00040483594392427716,7.655024676034182e-05,0.0006508193916625543,7.159992907573032e-05,0.00013266468804072742,9.073981429642349e-05,0.0006814256342396053,0.00029856457793005784,0.00018368169927765379,0.0008870623595157117,4.845782607715612e-05,0.00028776513549380833,7.977863773388116e-05,0.0005425221557641683,0.0001303278590618454,0.000334146007842967,0.0007443692571316291,0.00047808017786500303,5.409658099012731e-05,8.691452748788981e-05,5.342319189990863e-05,0.0008091937435709234,0.00010001420697903082,0.0008690818514730852,0.0010763418885303107,0.0016953551408335106,0.0004681902831885228,0.00014131790498351046,0.001035434034884059,0.0017378897188449851,0.001577631286518262,0.0042866456467795,0.001844525660667356,0.00037196098027139553,0.0004273523057978798,0.0007254918043764575,0.0013131158409813632,0.0011146093474776408,0.0049765433819468664,0.0034241148523218887,0.0010522538697929121,0.0006775095200225653,0.000480115491159178,0.00045583985888674806,0.002116673735520153,0.004656999147195867,0.001685876087201752,0.0006880070558709892,0.000778331936033592,0.0009206743595784,0.0044601201115271405,0.0022329590898056773,0.0011104949222205463,0.0005717095102359155,0.001057099809174844,0.004259259046849466,0.0014587999445033323,0.0009834381050074926,0.0009203037015160036,0.0009535990698897904,0.002590315315674244,0.003444257339237824,LC_V14_H1p5_T6,0.0049765433819468664
23,splash,0.0002833389921424493,0.00017089204936500795,0.0003007736521811339,0.00016774013602965086,3.4269719458025335e-05,3.4938192899861676e-05,0.0003864693183273488,0.0003026059799701142,5.7312967478743145e-05,0.00048630709447695323,5.350682126158957e-05,9.905806149775192e-05,6.775181577746076e-05,0.0004744586464506963,0.00020748602588565297,0.00012894831865366523,0.0006192692518275963,3.3710553076845174e-05,0.00020092212448682666,5.5597759731465337e-05,0.0003934791272189586,9.4492765898639e-05,0.00024271158552223,0.0005396977914615946,0.0003466901826734704,3.916529191649649e-05,6.287905177758056e-05,3.8648107153090817e-05,0.00048591147134296884,5.999543768060592e-05,0.0005281143436886078,0.0006509018081353522,0.0010348368475256602,0.00028640997473226024,8.613524636180064e-05,0.0006914058410291005,0.0011661554831434576,0.001057577420544678,0.002885983848880497,0.001244167135638189,0.00025166539920178457,0.0002885089714881938,0.0005050661997593595,0.0009149269036558241,0.0007767309349011465,0.0034722755722666927,0.002393443072180054,0.0007364184673402814,0.00047461776150894226,0.0003366886464729861,0.0003021874777577976,0.0014080044119100662,0.003108048840251069,0.001125613360678377,0.00045942201469910854,0.0005208148700375473,0.0005712201206531782,0.002770211319687017,0.0013907907480130864,0.0006922310158747081,0.0003571653973453166,0.0006479357094237789,0.0026162734286603235,0.0008978203896266008,0.0006066740748979212,0.0005668480554628455,0.0005886318708849476,0.0016018624543703511,0.00218540249605505,LC_V14_H1p5_T6,0.0034722755722666927
24,atmospheric,7.714365359250358e-07,4.5325280764105066e-07,8.037946551587073e-07,4.437846510814013e-07,9.129069285035136e-08,9.209909059307155e-08,7.40654422996413e-07,5.801049477987907e-07,1.1102066584668258e-07,9.31598286921241e-07,1.0246768139673278e-07,1.9080816787892251e-07,1.2985239001917312e-07,9.369996955398062e-07,4.0912359080604656e-07,2.568741856392635e-07,1.2250304226392259e-06,6.622709916321114e-08,3.9759249887973335e-07,1.0932432240237268e-07,1.5633661848457002e-06,3.7391631726947044e-07,9.73502225035954e-07,2.153130732114008e-06,1.389270872955111e-06,1.5549044778773967e-07,2.512620211142136e-07,1.537790587877778e-07,5.031753724873601e-06,6.204043463614103e-07,5.437064221801018e-06,6.713098542079897e-06,1.0606430100747872e-05,2.925749586669139e-06,8.812988086286796e-07,8.520041802081787e-06,1.4340820972863015e-05,1.2978669316723734e-05,3.5327021604020435e-05,1.5156174302669637e-05,3.0554952986465368e-06,3.495650572344598e-06,7.881695557489663e-06,1.4202394926108557e-05,1.2064381477521088e-05,5.3651567206004745e-05,3.680441506835858e-05,1.1284421071221221e-05,7.26575507641257e-06,5.133665516930061e-06,4.696229703018715e-06,2.1695138368744073e-05,4.749864610061735e-05,1.7111432347116698e-05,6.975783938374855e-06,7.855182986948943e-06,9.824546905327613e-06,4.7225794603428746e-05,2.3552349568054744e-05,1.1638209684301173e-05,5.9635137145876665e-06,1.097237787270964e-05,4.3994282010461674e-05,1.4968837667722207e-05,1.0038103702154905e-05,8.339277228566176e-06,8.591872520266501e-06,2.323287328205614e-05,3.966296348749241e-05,LC_V14_H1p5_T6,5.3651567206004745e-05
25,submerged,3.025206560342452e-06,7.849994841621952e-07,1.3729702783494784e-06,7.860960866783589e-07,1.5841786437338805e-07,1.6853128781454386e-07,1.0656773500089775e-06,8.307874907864653e-07,1.662283445859808e-07,1.3724371634200324e-06,1.4989144252876131e-07,2.9316950241281815e-07,1.9744904495333843e-07,1.4096028232577161e-06,6.119557613777443e-07,4.058925797418814e-07,1.913870543486048e-06,1.0122151157445265e-07,6.473866163503575e-07,1.7484618088780643e-07,1.477691663501947e-06,3.5522550022703333e-07,9.285607228913775e-07,2.0594241100430934e-06,1.3931885145225254e-06,1.5344865047570632e-07,2.6591870129950496e-07,1.6032280278200138e-07,8.335392298768344e-06,1.0274208832569177e-06,9.045153796351797e-06,1.1096727386831882e-05,1.7846567706829248e-05,4.9857072035878844e-06,1.4781391478661375e-06,1.4839772835925242e-05,2.4931943640025276e-05,2.2619988191742815e-05,6.199890102991214e-05,2.6955713185458578e-05,5.529722350017084e-06,6.299907647635219e-06,1.3833633614457669e-05,2.5419663331421887e-05,2.1452116731250097e-05,9.74677862856493e-05,6.759007863181723e-05,2.1372027997587577e-05,1.351175461441017e-05,9.843477118498504e-06,6.703307497457496e-06,3.117115047286315e-05,6.871018796855465e-05,2.517962766001196e-05,1.010226840799222e-05,1.1611936364020527e-05,1.6953187483630338e-05,8.170681768680037e-05,4.16470786624657e-05,2.0517517531099647e-05,1.0768561547963813e-05,1.8998832509219636e-05,7.805720731114812e-05,2.6319811646328018e-05,1.8059284481788144e-05,1.2457003709821797e-05,1.2773581866474948e-05,3.533954536483765e-05,5.430084875495878e-05,LC_V14_H1p5_T6,9.74677862856493e-05
26,splash,0.000481158268544359,0.0002332245349004194,0.0004068790633509442,0.00022995487326741166,4.6549181754421034e-05,4.823454842767357e-05,0.0003881402031957361,0.000302982496253548,5.861240196885627e-05,0.0004900225319053771,5.37123497719784e-05,0.00010103210859127008,6.85919462893418e-05,0.0004726962046523173,0.00020585230190436874,0.0001309513743151345,0.0006225340962274478,3.348509190558022e-05,0.0002030392557596921,5.570009406878365e-05,0.0003240544469547469,7.772727097831884e-05,0.0002028735451797705,0.0004473174821765802,0.00029360954572499445,3.2418948655906136e-05,5.358589949998868e-05,3.2400342677340125e-05,0.0006086617712267615,7.504451716523287e-05,0.0006617647899515428,0.000813066115408351,0.0012952881799552461,0.0003574592564541159,0.00010687897638099301,0.0008755416419438008,0.0014721760676842737,0.0013348668735045858,0.0036355156914419868,0.001565973289320719,0.00031655329276872475,0.00036311367694936514,0.0006561158035885519,0.0011929296129267154,0.001010107061701795,0.004531101394615219,0.003120559243783788,0.0009625797293978803,0.0006177257455881255,0.00043908448230766203,0.0003546252165021225,0.001650148511616111,0.0036312343027418733,0.0013185415644870252,0.0005340918478999276,0.0006067915605334137,0.0007164004306038166,0.0034555293555689317,0.0017376611487713626,0.0008587054914723015,0.0004431558913557018,0.0008030032419165543,0.003258478593491305,0.001108509181790516,0.0007499631202108604,0.0006496640878221537,0.000669488287695452,0.0018257392071260284,0.002363323100024054,LC_V14_H1p5_T6,0.004531101394615219
27,splash,0.00036651748907375406,0.0001855013492484866,0.0003235577955273958,0.000182718730617271,3.69906617171489e-05,3.826862627178207e-05,0.0002862827310802459,0.00022347651311495787,4.325026679903576e-05,0.00036160628561797376,3.9639033009180416e-05,7.459774537229266e-05,5.0639044599583515e-05,0.0003076729352846443,0.00013389409457079704,8.591723236553561e-05,0.0004060836929006269,2.1788073163331227e-05,0.00013239698223930753,3.6252676939274795e-05,0.00023230229241909904,5.5728750641264715e-05,0.00014594771696187957,0.0003217037013564744,0.00021106063986199328,2.3364218534560658e-05,3.855469210714045e-05,2.3363291429790903e-05,0.0003227282334567363,3.971355963374131e-05,0.00035563563567802474,0.00043472100618367136,0.0006984167509773236,0.0001931733266823479,5.76572560784982e-05,0.0006007580322756357,0.0010151783659457353,0.0009190430785162835,0.00251205469068556,0.0010826519664748871,0.00021915644347664847,0.0002509231679427526,0.0004682012517823743,0.0008517951299913687,0.0007215167232108294,0.003236131394733079,0.002230963752167868,0.000687916596431239,0.00044227854573419297,0.00031419932788553494,0.0002334238622129018,0.0010883613129753706,0.002399590786473562,0.00087303287425663,0.0003544990946356132,0.00040274542635378765,0.00044863020960696557,0.002172458284830878,0.0010956471230868176,0.0005434209404364394,0.00028120644233876804,0.0005180802395828832,0.002109831167845614,0.0007204540349480609,0.0004886616945489743,0.00043416074452180516,0.00044895486344212314,0.0012276834975642774,0.0016053287920574824,LC_V14_H1p5_T6,0.003236131394733079
28,atmospheric,1.1491742954034191e-06,5.090186572827799e-07,8.906979300554528e-07,5.0154291547715e-07,1.017868577552093e-07,1.0510149600986168e-07,5.400449882435546e-07,4.197419421084961e-07,8.332693356551045e-08,6.809554936092597e-07,7.434552580336927e-08,1.4165444250948436e-07,9.543161839384157e-08,5.333019238008707e-07,2.3135643330849848e-07,1.5139288645629238e-07,7.08400440254586e-07,3.76044996521589e-08,2.3145650238230281e-07,6.289577820253546e-08,8.846103376449322e-07,2.1287778208555812e-07,5.436104019063909e-07,1.2077140076742382e-06,7.775582136257585e-07,8.768027149139409e-08,1.4108851293038938e-07,8.630959544619431e-08,2.8198134819083282e-06,3.4525332817809154e-07,3.133953778772099e-06,3.815050422332441e-06,6.146053790553825e-06,1.693406737296768e-06,5.031050506238132e-07,7.599785341972782e-06,1.2818519481780578e-05,1.1581503770374518e-05,3.157022445277215e-05,1.3542349902838349e-05,2.734572452406013e-06,3.1227811913875888e-06,7.363532664910225e-06,1.3374551887149034e-05,1.1327267565013875e-05,5.0714758932762625e-05,3.487986680621251e-05,1.074494734248249e-05,6.901099651789972e-06,4.899325246209966e-06,3.1699256441420684e-06,1.4667595560150387e-05,3.2107317764594846e-05,1.1619496151901566e-05,4.7274850726052416e-06,5.331181498244011e-06,6.950322585334803e-06,3.330427174937111e-05,1.6705957953578075e-05,8.205988238606243e-06,4.215837263394646e-06,8.086981453443637e-06,3.2797793395981974e-05,1.1084642451937835e-05,7.479753463748991e-06,5.303304370894899e-06,5.439828395699625e-06,1.4781594786954853e-05,2.2473542334390307e-05,LC_V14_H1p5_T6,5.0714758932762625e-05
29,submerged,1.9576195167639252e-06,7.622703138601533e-07,1.3552318159435238e-06,7.554131019245592e-07,1.5545388049067144e-07,1.5953473029256214e-07,1.5094984967755505e-06,1.1839248536653974e-06,2.295426837008386e-07,1.935827989642744e-06,2.1197601023566185e-07,4.0845228252583117e-07,2.7608353492224257e-07,2.211524402906122e-06,9.696412978849192e-07,6.148980515176382e-07,2.9531068695117366e-06,1.5882283930199265e-07,9.84493339906197e-07,2.6813141628098836e-07,2.874349848531042e-06,6.911546910919886e-07,1.8063168190920686e-06,4.008329146474381e-06,2.6717610368203392e-06,2.998610381143667e-07,5.070923543221208e-07,3.0866912969740975e-07,1.1110144687201209e-05,1.3720008523777304e-06,1.2009088317063306e-05,1.4868753673574517e-05,2.3854073647577815e-05,6.736259618826005e-06,2.008019928462022e-06,1.8448707007850597e-05,3.1310096993111707e-05,2.821446989006955e-05,7.767955850942949e-05,3.355408910537755e-05,6.911625276763287e-06,7.808305146646008e-06,1.6137743629996385e-05,2.9540265971006987e-05,2.4967916609144475e-05,0.00011321429845220557,7.847343148422326e-05,2.4634865181800095e-05,1.5575514319360493e-05,1.127490347256909e-05,9.825282326508655e-06,4.5408015450881713e-05,9.948132717312577e-05,3.6344709149315845e-05,1.4680766742017554e-05,1.676715698607942e-05,2.3209372034450756e-05,0.00011228823346312284,5.6626958874710735e-05,2.8170269299143626e-05,1.4681322117518528e-05,2.942520890007025e-05,0.0001189009934289609,4.051771332770854e-05,2.7486320537753926e-05,2.245230645175447e-05,2.325399309453268e-05,6.416584377389424e-05,0.00010459648993861865,LC_V20_H2p5_T7,0.0001189009934289609
30,splash,0.00036435156431587794,0.00021550700608107595,0.00037956716120315367,0.00021169657751480674,4.326824057936122e-05,4.414105234864835e-05,0.0005153362604866714,0.00040375025085913867,7.613076357898194e-05,0.0006489533090834111,7.142741222119249e-05,0.00013216914131403444,9.048701192125821e-05,0.0006792850071501196,0.0002978346390412067,0.00018233643460815473,0.0008825257885098883,4.8289003990510116e-05,0.00028586208591423613,7.9351223558577e-05,0.0005437560596183489,0.00013065733891302775,0.0003340192806148221,0.0007457249906761085,0.0004780702108043983,5.436248464243267e-05,8.714314798433716e-05,5.37242131649884e-05,0.0008134025754899259,0.0001006050878578795,0.0008722704818440387,0.0010820932548732197,0.0017033447365268975,0.00047146158239774115,0.00014253141541680398,0.0010511104446428814,0.0017648554479785057,0.0016032558315326776,0.0043580885831785154,0.0018755778343097205,0.0003784267760476033,0.0004345698444336274,0.0007341087845447597,0.001327350658845282,0.001127284458634189,0.005030536856370818,0.0034628848955354824,0.001064260226992369,0.0006858251493482771,0.00048623925459182274,0.0004587487699606788,0.00212972411791573,0.004685774487641657,0.0016946860775276151,0.0006922295362835302,0.0007826163270445119,0.0009215196595807758,0.004462536177862039,0.002233846997472695,0.0011112468459306027,0.0005722947917871692,0.0010562627154757777,0.00425345216467256,0.0014569220365337914,0.0009822510807193292,0.0009198174606876852,0.0009529244056070003,0.0025895943047349462,0.003435456096565441,LC_V14_H1p5_T6,0.005030536856370818
31,splash,0.00028325072106910354,0.00017284264006411495,0.00030421338421805305,0.00016966188543119802,3.466482928265087e-05,3.534139789251671e-05,0.00038677187799059386,0.00030289196581679504,5.728111019598816e-05,0.00048664417546402596,5.3555776783481184e-05,9.907269805547237e-05,6.779332411902999e-05,0.0004755925053029416,0.00020805048441530964,0.00012905567118440083,0.0006203951684931279,3.3797288677917876e-05,0.00020124728328974257,5.570739284770298e-05,0.0003992283580493641,9.590010586965342e-05,0.0002458625509304714,0.0005473575510019257,0.0003509488732602954,3.9749257191615215e-05,6.363719580078651e-05,3.917746809155752e-05,0.0004902865724345478,6.053613027639817e-05,0.00053323145058411,0.0006570967909284339,0.0010448890160484085,0.00028919246242443297,8.698537935453927e-05,0.0007039690006030852,0.00118571259947009,0.0010757004741004648,0.0029318864654103243,0.001263466760262218,0.00025516801401328907,0.00029297319832657394,0.0005127176816327423,0.0009288735246388385,0.0007885649649761528,0.0035252084759484713,0.002429857015024886,0.0007474234416319538,0.0004817794754530579,0.0003416928918290354,0.0003071049280981411,0.0014311858770008612,0.0031594131772714534,0.001144530510571505,0.00046697540872043115,0.0005294311752042709,0.0005796240149564058,0.0028122958603073386,0.001411167151907691,0.0007028820030537526,0.0003624995681631819,0.000656900401320749,0.002651648071172961,0.000910341001820589,0.000615065196960987,0.0005759560891156481,0.0005981111773597855,0.0016270791096632566,0.0022201402645910064,LC_V14_H1p5_T6,0.0035252084759484713
32,atmospheric,7.796813068845842e-07,5.048169674828548e-07,8.951410543551544e-07,4.939655848681503e-07,1.0168380517049487e-07,1.025018381384594e-07,7.790558670550058e-07,6.106767071023713e-07,1.1593186277711443e-07,9.804110790610658e-07,1.0787662745910162e-07,2.0011508933393628e-07,1.3661545729270401e-07,9.837355847655807e-07,4.2976830361833294e-07,2.7044053872012017e-07,1.2872912466537288e-06,6.954819289923161e-08,4.1787198455273756e-07,1.1474700151983234e-07,1.7666545710942445e-06,4.2534358710433986e-07,1.0837320903429544e-06,2.4098691416013694e-06,1.545900816664405e-06,1.7519900451880164e-07,2.800550283167612e-07,1.7211686778445923e-07,4.841457106058896e-06,5.968499606887086e-07,5.259741881390541e-06,6.474022794261065e-06,1.0278492327277444e-05,2.838353757319527e-06,8.525601926946147e-07,9.108193595370947e-06,1.534696167369944e-05,1.388320711138053e-05,3.785830599566529e-05,1.625391811318855e-05,3.282625433401914e-06,3.7489876776115206e-06,8.024295684003965e-06,1.4483401669786812e-05,1.2306052393223507e-05,5.480727949427226e-05,3.765451477052728e-05,1.1556941004131349e-05,7.441453595454415e-06,5.266705660137745e-06,4.837466680422846e-06,2.24127334873234e-05,4.911670193308202e-05,1.771883071733922e-05,7.20870307770999e-06,8.135582179143597e-06,9.054143136394566e-06,4.362154560663385e-05,2.175590115603619e-05,1.0761405626361896e-05,5.52390010090918e-06,1.046832571554803e-05,4.1995177116740017e-05,1.429309141504239e-05,9.596543852547784e-06,7.717709397879431e-06,7.952708318702024e-06,2.1510085813498352e-05,3.586973731139546e-05,LC_V14_H1p5_T6,5.480727949427226e-05
33,submerged,6.076647939702717e-09,2.3380345371190214e-11,4.2064940870625835e-11,5.579314061199745e-11,1.2390770505964897e-11,3.568917885046964e-11,1.782054170218949e-10,1.4259914640100337e-10,3.995953260132077e-11,3.9290125660049214e-10,4.572904424393107e-11,1.584712512129258e-10,1.1897908930369507e-10,2.220093671288012e-09,9.876845507102947e-10,6.954276082526958e-10,3.5496482219093702e-09,2.082266539893921e-10,1.6980561322863098e-09,4.999161091127849e-10,3.542232260162863e-09,8.603285504415376e-10,2.4950825751972644e-09,5.797998402869119e-09,4.770759581993421e-09,6.16875744474345e-10,1.3342292647090915e-09,8.947868482241351e-10,8.532557849135533e-08,1.0568046499118947e-08,9.249536671814865e-08,1.1570951767608796e-07,1.8921524381389474e-07,5.700953136245794e-08,1.7550296696009573e-08,6.026083847306197e-08,1.0235391511219023e-07,9.305160233138147e-08,2.6348329070673147e-07,1.234285719936627e-07,2.7662198192325134e-08,3.252200165802121e-08,4.077869304081742e-08,7.442428586459609e-08,6.332653197000542e-08,2.921043645317881e-07,2.149728059993836e-07,7.195428654312122e-08,4.723742363985137e-08,3.76795871271464e-08,3.1056730283579733e-08,1.4814832592875643e-07,3.4488759317835424e-07,1.3059354039250346e-07,5.392902063756834e-08,6.877644678253207e-08,1.025820057288822e-07,5.190361793860791e-07,2.7451083342414766e-07,1.507179389152406e-07,8.572011655299809e-08,1.143746181090978e-07,4.832874197479104e-07,1.8045339245044865e-07,1.3299883699844562e-07,9.229754245654137e-08,1.0404947336463871e-07,3.1193104465954193e-07,3.5510351215226384e-07,LC_V18_H2p0_T7,5.190361793860791e-07
34,submerged,6.13366421695847e-10,4.344218894217464e-11,7.644618646265816e-11,4.402658589734508e-11,8.921246250288026e-12,9.674010920151176e-12,1.8821686856299877e-10,1.4705237765019547e-10,2.89988993480783e-11,2.434278591804717e-10,2.6570277782274557e-11,5.280305693660517e-11,3.566270918769226e-11,9.089866395452126e-10,3.988433616272781e-10,2.446231844002356e-10,1.1936495418619808e-09,6.481677049059159e-11,3.979170920706471e-10,1.0935663530122829e-10,1.644990599031103e-09,3.952706552109677e-10,1.010107866030373e-09,2.264560343490042e-09,1.4740231225991428e-09,1.6627986461031324e-10,2.757439100258119e-10,1.6867654836773245e-10,1.566207075895571e-08,1.933643984418248e-09,1.6642213859227237e-08,2.0629679831167038e-08,3.226380779365872e-08,8.875763296066118e-09,2.671085739531788e-09,1.1519395952404298e-08,1.910107000199353e-08,1.7367837760094185e-08,4.695193043829328e-08,2.0230012368563157e-08,4.107042792409781e-09,4.691210831033623e-09,7.80390532099504e-09,1.3956345994385606e-08,1.1833115918617258e-08,5.237134710581192e-08,3.577814757216507e-08,1.1017639186682581e-08,7.041157140206308e-09,5.025363293907937e-09,7.2921513012056376e-09,3.3252272058432065e-08,7.201904528248256e-08,2.594413940084157e-08,1.0528894666618123e-08,1.1893497755886722e-08,2.185414751421531e-08,1.0448865494711721e-07,5.203041472398309e-08,2.5557016944744544e-08,1.3159405657288682e-08,2.9294253047590714e-08,1.1620572719640069e-07,3.9109604927873054e-08,2.614211630658724e-08,2.7721755493172195e-08,2.8509022862094385e-08,7.68294266527811e-08,1.0736427596615306e-07,LC_V20_H2p5_T7,1.1620572719640069e-07
35,submerged,5.750923673613117e-09,2.373380540075888e-11,4.2899236582043435e-11,5.629652337182944e-11,1.2394195456087253e-11,3.612132004144047e-11,1.7814832101723734e-10,1.4087102229273003e-10,3.950790504060879e-11,3.850857566235334e-10,4.497709324950458e-11,1.5387577126479963e-10,1.171402232034018e-10,2.03415090733703e-09,9.03322570174729e-10,6.545759837518428e-10,3.3424039323915883e-09,1.9276387495608698e-10,1.6345360077510874e-09,4.761069329835452e-10,3.005335709997915e-09,7.225844795568116e-10,2.1268403789336088e-09,4.863425839501937e-09,4.062067997970322e-09,5.041726979738498e-10,1.123597102185378e-09,7.393697355257564e-10,6.401303600890081e-08,7.925678958042476e-09,6.883297986344807e-08,8.623091795614134e-08,1.408304019956463e-07,4.27868158598426e-08,1.3202664494292523e-08,4.750997849657267e-08,8.103568936059902e-08,7.377604306531493e-08,2.1015404387945532e-07,9.951825337922901e-08,2.251047462938223e-08,2.6627835067689598e-08,3.1553738442094264e-08,5.772042519363179e-08,4.8983392815662594e-08,2.26755409869163e-07,1.6781324971802393e-07,5.6776857645613254e-08,3.745561057185825e-08,3.036485148962896e-08,2.605853216288207e-08,1.253971964761337e-07,2.948565225052387e-07,1.1243578808987259e-07,4.6771367833640334e-08,6.043001397362112e-08,8.157128109897835e-08,4.111595036191053e-07,2.1880147593839432e-07,1.1935807445688375e-07,6.845856834016479e-08,9.300245266712417e-08,3.9636347354600817e-07,1.4834621420954034e-07,1.108693461376944e-07,8.075845324302301e-08,9.223880165748979e-08,2.7573812797008247e-07,3.318031422707833e-07,LC_V18_H2p0_T7,4.111595036191053e-07
36,submerged,5.958072145460272e-10,3.827950735378771e-11,6.729349881795943e-11,3.933267793639908e-11,7.944205251457166e-12,8.848406945871632e-12,1.9170562736579588e-10,1.4940769936499404e-10,3.018468629078394e-11,2.4979510282554226e-10,2.7184213692741797e-11,5.4958455974300375e-11,3.682407724231123e-11,9.067957095842363e-10,3.9795210329533634e-10,2.423176807349809e-10,1.1824551093873394e-09,6.416282447554525e-11,3.914349351573017e-10,1.0764509553280858e-10,1.7078010500146564e-09,4.109442578384182e-10,1.0488671847743396e-09,2.357829160452921e-09,1.5358088669962719e-09,1.7609770370597204e-10,2.9111410194335027e-10,1.8040084556670747e-10,1.3361632612805717e-08,1.6515141848492945e-09,1.4210013984660404e-08,1.7637090434147568e-08,2.7639011134118403e-08,7.62336849762652e-09,2.3007114566204083e-09,1.1529360834671425e-08,1.917258920739004e-08,1.7439438184056294e-08,4.72436292718514e-08,2.0384433024489643e-08,4.146477482572334e-09,4.747874113212062e-09,8.445681458376615e-09,1.5238392014455153e-08,1.2923498725047076e-08,5.770403566535011e-08,3.970565984550291e-08,1.2297045511829628e-08,7.85007754066216e-09,5.6311720302897314e-09,7.418314489162877e-09,3.379750860503876e-08,7.325381711294468e-08,2.6526440398800324e-08,1.0720398313781194e-08,1.2144518554487599e-08,2.2837910188085536e-08,1.0881526252349543e-07,5.395545620672547e-08,2.6591661838710784e-08,1.3679663435600956e-08,2.9556420698646193e-08,1.1746042349020868e-07,3.982469768551078e-08,2.6705269857091615e-08,2.6218423189010243e-08,2.683243726555784e-08,7.211876678578798e-08,9.423147896685666e-08,LC_V20_H2p5_T7,1.1746042349020868e-07
37,submerged,3.378977374837677e-08,1.063673085948856e-09,1.865711666301386e-09,1.1501384747754296e-09,2.4380223271743967e-10,3.148314288156631e-10,7.386678593378831e-09,5.775932358065979e-09,1.1449385334732105e-09,9.918772702675123e-09,1.1176965939155462e-09,2.2559268293405044e-09,1.6452848940315056e-09,4.387313302324637e-08,1.929582572289303e-08,1.1750039555279261e-08,5.7901233351378147e-08,3.2757541355454862e-09,2.027051408922653e-08,5.9380040331210616e-09,1.1685879802482739e-07,2.8180123070920743e-08,7.050502128807112e-08,1.6042718966094837e-07,1.036252461950211e-07,1.2785218600174942e-08,2.0643638133527683e-08,1.373487912637277e-08,8.607585852796672e-07,1.0646218947808608e-07,9.027483973588646e-07,1.1253579110466429e-06,1.7428308368663615e-06,4.871710572742457e-07,1.5085668966551455e-07,7.20121639615061e-07,1.189497091364616e-06,1.085143750528017e-06,2.9248279952064625e-06,1.285061832089747e-06,2.6375761744437975e-07,3.1717203686280407e-07,4.047938977204734e-07,7.209886538571559e-07,6.141173588603828e-07,2.715049941765615e-06,1.892216184590232e-06,5.888587732525665e-07,3.929056673311402e-07,2.890839432415344e-07,3.262323050017287e-07,1.4958835254655518e-06,3.3059023213076477e-06,1.2030990912858202e-06,5.020704827907313e-07,5.854717980468952e-07,1.0574016252585347e-06,5.060655106021406e-06,2.524488526326432e-06,1.2851086247753633e-06,6.743735453774517e-07,1.360791087158681e-06,5.434266252721353e-06,1.8740593297217878e-06,1.2815738765976093e-06,1.1684429647955402e-06,1.2348941708498579e-06,3.395800333902488e-06,4.908941026304928e-06,LC_V20_H2p5_T7,5.434266252721353e-06
38,submerged,9.612804730119033e-08,1.932403858162008e-08,3.411407022881462e-08,1.979571701214365e-08,4.032175397836531e-09,4.435583656337951e-09,5.743212146559676e-08,4.4888121550825843e-08,9.159101282121664e-09,7.608086633599364e-08,8.293171050585911e-09,1.708103863199015e-08,1.1497253685838767e-08,1.4780584612656355e-07,6.461542005705078e-08,4.197240541429344e-08,2.0242768715433768e-07,1.0832651678258611e-08,7.106771591027846e-08,1.9341400256057742e-08,2.0157594861620853e-07,4.8550997277472765e-08,1.288860146057538e-07,2.89501968960873e-07,1.9979744814194314e-07,2.262763877963086e-08,4.0011646542501555e-08,2.4900411030878348e-08,1.6786892777701741e-06,2.0717612548319514e-07,1.8004616831672045e-06,2.2313846562420043e-06,3.552994102591209e-06,1.0079965491771241e-06,3.0365170922344555e-07,1.5755436053084389e-06,2.6354247600783864e-06,2.4013906789332557e-06,6.6030015602619465e-06,2.9353063393459616e-06,6.150175587217519e-07,7.159791015867676e-07,9.953493848638739e-07,1.804461074666895e-06,1.5401232182868848e-06,6.98440424101933e-06,4.9568660076146875e-06,1.5874885439416998e-06,1.024605178515014e-06,7.663710069141943e-07,7.022282717886573e-07,3.2551345687191712e-06,7.228543315453244e-06,2.6806525779334276e-06,1.0869312380862986e-06,1.2780876736504452e-06,2.165518093406367e-06,1.04639582248925e-05,5.316651860291015e-06,2.6983049711232255e-06,1.4364224941573008e-06,2.6016204508679336e-06,1.0568529023202594e-05,3.6368078380250674e-06,2.5153857650827894e-06,2.0025089210145287e-06,2.1134026947292613e-06,5.898340565987804e-06,7.777865114925904e-06,LC_V20_H2p5_T7,1.0568529023202594e-05
39,submerged,2.93614045565766e-08,7.973546017354836e-10,1.410106309241014e-09,8.781904590930833e-10,1.8860498986536622e-10,2.4713741794370243e-10,6.4913508836169255e-09,5.0972477022229234e-09,9.926344651422702e-10,8.783099919809699e-09,9.97858701169978e-10,1.9968128122319535e-09,1.4723035861287305e-09,4.722267118551302e-08,2.0802829939329114e-08,1.2572991922377696e-08,6.217878743601845e-08,3.5229015780480034e-09,2.1519095913242554e-08,6.240422344958537e-09,1.2814568112168133e-07,3.087365155673955e-08,7.780536783722304e-08,1.7653316902020403e-07,1.1405735901456946e-07,1.4145784673925931e-08,2.2861877565075873e-08,1.522055644732219e-08,9.320170778819009e-07,1.1541381526281416e-07,9.821400611176864e-07,1.2266101612662074e-06,1.908794890290298e-06,5.399632571048035e-07,1.6814584479133062e-07,8.435763287110463e-07,1.394588773426976e-06,1.272041601464168e-06,3.4262027896505414e-06,1.5016597579110417e-06,3.0724214645724955e-07,3.6568908993226867e-07,5.429965526766486e-07,9.726511652247132e-07,8.281645131799481e-07,3.675832201426981e-06,2.5605128115930174e-06,7.964201123343279e-07,5.260461485531661e-07,3.846066100257741e-07,4.635152063636245e-07,2.1145529903686075e-06,4.642212237065243e-06,1.6687168485591581e-06,6.912369290427598e-07,7.972505736434073e-07,1.4480943045922398e-06,6.989522590121083e-06,3.494528748786162e-06,1.7901616328486181e-06,9.382485842942442e-07,1.9066369581546666e-06,7.627531291534212e-06,2.6762239658494126e-06,1.82783160106899e-06,1.6844263598743482e-06,1.7678807955713796e-06,4.825166945846495e-06,6.424071426844978e-06,LC_V20_H2p5_T7,7.627531291534212e-06
40,submerged,8.10763403989527e-08,1.5764446876401576e-08,2.7795561214287664e-08,1.6331829834562007e-08,3.3171447835768677e-09,3.6966093469479822e-09,4.5593060862555523e-08,3.568176252288003e-08,7.19147626627275e-09,6.025334233760577e-08,6.603966741019447e-09,1.3456080787914808e-08,9.118354306570881e-09,1.4193241747421312e-07,6.229137489807272e-08,3.957631785655276e-08,1.923276776560336e-07,1.0401729065436897e-08,6.686826704181595e-08,1.8529176913289443e-08,2.1763123985236713e-07,5.256981834175718e-08,1.3562334502848313e-07,3.075681885444785e-07,2.0728223281980098e-07,2.4936432907607927e-08,4.277633225742617e-08,2.7399095998954096e-08,1.7037090304699928e-06,2.1054700171249914e-07,1.83515761246178e-06,2.2787367436688184e-06,3.6450533310224157e-06,1.041782235494757e-06,3.1749078123890495e-07,1.798658256547694e-06,3.0111084460123123e-06,2.748385582376646e-06,7.543253866050336e-06,3.343172433235538e-06,6.96997400959857e-07,8.082267833093971e-07,1.3535690563664453e-06,2.457197017766877e-06,2.08980363183605e-06,9.432191336279837e-06,6.625423762061794e-06,2.09328559214477e-06,1.346147320034704e-06,9.90659934317503e-07,1.0215251839426052e-06,4.698619479707587e-06,1.0357641116977194e-05,3.832715780803728e-06,1.5589087708007876e-06,1.8158373031076655e-06,2.952369777932515e-06,1.4237398147195173e-05,7.15839966903231e-06,3.6209923418426146e-06,1.9159953939709506e-06,3.4611314689110534e-06,1.3935219842726134e-05,4.856047383114015e-06,3.3390341745830782e-06,3.0008210397813556e-06,3.1415465381808445e-06,8.666508117480984e-06,1.0805982283312416e-05,LC_V18_H2p0_T7,1.4237398147195173e-05
41,submerged,2.9687719796689442e-08,1.2730403697556976e-09,2.2419568228109805e-09,1.3345375992544713e-09,2.785071790286516e-10,3.4015568950274593e-10,7.202006605107565e-09,5.653063270201855e-09,1.094277772823671e-09,9.653462754987514e-09,1.0908148420963074e-09,2.1744996029178595e-09,1.5761513137285572e-09,4.42716301229671e-08,1.9488182634918782e-08,1.1714806857951116e-08,5.780465973043729e-08,3.2603335882471647e-09,1.9789190892346077e-08,5.712091043643617e-09,1.1843477817469355e-07,2.8533184372097505e-08,7.148929868093672e-08,1.6218746233803645e-07,1.0437517289436197e-07,1.2640191371268342e-08,2.043790850910726e-08,1.3411382796503898e-08,8.018809387129133e-07,9.918576393187914e-08,8.443638162965841e-07,1.0532400679097173e-06,1.6375822019539047e-06,4.572094955632903e-07,1.4106641210856086e-07,7.975076106882037e-07,1.3179932783018829e-06,1.202134351215318e-06,3.237085526942387e-06,1.4145606113293484e-06,2.883102170163528e-07,3.447165414217113e-07,5.004005322858176e-07,8.918875179695761e-07,7.573883698272831e-07,3.3454602482075224e-06,2.3104675988698433e-06,7.134696811477978e-07,4.7153984607741486e-07,3.425613711891298e-07,4.532743477645921e-07,2.083578167905152e-06,4.601544542312602e-06,1.6572113042606696e-06,6.919504125132162e-07,7.987193998055393e-07,1.3562642010971544e-06,6.518157631142742e-06,3.2432923473998557e-06,1.6482812701271138e-06,8.585389544225471e-07,1.8609943248012792e-06,7.417068495582769e-06,2.558147658020387e-06,1.7369867508827738e-06,1.7885304700949737e-06,1.880465511769104e-06,5.137740034038303e-06,7.166639853752544e-06,LC_V20_H2p5_T7,7.417068495582769e-06
42,submerged,7.961138446126448e-08,2.021658254278779e-08,3.5676835619777256e-08,2.05562025645954e-08,4.186460035490159e-09,4.5544096384853536e-09,5.5075768377887333e-08,4.311540219437741e-08,8.643918607824371e-09,7.253027824905007e-08,7.914635329257052e-09,1.610145027937934e-08,1.0853193267169066e-08,1.335982953331146e-07,5.8427769865174806e-08,3.777494183190827e-08,1.8179617046473495e-07,9.730990360755082e-09,6.327667728984845e-08,1.7251603676880877e-08,2.0671819280843121e-07,4.975202043994263e-08,1.3063494379532707e-07,2.9310317195295845e-07,1.986163227791399e-07,2.2850325285771288e-08,3.958661308298639e-08,2.4694112872850202e-08,1.45035694354749e-06,1.7956228223097357e-07,1.552299124931627e-06,1.936416241620308e-06,3.0843779402320985e-06,8.758170902529988e-07,2.644781562398239e-07,1.6489627559943958e-06,2.7694001506280445e-06,2.519585194875144e-06,6.933706552514121e-06,3.073708903662203e-06,6.41100278435588e-07,7.440303909736419e-07,1.203016063880496e-06,2.171050094978648e-06,1.8447342222400122e-06,8.28781345147186e-06,5.794409282194696e-06,1.8267948662102406e-06,1.1759569513210855e-06,8.649820971083891e-07,9.49997547688922e-07,4.388421668121851e-06,9.727301105834558e-06,3.5985895100796804e-06,1.4801226225528562e-06,1.7259429690318393e-06,2.686596952110771e-06,1.3047073754962868e-05,6.599603820789207e-06,3.3359080526291635e-06,1.7629619154455913e-06,3.4054003030477447e-06,1.3787709504984341e-05,4.775413809595233e-06,3.281945828780436e-06,3.035176623987853e-06,3.2080057738932417e-06,8.847018779116007e-06,1.1759030678177662e-05,LC_V20_H2p5_T7,1.3787709504984341e-05
43,submerged,3.380276892594963e-08,9.152565706828146e-10,1.593664301800079e-09,1.0048992250065789e-09,2.1178873707210824e-10,2.8100407810924797e-10,5.744861583969599e-09,4.500770299135793e-09,8.755403913354007e-10,7.65171683838376e-09,8.65405915390488e-10,1.7302491117242686e-09,1.2759674324926341e-09,4.5768676649192667e-08,2.0149316086811992e-08,1.214120209761274e-08,6.003122673420129e-08,3.4182361931511257e-09,2.085519988175777e-08,6.079017141953777e-09,1.1500253802988253e-07,2.7735532417886164e-08,6.986354236811815e-08,1.5875289538112915e-07,1.0303478862326763e-07,1.2758344162514433e-08,2.0605847792250992e-08,1.3724711790617953e-08,1.0519705050013532e-06,1.3017432053113173e-07,1.1055031833171078e-06,1.3791530333915002e-06,2.13969854105058e-06,6.021772961834419e-07,1.8787047675305505e-07,8.427721437292771e-07,1.3926052995621689e-06,1.2706301041440616e-06,3.4181415042925425e-06,1.4902250665068861e-06,3.0307074135384e-07,3.597170208613619e-07,4.898632041558732e-07,8.732341970533844e-07,7.426439116083055e-07,3.27936697341306e-06,2.2750642077130843e-06,7.04345775547182e-07,4.6840038413323246e-07,3.415662680841622e-07,3.8033391806702957e-07,1.7378689856636812e-06,3.8110040617665655e-06,1.3788723810013355e-06,5.718856981370665e-07,6.600217394768323e-07,1.3100944253305006e-06,6.307546393650448e-06,3.1405591007585167e-06,1.604938379653521e-06,8.360175883431104e-07,1.669605562222027e-06,6.675387843285048e-06,2.3200076933072486e-06,1.5805335619380187e-06,1.435735547603658e-06,1.513035794560741e-06,4.132607959162738e-06,5.702993835246343e-06,LC_V20_H2p5_T7,6.675387843285048e-06
44,submerged,9.364950604384154e-08,1.5842514984797717e-08,2.7927149285954452e-08,1.651318062137843e-08,3.353143834758573e-09,3.7793162783502856e-09,4.956588771728885e-08,3.8747580070991435e-08,7.849752966920236e-09,6.5589602540589e-08,7.1550942168519e-09,1.471455322714377e-08,9.906792334292662e-09,1.4796385440641206e-07,6.507319523842672e-08,4.1511149030460236e-08,2.022170171722121e-07,1.0883896571009274e-08,7.04319652356865e-08,1.9267292649809548e-08,2.0107568012966047e-07,4.845188736498754e-08,1.278499976102626e-07,2.8763872880721847e-07,1.979303022227518e-07,2.3066793507426275e-08,4.070647161848275e-08,2.5760956298722624e-08,2.0681013735667226e-06,2.5515753341483e-07,2.2184938307266915e-06,2.7486996301077296e-06,4.367343225800905e-06,1.2378209906672792e-06,3.7552056383467833e-07,1.763738894344244e-06,2.9438440577142408e-06,2.682843471031594e-06,7.338936236027237e-06,3.236501222650042e-06,6.725551592363565e-07,7.788182587545264e-07,1.1919547045417356e-06,2.1613966938957e-06,1.8402552311498163e-06,8.3037236296748e-06,5.8391930569555965e-06,1.8488126805906804e-06,1.1912013221624665e-06,8.786665302769249e-07,8.043212326157965e-07,3.7196323351162794e-06,8.240739416768447e-06,3.030714937195607e-06,1.2354517915146975e-06,1.444159433719467e-06,2.628525361583873e-06,1.2662467641806292e-05,6.36586343141666e-06,3.2181601105071422e-06,1.6944679314226625e-06,3.0542420023797706e-06,1.2354356346719416e-05,4.271777430955231e-06,2.934452041930222e-06,2.2385497634886936e-06,2.361806766759928e-06,6.562808573871318e-06,8.558276582059347e-06,LC_V18_H2p0_T7,1.2662467641806292e-05
45,submerged,3.6560254461331756e-07,4.412602985027228e-09,7.875470058878007e-09,7.919301041229954e-09,1.653819851979856e-09,3.7055412299057112e-09,2.3140083906535378e-08,1.8340481698934526e-08,4.918793565576605e-09,4.4747148525440786e-08,5.020464469304713e-09,1.628338770869713e-08,1.1598451007610995e-08,1.9301665546687125e-07,8.579018394734974e-08,6.060975907234157e-08,3.057717551318275e-07,1.7411786499604512e-08,1.4083452443324822e-07,4.014477717057022e-08,2.287997254526733e-07,5.5575061591230495e-08,1.642000528143423e-07,3.8016178897126437e-07,3.1861538486104294e-07,3.9106662416083686e-08,8.760452159335666e-08,5.634404672485318e-08,6.390245548329628e-06,7.903103003526763e-07,6.984279345629272e-06,8.694586030682696e-06,1.4323245112814845e-05,4.283079095174736e-06,1.2959698964865705e-06,4.568510151647163e-06,7.779895105986064e-06,7.061127584631999e-06,2.0076414102149176e-05,9.315648829723908e-06,2.0791865842483348e-06,2.3914539773173796e-06,2.885426668387231e-06,5.268675296729521e-06,4.484130522359945e-06,2.0709950431004102e-05,1.520973347736734e-05,5.089089035398359e-06,3.30341170195628e-06,2.6249943708148325e-06,2.025031851152515e-06,9.672462706994734e-06,2.253486609751832e-05,8.877107249235695e-06,3.6127710771845418e-06,4.5790460692597035e-06,7.036318921048706e-06,3.5383467200576955e-05,1.868484261416337e-05,9.979300475268287e-06,5.612892378071858e-06,7.880649532791096e-06,3.330450195137623e-05,1.2171801731298252e-05,8.90859069771707e-06,6.019962526400216e-06,6.688560861821519e-06,1.9908007896510048e-05,2.249495719363374e-05,LC_V18_H2p0_T7,3.5383467200576955e-05
46,submerged,3.1923121405294177e-07,4.8264527894810395e-09,8.643040369310006e-09,8.016185469340572e-09,1.6759669330487867e-09,3.505164617347992e-09,2.7212687963721893e-08,2.1535697934913705e-08,5.605086210031403e-09,5.06956101006416e-08,5.664211069546839e-09,1.764610821812284e-08,1.2427218813661951e-08,1.980948383706696e-07,8.786569775158558e-08,6.245608138789039e-08,3.1363659198996384e-07,1.768282050139484e-08,1.4212736546755127e-07,4.037889301195168e-08,2.2280757294343173e-07,5.4105536719191766e-08,1.6014735974482256e-07,3.69844655140943e-07,3.123208810561302e-07,3.852424771646954e-08,8.600049390120298e-08,5.531413088253857e-08,5.767803346233644e-06,7.123354064957295e-07,6.325007832767968e-06,7.863598340256765e-06,1.301409248675478e-05,3.906299313418026e-06,1.1794704031096385e-06,4.4226918922274095e-06,7.549104787271016e-06,6.846778976215043e-06,1.949287560826518e-05,9.024402693411201e-06,2.0171986893178014e-06,2.308747065958846e-06,3.084328985673965e-06,5.660316537077378e-06,4.8155158599733255e-06,2.234666221166433e-05,1.6378738545809834e-05,5.457662287897042e-06,3.5179086698139485e-06,2.7695429355706795e-06,2.2386636513179052e-06,1.0687642101538966e-05,2.4759121998583454e-05,9.636809240193734e-06,3.903834368472026e-06,4.871212378150702e-06,7.120431703659991e-06,3.575935731889687e-05,1.888124298911555e-05,1.0129490514427974e-05,5.68442192387128e-06,7.998683480031618e-06,3.383228688702068e-05,1.2357506648080762e-05,9.029858678846832e-06,6.5533194918079094e-06,7.249953110795695e-06,2.1398839655139987e-05,2.3937388315797077e-05,LC_V18_H2p0_T7,3.575935731889687e-05
47,submerged,3.4858486966741156e-07,4.217919319947759e-09,7.58330924269686e-09,7.488756247458235e-09,1.58411523543805e-09,3.5470355139341424e-09,2.543561415113279e-08,2.0173267391448416e-08,5.319887718000951e-09,4.87186650828287e-08,5.488943203928744e-09,1.7504315502435116e-08,1.2496122132393092e-08,1.9800960315782185e-07,8.794460458544951e-08,6.256320822089338e-08,3.1539900357157483e-07,1.7905296860220673e-08,1.4558065137328593e-07,4.158239616719636e-08,2.576322723436126e-07,6.257170282629304e-08,1.833270669377268e-07,4.245131252237705e-07,3.530777941297266e-07,4.358848997416306e-08,9.678843047021375e-08,6.235402161721671e-08,6.101010408738089e-06,7.541085079167079e-07,6.686488410230114e-06,8.319277686172965e-06,1.3759907034505414e-05,4.146061267749362e-06,1.2551941634348273e-06,4.606857559414486e-06,7.850673566467865e-06,7.131278388630203e-06,2.0290471625971025e-05,9.449879469865512e-06,2.120662212003635e-06,2.4383958157741225e-06,3.1402766804742643e-06,5.74825648834143e-06,4.894383063745397e-06,2.268953729958782e-05,1.6721484306862133e-05,5.594567023201134e-06,3.621081721626095e-06,2.87008317657469e-06,2.2921283677794327e-06,1.0949254176939763e-05,2.544080342918738e-05,9.973270337511833e-06,4.054246029782032e-06,5.101178698110711e-06,7.418717542873996e-06,3.742477423621132e-05,1.9731347763481794e-05,1.0592263775776296e-05,5.965740426263553e-06,8.355358140730856e-06,3.532386412085763e-05,1.2920860714736697e-05,9.432374791119901e-06,6.980605425725665e-06,7.705894683574171e-06,2.2735250731742777e-05,2.545426703233766e-05,LC_V18_H2p0_T7,3.742477423621132e-05
48,submerged,3.9656751853109517e-07,5.1393745639081875e-09,9.136173196088596e-09,8.722889795387055e-09,1.7982105912770942e-09,3.836899718111434e-09,2.305148408295362e-08,1.8217511326175313e-08,4.858354439201428e-09,4.3414034579616683e-08,4.838086310970264e-09,1.5587801128410893e-08,1.0992116835155819e-08,1.8457254576665993e-07,8.188373109149106e-08,5.835682288070768e-08,2.934971908513202e-07,1.6572796762614087e-08,1.352468784195986e-07,3.820264811809777e-08,1.847434959122068e-07,4.5000689983367185e-08,1.358078330174318e-07,3.1454980899910936e-07,2.708660017720368e-07,3.3053312054610304e-08,7.600612064633427e-08,4.893395557625991e-08,6.0087900303287754e-06,7.431566908131632e-07,6.56602125748598e-06,8.172143873576419e-06,1.3465571267822795e-05,4.0274515234904655e-06,1.2164237832316213e-06,4.345332799859173e-06,7.410933207945615e-06,6.718370035784709e-06,1.911739193478069e-05,8.887948223787316e-06,1.987919638445797e-06,2.280812704293879e-06,2.787011450752479e-06,5.089333513274661e-06,4.331715331677453e-06,2.002505317809198e-05,1.4715506588509e-05,4.926091517311907e-06,3.1902962380375997e-06,2.535594051210067e-06,1.9597461034440254e-06,9.357321648598915e-06,2.1846874700109023e-05,8.645209023343318e-06,3.5127505421881595e-06,4.4624894942642585e-06,6.709560358249979e-06,3.368754045324814e-05,1.784198575334147e-05,9.542114267978608e-06,5.3835559638661285e-06,7.520665719011068e-06,3.1868048996347975e-05,1.164383600257229e-05,8.565837051993821e-06,5.600253752487337e-06,6.218267269631334e-06,1.857556228013656e-05,2.0936957185624955e-05,LC_V18_H2p0_T7,3.368754045324814e-05
49,submerged,3.480613913054309e-07,5.0331681308515755e-09,8.972249174505676e-09,8.451308841297725e-09,1.7605806421181909e-09,3.822439337666363e-09,2.8231525806214732e-08,2.2145505120997647e-08,5.829350080228142e-09,5.226688055972641e-08,5.85781480358156e-09,1.8171570012896524e-08,1.2872964709018275e-08,1.8749135636923433e-07,8.275785577464142e-08,6.059974171855324e-08,3.036089225425545e-07,1.6971894887463743e-08,1.4264757915245707e-07,4.016975419980611e-08,2.2159169339836144e-07,5.330449039141699e-08,1.5879867935096325e-07,3.62487246078516e-07,3.069765467884649e-07,3.6096697747092167e-08,8.311524625409396e-08,5.2163997265562344e-08,4.725781581365504e-06,5.850524584815503e-07,5.1414109289946075e-06,6.427780455038154e-06,1.0625149095141399e-05,3.234750234981866e-06,9.769842178516598e-07,3.7823892579363224e-06,6.4891806749471595e-06,5.894343933583613e-06,1.689333466806071e-05,7.935540439609859e-06,1.7939068089966012e-06,2.0686663663816044e-06,2.522647720854722e-06,4.625104680577065e-06,3.92465805314449e-06,1.822169828968842e-05,1.3396989431975155e-05,4.515366443968599e-06,2.916933769941983e-06,2.3359854494799405e-06,1.9361540253326173e-06,9.311268073592773e-06,2.1834198495226472e-05,8.662167484795688e-06,3.541094802521757e-06,4.496749900037045e-06,6.139091093218761e-06,3.0896527580847184e-05,1.6440139240243418e-05,8.83723872950124e-06,5.028887184715981e-06,7.18749715661193e-06,3.059573690728369e-05,1.1224637226063036e-05,8.303044302457934e-06,6.088312047113833e-06,6.8564617360209366e-06,2.0335088190216036e-05,2.407791253399033e-05,LC_V18_H2p0_T7,3.0896527580847184e-05
50,submerged,3.5828112471935353e-07,5.8436404594233834e-09,1.0327811854923055e-08,9.31758045203298e-09,1.914221003486558e-09,3.917737854994248e-09,2.708036469523142e-08,2.122033503156002e-08,5.56532031506023e-09,4.862807330185259e-08,5.3836245914554806e-09,1.6603178840957435e-08,1.1557410714680056e-08,1.7823242629516037e-07,7.875484934056954e-08,5.7798105324883156e-08,2.8916299927736613e-07,1.60122417337712e-08,1.331442200222915e-07,3.719328205612255e-08,1.7089374201635415e-07,4.120970689335925e-08,1.2593917763294686e-07,2.885693571349729e-07,2.514409601569e-07,2.921958172739498e-08,6.903549529682514e-08,4.303859205826013e-08,4.679849554772036e-06,5.789160018266559e-07,5.078474150158288e-06,6.338428541586453e-06,1.0441314138427919e-05,3.146871256801085e-06,9.489656408285994e-07,3.583840105684224e-06,6.127077478877507e-06,5.564258629220592e-06,1.5840502951039022e-05,7.4020264351248864e-06,1.6643485587710105e-06,1.9194532851860887e-06,2.2315334185675727e-06,4.107196431982876e-06,3.4800540642951475e-06,1.6200474363077556e-05,1.1931119155458656e-05,4.033276050306818e-06,2.599722872124446e-06,2.0824673972283463e-06,1.66898727188158e-06,8.087771396516709e-06,1.8951838619728892e-05,7.567440937909029e-06,3.0395522225133416e-06,3.875738977408513e-06,5.630739335967711e-06,2.8211664496611678e-05,1.5009369672558716e-05,7.972095561612003e-06,4.509160503176615e-06,6.388531421348088e-06,2.7229140806089214e-05,9.905454786234375e-06,7.316377871212583e-06,4.856259198706256e-06,5.45646923020344e-06,1.6292832308104882e-05,1.839090505164108e-05,LC_V18_H2p0_T7,2.8211664496611678e-05
51,submerged,3.6400179609131585e-07,5.009986640397114e-09,8.886360134365154e-09,8.583828519381266e-09,1.7857243303769683e-09,3.908670418404797e-09,2.6769136746978815e-08,2.0997101695595763e-08,5.590020521655603e-09,4.962528208875106e-08,5.540131834610792e-09,1.742093840282649e-08,1.2275658666268593e-08,1.8613751061621543e-07,8.224947711740761e-08,6.046836230271286e-08,3.0298639928886603e-07,1.689741667854214e-08,1.4183245401718985e-07,3.994414800298938e-08,2.0982224224052717e-07,5.0646166615788594e-08,1.5112651167031257e-07,3.462571068368893e-07,2.947171519959797e-07,3.4655548639683826e-08,7.981673940584285e-08,4.983546462290609e-08,4.966178077793552e-06,6.144363858977095e-07,5.393813341229874e-06,6.736507206274117e-06,1.1110490466975694e-05,3.3675901014006256e-06,1.0177337957740205e-06,3.753896317141349e-06,6.4276535261037315e-06,5.832835774082022e-06,1.6650789072852992e-05,7.80424067853906e-06,1.7633781839278732e-06,2.0349377765044725e-06,2.2947843293378923e-06,4.2226506690345555e-06,3.5764454327674413e-06,1.6659366681266653e-05,1.228423125924293e-05,4.163844500004088e-06,2.6915568662726893e-06,2.1721051437471623e-06,1.7115040680671165e-06,8.29760128844313e-06,1.951191071068166e-05,7.794917010128568e-06,3.1473896531343303e-06,4.033302610805707e-06,5.819074280560374e-06,2.9210721945608282e-05,1.557006145828474e-05,8.313873140166754e-06,4.7306711335954545e-06,6.578281504110883e-06,2.8089205535873967e-05,1.02688063662447e-05,7.63105902836947e-06,5.108713492333185e-06,5.783940877916613e-06,1.7339447758304932e-05,1.9969258248239672e-05,LC_V18_H2p0_T7,2.9210721945608282e-05
52,submerged,3.517151512739598e-07,5.692934713933331e-09,1.0133964414249042e-08,9.096848937018202e-09,1.8758405681118174e-09,3.888556059738936e-09,2.9918851103914135e-08,2.3455661954343637e-08,6.1387637164558496e-09,5.423301244002433e-08,6.0415211090960965e-09,1.866381158558494e-08,1.3091585734559863e-08,1.8759751396521714e-07,8.269225316287676e-08,6.085276689798827e-08,3.0370100486939503e-07,1.6890404563913995e-08,1.4212100576239765e-07,3.985766267881058e-08,1.9515771432529128e-07,4.7033467247236816e-08,1.4381982420460576e-07,3.2648863294343416e-07,2.8149552821211235e-07,3.266554313606413e-08,7.711013174933486e-08,4.8184813727542884e-08,4.475822640444655e-06,5.540388479789106e-07,4.8733062396872206e-06,6.096990436638702e-06,1.0108541684712746e-05,3.0825822224590097e-06,9.29251776082899e-07,3.662621979464281e-06,6.294128796176416e-06,5.709768476933376e-06,1.638298389636833e-05,7.695651257646395e-06,1.7424040005653269e-06,2.0010722389205068e-06,2.4795191803879e-06,4.553801532971674e-06,3.858922438434615e-06,1.793964501223811e-05,1.3220489061548914e-05,4.467047677345909e-06,2.8750125440361156e-06,2.3055688793773242e-06,1.9055257147543547e-06,9.153441152198165e-06,2.1451058746041e-05,8.449719300104109e-06,3.4555661534464918e-06,4.383523773157441e-06,5.9417070789565025e-06,2.9940267548251723e-05,1.596524395926636e-05,8.558791431177282e-06,4.87720359617704e-06,7.046349924485469e-06,2.999912050796935e-05,1.0976109971510093e-05,8.117016586891442e-06,5.842342525366159e-06,6.572313611181018e-06,1.95721646728589e-05,2.3164866600459965e-05,LC_V20_H2p5_T7,2.999912050796935e-05
53,submerged,6.757801328812419e-08,1.2427088480140179e-08,2.1743591663805905e-08,1.2334823021279262e-08,2.494548281629469e-09,2.6607407130297787e-09,3.126457477535206e-08,2.4326503326538524e-08,4.826871532604953e-09,4.030883757514606e-08,4.454453552253311e-09,9.257930816138651e-09,6.411760827577015e-09,8.78288005624517e-08,3.865237974989725e-08,2.4617107991150348e-08,1.2089513408807137e-07,6.636166892727722e-09,4.3968458009680006e-08,1.2234677474411818e-08,1.2306868691641238e-07,2.96943519305889e-08,7.753125604571976e-08,1.7579151727494804e-07,1.218658118938442e-07,1.4643381822300535e-08,2.6199625788153397e-08,1.689592554020562e-08,9.624467748117495e-07,1.1887043872134627e-07,1.044546112340928e-06,1.2986831935668097e-06,2.1060408437612445e-06,6.106098328056997e-07,1.8464170355464152e-07,1.068320658474231e-06,1.7976098433667568e-06,1.6401389139434185e-06,4.551459458446009e-06,2.0505885974533955e-06,4.3482740398043485e-07,5.000269359651874e-07,8.40973604853335e-07,1.5287777572227247e-06,1.3049856769524897e-06,5.928186740299779e-06,4.2241856985283806e-06,1.3537276498452003e-06,8.679894880740526e-07,6.489008310515591e-07,5.948118959454744e-07,2.7629206041357447e-06,6.179280722459572e-06,2.290078865973848e-06,9.325378358606607e-07,1.10133408093244e-06,1.7185711542162847e-06,8.320957174789412e-06,4.205771101171917e-06,2.1425371279653346e-06,1.1466668800042511e-06,1.9960173676413518e-06,8.092890246653602e-06,2.8445544535555495e-06,1.987965310541925e-06,1.7096007932170678e-06,1.8015795389703166e-06,5.056873340739273e-06,6.145025556078992e-06,LC_V18_H2p0_T7,8.320957174789412e-06
54,submerged,4.531293096508332e-08,3.0039477465802255e-09,5.2999748819048084e-09,2.960047263948952e-09,6.071757489115979e-10,6.790371537958456e-10,1.0364538038462577e-08,8.111674448076553e-09,1.5780063631033558e-09,1.3536905666275144e-08,1.492204714436035e-09,2.958189436417845e-09,2.051058996284486e-09,3.4660528686727036e-08,1.518652011728561e-08,9.138956526858435e-09,4.4377711186016825e-08,2.4225761937126764e-09,1.557025708412615e-08,4.554870317555064e-09,6.986107057687026e-08,1.6801876546421488e-08,4.260567087862428e-08,9.67242327495929e-08,6.428842652102046e-08,7.765403751536009e-09,1.3971698014717795e-08,9.323954123771533e-09,3.811262130796666e-07,4.730139420199646e-08,4.062896518684041e-07,5.131401533809678e-07,8.281525401818513e-07,2.4740880471384185e-07,7.576851132642438e-08,3.501929844621085e-07,5.790779499006989e-07,5.28942100017344e-07,1.4280703701431615e-06,6.266871342704374e-07,1.3450451486652154e-07,1.6163717600350268e-07,2.768489690593586e-07,4.979687944438358e-07,4.23048501638701e-07,1.881515578746503e-06,1.292821856889454e-06,3.9960796438065564e-07,2.559165400675164e-07,1.8313153733631254e-07,2.49798903886451e-07,1.1303472095281333e-06,2.4389641892024903e-06,8.711927631687748e-07,3.548076043393386e-07,3.995970252607708e-07,7.623323869861619e-07,3.621931445093156e-06,1.7876729982817184e-06,8.805578714933575e-07,4.504120867964515e-07,1.022272669470608e-06,4.054677742604507e-06,1.3731368527791895e-06,9.176142035124457e-07,8.849123915866301e-07,9.06173693922711e-07,2.434547236977463e-06,3.3099634255319463e-06,LC_V20_H2p5_T7,4.054677742604507e-06
55,submerged,7.941067043294197e-08,1.2280052703253877e-08,2.1693416520587347e-08,1.249788668827551e-08,2.5532042314321618e-09,2.819594503112192e-09,3.45454748608419e-08,2.698100961496689e-08,5.393990110672089e-09,4.516934212952089e-08,4.970884383148458e-09,1.0426645118750731e-08,7.1717879334644675e-09,9.677516173716477e-08,4.235221661651749e-08,2.613334568915959e-08,1.2620103132601947e-07,6.798853941536617e-09,4.495887971129377e-08,1.253827305515667e-08,1.4279540804230728e-07,3.432220211606867e-08,8.773337465123415e-08,1.9607743780458772e-07,1.2685054434922066e-07,1.4427325319734637e-08,2.4675258661817458e-08,1.5596659776810062e-08,9.625930905821308e-07,1.1872134211671138e-07,1.0359320598625028e-06,1.2857527883197148e-06,2.071839631838509e-06,5.991467810382324e-07,1.7934233820599661e-07,9.299685812274797e-07,1.5540206444788514e-06,1.4182970803116942e-06,3.905191656876781e-06,1.754281472321036e-06,3.7075470746274425e-07,4.3231165607188325e-07,7.522370214227289e-07,1.3600460860155248e-06,1.1516352471465934e-06,5.150568054125811e-06,3.535385982515015e-06,1.0933643044075517e-06,6.957852424126763e-07,4.964361008505892e-07,5.864092081901062e-07,2.6698297796214507e-06,5.754844019975543e-06,2.0509695574402982e-06,8.276166494893737e-07,9.293363116560865e-07,1.6352011516462818e-06,7.791395834280713e-06,3.855582184522654e-06,1.8891760897247083e-06,9.675391397092872e-07,2.0814349876815376e-06,8.255413374788926e-06,2.777760008728648e-06,1.8583192888254657e-06,1.7235340794646026e-06,1.7566333330625353e-06,4.720620717901846e-06,6.430223494656078e-06,LC_V20_H2p5_T7,8.255413374788926e-06
56,submerged,4.859782268918324e-08,2.4641497187382973e-09,4.302653874434393e-09,2.4813474506956063e-09,5.068647354983909e-10,5.942348088600222e-10,8.265947435824467e-09,6.4613743473687866e-09,1.283209880697093e-09,1.095933651743363e-08,1.2055191245624909e-09,2.459386978498662e-09,1.7332629855212708e-09,3.1087630717798664e-08,1.3697284418633515e-08,8.386155673044184e-09,4.174012918821952e-08,2.3390135472528625e-09,1.5803525370723998e-08,4.571514714981178e-09,7.078969339189403e-08,1.71658647706834e-08,4.4203424822388204e-08,1.0249114882782725e-07,7.050616652656341e-08,9.13053962980228e-09,1.6541854733593567e-08,1.1128794058983424e-08,4.087054486732093e-07,5.0690355314055296e-08,4.379671896434473e-07,5.533200333447196e-07,8.946479677632701e-07,2.7192808555749587e-07,8.502766165053271e-08,3.661278334078319e-07,6.128314290702131e-07,5.655781083295267e-07,1.571905547197666e-06,7.323812854499501e-07,1.5837944779834454e-07,1.8807014446189388e-07,2.8288919741987784e-07,5.133790391521425e-07,4.4072315059341094e-07,1.9995980407995732e-06,1.4440711206118025e-06,4.7008496891106864e-07,3.0886462085095233e-07,2.371526028279337e-07,2.1298938872598448e-07,1.0019697073518234e-06,2.306694738899601e-06,8.664483029066873e-07,3.608418528555907e-07,4.3611537791830926e-07,6.957895427853473e-07,3.4346885316494387e-06,1.764820105625147e-06,9.387647889802134e-07,5.156036034251355e-07,8.88659193556255e-07,3.6483140836351115e-06,1.3264906167002616e-06,9.484116570488995e-07,7.928168457570747e-07,8.563527282369568e-07,2.4357548906717743e-06,3.037421587885885e-06,LC_V20_H2p5_T7,3.6483140836351115e-06
57,submerged,8.206790060458365e-08,1.3258986079566775e-08,2.34692660400761e-08,1.3070402261087485e-08,2.6762599403975854e-09,2.74280065065752e-09,3.7380852143296125e-08,2.925805179398254e-08,5.641651286715671e-09,4.7460695776102073e-08,5.194046012725863e-09,9.900894103926082e-09,6.699475607935779e-09,9.14217556315258e-08,3.9926622087992326e-08,2.491330976322865e-08,1.2258398232106132e-07,6.725508267833021e-09,4.4174150426532835e-08,1.2321333916863798e-08,1.3429346187371335e-07,3.224804048802654e-08,8.314968681626298e-08,1.853187162688338e-07,1.2084443289365494e-07,1.355346657261354e-08,2.41838816060376e-08,1.557344210634221e-08,1.1615018742612409e-06,1.4335069367742682e-07,1.2507194967816398e-06,1.5513622301857834e-06,2.481250724757107e-06,7.12152104414056e-07,2.1589586115388433e-07,1.0246513424322583e-06,1.7118761969489646e-06,1.5606628405581136e-06,4.2889654515887346e-06,1.9112464087132473e-06,4.0236707605239513e-07,4.650897475185549e-07,7.225088304436275e-07,1.3096176575788773e-06,1.1179270448046321e-06,5.0568832534697085e-06,3.5923124548883923e-06,1.1453855207187922e-06,7.41928225377286e-07,5.536728637871688e-07,5.962118026807723e-07,2.7208442009859575e-06,5.898141231395763e-06,2.0971453205752263e-06,8.532775334313118e-07,9.54825153459968e-07,1.590830348294743e-06,7.625778139958347e-06,3.795398994890369e-06,1.8722569201958879e-06,9.985010347234227e-07,2.080117354036572e-06,8.239336801089581e-06,2.784166444956715e-06,1.8681061597743003e-06,1.8515578519703765e-06,1.8953678448069087e-06,5.093413697581714e-06,7.669991419342849e-06,LC_V20_H2p5_T7,8.239336801089581e-06
58,submerged,5.1895385451339e-08,3.181735555919571e-09,5.609064548852434e-09,3.155216970714824e-09,6.448412697757652e-10,7.128237377008374e-10,9.747144215256571e-09,7.647612264428913e-09,1.4779566915102048e-09,1.288396951513091e-08,1.4227018285570448e-09,2.8351999393072727e-09,1.976773257482761e-09,2.9337037888571385e-08,1.2921732581805877e-08,7.949468602465395e-09,3.921213514783615e-08,2.1750666967274524e-09,1.4381045523642333e-08,4.141359555724803e-09,6.604982002849019e-08,1.5950437471908744e-08,4.0192341992120837e-08,9.237197618166038e-08,6.267353320416665e-08,7.640444656968978e-09,1.3915761965106884e-08,9.021105727907525e-09,3.7900211635755266e-07,4.6838184116392264e-08,3.997530786868187e-07,4.969215601380327e-07,7.7305917857016e-07,2.261411782017219e-07,7.017308000667134e-08,3.474563970537707e-07,5.78026238087437e-07,5.27774356352965e-07,1.4405987660970626e-06,6.557734206207903e-07,1.4115325202351883e-07,1.6876540182803097e-07,2.603325016947001e-07,4.6833320630089527e-07,3.990382830674825e-07,1.7891738221951294e-06,1.266574117410258e-06,4.033512553149793e-07,2.635194931029455e-07,1.9977222547778105e-07,2.142702322408899e-07,1.0018006812710636e-06,2.287909888887862e-06,8.567876644826525e-07,3.598775945433176e-07,4.3467734908037193e-07,6.467125866934944e-07,3.129200995420962e-06,1.611007087944241e-06,8.459103746282646e-07,4.6057555181084576e-07,8.472165045334377e-07,3.474244027827468e-06,1.24706048572045e-06,8.76685286339577e-07,8.473879447197486e-07,9.284116748987612e-07,2.638460051115427e-06,3.4317135435001287e-06,LC_V20_H2p5_T7,3.474244027827468e-06
59,submerged,6.806492426717305e-08,1.2890892494869664e-08,2.2759701005152886e-08,1.3025518625235713e-08,2.6574629772885707e-09,2.9250312843509937e-09,3.3011328629026965e-08,2.586479857850695e-08,5.1593523683981056e-09,4.450708835380129e-08,4.912527113174278e-09,1.0282314881528693e-08,7.094060334183356e-09,8.138473782163413e-08,3.573526377487832e-08,2.3000645281425636e-08,1.1270159281343967e-07,6.161534864763472e-09,4.10416730244004e-08,1.1408784870427094e-08,1.1558473197363866e-07,2.7779207961811057e-08,7.399537672640886e-08,1.662640868178799e-07,1.1578360115954087e-07,1.3307736095901804e-08,2.4066566701132247e-08,1.4990793135323524e-08,8.281510663666291e-07,1.0233386235474404e-07,8.894744400250326e-07,1.1057185814460467e-06,1.769960684884221e-06,5.120885133200479e-07,1.5516451336217954e-07,9.643547798540856e-07,1.6244755951265365e-06,1.4787029500786282e-06,4.090682086284329e-06,1.8381729733319329e-06,3.901443989968795e-07,4.521785441338538e-07,7.243996198805872e-07,1.312754956486976e-06,1.1159747069120359e-06,5.066165646302508e-06,3.5809182167970062e-06,1.1437314929428737e-06,7.36964314487494e-07,5.510452222467409e-07,5.589608513646244e-07,2.594233604183188e-06,5.81127058036684e-06,2.1506811533398454e-06,8.858371163386666e-07,1.0430616917096438e-06,1.5588836909979123e-06,7.626451103862347e-06,3.883019031090303e-06,1.977633340756303e-06,1.0614270170381254e-06,1.9594821794200664e-06,8.004549425217841e-06,2.8063065814794746e-06,1.958970646800821e-06,1.6990848879014547e-06,1.812064695545384e-06,5.0800030819370955e-06,6.650432071506904e-06,LC_V20_H2p5_T7,8.004549425217841e-06
60,submerged,4.5309560440929154e-08,2.7581531299418535e-09,4.873715573697685e-09,2.699172309375745e-09,5.531926704813324e-10,6.156321863429625e-10,9.617355053046232e-09,7.531985372377428e-09,1.4199159980997382e-09,1.206834131106609e-08,1.3263846165111573e-09,2.4662118680412385e-09,1.712383579039336e-09,3.285943178082611e-08,1.4381339531044837e-08,8.683615404317484e-09,4.204741250335438e-08,2.328483438716135e-09,1.5263695912560143e-08,4.448396825052673e-09,6.509635522900774e-08,1.576076854494504e-08,4.003464145675975e-08,9.297365100843755e-08,6.428392186411507e-08,8.317099116595286e-09,1.509688069109336e-08,1.0107420501946241e-08,4.5913495179177503e-07,5.6909164274380405e-08,4.888641197155173e-07,6.153329745881111e-07,9.869021884241036e-07,2.9490456808929493e-07,9.223777597019524e-08,3.541957772694764e-07,5.895429882639103e-07,5.433363074900666e-07,1.4965104903539377e-06,6.887947217868796e-07,1.4763955643264457e-07,1.7551413516738669e-07,2.647857637691279e-07,4.7160483788175197e-07,4.0042921822882803e-07,1.786102199476957e-06,1.2761855760377499e-06,4.1172238649562313e-07,2.715803462145626e-07,2.0739582476946467e-07,2.53198964689845e-07,1.1545279741676966e-06,2.5132163697225237e-06,8.999574403711002e-07,3.690222336181255e-07,4.165213852416697e-07,7.275116471414144e-07,3.480827624080659e-06,1.7251482235941154e-06,8.722347957886045e-07,4.783784118727836e-07,1.0287664374780814e-06,4.074059707570512e-06,1.381231573014706e-06,9.249352714960586e-07,9.74608211685037e-07,1.0073942158045915e-06,2.7180565199307975e-06,4.042093670753418e-06,LC_V20_H2p5_T7,4.074059707570512e-06
61,submerged,3.365779262202075e-07,9.709935259483952e-09,1.699416760534746e-08,1.342647766479356e-08,2.6371779811907384e-09,4.367636462247234e-09,3.239410832597498e-08,2.5454275092552536e-08,6.394253115332571e-09,5.379788861109412e-08,5.778986126226774e-09,1.680502231064857e-08,1.1033366452941418e-08,1.936332401504563e-07,8.53003427378212e-08,6.095995398446844e-08,3.0038913560709545e-07,1.614454203788906e-08,1.2840004657800863e-07,3.446600079395393e-08,1.8797888299649682e-07,4.5596429993927076e-08,1.366538512443445e-07,3.1161288341549073e-07,2.601963636965864e-07,2.917226185370775e-08,6.644968270747658e-08,3.985474320432848e-08,4.917066713509326e-06,6.076541011436986e-07,5.40068345310608e-06,6.696809708445335e-06,1.1068505904964505e-05,3.25678098786216e-06,9.65284637301213e-07,3.8092801624775486e-06,6.5299117017498706e-06,5.911489610959428e-06,1.6843317220699095e-05,7.73679882190863e-06,1.7147634988336003e-06,1.9164802057797513e-06,2.658942825347557e-06,4.8788567781443206e-06,4.1390790527694775e-06,1.9119894051724768e-05,1.3814121430784693e-05,4.5675046266773235e-06,2.889859484398654e-06,2.2438957861281273e-06,1.8007779156861668e-06,8.604256211254995e-06,1.9819033279218842e-05,7.75511697294825e-06,3.0914674940809543e-06,3.840264134814501e-06,6.052451914705826e-06,3.0074310094755457e-05,1.5824706331549086e-05,8.191342375376168e-06,4.543080860787646e-06,6.8298960740386336e-06,2.8838668791007452e-05,1.0230888342731902e-05,7.39530868447693e-06,5.117738505717813e-06,5.48956526387323e-06,1.610387535750359e-05,1.8760535276359143e-05,LC_V18_H2p0_T7,3.0074310094755457e-05
62,submerged,2.0290708112741542e-07,4.614004894727643e-09,8.233940917185444e-09,6.861654175489812e-09,1.3643538980688093e-09,2.5088515381140467e-09,2.4937491150534346e-08,1.964921895664358e-08,5.032295088714917e-09,4.311412771277623e-08,4.627619386031612e-09,1.4150951594095252e-08,9.278067438591541e-09,1.514013893155511e-07,6.697494599299336e-08,4.834015949618004e-08,2.4050388948160625e-07,1.2940043106683235e-08,1.0496133219594089e-07,2.8352245315299736e-08,1.7643345012771906e-07,4.2840224196413504e-08,1.2778818052646292e-07,2.938590283693095e-07,2.480038155311451e-07,2.857707708661492e-08,6.493220413877707e-08,3.955768090944871e-08,3.7240973080297144e-06,4.5999634172656623e-07,4.114553026023627e-06,5.104279461921204e-06,8.522856799345987e-06,2.552127594119904e-06,7.584705281624581e-07,2.9376914539582654e-06,5.050645967693812e-06,4.566843703989209e-06,1.3095186951099296e-05,6.040035484428506e-06,1.3556276503845931e-06,1.516318496574461e-06,2.1415243898028615e-06,3.9573440441202765e-06,3.3603781694955168e-06,1.567358033243024e-05,1.1448235767685754e-05,3.825248692898985e-06,2.4166022166406354e-06,1.893490458426139e-06,1.5233808423476643e-06,7.316458995713692e-06,1.6927594910176527e-05,6.630522994533844e-06,2.6540907511594024e-06,3.3036247761432643e-06,4.87486521143202e-06,2.4453940066336123e-05,1.2924515045666095e-05,6.7917094484783094e-06,3.7983230654775507e-06,5.559345433721428e-06,2.3585392852776255e-05,8.492551467033564e-06,6.184130962911835e-06,4.615739744290595e-06,4.996844377516087e-06,1.4671773354074172e-05,1.6489450435354564e-05,LC_V18_H2p0_T7,2.4453940066336123e-05
63,submerged,2.5966932625262036e-07,8.588527319979201e-09,1.530638472999793e-08,1.1721369018908414e-08,2.3499630601683486e-09,3.8117746199942505e-09,4.442855089036256e-08,3.492540757503721e-08,8.409659049672637e-09,7.145118616108175e-08,7.699291529004498e-09,2.1296538890290206e-08,1.4032668537434678e-08,2.2618282879777085e-07,9.975002569856634e-08,7.049121612219515e-08,3.477366079677793e-07,1.8615471703233252e-08,1.4437346602309868e-07,3.8920545619760977e-08,2.56472790639283e-07,6.194554413691736e-08,1.7983476929461416e-07,4.107104936650491e-07,3.317929345755285e-07,3.8540846350763336e-08,8.35032089447246e-08,5.101195940875687e-08,4.78394732810555e-06,5.906181971127945e-07,5.271059815176399e-06,6.526396788467275e-06,1.0829041015847307e-05,3.2000587483884704e-06,9.475077375930066e-07,3.950593196490823e-06,6.773278179155797e-06,6.126334327646265e-06,1.7476601437975618e-05,8.00309912574891e-06,1.774807547844858e-06,1.978484636855553e-06,2.99615076961258e-06,5.525413441180618e-06,4.688087939497148e-06,2.1802384554558525e-05,1.578528423327231e-05,5.2194168418956975e-06,3.292546271510298e-06,2.542983221334358e-06,2.1287882457956336e-06,1.013931042043639e-05,2.3248783426525396e-05,8.993298284879056e-06,3.6031372097891425e-06,4.40608363172717e-06,6.628531258181648e-06,3.3031620821602164e-05,1.7306678617682136e-05,8.991652339055137e-06,4.964258974351404e-06,7.660398326855249e-06,3.225070507970282e-05,1.1480325258843617e-05,8.255544246133015e-06,6.345269677903201e-06,6.803620522264458e-06,1.9748208125257562e-05,2.2993766329738082e-05,LC_V18_H2p0_T7,3.3031620821602164e-05
64,submerged,2.321532051204385e-07,5.164025954288133e-09,9.052427721826083e-09,7.714887606821173e-09,1.504683998767506e-09,2.7953085890247326e-09,2.0525050338714562e-08,1.6113299817369496e-08,4.411442029316416e-09,3.674096299353843e-08,3.895200601934074e-09,1.2666200120176447e-08,8.097605632420926e-09,1.3953676227500653e-07,6.16381273562821e-08,4.559568017805452e-08,2.2539122102459343e-07,1.19861551486253e-08,1.006239231594742e-07,2.670374960493369e-08,1.451089143718504e-07,3.520489142357866e-08,1.0926620442148326e-07,2.484978940816131e-07,2.1914465337310714e-07,2.415491088533126e-08,5.894072484099992e-08,3.4800120123827005e-08,3.871951351701724e-06,4.784395548150494e-07,4.281747444781394e-06,5.305677654432414e-06,8.867086952795587e-06,2.632820145413678e-06,7.762613245413045e-07,2.8773254796040096e-06,4.970336222269777e-06,4.495492482667033e-06,1.299005501007277e-05,6.013669556916973e-06,1.3563950182306102e-06,1.4997316838233714e-06,1.927708598597863e-06,3.5510621060347027e-06,3.0150218922988016e-06,1.4054895473731963e-05,1.025438426189933e-05,3.4391790702497143e-06,2.1659630114514e-06,1.702492164982317e-06,1.3188034634940114e-06,6.370737860834269e-06,1.4847560361070881e-05,5.92383491649311e-06,2.3422538052710777e-06,2.9585233231688646e-06,4.568843833531398e-06,2.2860165310214507e-05,1.2142060742793946e-05,6.344058473188127e-06,3.5661926217833184e-06,5.173604046482637e-06,2.2045473721999463e-05,7.86099032415536e-06,5.742644446017428e-06,3.919740821445019e-06,4.233774675312925e-06,1.2576378179020407e-05,1.41573371383153e-05,LC_V18_H2p0_T7,2.2860165310214507e-05
65,submerged,2.7512838847595706e-07,1.0916405159155946e-08,1.938729231748966e-08,1.4245463958650342e-08,2.8400650175289735e-09,4.451511072056772e-09,4.987013536079932e-08,3.892769358386429e-08,9.457165670735516e-09,7.921455879840646e-08,8.499601411321616e-09,2.332080361455903e-08,1.5292635841123747e-08,2.1451707834828878e-07,9.400174157570136e-08,6.88929738941115e-08,3.3628936795872624e-07,1.7778913686331096e-08,1.4245286571649625e-07,3.8119184325088245e-08,2.2672965263042577e-07,5.444004707748671e-08,1.6391530782270192e-07,3.672372583708914e-07,3.0286687589193237e-07,3.240803804123535e-08,7.381092660034285e-08,4.332428481155528e-08,3.66837350649931e-06,4.5293564816441933e-07,4.02320703944601e-06,5.003527112335164e-06,8.356206775373466e-06,2.4955826632317814e-06,7.357195094348538e-07,3.307880841477988e-06,5.713618972344896e-06,5.168310825792758e-06,1.4852916687068351e-05,6.848990152496545e-06,1.5322603263026472e-06,1.7138659883251822e-06,2.423462443972307e-06,4.474293312098484e-06,3.7876879267446273e-06,1.7663512223755958e-05,1.2854269278588311e-05,4.3072420310746555e-06,2.7056598879850867e-06,2.1209407264873857e-06,1.8482584867332664e-06,8.831444966731617e-06,2.0440397862418074e-05,7.970039483652267e-06,3.201298596207962e-06,3.949884270710969e-06,5.599001678024831e-06,2.8047623657313378e-05,1.4842295221713557e-05,7.749223080140038e-06,4.328404874564717e-06,6.862760304997166e-06,2.891740263958861e-05,1.0302116727249449e-05,7.450016082354659e-06,5.831996845765548e-06,6.3364934532881954e-06,1.847523885133829e-05,2.3363937546452423e-05,LC_V20_H2p5_T7,2.891740263958861e-05
66,submerged,2.2567400012158431e-07,6.020145656820291e-09,1.0567085806469537e-08,8.560644966539867e-09,1.6787832411386865e-09,2.9898596983086396e-09,2.5513297861439036e-08,1.9887333376909573e-08,5.2841784048601635e-09,4.384344776974556e-08,4.664790523108915e-09,1.4219310744409353e-08,9.212822083186458e-09,1.3580003931551675e-07,5.971268771165976e-08,4.5507491485734464e-08,2.2361897148296631e-07,1.170711622080403e-08,9.944601894932106e-08,2.639037065075498e-08,1.3690712550861917e-07,3.2909087022230113e-08,1.0369916525348039e-07,2.339862756098844e-07,2.0814973128845408e-07,2.206833660607058e-08,5.4905239231925e-08,3.160730748914589e-08,2.914367859331405e-06,3.6006542161564544e-07,3.2010258142671065e-06,3.982481320736228e-06,6.672452892300592e-06,2.0056205613688632e-06,5.907444321760893e-07,2.3513697224190968e-06,4.05780119432684e-06,3.6703417303500137e-06,1.0588752197949018e-05,4.940268094808963e-06,1.1207700628067717e-06,1.2544650009455989e-06,1.5100145798201767e-06,2.8119844213442317e-06,2.3809471105720652e-06,1.124159343913961e-05,8.279763010489372e-06,2.824918890969982e-06,1.7736175276829413e-06,1.4196922908517976e-06,1.1233548988022e-06,5.4870318052205625e-06,1.2815859563721179e-05,5.1491470394923e-06,2.0174968620218983e-06,2.5636339811858787e-06,3.7876985371600717e-06,1.90579310046857e-05,1.0223162133465982e-05,5.345728224509164e-06,3.0260732380674283e-06,4.405540505295006e-06,1.8920683512801383e-05,6.792042417345204e-06,5.0085467788457485e-06,3.4438005380309493e-06,3.798965590256876e-06,1.129916929316203e-05,1.277207610701928e-05,LC_V18_H2p0_T7,1.90579310046857e-05
67,submerged,3.1099322819277344e-07,1.1273253136511996e-08,1.973551407865089e-08,1.4880184704863611e-08,2.9387008375589195e-09,4.670227380007973e-09,4.128880928653564e-08,3.21462764689375e-08,7.91177342366454e-09,6.556774541484524e-08,7.022119229507367e-09,1.9482009741535012e-08,1.2748718323746392e-08,1.9068887063550476e-07,8.390976285846863e-08,6.162954085091273e-08,3.038872283820923e-07,1.603310431522237e-08,1.2991864320387214e-07,3.464583206055407e-08,1.8176398945608097e-07,4.362433332198518e-08,1.337433139205331e-07,3.016977100668055e-07,2.5537228116047855e-07,2.7129305844176427e-08,6.372819985395074e-08,3.7104364166192956e-08,3.8090309568556324e-06,4.707969294469802e-07,4.15628455441796e-06,5.178970963001563e-06,8.601719373370402e-06,2.560663013485421e-06,7.534826666172739e-07,3.2444194868575937e-06,5.543285628761142e-06,5.039194535657144e-06,1.4325707564507986e-05,6.594423392714115e-06,1.4634796853985508e-06,1.649162076579644e-06,2.1397498175042584e-06,3.96020166503234e-06,3.3549010588104213e-06,1.5712385282617074e-05,1.1457784277663817e-05,3.847644648461667e-06,2.423467973608054e-06,1.9033563282161925e-06,1.5729982560657338e-06,7.621059113524818e-06,1.761471947876151e-05,6.959044255554975e-06,2.7271914094630653e-06,3.4091585403287647e-06,5.157687001748068e-06,2.5727104449349668e-05,1.3688945847640128e-05,7.072497795878056e-06,3.951592223390328e-06,5.9877772261914894e-06,2.5415224229923373e-05,8.998354418281625e-06,6.537062276189406e-06,4.563020848096566e-06,4.950425667746237e-06,1.4495287190989629e-05,1.6763704147070277e-05,LC_V18_H2p0_T7,2.5727104449349668e-05
68,submerged,2.1103957001503112e-07,5.8990307208249596e-09,1.0487199966910703e-08,8.311346042549805e-09,1.6363833069474713e-09,2.8958966232017243e-09,2.87030820706543e-08,2.239150188307321e-08,5.799668106954142e-09,4.861975378343814e-08,5.186313317321123e-09,1.561798379012152e-08,1.0137109762035052e-08,1.4525629719186774e-07,6.377625846190565e-08,4.8288118406326456e-08,2.3689066847535138e-07,1.2500263405141853e-08,1.0622539686191919e-07,2.8201912562842754e-08,1.5805418606334248e-07,3.785991001303395e-08,1.172708004615999e-07,2.6350730315428204e-07,2.2669398824996518e-07,2.4077305589575032e-08,5.838474451778612e-08,3.384006674627388e-08,2.8127967790398684e-06,3.4769407247738524e-07,3.1003595950542496e-06,3.8643850214512225e-06,6.516391500953933e-06,1.981718816857667e-06,5.812875187570259e-07,2.4013361899731948e-06,4.176056094135323e-06,3.783381968137028e-06,1.0998040543433042e-05,5.143622309861406e-06,1.1696409239537448e-06,1.2995025624700577e-06,1.7020538545675941e-06,3.157075369453445e-06,2.676440703458054e-06,1.2578806683367337e-05,9.244238991554245e-06,3.141000013784041e-06,1.9592708165363125e-06,1.5567863299105188e-06,1.31109854713565e-06,6.3569116380328345e-06,1.4837824584879893e-05,5.912015066794605e-06,2.338051865652759e-06,2.9411408584164318e-06,4.076712386506121e-06,2.056029593544247e-05,1.1006296912324655e-05,5.763702608533985e-06,3.260278118009999e-06,4.902014885742324e-06,2.0878164331630734e-05,7.475236263717456e-06,5.474503685777011e-06,4.176145159788346e-06,4.575124168399203e-06,1.3535080302604672e-05,1.6326750682177487e-05,LC_V20_H2p5_T7,2.0878164331630734e-05
69,splash,0.00011474471068712353,1.1167939560254705e-05,1.9379462821726004e-05,1.1352400850895602e-05,2.2480087385348615e-06,3.2416683234013778e-06,3.081269807581991e-05,2.406294581459507e-05,4.77983016286919e-06,3.885712093088507e-05,4.240742066773372e-06,1.1778832246461889e-05,6.920983058487339e-06,7.63010534097857e-05,3.330036265996817e-05,2.4420487950920256e-05,0.00011538302119852989,5.608005595974957e-06,5.323829895856194e-05,1.3157222091631103e-05,0.00010749852932047564,2.5633929939695876e-05,7.491180452202471e-05,0.00016280330411282248,0.00014697119705386582,1.4025131190938557e-05,3.4609054570080774e-05,1.8881546462486228e-05,0.00024516898399714286,3.026629666163843e-05,0.00029339088896074836,0.0003607184171635364,0.0006724941644133516,0.00021507920067215692,6.025846093678129e-05,0.0001791169787229399,0.00030124000687911304,0.00027308939953406047,0.00081264088055893,0.0003967818390986527,9.76711927385396e-05,0.00010211998104476196,0.00010909037314218745,0.00019850849897155384,0.0001678140333351945,0.0007600888871091649,0.0005484270686140308,0.00020295200847026621,0.00011938706665345898,0.00010172031327514233,8.17378284606514e-05,0.0003804781126101855,0.0008758092489182539,0.000370628929322566,0.0001387283294916528,0.0001847332237308883,0.00019015872145539332,0.00092421849884424,0.0005147243043311078,0.0002719274878107042,0.00016103142377975433,0.00022039131407984615,0.0009270018802784792,0.00033279606744631405,0.00025320843986370876,0.00020609928214693467,0.0002255935387916217,0.000691707368475919,0.0007423813744753952,LC_V20_H2p5_T7,0.0009270018802784792
70,splash,7.963441981843122e-05,2.7391940201597843e-05,4.806542523777777e-05,2.7043888642498307e-05,5.482084478750123e-06,5.731410338448751e-06,7.425837373827376e-05,5.8142387762995344e-05,1.0946017247704973e-05,9.324389913813661e-05,1.0256738962466726e-05,1.8960211768671173e-05,1.2962876868771164e-05,0.00012848410303136135,5.6348260663971856e-05,3.445698938526103e-05,0.00016667355712204546,9.087266556743612e-06,5.43284982536308e-05,1.49861907075129e-05,0.00015828049886860716,3.8070242279292264e-05,9.827760624146612e-05,0.0002201517642784424,0.00014824461670259547,1.620261967756825e-05,3.0514588256834814e-05,1.6940357076232034e-05,0.00030020706838156265,3.71508847038028e-05,0.0003240741116047875,0.00040301179314636797,0.0006537616028743191,0.00018909349731953396,5.525452617613905e-05,0.0002493093814362249,0.0004184155013661168,0.0003805890880974339,0.001044881831480805,0.00045467687035907284,9.443907505310136e-05,0.00010657811452973596,0.00014973887160506846,0.0002712121125101146,0.00023092466273092496,0.0010390164606625314,0.0007242860076953966,0.00022763536294541419,0.00014490610153168124,0.00010541768486918229,0.00010063780525291064,0.00047022325870568424,0.0010418438587770406,0.00038075601352370597,0.00015348191424010313,0.00017759727704022606,0.00022930861975630545,0.001114482816480633,0.0005646555080832239,0.0002827483702961364,0.00015015031827129017,0.00025747013175024357,0.001044507066657343,0.00035848678030998024,0.00024738485913125704,0.00023032539126066148,0.00023943354609796963,0.0006628685790796643,0.0007613035978123675,LC_V18_H2p0_T7,0.001114482816480633
71,splash,0.00011496972287868324,9.108181637043319e-06,1.5960917388535132e-05,9.700573725203891e-06,1.8386838375036593e-06,3.0873463362711416e-06,3.326418397833759e-05,2.604448191036587e-05,4.968644768203e-06,4.175453696006096e-05,4.582038774674939e-06,1.1561675760109293e-05,6.713823543656285e-06,8.677641185855136e-05,3.8017429555753386e-05,2.4212814350291598e-05,0.00011441756498404203,6.110491828392192e-06,5.1897577127236105e-05,1.2791924584168314e-05,0.00011394661134417999,2.731165369719937e-05,7.907189437247707e-05,0.00017340737344769935,0.00015517021015499962,1.4999612773890603e-05,3.6555872468760024e-05,2.0026796697113776e-05,0.00025156655044127215,3.1018601737528315e-05,0.0003044719731920985,0.0003733136225161621,0.0006964749709584574,0.00022192880423919472,6.226317112212702e-05,0.00019002499912559772,0.0003287250459572317,0.000295888894962295,0.000920120517900938,0.00044800665819228906,0.00010901443568409931,0.00011490645121001061,0.00012094721101595262,0.00021712298496974638,0.00018447073806992712,0.0008819627353848322,0.0006650961792471445,0.0002403486022799259,0.00014312747774593466,0.00011904643101818682,9.181709049575534e-05,0.00044140152380046357,0.0010598691614779907,0.0004423796133076727,0.0001683649746870636,0.00022040542739679242,0.00021790049057026644,0.0011190723008773402,0.0006245813858276766,0.0003278287022413457,0.00019109952287843512,0.0002530633754513255,0.0011194251577248205,0.00040035795624104935,0.00030112772250782667,0.00025628984939751726,0.00027792398259153447,0.0008407161335181255,0.0008938507376468954,LC_V20_H2p5_T7,0.0011194251577248205
72,splash,7.882442218843885e-05,2.6663903133720687e-05,4.6684496024688834e-05,2.6430664683302304e-05,5.344562674505611e-06,5.6182418247987994e-06,6.626965616084613e-05,5.184086047408469e-05,9.84568570208471e-06,8.323751497909607e-05,9.150076128408685e-06,1.7140329357206464e-05,1.16543142669629e-05,0.00012172838167911416,5.334109858740395e-05,3.3164348221997606e-05,0.0001603780599396335,8.666669803662251e-06,5.3463062049595184e-05,1.4591545499731093e-05,0.00015319262179287413,3.686286386179898e-05,9.611636291862079e-05,0.00021418056038535825,0.00014842391765299774,1.5977922321886847e-05,3.0048017141989357e-05,1.7251029152501974e-05,0.0002890755601659676,3.573785979325776e-05,0.00031752826035052144,0.00039193745098344126,0.0006550960549166211,0.00019220207215826045,5.56309044480329e-05,0.00024535527973232763,0.00041299769488007776,0.0003760101546635729,0.0010318846217869568,0.0004520733681627812,9.581959175756469e-05,0.00010720903453565471,0.0001544226274361166,0.00028070928467084877,0.00023879247739488373,0.0010761294106561377,0.0007499674295885892,0.00023728033739255146,0.00015026343664231847,0.00011027880345227153,0.00010274562755246993,0.00047943281633714243,0.001068444252080485,0.00040674227293081215,0.00016145372995017625,0.0001924611551284512,0.00023809372175967342,0.0011588882535438134,0.0005992545041512455,0.0003019759211263385,0.00016434168193625516,0.0002642846088650149,0.0010872403097973418,0.0003765140872252021,0.00026568533252882326,0.00025329127797139747,0.00026529016870726463,0.0007522523260610855,0.0008434570076010238,LC_V18_H2p0_T7,0.0011588882535438134
73,splash,0.00010947358595979027,1.1280665078124057e-05,1.9771553927163935e-05,1.1262964997777124e-05,2.2646790733969102e-06,3.246822511959346e-06,3.4499206890724024e-05,2.7015337666332403e-05,5.0828014576907295e-06,4.315009897308364e-05,4.7482447753478485e-06,1.1166206132758726e-05,6.625208075020148e-06,8.490027191765731e-05,3.725373281532663e-05,2.408571365686445e-05,0.00011209370801228969,5.985988184548996e-06,5.0606535886387866e-05,1.2337075075796922e-05,0.00010921526026153378,2.624027435328062e-05,7.314334229832772e-05,0.00015881763827056393,0.00014292606438944203,1.3604069863884008e-05,3.356585532588318e-05,1.8170438345950165e-05,0.0002387015974370878,2.9443635128061166e-05,0.0002734675742852195,0.0003342134242316979,0.0006265470559253463,0.0001995623512198257,5.55137212086829e-05,0.00019341618558859028,0.0003237541845897807,0.0002943521076080664,0.000867842786069396,0.0004193501437439186,0.00010173218517448884,0.00010653861957748874,0.00012186352163240056,0.00021992030508561063,0.00018656866413680357,0.0008361022949025078,0.0006159930144026902,0.00022215312210611282,0.00013130725130268116,0.00010915205425323484,9.30442613448824e-05,0.0004311186325565859,0.001025289333289503,0.0004287086864625967,0.00016232203782639583,0.00021215445634062616,0.0002164335826485325,0.0010719223306962595,0.0005946217805325139,0.00030978166088517706,0.00018007677178725508,0.00025368910678401086,0.0010747118667608314,0.00038310280900683555,0.0002860579538288183,0.0002602335387714838,0.0002800432163375023,0.0008404576796690148,0.0008972921457443496,LC_V20_H2p5_T7,0.0010747118667608314
74,splash,7.742579016135423e-05,2.7765872700409516e-05,4.867714480883664e-05,2.7432971416391724e-05,5.559863235761591e-06,5.816825999891676e-06,7.270620464622823e-05,5.6855429673490435e-05,1.0799590481259028e-05,9.130862691391656e-05,1.0032433333218847e-05,1.8739572897333483e-05,1.2710109456150966e-05,0.00012461351541200933,5.450856531302517e-05,3.4539806358528725e-05,0.0001648682076449027,8.837008156794093e-06,5.50910619218643e-05,1.494355310787233e-05,0.0001557385745907792,3.7409192942259656e-05,9.775838720761808e-05,0.00021753833277576918,0.00014683098299238416,1.5997277217238463e-05,2.9533694546803158e-05,1.6677075484805713e-05,0.0002846136443559169,3.516382387525869e-05,0.00031028882182941424,0.00038325799284966806,0.0006300199482256387,0.00018177797609753707,5.298145006621111e-05,0.0002561891280150357,0.0004344441782848277,0.00039307499081509483,0.0010836901832218591,0.0004705092294966006,9.782508277819492e-05,0.00010996972771704169,0.00015909519782957344,0.0002885177919833722,0.0002447477390671164,0.0011029285697461287,0.0007654440871291611,0.00023994221129082014,0.00015239982586381237,0.00011055769979250693,0.00011012892004510225,0.0005155221381170841,0.001143052260164868,0.00042457226747589035,0.00017072632808559057,0.00019899496430108335,0.0002518628442333929,0.0012268861135592301,0.0006244051029605571,0.0003125933062791433,0.0001672257602944749,0.00028328613328849797,0.0011529804734101772,0.0003964229477037597,0.00027498158672299684,0.00027338119552475747,0.000285278895506397,0.0008004898387689506,0.0009096414093679553,LC_V18_H2p0_T7,0.0012268861135592301
75,splash,0.00011016711718450672,1.0338066776831948e-05,1.789479330588948e-05,1.0536772173983395e-05,2.0886245061699813e-06,3.1896304403763217e-06,2.594979924986635e-05,2.0283142763249216e-05,4.300394503473248e-06,3.324516036214082e-05,3.5837798776859125e-06,1.0972401940494786e-05,6.298722049224659e-06,7.369405584809918e-05,3.2230638475188336e-05,2.512913259966817e-05,0.00011725484079346577,5.633430455164209e-06,5.2931410704353365e-05,1.3061528993829329e-05,9.287017511266429e-05,2.2104507023161314e-05,7.404794699475427e-05,0.00016226297134288122,0.00014570443567354124,1.3968425158382567e-05,3.421753599950201e-05,1.865041936229768e-05,0.0002789963743411027,3.439222314708903e-05,0.0003344302425976083,0.0004102182496370131,0.0007544630520076611,0.00023788440715022955,6.706990714379475e-05,0.00018184830137224899,0.0003279687927544442,0.0002944825566508528,0.000917542072238037,0.0004448712584012088,0.00010746153168659519,0.0001130459536255413,0.00011299191263805468,0.00020315544230446844,0.00017250698236749354,0.000826027740791154,0.0006284333818469103,0.0002283538055918422,0.0001350758708347834,0.00011263998864370511,8.177922480226521e-05,0.00041033352879335787,0.0009873658195351936,0.0004108132660067836,0.0001547515815216232,0.00020227261111082989,0.00020922965384916804,0.0010741239652738703,0.0005970927642135184,0.00031059819698661705,0.0001797724723593809,0.00024387806232837892,0.0010753217575388116,0.000381756171320765,0.0002856680548335982,0.00023531339200958632,0.0002538075596180693,0.0007650165909492046,0.0008316286412179635,LC_V20_H2p5_T7,0.0010753217575388116
76,splash,7.859721328299541e-05,2.648169628340326e-05,4.6517925098101586e-05,2.6136270314336563e-05,5.304232649935659e-06,5.547299611234928e-06,6.853274165331607e-05,5.364877772511257e-05,1.014855913809528e-05,8.606014492812374e-05,9.463359521651281e-06,1.7514875590618736e-05,1.1965856879469067e-05,0.00012327519755455632,5.397329953089377e-05,3.358368507567388e-05,0.00016115564828287488,8.714620138540976e-06,5.354654379040697e-05,1.4558557707849146e-05,0.0001424076228344424,3.420279705876837e-05,9.036905380864617e-05,0.0002003608549771278,0.0001394202532173119,1.4851805462558473e-05,2.8702024259155222e-05,1.5947651036407945e-05,0.0003046983713965607,3.761072564186415e-05,0.00033740435585799473,0.00041415010411856464,0.0006925875236537542,0.000200922949655629,5.833416099831214e-05,0.000245451672430678,0.00041541854187429454,0.0003766227384022233,0.0010389165100060088,0.00045266716656801586,9.529447151150458e-05,0.0001062504775002508,0.00015129643771303507,0.0002766831613888074,0.0002343795324862189,0.0010620991511724775,0.0007383957306183656,0.0002337524115596182,0.00014733329828338018,0.00010794994497819734,0.0001013729989156881,0.00046909750536426896,0.0010363231610336313,0.00038440825416041617,0.0001527136983418445,0.00018030252232375808,0.0002338328206712399,0.0011339631156398664,0.000577001178131326,0.00028794996297397467,0.00015489005442829824,0.0002632070922125141,0.0010579383061192463,0.0003620110081207454,0.000253823218380195,0.00024537056709370865,0.00025454432914521883,0.000714884849206411,0.0008422466792979259,LC_V18_H2p0_T7,0.0011339631156398664
77,splash,5.992466148675394e-05,1.7036356188699267e-05,2.9184744344716564e-05,1.7833689735197915e-05,3.4874078529026313e-06,4.034820195631146e-06,5.0213489247814925e-05,3.887528085353599e-05,8.366345119969804e-06,6.597932584053206e-05,7.0842659595102975e-06,1.4892183628293556e-05,9.689923957948615e-06,0.00017154840400014388,7.488827950262278e-05,4.85979212985732e-05,0.00023101709029294386,1.2265752536492867e-05,7.768765742562807e-05,2.0943161011507762e-05,0.00015263479482656106,3.654645623035421e-05,9.967807530308295e-05,0.00021890419806773912,0.00015260890425552017,1.6473828891547217e-05,2.9692899594443283e-05,1.7612934578088313e-05,0.0010083514328827813,0.00012456733527735578,0.001083876949020716,0.0013415841526560352,0.002123639576409762,0.0005885891579889082,0.00017651319336608646,0.0006555815071503436,0.0011030056333290507,0.00099796618654795,0.002731287620413135,0.001180384881504554,0.00024205319613628958,0.0002743043392894419,0.0003718639973337987,0.0006724424659749524,0.000569431818186323,0.0025507788536285715,0.0017595098512842575,0.0005474582914961327,0.00034879586252944435,0.0002506198491378428,0.00025124719118647384,0.001171272543018971,0.0025847955873976214,0.000950128071893499,0.00038220731741874273,0.0004399123720041478,0.0006023724354382013,0.0029095734893973125,0.0014653498557650837,0.0007269396923689248,0.0003782214981323721,0.0006085257021689837,0.0024652377558639004,0.0008397203136584003,0.0005718675937639547,0.0005027823723405257,0.0005196292779683571,0.0014275602016771802,0.0014804531885030591,LC_V18_H2p0_T7,0.0029095734893973125
78,splash,4.717322336500189e-05,1.4026007605121498e-05,2.4541442626403426e-05,1.43708202050129e-05,2.8764563760841536e-06,3.1526494598904794e-06,5.6464509755161984e-05,4.411635401094859e-05,8.695826605742619e-06,7.260707533416488e-05,7.912241108720237e-06,1.5525937594338704e-05,1.0396310573519254e-05,0.0001838521394922521,8.061716839888313e-05,4.997486143989866e-05,0.00024251150821247899,1.3125245035978323e-05,8.000711038912497e-05,2.1947691390826418e-05,0.00017010483513950098,4.08849473275534e-05,0.00010634132259050218,0.00023763790323838091,0.0001571872071198222,1.7520991172424703e-05,2.948733813317174e-05,1.7867459527304792e-05,0.0008971969167861601,0.0001109778522717721,0.0009548835459938272,0.0011874189726310393,0.0018584498015055805,0.0005114049686667951,0.00015423011740145964,0.0006213142385157941,0.0010355871900233678,0.0009411113077358894,0.0025478681237227647,0.0010940392630323385,0.00022086673655133564,0.0002525184802137206,0.0003738295959741197,0.0006728738276243827,0.0005715163895569954,0.0025445271730527076,0.0017467795277487342,0.0005376048849349312,0.00034432127215867393,0.00024453607661478283,0.0002540168193653598,0.0011777211423492848,0.0025850995502684072,0.0009373952152918248,0.0003804181337298679,0.0004312554986879285,0.000596530640500866,0.002870565332917744,0.0014313489551344533,0.0007076174728023254,0.00036353210781124617,0.000611723702266992,0.002458872518596232,0.0008364696369193529,0.0005637457563249143,0.0005074344366320479,0.0005235575760535473,0.0014208273760382033,0.0015513314381416555,LC_V18_H2p0_T7,0.002870565332917744
79,splash,5.1055168923152686e-05,1.535698693532418e-05,2.6488548002498846e-05,1.6085239358902767e-05,3.1611826248237382e-06,3.636976920709581e-06,6.101060965554774e-05,4.731236766050729e-05,1.0001076735107514e-05,7.957963694526757e-05,8.573890160679697e-06,1.7730963823472237e-05,1.1605201207000253e-05,0.00019006134506111404,8.302214541088882e-05,5.362083530780393e-05,0.00025520324313879346,1.3587788909985247e-05,8.547689690811864e-05,2.309814325365393e-05,0.00017822951383347074,4.267623225491668e-05,0.00011443455071424123,0.00025131364011129597,0.00017207319591010654,1.8463100483755816e-05,3.262031206613254e-05,1.9269708708784192e-05,0.000988711506551673,0.00012215829996612874,0.0010644666746672958,0.001318032078047735,0.002089679374219656,0.0005801446426184796,0.0001739284194637279,0.0006668573880796806,0.0011224356096974162,0.001015718046858523,0.002782182477282992,0.0012027443905580765,0.0002467483711724475,0.00027947105756663,0.0003912342866677178,0.0007076526482345543,0.0005995286731838827,0.002685682443346161,0.0018518280197526013,0.0005758399744841079,0.0003667181535459052,0.0002632312839419346,0.0002661022768426946,0.0012398608914853814,0.002735233535332913,0.0009961944753527434,0.00040151735799770537,0.00046048695308287843,0.0006285925252813258,0.0030400461979752224,0.0015297913675680042,0.0007599082021788276,0.00039473627197526097,0.0006370643338049479,0.0025791671658153296,0.0008801773019298259,0.0005983752971652804,0.0005400587946986857,0.0005585010024257627,0.0015300161830284844,0.0015791230352170664,LC_V18_H2p0_T7,0.0030400461979752224
80,splash,5.542848363211914e-05,1.6288940061240044e-05,2.8283667182971478e-05,1.6666504653834783e-05,3.3164469140138145e-06,3.6441030810397e-06,4.207404597466627e-05,3.2873797870651155e-05,6.508584504563685e-06,5.443780192683662e-05,5.9189652704059744e-06,1.173923595637451e-05,7.836909408796885e-06,0.00015401046152970424,6.764465129062539e-05,4.145041585663852e-05,0.0002021046295779229,1.0994824543890681e-05,6.668336288215317e-05,1.8341048324941684e-05,0.00015106571938094962,3.637081148729274e-05,9.097769695954754e-05,0.00020509421381353777,0.00012947855618589116,1.4880524270468096e-05,2.4268628676473885e-05,1.4716523651299036e-05,0.0008708709009089309,0.00010777641235726402,0.0009231008021259767,0.0011498639583294808,0.0017932767534165465,0.0004931413203686962,0.0001490282970554225,0.0006005984098999631,0.000999951369106183,0.0009093515365364869,0.0024588143484066856,0.0010557703478428818,0.0002127840613521853,0.00024354555485180668,0.0003622721177998705,0.0006503949111928703,0.0005526952581264372,0.0024535539365122348,0.001682617928592951,0.0005162189233383287,0.00033156695889960495,0.00023486051770431487,0.00023917909053376948,0.0011077825523074954,0.002430663971578654,0.0008748988235399369,0.00035518295629696344,0.0004024694716089588,0.0005559149102318017,0.0026743528787172674,0.0013331369130549122,0.0006585427412791954,0.0003381501073528162,0.000570703772630426,0.0022929502060593135,0.0007788793238933365,0.0005242365745590131,0.000467772366769197,0.00048168333046510824,0.0013057199491302621,0.0013954908200593007,LC_V18_H2p0_T7,0.0026743528787172674
81,splash,5.0776623896038066e-05,1.8044875601795363e-05,3.121984610688484e-05,1.870279728492593e-05,3.6965300918247573e-06,4.178954484479258e-06,6.35982103657906e-05,4.926140054521799e-05,1.0367525620885867e-05,8.269991106157163e-05,8.915260953166023e-06,1.8320559225709696e-05,1.2011950517169101e-05,0.00018127688504654968,7.897537498931752e-05,5.1461772743298604e-05,0.00024412129060785232,1.2930093980650224e-05,8.193686786625167e-05,2.2077626434233685e-05,0.0001711588612675018,4.0915919675884774e-05,0.00011004342535034811,0.00024131761812696583,0.00016495975140609384,1.7595949094898254e-05,3.1115246963275e-05,1.8296344458228473e-05,0.0008064728679741742,9.967021664563611e-05,0.0008676064927419961,0.0010745555374096923,0.0017062557390227335,0.0004748038169800665,0.00014208769070459147,0.0005647715407344865,0.0009524190445604282,0.0008614114308398816,0.0023646948306499495,0.0010242718409055375,0.00021096864650278058,0.00023847661502019612,0.0003306639195508454,0.0005984017797415626,0.0005066427002532644,0.002272520396567938,0.001563689547804462,0.0004864931147721148,0.0003085286022787421,0.0002214731990199393,0.00023093353305911807,0.0010749731095107788,0.00237254609178616,0.0008662689963841177,0.00034882680447621584,0.00040110560331090255,0.0005377498704349526,0.0025980053322867858,0.0013099161497015256,0.0006500632527406293,0.00033878792532854096,0.0005623947446572907,0.002273384925895868,0.0007726039745439784,0.000525617164858947,0.00048594535456553063,0.0005029421601443299,0.001379440254783914,0.0014982441032446317,LC_V18_H2p0_T7,0.0025980053322867858
82,splash,5.538959258751097e-05,1.7340507397347032e-05,3.00995739888459e-05,1.7719772427730665e-05,3.5277393295678254e-06,3.878036984934084e-06,4.854267333925375e-05,3.7781050987457125e-05,7.62571707657072e-06,6.256224250267422e-05,6.788053112596981e-06,1.3554185252667413e-05,9.004304311739e-06,0.00015162727600197279,6.629998063145615e-05,4.196707468829801e-05,0.00020190369995041696,1.0821964496823525e-05,6.709687307240949e-05,1.8264573898942746e-05,0.00014687332939382873,3.538242365340668e-05,9.125605193853975e-05,0.00020314982234730515,0.00013507722425028766,1.491605795302074e-05,2.531108608806748e-05,1.5229883978174401e-05,0.0007332447468745083,9.068678569307079e-05,0.0007806080387720885,0.0009702803029194016,0.0015201870119865876,0.0004182229466533377,0.00012586182808530368,0.0005270751241790192,0.0008795124909536532,0.0007989204923725011,0.0021653900948796104,0.0009296552116887908,0.00018792436678762852,0.00021446747543480506,0.0003138811632268414,0.0005664762366146208,0.00048017445861679974,0.002144395102273481,0.0014724779381627504,0.0004546598015929027,0.00029028742544248237,0.00020680143233785535,0.0002165474304674466,0.0010054346319680503,0.002206675976347979,0.0007978196996626701,0.00032235576155120824,0.00036644367780808433,0.0004972144181024049,0.002393143496120984,0.001197701618486648,0.0005908605580221782,0.0003044287259569944,0.0005291988479392543,0.0021330581761524704,0.0007236995167213123,0.0004887993851312864,0.00043453349301186307,0.0004479140136101458,0.0012165052449181555,0.0013180234326068932,LC_V18_H2p0_T7,0.002393143496120984
83,splash,6.005653598914102e-05,1.853543079659592e-05,3.183616763359066e-05,1.933841404905287e-05,3.7936209702252185e-06,4.361960008889683e-06,5.72415208530466e-05,4.417523506413496e-05,9.545190478240427e-06,7.468505854235654e-05,8.017400244822504e-06,1.6801958323022355e-05,1.09287936887964e-05,0.00016874406432574953,7.336289202751443e-05,4.88312643008794e-05,0.00022980892291496948,1.2063087653644008e-05,7.767600072800172e-05,2.0802050772222637e-05,0.0001593833653447179,3.80824262922444e-05,0.00010312711827381264,0.0002254645679401702,0.00015427190532985163,1.643844535114153e-05,2.9121471550711223e-05,1.7149640289335408e-05,0.0008257578661219792,0.0001020391192132207,0.0008862785039188639,0.0010972544099143188,0.0017360049849919157,0.00048104895569457825,0.00014403420627458365,0.000550551400006863,0.000927811220764784,0.0008388706286983171,0.0022983221968033854,0.0009933644738667668,0.00020402186193276017,0.00023067289710689004,0.0003139704596533999,0.0005702784773096524,0.00048176338883896197,0.002167298306904965,0.0014925365760246048,0.0004662727422873225,0.0002948071327930433,0.00021213712380900585,0.00021677599012557078,0.0010100815615270264,0.002223577718328306,0.0008196952592412753,0.00032850376296792957,0.0003785753972235706,0.0005094786184644127,0.00245796652336501,0.0012398423322209351,0.0006135868598318641,0.0003195993595749312,0.0005278679309779611,0.002139282607823312,0.0007268099457241892,0.000495438714112993,0.0004414065583356733,0.0004567463158023703,0.001253470121147463,0.0013100887312929017,LC_V18_H2p0_T7,0.00245796652336501
84,splash,4.6338485730494e-05,1.667679679954394e-05,2.9217528817725627e-05,1.6951155701383672e-05,3.4075059223284227e-06,3.674877886407748e-06,5.776806007081907e-05,4.5216069948440203e-05,8.770567135680978e-06,7.410040746550479e-05,8.091547876165606e-06,1.5668676959215233e-05,1.055493590750253e-05,0.00017236115618473382,7.56591544376346e-05,4.64543923539709e-05,0.00022646310005304806,1.2295038873421983e-05,7.458585659772765e-05,2.0501834131458328e-05,0.00016136342358745616,3.876616845621271e-05,0.00010037043782132533,0.00022462833698685725,0.00014767844186404513,1.6462838143792464e-05,2.75451662855318e-05,1.6689499421751122e-05,0.0007493950179976748,9.276497195270431e-05,0.0007948278135809655,0.0009906437474822179,0.0015472154093677383,0.0004260271928271451,0.0001285869212596948,0.0005412444218910199,0.000902350987248907,0.0008205654448855444,0.00222339222178279,0.0009551721432696929,0.00019293943261785814,0.000220342173903582,0.00032093594825717027,0.0005761929991132702,0.0004898244988401535,0.002177327667021267,0.001493778231188551,0.00045920546274871973,0.00029429078424019416,0.00020878754654192242,0.00022365280986170406,0.001034826047100549,0.002268903496450646,0.000820829388485472,0.0003339262887148367,0.00037775412530866194,0.0005160092133243207,0.00248529410830101,0.001240035808495712,0.0006126719328727148,0.0003148979320115496,0.0005479217977250362,0.002197766938166463,0.0007473778076057823,0.0005030264010228883,0.00046367353530897174,0.0004781791225794714,0.0012963732043975687,0.0014529472599473952,LC_V18_H2p0_T7,0.00248529410830101
85,splash,7.20739632663717e-05,4.347173036644168e-05,7.605631424397781e-05,4.272751648553693e-05,8.674713088822298e-06,8.923061872690759e-06,9.593373428886308e-05,7.498800656079436e-05,1.4271227357440127e-05,0.00012048695389556375,1.3236690656942065e-05,2.456531854196891e-05,1.6766573968149388e-05,0.0001490415186844289,6.517618279098665e-05,4.019420804942894e-05,0.00019352851262688345,1.0524813057568384e-05,6.242105912565617e-05,1.7270310914825358e-05,0.00017739907257508972,4.270142548119574e-05,0.00010756154203888219,0.00024131692041806825,0.0001526522915003308,1.750698687175427e-05,2.760641151470326e-05,1.7118095194374723e-05,0.00031552052065975274,3.902157412029184e-05,0.000336307930195987,0.00041797261655437555,0.0006526081987624787,0.00017952779057622088,5.444404105628433e-05,0.00031659335225314305,0.0005277339495039031,0.00048064603239365833,0.0012986337976230446,0.0005576319353775351,0.00011181861334602712,0.00012894511305799373,0.00020911583214084812,0.0003774943319011468,0.0003207159427019323,0.0014290280168352712,0.00098314952378747,0.00030144427122060885,0.00019454092442575832,0.00013765199964259312,0.00013535838156921579,0.0006274839222989285,0.0013782330133854338,0.0004968519143782612,0.0002028562170408706,0.0002289991581108629,0.00029347424566105937,0.001416354861516347,0.0007064964277801085,0.0003504346748132107,0.00017976825510393046,0.0003295150046265984,0.0013236875723750946,0.0004512412922698232,0.0003031197818106559,0.00029114837322329594,0.00030047919120341636,0.0008123360832724416,0.0009750932378069975,LC_V14_H1p5_T6,0.0014290280168352712
86,atmospheric,3.843995653831626e-09,6.517236731575783e-10,1.1502164852244362e-09,6.377612178786593e-10,1.3057091735477616e-10,1.3239694497580643e-10,2.490659273559627e-09,1.9435466267306386e-09,3.703526099621012e-10,3.1138706916511055e-09,3.4156775358921314e-10,6.334302271669215e-10,4.315974771710483e-10,9.891124744346942e-09,4.322833743523766e-09,2.634572268933492e-09,1.273286502170953e-08,6.922423101569048e-10,4.070644196037796e-09,1.1266158035750267e-09,3.2013709577296835e-08,7.712457491537539e-09,1.9253376775146086e-08,4.341920376712014e-08,2.726860794156519e-08,3.1474374928898603e-09,4.924083289316577e-09,3.0651014959359063e-09,1.256418094062008e-07,1.5560921261147564e-08,1.327241630284772e-07,1.6554400283548815e-07,2.563906599142333e-07,7.025321969432541e-08,2.1388004137268416e-08,1.2199209646850708e-07,2.020289207325746e-07,1.8429209997902258e-07,4.946835094115234e-07,2.1147874281099988e-07,4.2131668001546765e-08,4.869454709663931e-08,9.855184643977815e-08,1.7695753688736852e-07,1.5041593171014523e-07,6.665522191215356e-07,4.5641390567857575e-07,1.3906857914886707e-07,8.994560859464709e-08,6.329133710567142e-08,8.1576661356733e-08,3.760316879811861e-07,8.219665922360214e-07,2.9440798467066665e-07,1.203779872328202e-07,1.3521865710996744e-07,2.5619935674780476e-07,1.2295529661621904e-06,6.098175985753297e-07,3.0131750914094784e-07,1.539374373377087e-07,3.505922089370701e-07,1.4016164280163475e-06,4.7536705367262606e-07,3.176058741376426e-07,3.063707223348899e-07,3.1472344916980953e-07,8.453746889479278e-07,1.169081456811574e-06,LC_V20_H2p5_T7,1.4016164280163475e-06
87,splash,5.996335372430303e-05,3.619220908404704e-05,6.353618382822923e-05,3.552651272030941e-05,7.236341854965761e-06,7.405145959021167e-06,0.00010235988258512104,8.009333867088357e-05,1.5145892257377082e-05,0.00012850147581050652,1.4131703959967266e-05,2.612824986550678e-05,1.7866410867970578e-05,0.0001684779550247383,7.379122749076151e-05,4.505785823956525e-05,0.00021797860775879494,1.191677683307044e-05,7.022907857974554e-05,1.949658136880718e-05,0.00019212280080037903,4.6212595880173116e-05,0.00011683327932460098,0.00026191040439174456,0.0001659700034820141,1.9011515796546487e-05,3.0040622128805436e-05,1.8619658027304482e-05,0.0003188316921206796,3.943627430925184e-05,0.00034003410025516904,0.00042238813161036377,0.0006601091380312028,0.00018153844885468375,5.5034370564610384e-05,0.00029684032597211376,0.0004954527677992332,0.00045110355613525244,0.0012194749771191787,0.0005236056448003517,0.00010498232331775873,0.00012108598254302277,0.00018976214827066197,0.00034200629793307665,0.0002908517283930752,0.0012936842014875673,0.0008895890461528282,0.0002724515327328792,0.00017596212551544078,0.00012440268059820848,0.00012676277415365222,0.0005874745381764415,0.0012901215835922103,0.00046500061368440405,0.0001898584519637894,0.00021432857664650047,0.00027294202613282814,0.0013166458364853493,0.0006557839778465608,0.00032527729345974626,0.00016664613771524064,0.0003126400195970889,0.001251064934323513,0.0004270598247111108,0.00028648192558217107,0.00028064330882950235,0.00028990078955082603,0.0007821167750486707,0.0009576112046849546,LC_V18_H2p0_T7,0.0013166458364853493
88,atmospheric,3.2175008564302824e-09,4.322404609206934e-10,7.587251766996256e-10,4.239739812684889e-10,8.620265103715871e-11,8.838018460811948e-11,2.2129508558357573e-09,1.731365122066414e-09,3.249800726189056e-10,2.762963979372912e-09,3.0378736788736367e-10,5.587093899491175e-10,3.8211184102634064e-10,1.0474722902477497e-08,4.5932376446210925e-09,2.7443836186531154e-09,1.3378393446306946e-08,7.345015946007702e-10,4.2631468825322735e-09,1.187857534501484e-09,3.375621620907125e-08,8.127190147473055e-09,2.0308994261556526e-08,4.582479457213141e-08,2.876417268481525e-08,3.3231651954669062e-09,5.1989284461615605e-09,3.2380515106397484e-09,1.2184635553856995e-07,1.5077788008596524e-08,1.287819865980668e-07,1.605096294821471e-07,2.485639486755372e-07,6.803803465054278e-08,2.0690527996898428e-08,1.0411397903058513e-07,1.722782937607517e-07,1.5718366762096303e-07,4.2181144239484884e-07,1.8015498302143642e-07,3.58623614022424e-08,4.1444040097267655e-08,8.490570139344607e-08,1.5227713664037858e-07,1.295533202453737e-07,5.738081147975176e-07,3.931150556219236e-07,1.1986882777199648e-07,7.748052783356624e-08,5.4548996653515326e-08,7.079010202722656e-08,3.2501310564773786e-07,7.083871939189447e-07,2.532795886383039e-07,1.0363313025167785e-07,1.1601929745681852e-07,2.3633583053996646e-07,1.1316145177397367e-06,5.601870469675543e-07,2.7627225408175853e-07,1.4052033912654043e-07,3.20568939995132e-07,1.2767984076879617e-06,4.336361341450128e-07,2.897693996134659e-07,2.802396530400464e-07,2.881043919339142e-07,7.729156132649451e-07,1.0559627864113944e-06,LC_V20_H2p5_T7,1.2767984076879617e-06
89,splash,6.088712818591117e-05,4.303958657971866e-05,7.567139921730489e-05,4.221835786499081e-05,8.614165249314641e-06,8.789368431609987e-06,0.00010938875135827329,8.562829873467915e-05,1.6163746004150023e-05,0.00013732787374554794,1.5107746894024702e-05,2.790258704440071e-05,1.9091613987986976e-05,0.0001758141243121695,7.703505582731248e-05,4.706413993737678e-05,0.00022760258034978365,1.2444536116687936e-05,7.337864799507015e-05,2.0370604901350614e-05,0.0001951289680276772,4.6980851935394654e-05,0.00011817982807324986,0.0002654604809140924,0.0001677683989320559,1.927937813819283e-05,3.036286686656462e-05,1.8850772499352976e-05,0.0003360191686129292,4.153709650537729e-05,0.00035935325696363307,0.0004460208852415606,0.0006982943279645999,0.000192197962582264,5.8241342605999106e-05,0.00032829947248929633,0.0005485259514295478,0.0004992162856367896,0.0013511052721930437,0.0005803131865565698,0.00011653096319972603,0.00013420697428977098,0.00020988995351643348,0.0003780265520723327,0.0003215134955110995,0.0014292960090076603,0.000982863027796206,0.0003009737270187491,0.000194449290612698,0.00013744245953340372,0.00014006569334987202,0.0006498724451885012,0.001429419772624227,0.0005153309281728603,0.00021065157177310143,0.0002378989280446777,0.00031241952703417073,0.0015063736642650376,0.0007493148377899605,0.0003715354046246952,0.00019022596746146587,0.0003488167943959607,0.0013951833295854572,0.00047599745830025916,0.00031918203953233833,0.00031783507939839377,0.00032853652278271695,0.0008873325853008311,0.0010996209939690227,LC_V18_H2p0_T7,0.0015063736642650376
90,atmospheric,3.8323651389747005e-09,6.679878412859788e-10,1.1781160242437742e-09,6.538528069642634e-10,1.337653785537909e-10,1.3578677421770152e-10,2.4494928001276766e-09,1.917629510518215e-09,3.59500769824267e-10,3.0582681198085093e-09,3.363657935793645e-10,6.17993850711548e-10,4.227106344193455e-10,1.0717082924420384e-08,4.703545332431541e-09,2.809742193084837e-09,1.3709119733902304e-08,7.533308600208596e-10,4.37728307581515e-09,1.2199003297640599e-09,3.056420152545311e-08,7.3747745224935745e-09,1.822946172134548e-08,4.1274287911602545e-08,2.574651075124853e-08,2.9990138675998776e-09,4.651885823007875e-09,2.9107543226155347e-09,1.2647926068878477e-07,1.565315945702428e-08,1.336192418445924e-07,1.6645218104611738e-07,2.5767810843749165e-07,7.052773140137197e-08,2.1464069911301508e-08,1.2127458372551014e-07,2.0087150640834075e-07,1.8306275374937498e-07,4.915825171830156e-07,2.0993374546080666e-07,4.183384241709019e-08,4.830434587674123e-08,9.773666895930473e-08,1.7509833102375775e-07,1.4892150696920437e-07,6.587916365535155e-07,4.50864601648416e-07,1.3734904307606268e-07,8.875497010652186e-08,6.244411719944642e-08,8.171950122377191e-08,3.7674091289192516e-07,8.245537692323694e-07,2.9613795281945465e-07,1.2109511199613255e-07,1.3597409096541902e-07,2.6987260310398e-07,1.291408244516858e-06,6.386634207974758e-07,3.140937554906822e-07,1.599342110081491e-07,3.6395129618206864e-07,1.4471752998707039e-06,4.904601168982169e-07,3.2658600194836854e-07,3.351945184235834e-07,3.4407100534126124e-07,9.252466925730908e-07,1.3595391809742125e-06,LC_V20_H2p5_T7,1.4471752998707039e-06
91,splash,7.416826761642574e-05,3.9198245626512544e-05,6.83947601663116e-05,3.8550100762999746e-05,7.80596963257973e-06,8.061806474010465e-06,8.2120329597645e-05,6.412377730196532e-05,1.2284887626350735e-05,0.00010315058112657533,1.1320676122402713e-05,2.1095688897254902e-05,1.4363947488708342e-05,0.00013581878717052362,5.931450532563615e-05,3.6827859472386346e-05,0.00017661948180897202,9.579611820113746e-06,5.7004480132099726e-05,1.5736025081135665e-05,0.00015050910180983308,3.620183761180485e-05,9.171453146693091e-05,0.00020523630519439945,0.00013049894800508006,1.4883565403786822e-05,2.360978996017756e-05,1.4580357721141441e-05,0.0002926262997065273,3.618225088659815e-05,0.0003119221550055916,0.0003874090379581783,0.000605051117921652,0.0001662614614731071,5.0403466205346204e-05,0.0002815271276771219,0.0004712803575579525,0.00042822161152870566,0.0011602386033148688,0.0004979737431844524,0.00010000755105235764,0.0001150619081099414,0.00018938119761946714,0.00034158970064080384,0.0002903009721222794,0.001291854461470148,0.0008880244561024312,0.0002720686556779582,0.0001755979937373641,0.00012412037572841797,0.00012231564643907294,0.0005669904320618901,0.0012448809579094229,0.0004492003611643042,0.0001829690788322919,0.00020677190035512364,0.0002639512474806782,0.001271602950048761,0.0006343331109869071,0.00031376502475045784,0.00016094095366261477,0.0002991905961839899,0.0012013224527654307,0.00040892032554484033,0.0002746727352326667,0.00027104653325415843,0.00027963396490661386,0.0007550361615151718,0.0009154335582589055,LC_V14_H1p5_T6,0.001291854461470148
92,atmospheric,4.583173901204867e-09,4.4960283601246767e-10,7.880977023285634e-10,4.408581434718028e-10,8.957124158536322e-11,9.187328060216334e-11,1.6664456001463295e-09,1.3017258324822801e-09,2.465681678082374e-10,2.078903236492628e-09,2.2825724792091842e-10,4.2156459263219233e-10,2.875481079521273e-10,8.366933347879391e-09,3.663982992618514e-09,2.2106915666837917e-09,1.0726409447594119e-08,5.860069737920701e-10,3.4219173059104984e-09,9.501719589161143e-10,2.745172574814305e-08,6.6095283733093685e-09,1.6548997874461135e-08,3.72987565943906e-08,2.3454205980542335e-08,2.705803775676966e-09,4.239125780361769e-09,2.6387797048620073e-09,1.1056527734797229e-07,1.3676101365646392e-08,1.1698671531713255e-07,1.4568032568495656e-07,2.2578650260440907e-07,6.185054094462606e-08,1.881834070975622e-08,1.0269080769647401e-07,1.7040025489246032e-07,1.551754908349629e-07,4.1711915385437907e-07,1.7817709050413106e-07,3.552585852843971e-08,4.0981367372757266e-08,8.822230139637079e-08,1.5869335070657318e-07,1.3474201676994393e-07,5.97855652221474e-07,4.0950993999021784e-07,1.2503162276003928e-07,8.066507258757442e-08,5.683262736282977e-08,7.688846210133115e-08,3.535334039571517e-07,7.713532197673925e-07,2.751533647436775e-07,1.1263880841195319e-07,1.262496219418398e-07,2.3394657712367623e-07,1.1187388236159296e-06,5.544725990522946e-07,2.724247657834807e-07,1.388710524964257e-07,3.20486335673798e-07,1.2802350956000512e-06,4.337037719067408e-07,2.8968525436949614e-07,2.991874320071814e-07,3.07076729272131e-07,8.247880197510283e-07,1.2068336596985913e-06,LC_V20_H2p5_T7,1.2802350956000512e-06
93,splash,6.545818773493243e-05,2.182429707834683e-05,3.793597280128003e-05,2.14354448445292e-05,4.321344665618537e-06,4.483341222130513e-06,5.350335676636912e-05,4.17294882828946e-05,7.994044226970392e-06,6.706156576420222e-05,7.35641571657938e-06,1.369870217285392e-05,9.32900795579407e-06,0.00016250783563938264,7.117330468721047e-05,4.3185675439963774e-05,0.0002091431396310322,1.1439180000659912e-05,6.704431843370217e-05,1.862301633520009e-05,0.0001727561548259509,4.1548871704651275e-05,0.00010476653958869609,0.00023489991771634546,0.00014851451075744343,1.7000158912645057e-05,2.6820091875129646e-05,1.661420289552152e-05,0.0008225769058063682,0.00010181582560226455,0.0008669839997040494,0.00108075914672477,0.0016693869579103068,0.00045539749622994403,0.00013843549577904473,0.0005674208709567156,0.0009415714099846018,0.0008565046625719657,0.002300384330084925,0.0009807473715130039,0.00019534830955076003,0.0002250286779001243,0.0003528492144179037,0.0006324780612813642,0.0005371143340124975,0.0023745592766581452,0.0016204315197521366,0.0004931661931039234,0.00031801067336559616,0.00022330579101715732,0.0002360265704594339,0.0010872403492112757,0.0023729668422845895,0.000852150102825963,0.0003477799075426761,0.0003901401625764248,0.0005509230442436444,0.002643211251529117,0.0013108814962173446,0.0006460990269200914,0.00032949744379036627,0.0005709451396477617,0.0022817676609590298,0.0007732599600462131,0.0005168665780957368,0.0004714398574199352,0.00048473905425732426,0.001304658990442228,0.0014415707468444867,LC_V18_H2p0_T7,0.002643211251529117
94,atmospheric,4.888328134573191e-09,2.777167853958325e-09,4.8577068999764746e-09,2.7250872934396476e-09,5.516030414108714e-10,5.689365780253562e-10,1.0578735233635687e-08,8.21828686723658e-09,1.6078542483324162e-09,1.324925266964095e-08,1.4485013899193827e-09,2.72717345632368e-09,1.8454907519362088e-09,4.0864856298383253e-08,1.7882220608664083e-08,1.0879097189657632e-08,5.246532117930382e-08,2.858450198023982e-09,1.6748039379809466e-08,4.636470060015599e-09,6.969205445924809e-08,1.6737101675269934e-08,4.241998416133431e-08,9.47626162980525e-08,6.006996447987412e-08,6.829163683745098e-09,1.0812185675422843e-08,6.665352923950784e-09,8.40835224778565e-07,1.0395639123174535e-07,8.835934760254312e-07,1.0984011416017226e-06,1.689147309482395e-06,4.556201179960779e-07,1.377263912449073e-07,6.171258473964029e-07,1.016190164429043e-06,9.22820065829588e-07,2.4565733627927462e-06,1.0413604241793246e-06,2.0673911965047635e-07,2.378516506218848e-07,4.907025682140677e-07,8.7702172936401e-07,7.443725447249937e-07,3.27888826214942e-06,2.2285220575262283e-06,6.7598732327526e-07,4.3582402396462206e-07,3.05001064365191e-07,3.0777565794519304e-07,1.4091719614864174e-06,3.057961335571138e-06,1.0867380951370986e-06,4.430089283180114e-07,4.9505877119719e-07,1.0285529737053332e-06,4.911131886280573e-06,2.425645572100677e-06,1.189287498539464e-06,6.042544721762194e-07,1.1176605121297426e-06,4.432044864136194e-06,1.4934290626113015e-06,9.943609475515075e-07,9.020276225835263e-07,9.231707442831551e-07,2.476682943803711e-06,2.973320346344535e-06,LC_V18_H2p0_T7,4.911131886280573e-06
95,splash,5.1342374591603664e-05,1.8446637260839563e-05,3.234120756093199e-05,1.805298065018775e-05,3.673313040668979e-06,3.7568298387331733e-06,7.386837704177393e-05,5.78170651582164e-05,1.0863257349732634e-05,9.25745545673053e-05,1.0189067212600149e-05,1.875446382445891e-05,1.2851107850474568e-05,0.00020284939214412046,8.903246000870724e-05,5.341261138688133e-05,0.0002604033998587305,1.4322258027235887e-05,8.345021463734949e-05,2.327312075196376e-05,0.00021484740081624315,5.168907019688403e-05,0.0001300219316076683,0.00029213130355426956,0.00018429628181734436,2.117673648349015e-05,3.330927895667853e-05,2.0689360306983567e-05,0.0008577012956165933,0.00010619118465585862,0.0009035168766965946,0.001127296904978858,0.001740771980659796,0.00047539629243205806,0.00014458213175627075,0.0005923722776334856,0.000981584159237883,0.0008937399968372247,0.0023979724936912194,0.0010229071488290894,0.00020356961566475322,0.00023487926616969104,0.0003644570702068696,0.0006521237382916358,0.0005544503674988803,0.0024477338209498416,0.0016707031762022042,0.0005078389416466909,0.0003280368095014845,0.00023019381721036482,0.00024958389225289174,0.0011504021043671874,0.002513884097728277,0.0009001760631437292,0.00036786036640393895,0.0004129063078412383,0.000587061842008912,0.002819176130314491,0.0013980042932951197,0.0006898684555085886,0.00035181486198728503,0.0006043077410222013,0.0024145936461381955,0.0008194463503857836,0.0005479253585552251,0.0005048685659588477,0.000519684490348205,0.0013992662446306425,0.0016103587213706903,LC_V18_H2p0_T7,0.002819176130314491
96,atmospheric,3.974446565149752e-09,2.6932094698245417e-09,4.730722451484393e-09,2.638752186287041e-09,5.36701787309216e-10,5.494281543097863e-10,1.2201332814140058e-08,9.4925886343721e-09,1.8385767161551943e-09,1.52765689675503e-08,1.672952255113203e-09,3.130015715319489e-09,2.1252109434300976e-09,4.6080542168826776e-08,2.0196403358934017e-08,1.2163063118489167e-08,5.898180752582764e-08,3.227077098616448e-09,1.8804323118319813e-08,5.222993207113718e-09,7.93811992363062e-08,1.9078836576062878e-08,4.814758948717773e-08,1.0792884344700287e-07,6.819107648228702e-08,7.791847306819347e-09,1.2292738566405779e-08,7.604036086732137e-09,8.575750264812689e-07,1.0604757101004057e-07,8.997462331782376e-07,1.1193325395538897e-06,1.7187040756400569e-06,4.6343842672798425e-07,1.4021346947155536e-07,6.317254009810412e-07,1.0448333523835748e-06,9.490869283600787e-07,2.538952681953768e-06,1.0773403781649724e-06,2.137211351224942e-07,2.4601088555529124e-07,4.846280294953411e-07,8.65892941460078e-07,7.347968128493287e-07,3.234705225820571e-06,2.1975260229257874e-06,6.657928427670497e-07,4.2957123064024655e-07,3.0043850377613044e-07,3.1560222392962386e-07,1.4466055654116684e-06,3.1409546205424164e-06,1.1270470296238232e-06,4.590911326844377e-07,5.134369307662717e-07,1.0721058863107339e-06,5.1156066483744506e-06,2.521557889935029e-06,1.2362372605840828e-06,6.265167378015606e-07,1.1539232232486075e-06,4.585307625797941e-06,1.5437995590855827e-06,1.0271929962431356e-06,9.116254165828407e-07,9.334027800494362e-07,2.5013589566259307e-06,3.051392183962616e-06,LC_V18_H2p0_T7,5.1156066483744506e-06
97,splash,5.526004738201696e-05,2.280706139129635e-05,3.99972076731987e-05,2.2322936707102987e-05,4.544262043953322e-06,4.641718436459582e-06,7.628242547562352e-05,5.969611049562226e-05,1.1233147290030134e-05,9.55548579734023e-05,1.0514124336721044e-05,1.9363232010717598e-05,1.3259762401989904e-05,0.00019140946151121563,8.402178353162169e-05,5.042019795411763e-05,0.0002455071947486411,1.350767318378756e-05,7.86232475398844e-05,2.1929867592699312e-05,0.00020809602566988113,5.0065754720135016e-05,0.00012607762657429402,0.0002830451872062395,0.00017876409840228408,2.0522957205094665e-05,3.231600628659372e-05,2.0057095595675247e-05,0.0006970692006045323,8.630607179999521e-05,0.0007343885777020377,0.0009155500466023476,0.0014142924888339947,0.00038594972050853073,0.00011730278166944663,0.0005098145656787423,0.0008471129992033562,0.0007704769404479336,0.0020715694445075667,0.0008840949213896098,0.0001762572177080756,0.00020314142323223956,0.0003163784085131855,0.0005677380547875252,0.0004824119516460346,0.002134982516843505,0.0014595321428588009,0.0004445790828043037,0.0002870150951854411,0.00020176548330819047,0.0002214631173754515,0.0010225282712033107,0.0022378937594450085,0.000802604448374249,0.0003279260024796727,0.0003684657642861973,0.0004966080698964451,0.0023859045371542142,0.0011841492592497484,0.0005846647730806975,0.0002983699087355805,0.0005445477997956582,0.002176853674667349,0.0007403985656321429,0.0004956657203443228,0.00046324341000819516,0.0004775241619678004,0.0012863977287623158,0.001522347073029239,LC_V18_H2p0_T7,0.0023859045371542142
98,atmospheric,4.468633142324391e-09,3.970209957937483e-09,6.991347487971194e-09,3.884744926393677e-09,7.936696054201598e-10,8.07252355186817e-10,1.510487600320379e-08,1.1791129491986777e-08,2.2594037328976233e-09,1.8886445942007923e-08,2.0736043706812144e-09,3.848889118316763e-09,2.6206431510872846e-09,4.406581636058988e-08,1.9290360220580037e-08,1.1717462891827628e-08,5.6471525877860594e-08,3.0816895011450572e-09,1.8010717900352315e-08,4.994371795284932e-09,7.63658397667001e-08,1.8365310495076026e-08,4.615751302103189e-08,1.0355612354671133e-07,6.519155846461314e-08,7.48125632529703e-09,1.1738400708845414e-08,7.283895737034872e-09,6.068562884123222e-07,7.508993469211088e-08,6.35874530886951e-07,7.913720036069883e-07,1.2142059637140948e-06,3.2783117762280657e-07,9.937067914720056e-08,5.437243406396617e-07,9.013971824696637e-07,8.181830524418146e-07,2.1937058579784825e-06,9.307197865935618e-07,1.850522930912606e-07,2.1238455050444638e-07,4.0216826551378823e-07,7.211970731292209e-07,6.113070280937739e-07,2.7000363597564583e-06,1.836873176705176e-06,5.584681499130605e-07,3.5917497532017316e-07,2.5186726815945684e-07,2.905111642600787e-07,1.3331693759758514e-06,2.901018421167424e-06,1.0403884372316365e-06,4.242273880485951e-07,4.750031762013144e-07,8.587759149241337e-07,4.098093425030826e-06,2.0231100743000107e-06,9.918315165099741e-07,5.033947315934017e-07,1.0449738131906529e-06,4.1534856694282325e-06,1.4011020805367209e-06,9.337749100911274e-07,8.464887650746139e-07,8.674503594502209e-07,2.325782346018036e-06,3.023848452467113e-06,LC_V20_H2p5_T7,4.1534856694282325e-06
99,splash,6.116428535868076e-05,2.3425478141818822e-05,4.0774648975942064e-05,2.29946737240049e-05,4.645996853667695e-06,4.802024974563806e-06,6.317784007203998e-05,4.9379709185504676e-05,9.359669958523338e-06,7.920419407841248e-05,8.704752102839372e-06,1.6106298303207004e-05,1.1008126724247365e-05,0.00015960509299130758,6.997353336671257e-05,4.223743771162162e-05,0.00020497820393190332,1.1238011791986997e-05,6.56359859587962e-05,1.8261248364293443e-05,0.00018409760950580654,4.4294251285025956e-05,0.00011149833240259178,0.0002502478206071629,0.00015805473116404665,1.8140365612627043e-05,2.8569160999144664e-05,1.772839422899435e-05,0.0006770136448795482,8.382570354666021e-05,0.000712320288030917,0.0008886899225922061,0.0013716253165469193,0.0003743057366424651,0.0001137952580193695,0.0004901356280215299,0.0008122129466777933,0.0007391910914842165,0.001982717225251706,0.0008455804037391946,0.00016849069299725,0.0001943655797109929,0.0003082694773749267,0.0005532259005720295,0.00046982700425652544,0.0020792802272862703,0.0014206756290023575,0.00043266274805328294,0.0002792790608590175,0.00019627168997076174,0.00020987292023011748,0.000967521269603106,0.0021156095720286277,0.0007580408862369022,0.00030951840337261656,0.00034783825204696837,0.0004830752637406865,0.0023159911836025285,0.0011476224478523301,0.0005653183959567607,0.0002879287202053503,0.0005200120772864868,0.0020775451304127605,0.0007038577761581935,0.00047152351849971084,0.00043296552355408604,0.00044517618407429995,0.0011985805006933536,0.0013627272657461293,LC_V18_H2p0_T7,0.0023159911836025285
100,atmospheric,4.439554629898417e-09,3.941108049469092e-09,6.916638676281972e-09,3.861275825816593e-09,7.864039576600716e-10,8.037002658688599e-10,1.3892180703033388e-08,1.0827354404099876e-08,2.0801626403383013e-09,1.7367009370684533e-08,1.9045807527799455e-09,3.5430702914137816e-09,2.410842350156896e-09,3.9464360316632024e-08,1.7265961918335914e-08,1.047736595018356e-08,5.056670754702496e-08,2.757941763560949e-09,1.611545991866963e-08,4.46868975650879e-09,6.986406833702282e-08,1.6826260355034536e-08,4.200345701105138e-08,9.454657763612133e-08,5.9285812677332615e-08,6.838754139410428e-09,1.0679269396746936e-08,6.645137269516048e-09,5.956967045718977e-07,7.369479213259695e-08,6.240064711923391e-07,7.766432089848629e-07,1.1907880100318362e-06,3.2136168799287354e-07,9.74684510417609e-08,5.330762620368194e-07,8.820217714104113e-07,8.014021116875e-07,2.14524252684273e-06,9.103252966989928e-07,1.8063105016426594e-07,2.0778297056078166e-07,4.0134196849386067e-07,7.182559307155685e-07,6.093355938138752e-07,2.6875099231813068e-06,1.8275758919352133e-06,5.54549493126067e-07,3.572249683446308e-07,2.501091446475976e-07,2.8268754760024275e-07,1.2974307045391018e-06,2.822042078903355e-06,1.0059823547086978e-06,4.0985430406411815e-07,4.5910644658527744e-07,8.289558678945045e-07,3.955682584976011e-06,1.9525624362099687e-06,9.571776585902667e-07,4.856621127328171e-07,1.0029470993743168e-06,3.992413661274412e-06,1.345332042400125e-06,8.968170127780142e-07,8.236123355630189e-07,8.432700771367968e-07,2.2578532522819864e-06,2.8244000592649302e-06,LC_V20_H2p5_T7,3.992413661274412e-06
101,atmospheric,0.0,0.0,0.0,0.0,0.0,0.0,0.0,0.0,0.0,0.0,0.0,0.0,0.0,0.0,0.0,0.0,0.0,0.0,0.0,0.0,0.0,0.0,0.0,0.0,0.0,0.0,0.0,0.0,0.0,0.0,0.0,0.0,0.0,0.0,0.0,0.0,0.0,0.0,0.0,0.0,0.0,0.0,0.0,0.0,0.0,0.0,0.0,0.0,0.0,0.0,0.0,0.0,0.0,0.0,0.0,0.0,0.0,0.0,0.0,0.0,0.0,0.0,0.0,0.0,0.0,0.0,0.0,0.0,0.0,LC_V26_H3p5_T8,0.0
102,atmospheric,0.0,0.0,0.0,0.0,0.0,0.0,0.0,0.0,0.0,0.0,0.0,0.0,0.0,0.0,0.0,0.0,0.0,0.0,0.0,0.0,0.0,0.0,0.0,0.0,0.0,0.0,0.0,0.0,0.0,0.0,0.0,0.0,0.0,0.0,0.0,0.0,0.0,0.0,0.0,0.0,0.0,0.0,0.0,0.0,0.0,0.0,0.0,0.0,0.0,0.0,0.0,0.0,0.0,0.0,0.0,0.0,0.0,0.0,0.0,0.0,0.0,0.0,0.0,0.0,0.0,0.0,0.0,0.0,0.0,LC_V26_H3p5_T8,0.0
103,atmospheric,0.0,0.0,0.0,0.0,0.0,0.0,0.0,0.0,0.0,0.0,0.0,0.0,0.0,0.0,0.0,0.0,0.0,0.0,0.0,0.0,0.0,0.0,0.0,0.0,0.0,0.0,0.0,0.0,0.0,0.0,0.0,0.0,0.0,0.0,0.0,0.0,0.0,0.0,0.0,0.0,0.0,0.0,0.0,0.0,0.0,0.0,0.0,0.0,0.0,0.0,0.0,0.0,0.0,0.0,0.0,0.0,0.0,0.0,0.0,0.0,0.0,0.0,0.0,0.0,0.0,0.0,0.0,0.0,0.0,LC_V26_H3p5_T8,0.0
104,atmospheric,0.0,0.0,0.0,0.0,0.0,0.0,0.0,0.0,0.0,0.0,0.0,0.0,0.0,0.0,0.0,0.0,0.0,0.0,0.0,0.0,0.0,0.0,0.0,0.0,0.0,0.0,0.0,0.0,0.0,0.0,0.0,0.0,0.0,0.0,0.0,0.0,0.0,0.0,0.0,0.0,0.0,0.0,0.0,0.0,0.0,0.0,0.0,0.0,0.0,0.0,0.0,0.0,0.0,0.0,0.0,0.0,0.0,0.0,0.0,0.0,0.0,0.0,0.0,0.0,0.0,0.0,0.0,0.0,0.0,LC_V26_H3p5_T8,0.0
105,submerged,4.342994610999521e-10,1.182879341290011e-11,2.0746580861963327e-11,1.6323435226688854e-11,3.3587132871013872e-12,5.82778782247941e-12,3.743991952776109e-11,2.957464264716291e-11,7.332822436481909e-12,6.466223430325949e-11,7.244117384115979e-12,2.0901424170357448e-11,1.482144603356604e-11,2.0794772703340013e-10,9.171673608000559e-11,6.510730055834557e-11,3.239338871020439e-10,1.8219752116703367e-11,1.4435179237031819e-10,4.093223523075865e-11,1.8266383827019167e-10,4.431756996932962e-11,1.2965738739911185e-10,2.9812989435467073e-10,2.4702737984703273e-10,2.995824673577484e-11,6.83437403015863e-11,4.390585844934509e-11,5.577246935333389e-09,6.888450078001027e-10,6.09030471667829e-09,7.563656436526953e-09,1.244544633057089e-08,3.693620738531808e-09,1.1144108987795086e-09,4.219056342219962e-09,7.1808026444409566e-09,6.507525159246474e-09,1.848077255243139e-08,8.549033951414098e-09,1.9034750288061035e-09,2.1809474508527724e-09,2.6807127429828234e-09,4.9000729572826695e-09,4.1589088996846714e-09,1.9225124733431855e-08,1.4110781911513866e-08,4.721562727660828e-09,3.059721809628773e-09,2.4258262756431236e-09,1.820187685850058e-09,8.65728259713684e-09,2.0132109201065326e-08,7.961109072543574e-09,3.235217341255322e-09,4.102043377607634e-09,6.21546867153903e-09,3.106866966113481e-08,1.6381691924311907e-08,8.716735958773695e-09,4.895154371010174e-09,6.964661766501773e-09,2.941881465662414e-08,1.0689972482062532e-08,7.819992746663881e-09,4.8546902212465575e-09,5.397451187899756e-09,1.610673378542142e-08,1.828217502516973e-08,LC_V18_H2p0_T7,3.106866966113481e-08
106,submerged,3.669038557786998e-10,1.2395116020659285e-11,2.2073829221648258e-11,1.637467623484047e-11,3.3983410490424533e-12,5.700015925997954e-12,4.896027406347986e-11,3.8384622886446456e-11,9.284862883236534e-12,8.125519711506042e-11,9.004990431045928e-12,2.5068417239588975e-11,1.7580013288456866e-11,2.1386232183988604e-10,9.418145091214454e-11,6.801255751250738e-11,3.370171354107804e-10,1.88138449199834e-11,1.5125789675409988e-10,4.266055463153133e-11,2.0305579970967256e-10,4.888637422502683e-11,1.459388509659454e-10,3.309681774530182e-10,2.777751729089677e-10,3.210262735425191e-11,7.39243007110164e-11,4.65150986278611e-11,4.2692912023007154e-09,5.284275507257572e-10,4.658605991926918e-09,5.805001241550768e-09,9.618846412429314e-09,2.9105239458598556e-09,8.774835722556094e-10,3.784892016349787e-09,6.499306695627433e-09,5.896573593855357e-09,1.6882622721863674e-08,7.890832567692142e-09,1.7738596067685516e-09,2.036946122765673e-09,2.654604512975039e-09,4.872237989688577e-09,4.13166477095439e-09,1.9171333996726225e-08,1.4055462723586583e-08,4.703520195790233e-09,3.035943066988567e-09,2.4044221366348616e-09,1.9885766889701673e-09,9.525310967770394e-09,2.2210148781248513e-08,8.715491691015032e-09,3.5578442152708835e-09,4.476823533599199e-09,6.017319847841266e-09,3.029439248535964e-08,1.608835304843157e-08,8.601055895555099e-09,4.8677832503139594e-09,7.256131716800337e-09,3.0723993995885315e-08,1.1200361275834478e-08,8.203688405509258e-09,5.849370427147692e-09,6.513710324345091e-09,1.9279770178428954e-08,2.2988214926510008e-08,LC_V20_H2p5_T7,3.0723993995885315e-08
107,submerged,3.5592892164680056e-10,1.1083278720352462e-11,1.9808305607393313e-11,1.4894815325020702e-11,3.123801862080522e-12,5.316959984362954e-12,4.465542678023145e-11,3.524179273735729e-11,8.468488065302556e-12,7.564485627106074e-11,8.500384304881015e-12,2.3806801847750437e-11,1.6964408680750138e-11,2.2464845535111725e-10,9.915353570096971e-11,7.051809542376982e-11,3.5062188937692296e-10,1.9628570180336853e-11,1.545715541539477e-10,4.395333495602544e-11,2.21719316756064e-10,5.3720800316098495e-11,1.5612518508017067e-10,3.5844795653837916e-10,2.9766374978184925e-10,3.7335551825027404e-11,8.203157032538927e-11,5.333300969261755e-11,5.1479938217809035e-09,6.356785385061261e-10,5.642485371696082e-09,7.007931521517901e-09,1.1597099143751164e-08,3.495620233593798e-09,1.0556845056728187e-09,4.3119921541217905e-09,7.357673718331731e-09,6.673241248814479e-09,1.8952643546112445e-08,8.802562400544764e-09,1.9648542941751372e-09,2.25954734212438e-09,3.1169139176265726e-09,5.716505115815269e-09,4.86201150288515e-09,2.253175121989913e-08,1.65534019476554e-08,5.530457117500845e-09,3.5688057648939805e-09,2.8091353950603246e-09,2.262805595825555e-09,1.0736355828408681e-08,2.4791923144131646e-08,9.65372981695451e-09,3.928596812835145e-09,4.896793851533912e-09,6.792347571881347e-09,3.415212987852556e-08,1.8044189328196293e-08,9.668350623735604e-09,5.434104288304093e-09,7.797263728839956e-09,3.291308213582309e-08,1.2013642052746149e-08,8.77807570351414e-09,6.376514108574585e-09,7.045528022403303e-09,2.077829817140252e-08,2.3693429804689886e-08,LC_V18_H2p0_T7,3.415212987852556e-08
108,submerged,4.2584145064881276e-10,1.2540655543587303e-11,2.2065078575050682e-11,1.7066785178429832e-11,3.51327560506812e-12,6.003109833489748e-12,4.258854793095434e-11,3.3400127420201416e-11,8.248611054395625e-12,7.157015461280106e-11,7.929992542024023e-12,2.233131932519998e-11,1.5638641494419754e-11,2.0420810534171733e-10,9.013003085543666e-11,6.537840997317523e-11,3.246070025435844e-10,1.805516813834771e-11,1.4628580808496797e-10,4.1109351120705795e-11,1.7170930952011427e-10,4.1446937376455376e-11,1.233249079652162e-10,2.798446039808057e-10,2.3495921715986913e-10,2.7263833035226162e-11,6.404744580701124e-11,4.000473945371715e-11,4.627669365327967e-09,5.720222595702545e-10,5.035513581085974e-09,6.265881383935946e-09,1.0312647428780301e-08,3.091134572875759e-09,9.320527256447213e-10,3.6866568697066814e-09,6.299069567262809e-09,5.712576013267886e-09,1.623611528778315e-08,7.56415685116976e-09,1.6958865337086995e-09,1.9483560216821724e-09,2.262759512115357e-09,4.158005791637786e-09,3.5269965234291923e-09,1.642170282239787e-08,1.2083831452965465e-08,4.08535315524708e-09,2.6393546388297284e-09,2.1122869215499333e-09,1.6073224917698593e-09,7.758227631541357e-09,1.8164642510690013e-08,7.235784771780848e-09,2.913981332052441e-09,3.7148465827789607e-09,5.4537103256600805e-09,2.723520769401633e-08,1.4481475216588758e-08,7.726700922113758e-09,4.373174039906049e-09,6.210330412815228e-09,2.6465769676694608e-08,9.572443123717315e-09,7.0526685602705414e-09,4.362040412500993e-09,4.8944780899515076e-09,1.4683032147977748e-08,1.6585236308199236e-08,LC_V18_H2p0_T7,2.723520769401633e-08
109,submerged,1.8334952978090739e-06,6.180725886564382e-08,1.0823655789932962e-07,8.119685752338902e-08,1.662143233826526e-08,2.6869395916857004e-08,1.7480817744123388e-07,1.3790521680757241e-07,3.347907054634886e-08,2.918241138093627e-07,3.255432184719191e-08,9.066161344333243e-08,6.37816459045544e-08,8.644342879642174e-07,3.8079673309119154e-07,2.6999811575741024e-07,1.3361353411710464e-06,7.459067020148103e-08,5.853778733286812e-07,1.651401104616962e-07,6.750708425049042e-07,1.6272371514586857e-07,4.834487782581216e-07,1.1081291733349322e-06,9.439479286999529e-07,1.1344601556278302e-07,2.612296651577057e-07,1.6555723348233037e-07,2.1263889115672356e-05,2.6257852629484067e-06,2.3214869811837545e-05,2.881055567318472e-05,4.73884356129528e-05,1.4021315673622648e-05,4.218723454493761e-06,1.647879353138872e-05,2.8039455607559225e-05,2.5399419808010537e-05,7.209623474721584e-05,3.32536073420345e-05,7.385184261454801e-06,8.436508368424188e-06,1.0571945574289085e-05,1.9331325400676726e-05,1.6406538925369966e-05,7.577209534561895e-05,5.550673176453676e-05,1.8548904162585025e-05,1.1983542850253095e-05,9.467910620272641e-06,7.089391257005812e-06,3.369701059755575e-05,7.826136763615405e-05,3.092487007773697e-05,1.2536022622982834e-05,1.5845297294750095e-05,2.4067872774175995e-05,0.00012016931580989587,6.328317482305402e-05,3.35475001334821e-05,1.8774512652245958e-05,2.7177583779096777e-05,0.00011466402169264171,4.1463788215906775e-05,3.0259816232976868e-05,1.852768190044397e-05,2.0528487147497977e-05,6.117967202802945e-05,7.024919518713826e-05,LC_V18_H2p0_T7,0.00012016931580989587
110,submerged,1.4955877754718966e-06,6.366043791038744e-08,1.1339716489212518e-07,8.04376514172451e-08,1.66529476963792e-08,2.5950985233593737e-08,2.3231414429567916e-07,1.821325181905766e-07,4.299289101897864e-08,3.7417111894959567e-07,4.12924648723095e-08,1.1111818063949088e-07,7.739754973711119e-08,9.070645063565352e-07,3.990462221529048e-07,2.863089093479297e-07,1.4145013895088648e-06,7.855800155117508e-08,6.219798987751761e-07,1.7487471297398868e-07,8.268947889410231e-07,1.988784675023039e-07,5.974577468361965e-07,1.3513315940964912e-06,1.1298920009541794e-06,1.298921020758632e-07,2.955924084455552e-07,1.8489728697965178e-07,1.6463073483336022e-05,2.037741782131052e-06,1.7988586643419557e-05,2.238637484326582e-05,3.708552977331551e-05,1.1182646791854058e-05,3.3680733914762237e-06,1.5177498563274838e-05,2.6045230336848298e-05,2.3615472333263664e-05,6.756434031718751e-05,3.1439094198409525e-05,7.046115641751787e-06,8.076745302046584e-06,1.0900117861565685e-05,1.9988983975766368e-05,1.6937372279727255e-05,7.859270660919838e-05,5.747296458261297e-05,1.9181744268508635e-05,1.2346524016508117e-05,9.733698121958429e-06,8.110007112521474e-06,3.882701843443972e-05,9.034009631085361e-05,3.530266829356169e-05,1.438091630809949e-05,1.799261477328586e-05,2.4164162505919695e-05,0.00012150603130321275,6.44072947266987e-05,3.428242172148964e-05,1.934423005061928e-05,2.9413338878148556e-05,0.00012416597546368474,4.5019707613454394e-05,3.283070734395274e-05,2.3837973067982364e-05,2.6347510897210273e-05,7.748049108927836e-05,9.361670505298376e-05,LC_V20_H2p5_T7,0.00012416597546368474
111,submerged,1.4541365197296808e-06,5.7811457712138335e-08,1.0323268865889616e-07,7.420295259140759e-08,1.5480984303530256e-08,2.4276915138005413e-08,2.1341181160756494e-07,1.6821739141681813e-07,3.947487894775427e-08,3.4892634104150314e-07,3.90467978147372e-08,1.0530865100607419e-07,7.449967492202176e-08,9.519476053755716e-07,4.1938011764692495e-07,2.9725969504658576e-07,1.4715173168133724e-06,8.182099719726095e-08,6.364489494174114e-07,1.8005097689712748e-07,8.978591147691097e-07,2.1721749915458795e-07,6.342763120128926e-07,1.4501495925106995e-06,1.1951773053397133e-06,1.4879723733794816e-07,3.231714885249328e-07,2.097976267970481e-07,1.941781911349062e-05,2.3977145265366753e-06,2.1299899024247338e-05,2.6455182899259777e-05,4.381590732720807e-05,1.317983480861177e-05,3.9695945360269015e-06,1.697784951600862e-05,2.895642177349101e-05,2.626324866979508e-05,7.448017976888949e-05,3.454265552708352e-05,7.682134037982098e-06,8.825870906458064e-06,1.2551690381002504e-05,2.3021811575455184e-05,1.9558280074935613e-05,9.058897325563228e-05,6.639882847621897e-05,2.2141766586907163e-05,1.4249181217280374e-05,1.1182252951422096e-05,9.114667986946804e-06,4.316037097832674e-05,9.938240827290225e-05,3.861403701405345e-05,1.569149313395765e-05,1.9483020573097275e-05,2.682084751057231e-05,0.00013454189636769132,7.090359911546841e-05,3.7880703219996845e-05,2.1217107406879194e-05,3.1088762452930725e-05,0.00013090591336394612,4.760855815519537e-05,3.467115386805129e-05,2.5494243346224617e-05,2.801850652564143e-05,8.23371903569331e-05,9.55672615787012e-05,LC_V18_H2p0_T7,0.00013454189636769132
112,submerged,1.7992796763596805e-06,6.48337853566268e-08,1.1386108120191936e-07,8.418612122673457e-08,1.7249117393290727e-08,2.7624977442829672e-08,1.9710840676035372e-07,1.5458972515441063e-07,3.736838445194405e-08,3.217178520271955e-07,3.5580998815445804e-08,9.693241267872534e-08,6.735839094281826e-08,8.528299749666372e-07,3.756891493389509e-07,2.715564617958684e-07,1.3428425972387006e-06,7.436224991896609e-08,5.943908188302025e-07,1.6634936022302238e-07,6.362208250103407e-07,1.5381283585519928e-07,4.6503038076075293e-07,1.056952902370415e-06,9.02982022087959e-07,1.045276728113783e-07,2.4531643704170184e-07,1.5197099417729377e-07,1.7991793185483346e-05,2.2237200692076906e-06,1.95975451767451e-05,2.4352089056397968e-05,4.009557707835176e-05,1.1962099878182585e-05,3.5964105497260386e-06,1.466277599690174e-05,2.5049688212466098e-05,2.2702153440838273e-05,6.44940997726167e-05,2.9941351082813097e-05,6.689122000379284e-06,7.66264711677191e-06,9.099186675622745e-06,1.674169613266864e-05,1.4201938951397069e-05,6.606773594814845e-05,4.855898592464997e-05,1.6374604989069166e-05,1.0549527296033392e-05,8.408902052234486e-06,6.356842790824614e-06,3.066879315327846e-05,7.160368009120778e-05,2.844263469843e-05,1.1429207451250526e-05,1.4507679798269766e-05,2.148392926603224e-05,0.00010702124883987938,5.6838653761431343e-05,3.018151459840599e-05,1.7040177755701115e-05,2.456642289068677e-05,0.0001045369072538106,3.7607649546574934e-05,2.759293215952063e-05,1.6863656478249644e-05,1.8811587078296753e-05,5.627454847472818e-05,6.402271531442605e-05,LC_V18_H2p0_T7,0.00010702124883987938
