member_id,member_class,year,D_fatigue,t_mm,past_static_cutoff
18,leg,0.0,0.0,35.0,False
18,leg,1.0,0.0019507827477375,34.4,False
18,leg,2.0,0.004437717898603162,33.800000000000004,False
18,leg,3.0,0.007177323392312467,33.2,False
18,leg,4.0,0.010095096530058521,32.6,False
18,leg,5.0,0.01315294373227231,32.0,False
18,leg,6.0,0.016327259670031746,31.400000000000006,False
18,leg,7.0,0.019601822364838335,30.8,False
18,leg,8.0,0.022964725626943887,30.200000000000003,False
18,leg,9.0,0.026406821127355755,29.600000000000005,False
18,leg,10.0,0.029920837616449602,29.000000000000004,False
18,leg,11.0,0.03350084318186917,28.400000000000002,False
18,leg,12.0,0.03714189730090395,27.800000000000004,False
18,leg,13.0,0.04083981519829365,27.200000000000003,False
18,leg,14.0,0.04459100228078703,26.6,False
18,leg,15.0,0.048392334224246825,26.000000000000004,False
18,leg,16.0,0.05224106788385074,25.400000000000006,False
18,leg,17.0,0.05613477365183532,24.800000000000004,False
18,leg,18.0,0.060071283128780004,24.200000000000006,False
18,leg,19.0,0.06404864797548825,23.6,False
18,leg,20.0,0.06806510708879011,23.000000000000004,False
18,leg,21.0,0.07211906008205025,22.400000000000002,False
18,leg,22.0,0.07620904561458804,21.800000000000004,False
18,leg,23.0,0.08033372350175914,21.200000000000003,False
18,leg,24.0,0.08449185980933283,20.60000000000001,False
18,leg,25.0,0.08868231432996071,20.000000000000004,False
18,leg,26.0,0.09290402998043146,19.400000000000006,False
18,leg,27.0,0.09715602376215242,18.800000000000004,False
18,leg,28.0,0.10143737900471238,18.2,False
18,leg,29.0,0.10574723867085092,17.600000000000005,False
18,leg,30.0,0.11008479954581994,17.000000000000004,False
18,leg,31.0,0.11444930716859006,16.400000000000006,False
18,leg,32.0,0.11884005138920921,15.800000000000004,False
18,leg,33.0,0.12325636245773072,15.200000000000001,False
18,leg,34.0,0.12769760756686138,14.600000000000005,False
18,leg,35.0,0.13216318778384462,14.000000000000002,False
18,leg,36.0,0.1366525353178469,13.400000000000006,True
18,leg,37.0,0.14116511107782553,12.800000000000002,True
18,leg,38.0,0.14570040248295435,12.200000000000003,True
18,leg,39.0,0.15025792149350803,11.600000000000007,True
18,leg,40.0,0.15483720283490515,11.000000000000004,True
18,leg,41.0,0.15943780239159142,10.400000000000006,True
18,leg,42.0,0.1640592957507623,9.800000000000002,True
18,leg,43.0,0.16870127687870007,9.200000000000003,True
18,leg,44.0,0.17336335691483673,8.600000000000003,True
18,leg,45.0,0.17804516307062745,8.000000000000004,True
18,leg,46.0,0.1827463376219918,7.400000000000004,True
18,leg,47.0,0.18746653698550542,6.800000000000004,True
18,leg,48.0,0.192205430869742,6.200000000000007,True
18,leg,49.0,0.1969627014942102,5.600000000000004,True
18,leg,50.0,0.20173804286922808,5.000000000000004,True
18,leg,51.0,0.20653116013085512,4.400000000000005,True
18,leg,52.0,0.21134176892567164,3.8000000000000047,True
18,leg,53.0,0.2161695948407814,3.200000000000008,True
18,leg,54.0,0.22101437287492054,2.600000000000005,True
18,leg,55.0,0.22587584694699997,2.0000000000000018,True
18,leg,56.0,0.23075376943879844,1.3999999999999986,True
18,leg,57.0,0.235647900768864,0.800000000000009,True
19,leg,0.0,0.0,35.0,False
19,leg,1.0,0.0013229594640919,34.4,False
19,leg,2.0,0.003008862365893231,33.800000000000004,False
19,leg,3.0,0.0048657475719158134,33.2,False
19,leg,4.0,0.006843182261145773,32.6,False
19,leg,5.0,0.008915383105389437,32.0,False
19,leg,6.0,0.011066374404088966,31.400000000000006,False
19,leg,7.0,0.013285178118029027,30.8,False
19,leg,8.0,0.015563737308189628,30.200000000000003,False
19,leg,9.0,0.017895861571129743,29.600000000000005,False
19,leg,10.0,0.020276630865436084,29.000000000000004,False
19,leg,11.0,0.022702031546066963,28.400000000000002,False
19,leg,12.0,0.02516872086795428,27.800000000000004,False
19,leg,13.0,0.02767386750490553,27.200000000000003,False
19,leg,14.0,0.030215039499312302,26.6,False
19,leg,15.0,0.03279012311047991,26.000000000000004,False
19,leg,16.0,0.03539726252414275,25.400000000000006,False
19,leg,17.0,0.038034814077406616,24.800000000000004,False
19,leg,18.0,0.040701310847470334,24.200000000000006,False
19,leg,19.0,0.04339543480690805,23.6,False
19,leg,20.0,0.0461159946121234,23.000000000000004,False
19,leg,21.0,0.04886190765840308,22.400000000000002,False
19,leg,22.0,0.05163218541633018,21.800000000000004,False
19,leg,23.0,0.05442592132660792,21.200000000000003,False
19,leg,24.0,0.05724228071435353,20.60000000000001,False
19,leg,25.0,0.06008049231532767,20.000000000000004,False
19,leg,26.0,0.06293984110192032,19.400000000000006,False
19,leg,27.0,0.06581966216692581,18.800000000000004,False
19,leg,28.0,0.06871933547552968,18.2,False
19,leg,29.0,0.07163828133549942,17.600000000000005,False
19,leg,30.0,0.07457595646579489,17.000000000000004,False
19,leg,31.0,0.07753185056713836,16.400000000000006,False
19,leg,32.0,0.08050548331625788,15.800000000000004,False
19,leg,33.0,0.0834964017198022,15.200000000000001,False
19,leg,34.0,0.08650417777524973,14.600000000000005,False
19,leg,35.0,0.08952840639517717,14.000000000000002,False
19,leg,36.0,0.09256870355853045,13.400000000000006,False
19,leg,37.0,0.0956247046584336,12.800000000000002,False
19,leg,38.0,0.09869606302087622,12.200000000000003,False
19,leg,39.0,0.10178244857255898,11.600000000000007,True
19,leg,40.0,0.10488354663942621,11.000000000000004,True
19,leg,41.0,0.10799905686010758,10.400000000000006,True
19,leg,42.0,0.11112869220073587,9.800000000000002,True
19,leg,43.0,0.11427217805948649,9.200000000000003,True
19,leg,44.0,0.11742925145076513,8.600000000000003,True
19,leg,45.0,0.12059966026030491,8.000000000000004,True
19,leg,46.0,0.1237831625635664,7.400000000000004,True
19,leg,47.0,0.1269795260007982,6.800000000000004,True
19,leg,48.0,0.1301885272029392,6.200000000000007,True
19,leg,49.0,0.1334099512632512,5.600000000000004,True
19,leg,50.0,0.13664359125017705,5.000000000000004,True
19,leg,51.0,0.13988924775744666,4.400000000000005,True
19,leg,52.0,0.14314672848790536,3.8000000000000047,True
19,leg,53.0,0.1464158478679367,3.200000000000008,True
19,leg,54.0,0.14969642668969368,2.600000000000005,True
19,leg,55.0,0.1529882917786541,2.0000000000000018,True
19,leg,56.0,0.15629127568427878,1.3999999999999986,True
19,leg,57.0,0.15960521639178213,0.800000000000009,True
22,leg,0.0,0.0,35.0,False
22,leg,1.0,0.0024221228007079,34.4,False
22,leg,2.0,0.0055099156962110495,33.800000000000004,False
22,leg,3.0,0.008911413880093423,33.2,False
22,leg,4.0,0.012534117167998253,32.6,False
22,leg,5.0,0.01633072990478537,32.0,False
22,leg,6.0,0.02027194459298648,31.400000000000006,False
22,leg,7.0,0.024337620656164762,30.8,False
22,leg,8.0,0.028512975849910513,30.200000000000003,False
22,leg,9.0,0.03278665198936738,29.600000000000005,False
22,leg,10.0,0.03714962140097186,29.000000000000004,False
22,leg,11.0,0.04159451928070866,28.400000000000002,False
22,leg,12.0,0.04611521169487028,27.800000000000004,False
22,leg,13.0,0.05070650301539205,27.200000000000003,False
22,leg,14.0,0.05536393036002979,26.6,False
22,leg,15.0,0.06008361471310535,26.000000000000004,False
22,leg,16.0,0.0648621503150842,25.400000000000006,False
22,leg,17.0,0.06969652068062679,24.800000000000004,False
22,leg,18.0,0.0745840336293546,24.200000000000006,False
22,leg,19.0,0.07952227019801827,23.6,False
22,leg,20.0,0.08450904388732432,23.000000000000004,False
22,leg,21.0,0.08954236773643684,22.400000000000002,False
22,leg,22.0,0.09462042741769658,21.800000000000004,False
22,leg,23.0,0.09974155902525747,21.200000000000003,False
22,leg,24.0,0.10490423056890405,20.60000000000001,False
22,leg,25.0,0.11010702642537631,20.000000000000004,False
22,leg,26.0,0.11534863417446312,19.400000000000006,False
22,leg,27.0,0.12062783337593319,18.800000000000004,False
22,leg,28.0,0.1259434859394859,18.2,False
22,leg,29.0,0.1312945278124996,17.600000000000005,False
22,leg,30.0,0.1366799617658034,17.000000000000004,False
22,leg,31.0,0.1420988511004924,16.400000000000006,False
22,leg,32.0,0.14755031413214562,15.800000000000004,False
22,leg,33.0,0.15303351933501816,15.200000000000001,False
22,leg,34.0,0.15854768104955197,14.600000000000005,False
22,leg,35.0,0.16409205567314394,14.000000000000002,False
22,leg,36.0,0.16966593826745996,13.400000000000006,False
22,leg,37.0,0.1752686595263974,12.800000000000002,False
22,leg,38.0,0.18089958305761308,12.200000000000003,False
22,leg,39.0,0.1865581029377616,11.600000000000007,False
22,leg,40.0,0.19224364150755177,11.000000000000004,False
22,leg,41.0,0.19795564737766846,10.400000000000006,False
22,leg,42.0,0.2036935936207283,9.800000000000002,False
22,leg,43.0,0.2094569761278833,9.200000000000003,False
22,leg,44.0,0.21524531211158765,8.600000000000003,False
22,leg,45.0,0.22105813873849237,8.000000000000004,True
22,leg,46.0,0.22689501187850927,7.400000000000004,True
22,leg,47.0,0.23275550495785566,6.800000000000004,True
22,leg,48.0,0.2386392079054022,6.200000000000007,True
22,leg,49.0,0.2445457261829432,5.600000000000004,True
22,leg,50.0,0.25047467989112476,5.000000000000004,True
22,leg,51.0,0.2564257029437287,4.400000000000005,True
22,leg,52.0,0.26239844230384557,3.8000000000000047,True
22,leg,53.0,0.26839255727619443,3.200000000000008,True
22,leg,54.0,0.2744077188504778,2.600000000000005,True
22,leg,55.0,0.28044360909121313,2.0000000000000018,True
22,leg,56.0,0.28649992056996276,1.3999999999999986,True
22,leg,57.0,0.29257635583631225,0.800000000000009,True
23,leg,0.0,0.0,35.0,False
23,leg,1.0,0.001601059379391,34.4,False
23,leg,2.0,0.0036414206395967525,33.800000000000004,False
23,leg,3.0,0.00588874247642867,33.2,False
23,leg,4.0,0.008281981571180045,32.6,False
23,leg,5.0,0.01078992976186796,32.0,False
23,leg,6.0,0.013393249913750195,31.400000000000006,False
23,leg,7.0,0.016078654036318536,30.8,False
23,leg,8.0,0.01883638984178483,30.200000000000003,False
23,leg,9.0,0.021658964308297907,29.600000000000005,False
23,leg,10.0,0.02454042207329648,29.000000000000004,False
23,leg,11.0,0.027475904889106968,28.400000000000002,False
23,leg,12.0,0.030461366577021247,27.800000000000004,False
23,leg,13.0,0.0334933799901348,27.200000000000003,False
23,leg,14.0,0.03656900138647979,26.6,False
23,leg,15.0,0.039685672201965616,26.000000000000004,False
23,leg,16.0,0.042841146073830286,25.400000000000006,False
23,leg,17.0,0.04603343343369006,24.800000000000004,False
23,leg,18.0,0.0492607586450199,24.200000000000006,False
23,leg,19.0,0.052521526299296024,23.6,False
23,leg,20.0,0.055814294330612794,23.000000000000004,False
23,leg,21.0,0.05913775229466201,22.400000000000002,False
23,leg,22.0,0.06249070361952989,21.800000000000004,False
23,leg,23.0,0.06587205095324447,21.200000000000003,False
23,leg,24.0,0.06928078395573302,20.60000000000001,False
23,leg,25.0,0.07271596904190272,20.000000000000004,False
23,leg,26.0,0.07617674069797796,19.400000000000006,False
23,leg,27.0,0.0796622940782126,18.800000000000004,False
23,leg,28.0,0.08317187865250908,18.2,False
23,leg,29.0,0.08670479272337146,17.600000000000005,False
23,leg,30.0,0.09026037866720302,17.000000000000004,False
23,leg,31.0,0.0938380187831912,16.400000000000006,False
23,leg,32.0,0.0974371316550197,15.800000000000004,False
23,leg,33.0,0.10105716894793883,15.200000000000001,False
23,leg,34.0,0.10469761257743174,14.600000000000005,False
23,leg,35.0,0.10835797219666005,14.000000000000002,False
23,leg,36.0,0.11203778295868118,13.400000000000006,False
23,leg,37.0,0.11573660351656244,12.800000000000002,False
23,leg,38.0,0.11945401423033272,12.200000000000003,False
23,leg,39.0,0.12318961555448076,11.600000000000007,False
23,leg,40.0,0.12694302658364223,11.000000000000004,False
23,leg,41.0,0.13071388373737736,10.400000000000006,False
23,leg,42.0,0.13450183956765807,9.800000000000002,False
23,leg,43.0,0.1383065616749582,9.200000000000003,False
23,leg,44.0,0.1421277317207532,8.600000000000003,False
23,leg,45.0,0.1459650445258515,8.000000000000004,False
23,leg,46.0,0.14981820724535067,7.400000000000004,True
23,leg,47.0,0.15368693861217783,6.800000000000004,True
23,leg,48.0,0.1575709682421713,6.200000000000007,True
23,leg,49.0,0.16147003599451606,5.600000000000004,True
23,leg,50.0,0.16538389138208096,5.000000000000004,True
23,leg,51.0,0.16931229302684173,4.400000000000005,True
23,leg,52.0,0.1732550081561242,3.8000000000000047,True
23,leg,53.0,0.17721181213587944,3.200000000000008,True
23,leg,54.0,0.18118248803762024,2.600000000000005,True
23,leg,55.0,0.18516682623601086,2.0000000000000018,True
23,leg,56.0,0.18916462403442177,1.3999999999999986,True
23,leg,57.0,0.19317568531603993,0.800000000000009,True
26,leg,0.0,0.0,35.0,False
26,leg,1.0,0.0019354139183067,34.4,False
26,leg,2.0,0.004402694091554203,33.800000000000004,False
26,leg,3.0,0.007120618961497274,33.2,False
26,leg,4.0,0.010015281527356775,32.6,False
26,leg,5.0,0.013048893096504,32.0,False
26,leg,6.0,0.016198037398336484,31.400000000000006,False
26,leg,7.0,0.019446622447548353,30.8,False
26,leg,8.0,0.022782837505025185,30.200000000000003,False
26,leg,9.0,0.026197607610053214,29.600000000000005,False
26,leg,10.0,0.029683719846121615,29.000000000000004,False
26,leg,11.0,0.03323528990277618,28.400000000000002,False
26,leg,12.0,0.03684741691370277,27.800000000000004,False
26,leg,13.0,0.040515949701603125,27.200000000000003,False
26,leg,14.0,0.044237322538949964,26.6,False
26,leg,15.0,0.04800843619581384,26.000000000000004,False
26,leg,16.0,0.05182656956397823,25.400000000000006,False
26,leg,17.0,0.05568931255682898,24.800000000000004,False
26,leg,18.0,0.05959451420011907,24.200000000000006,False
26,leg,19.0,0.06354024181375671,23.6,False
26,leg,20.0,0.06752474845081693,23.000000000000004,False
26,leg,21.0,0.07154644659073285,22.400000000000002,False
26,leg,22.0,0.07560388664253476,21.800000000000004,False
26,leg,23.0,0.07969573919844417,21.200000000000003,False
26,leg,24.0,0.0838207802478383,20.60000000000001,False
26,leg,25.0,0.08797787875420608,20.000000000000004,False
26,leg,26.0,0.09216598613748733,19.400000000000006,False
26,leg,27.0,0.09638412730710207,18.800000000000004,False
26,leg,28.0,0.10063139296776977,18.2,False
26,leg,29.0,0.104906932978221,17.600000000000005,False
26,leg,30.0,0.10920995058720655,17.000000000000004,False
26,leg,31.0,0.11353969740539964,16.400000000000006,False
26,leg,32.0,0.11789546899842605,15.800000000000004,False
26,leg,33.0,0.12227660100719848,15.200000000000001,False
26,leg,34.0,0.12668246571832947,14.600000000000005,False
26,leg,35.0,0.13111246902065588,14.000000000000002,False
26,leg,36.0,0.1355660476945734,13.400000000000006,False
26,leg,37.0,0.14004266698952086,12.800000000000002,False
26,leg,38.0,0.14454181845199535,12.200000000000003,False
26,leg,39.0,0.1490630179722555,11.600000000000007,False
26,leg,40.0,0.15360580402263316,11.000000000000004,False
26,leg,41.0,0.15816973606432158,10.400000000000006,False
26,leg,42.0,0.16275439310279938,9.800000000000002,False
26,leg,43.0,0.16735937237480442,9.200000000000003,False
26,leg,44.0,0.17198428815208813,8.600000000000003,False
26,leg,45.0,0.17662877064913823,8.000000000000004,True
26,leg,46.0,0.1812924650237182,7.400000000000004,True
26,leg,47.0,0.18597503046048405,6.800000000000004,True
26,leg,48.0,0.19067613932914815,6.200000000000007,True
26,leg,49.0,0.19539547640969457,5.600000000000004,True
26,leg,50.0,0.200132738178043,5.000000000000004,True
26,leg,51.0,0.2048876321463271,4.400000000000005,True
26,leg,52.0,0.20965987625262048,3.8000000000000047,True
26,leg,53.0,0.21444919829552234,3.200000000000008,True
26,leg,54.0,0.21925533540951875,2.600000000000005,True
26,leg,55.0,0.22407803357747708,2.0000000000000018,True
26,leg,56.0,0.22891704717701647,1.3999999999999986,True
26,leg,57.0,0.2337721385578359,0.800000000000009,True
27,leg,0.0,0.0,35.0,False
27,leg,1.0,0.0012990693825282,34.4,False
27,leg,2.0,0.0029545966450981276,33.800000000000004,False
27,leg,3.0,0.004778057175151803,33.2,False
27,leg,4.0,0.006719919238059332,32.6,False
27,leg,5.0,0.00875485984387184,32.0,False
27,leg,6.0,0.010867188380897815,31.400000000000006,False
27,leg,7.0,0.01304612263870268,30.8,False
27,leg,8.0,0.015283749354064591,30.200000000000003,False
27,leg,9.0,0.01757398848442496,29.600000000000005,False
27,leg,10.0,0.019912007680965058,29.000000000000004,False
27,leg,11.0,0.022293864821158055,28.400000000000002,False
27,leg,12.0,0.024716276715999835,27.800000000000004,False
27,leg,13.0,0.027176462475116587,27.200000000000003,False
27,leg,14.0,0.02967203345585193,26.6,False
27,leg,15.0,0.03220091355940504,26.000000000000004,False
27,leg,16.0,0.03476128001581905,25.400000000000006,False
27,leg,17.0,0.03735151842535798,24.800000000000004,False
27,leg,18.0,0.039970187978737894,24.200000000000006,False
27,leg,19.0,0.042615994108921924,23.6,False
27,leg,20.0,0.04528776667559586,23.000000000000004,False
27,leg,21.0,0.04798444234013848,22.400000000000002,False
27,leg,22.0,0.05070505016342717,21.800000000000004,False
27,leg,23.0,0.053448699716427545,21.200000000000003,False
27,leg,24.0,0.05621457117424197,20.60000000000001,False
27,leg,25.0,0.059001906993351685,20.000000000000004,False
27,leg,26.0,0.061810004865441866,19.400000000000006,False
27,leg,27.0,0.06463821171015788,18.800000000000004,False
27,leg,28.0,0.06748591852059634,18.2,False
27,leg,29.0,0.07035255591419794,17.600000000000005,False
27,leg,30.0,0.07323759027139386,17.000000000000004,False
27,leg,31.0,0.07614052036726562,16.400000000000006,False
27,leg,32.0,0.07906087441932766,15.800000000000004,False
27,leg,33.0,0.08199820748857213,15.200000000000001,False
27,leg,34.0,0.08495209918203728,14.600000000000005,False
27,leg,35.0,0.08792215161404285,14.000000000000002,False
27,leg,36.0,0.09090798759038327,13.400000000000006,False
27,leg,37.0,0.09390924898555736,12.800000000000002,False
27,leg,38.0,0.0969255952878321,12.200000000000003,False
27,leg,39.0,0.0999567022908076,11.600000000000007,False
27,leg,40.0,0.10300226091334087,11.000000000000004,False
27,leg,41.0,0.1060619761323322,10.400000000000006,False
27,leg,42.0,0.10913556601508162,9.800000000000002,False
27,leg,43.0,0.11222276083976922,9.200000000000003,False
27,leg,44.0,0.11532330229416522,8.600000000000003,False
27,leg,45.0,0.11843694274398646,8.000000000000004,False
27,leg,46.0,0.12156344456342845,7.400000000000004,False
27,leg,47.0,0.12470257952134921,6.800000000000004,True
27,leg,48.0,0.12785412821738928,6.200000000000007,True
27,leg,49.0,0.13101787956300776,5.600000000000004,True
27,leg,50.0,0.13419363030300993,5.000000000000004,True
27,leg,51.0,0.13738118457365947,4.400000000000005,True
27,leg,52.0,0.14058035349391285,3.8000000000000047,True
27,leg,53.0,0.14379095478670312,3.200000000000008,True
27,leg,54.0,0.14701281242753728,2.600000000000005,True
27,leg,55.0,0.15024575631796694,2.0000000000000018,True
27,leg,56.0,0.15348962198175053,1.3999999999999986,True
27,leg,57.0,0.15674425028175212,0.800000000000009,True
30,leg,0.0,0.0,35.0,False
30,leg,1.0,0.0024350369731793,34.4,False
30,leg,2.0,0.005539391795970985,33.800000000000004,False
30,leg,3.0,0.008959180042000603,33.2,False
30,leg,4.0,0.01260139447870766,32.6,False
30,leg,5.0,0.01641847971396136,32.0,False
30,leg,6.0,0.020380967094100384,31.400000000000006,False
30,leg,7.0,0.024468605183985557,30.8,False
30,leg,8.0,0.028666530308165208,30.200000000000003,False
30,leg,9.0,0.032963321669888905,29.600000000000005,False
30,leg,10.0,0.03734990180091066,29.000000000000004,False
30,leg,11.0,0.04181886525310484,28.400000000000002,False
30,leg,12.0,0.046364044225418496,27.800000000000004,False
30,leg,13.0,0.05098021439079815,27.200000000000003,False
30,leg,14.0,0.05566288820578098,26.6,False
30,leg,15.0,0.06040816521207014,26.000000000000004,False
30,leg,16.0,0.06521262081728206,25.400000000000006,False
30,leg,17.0,0.0700732218505804,24.800000000000004,False
30,leg,18.0,0.07498726123559765,24.200000000000006,False
30,leg,19.0,0.07995230662113281,23.6,False
30,leg,20.0,0.08496615940338413,23.000000000000004,False
30,leg,21.0,0.090026821618948,22.400000000000002,False
30,leg,22.0,0.09513246889118497,21.800000000000004,False
30,leg,23.0,0.10028142809635615,21.200000000000003,False
30,leg,24.0,0.10547215875535206,20.60000000000001,False
30,leg,25.0,0.11070323739922594,20.000000000000004,False
30,leg,26.0,0.11597334433263867,19.400000000000006,False
30,leg,27.0,0.12128125234884017,18.800000000000004,False
30,leg,28.0,0.12662581704645404,18.2,False
30,leg,29.0,0.13200596847132637,17.600000000000005,False
30,leg,30.0,0.1374207038624549,17.000000000000004,False
30,leg,31.0,0.1428690813240418,16.400000000000006,False
30,leg,32.0,0.14835021427923906,15.800000000000004,False
30,leg,33.0,0.1538632665875097,15.200000000000001,False
30,leg,34.0,0.1594074482284167,14.600000000000005,False
30,leg,35.0,0.16498201147133684,14.000000000000002,True
30,leg,36.0,0.17058624746402015,13.400000000000006,True
30,leg,37.0,0.1762194831837892,12.800000000000002,True
30,leg,38.0,0.18188107870403514,12.200000000000003,True
30,leg,39.0,0.18757042473593658,11.600000000000007,True
30,leg,40.0,0.19328694041132022,11.000000000000004,True
30,leg,41.0,0.1990300712775527,10.400000000000006,True
30,leg,42.0,0.20479928747949375,9.800000000000002,True
30,leg,43.0,0.2105940821070069,9.200000000000003,True
30,leg,44.0,0.21641396968944174,8.600000000000003,True
30,leg,45.0,0.22225848482096247,8.000000000000004,True
30,leg,46.0,0.2281271809026886,7.400000000000004,True
30,leg,47.0,0.23401962898939066,6.800000000000004,True
30,leg,48.0,0.23993541673000543,6.200000000000007,True
30,leg,49.0,0.2458741473925372,5.600000000000004,True
30,leg,50.0,0.2518354389650355,5.000000000000004,True
30,leg,51.0,0.25781892332530654,4.400000000000005,True
30,leg,52.0,0.2638242454728563,3.8000000000000047,True
30,leg,53.0,0.2698510628172906,3.200000000000008,True
30,leg,54.0,0.275899044518033,2.600000000000005,True
30,leg,55.0,0.2819678708707757,2.0000000000000018,True
30,leg,56.0,0.28805723273656497,1.3999999999999986,True
30,leg,57.0,0.2941668310098475,0.800000000000009,True
31,leg,0.0,0.0,35.0,False
31,leg,1.0,0.0016236419318663,34.4,False
31,leg,2.0,0.003692689551041143,33.800000000000004,False
31,leg,3.0,0.005971564821589856,33.2,False
31,leg,4.0,0.008398376423239174,32.6,False
31,leg,5.0,0.010941483107236166,32.0,False
31,leg,6.0,0.013581279583425756,31.400000000000006,False
31,leg,7.0,0.01630429369426457,30.8,False
31,leg,8.0,0.01910063805026153,30.200000000000003,False
31,leg,9.0,0.02196271586645984,29.600000000000005,False
31,leg,10.0,0.024884489338448074,29.000000000000004,False
31,leg,11.0,0.027861032984464844,28.400000000000002,False
31,leg,12.0,0.030888244645072675,27.800000000000004,False
31,leg,13.0,0.0339626497687518,27.200000000000003,False
31,leg,14.0,0.03708126390448171,26.6,False
31,leg,15.0,0.04024149311300951,26.000000000000004,False
31,leg,16.0,0.04344105997887452,25.400000000000006,False
31,leg,17.0,0.046677947435686595,24.800000000000004,False
31,leg,18.0,0.04995035530976921,24.200000000000006,False
31,leg,19.0,0.053256666149431295,23.6,False
31,leg,20.0,0.056595417967222554,23.000000000000004,False
31,leg,21.0,0.059965282218122085,22.400000000000002,False
31,leg,22.0,0.06336504580458069,21.800000000000004,False
31,leg,23.0,0.06679359622121804,21.200000000000003,False
31,leg,24.0,0.07024990917779206,20.60000000000001,False
31,leg,25.0,0.07373303820031701,20.000000000000004,False
31,leg,26.0,0.07724210582722679,19.400000000000006,False
31,leg,27.0,0.08077629610364408,18.800000000000004,False
31,leg,28.0,0.08433484814110744,18.2,False
31,leg,29.0,0.08791705055866825,17.600000000000005,False
31,leg,30.0,0.09152223665836001,17.000000000000004,False
31,leg,31.0,0.09514978021666504,16.400000000000006,False
31,leg,32.0,0.09879909179590649,15.800000000000004,False
31,leg,33.0,0.10246961549702395,15.200000000000001,False
31,leg,34.0,0.10616082608908707,14.600000000000005,False
31,leg,35.0,0.10987222646199979,14.000000000000002,False
31,leg,36.0,0.11360334535777807,13.400000000000006,False
31,leg,37.0,0.11735373534301556,12.800000000000002,False
31,leg,38.0,0.12112297099104832,12.200000000000003,True
31,leg,39.0,0.1249106472471639,11.600000000000007,True
31,leg,40.0,0.12871637795418694,11.000000000000004,True
31,leg,41.0,0.13253979451907905,10.400000000000006,True
31,leg,42.0,0.13638054470394573,9.800000000000002,True
31,leg,43.0,0.14023829152714776,9.200000000000003,True
31,leg,44.0,0.1441127122621556,8.600000000000003,True
31,leg,45.0,0.148003497523422,8.000000000000004,True
31,leg,46.0,0.15191035042993914,7.400000000000004,True
31,leg,47.0,0.1558329858383279,6.800000000000004,True
31,leg,48.0,0.15977112963831946,6.200000000000007,True
31,leg,49.0,0.16372451810435593,5.600000000000004,True
31,leg,50.0,0.16769289729778217,5.000000000000004,True
31,leg,51.0,0.17167602251474717,4.400000000000005,True
31,leg,52.0,0.1756736577754892,3.8000000000000047,True
31,leg,53.0,0.1796855753511653,3.200000000000008,True
31,leg,54.0,0.18371155532480676,2.600000000000005,True
31,leg,55.0,0.1877513851833522,2.0000000000000018,True
31,leg,56.0,0.19180485943803113,1.3999999999999986,True
31,leg,57.0,0.19587177927065713,0.800000000000009,True
69,brace,0.0,0.0,20.0,False
69,brace,1.0,0.0005111080745976,19.7,False
69,brace,2.0,0.0011447149979300832,19.400000000000002,False
69,brace,3.0,0.0018346036377254234,19.099999999999998,False
69,brace,4.0,0.0025637873702499,18.8,False
69,brace,5.0,0.0033236575849262436,18.5,False
69,brace,6.0,0.00410891238807919,18.2,False
69,brace,7.0,0.004915925460574798,17.9,False
69,brace,8.0,0.005742045567445567,17.6,False
69,brace,9.0,0.006585242289911498,17.3,False
69,brace,10.0,0.007443906434944465,17.0,False
69,brace,11.0,0.008316728543049507,16.7,False
69,brace,12.0,0.009202620482014685,16.400000000000002,False
69,brace,13.0,0.010100662471343596,16.1,False
69,brace,14.0,0.01101006593929625,15.8,False
69,brace,15.0,0.011930146673304021,15.5,False
69,brace,16.0,0.012860304907191856,15.200000000000001,False
69,brace,17.0,0.013800010226939892,14.9,False
69,brace,18.0,0.014748789911409734,14.600000000000001,False
69,brace,19.0,0.01570621977726053,14.3,False
69,brace,20.0,0.016671916885637083,14.0,False
69,brace,21.0,0.017645533657158735,13.700000000000001,False
69,brace,22.0,0.01862675306868784,13.4,False
69,brace,23.0,0.019615284692568024,13.100000000000001,False
69,brace,24.0,0.02061086140013458,12.800000000000002,False
69,brace,25.0,0.021613236594892213,12.5,False
69,brace,26.0,0.022622181872355894,12.200000000000001,False
69,brace,27.0,0.02363748502679527,11.9,False
69,brace,28.0,0.02465894834245056,11.6,False
69,brace,29.0,0.025686387119863423,11.3,False
69,brace,30.0,0.026719628397944565,11.000000000000002,False
69,brace,31.0,0.02775850984009386,10.700000000000001,False
69,brace,32.0,0.028802878758678666,10.400000000000002,False
69,brace,33.0,0.029852591256880782,10.1,False
69,brace,34.0,0.03090751147064896,9.8,False
69,brace,35.0,0.03196751089646781,9.5,False
69,brace,36.0,0.03303246779304532,9.200000000000001,False
69,brace,37.0,0.034102266646956356,8.9,False
69,brace,38.0,0.03517679769385637,8.6,False
69,brace,39.0,0.03625595648817135,8.300000000000002,False
69,brace,40.0,0.0373396435152351,8.0,False
69,brace,41.0,0.03842776384072695,7.700000000000002,False
69,brace,42.0,0.03952022679299797,7.4,False
69,brace,43.0,0.0406169456744885,7.1000000000000005,False
69,brace,44.0,0.041717837498956425,6.800000000000001,False
69,brace,45.0,0.042822822751672075,6.500000000000001,False
69,brace,46.0,0.043931825170105486,6.200000000000001,False
69,brace,47.0,0.04504477154294618,5.9,False
69,brace,48.0,0.046161591525564746,5.600000000000002,False
69,brace,49.0,0.04728221747025596,5.300000000000001,False
69,brace,50.0,0.04840658426980096,5.000000000000001,False
69,brace,51.0,0.049534629213057735,4.700000000000001,False
69,brace,52.0,0.050666291851436625,4.400000000000001,False
69,brace,53.0,0.05180151387524652,4.100000000000003,False
69,brace,54.0,0.05294023899900911,3.800000000000001,False
69,brace,55.0,0.05408241285493648,3.4999999999999996,False
69,brace,56.0,0.055227982893852855,3.199999999999998,False
69,brace,57.0,0.056376898292916276,2.9000000000000035,False
69,brace,58.0,0.0575291098695623,2.6000000000000014,False
69,brace,59.0,0.058684570001149856,2.3,False
69,brace,60.0,0.05984323254984109,2.0000000000000018,True
69,brace,61.0,0.06100505279229249,1.7000000000000002,True
69,brace,62.0,0.06216998735377531,1.400000000000002,True
69,brace,63.0,0.06333799414637896,1.1000000000000003,True
69,brace,64.0,0.06450903231098377,0.800000000000002,True
69,brace,65.0,0.06568306216271746,0.5000000000000004,True
69,brace,66.0,0.06686004513963587,0.1999999999999988,True
70,brace,0.0,0.0,20.0,False
70,brace,1.0,0.0005990733075016,19.7,False
70,brace,2.0,0.0013417404375384817,19.400000000000002,False
70,brace,3.0,0.0021503822792809167,19.099999999999998,False
70,brace,4.0,0.0030050869888259,18.8,False
70,brace,5.0,0.0038957634384653413,18.5,False
70,brace,6.0,0.004816196655982153,18.2,False
70,brace,7.0,0.005762135795211036,17.9,False
70,brace,8.0,0.006730473016806366,17.6,False
70,brace,9.0,0.0077188282120766,17.3,False
70,brace,10.0,0.008725315040778954,17.0,False
70,brace,11.0,0.009748398516296879,16.7,False
70,brace,12.0,0.010786803096633723,16.400000000000002,False
70,brace,13.0,0.011839450585558043,16.1,False
70,brace,14.0,0.012905416592946686,15.8,False
70,brace,15.0,0.013983899061174558,15.5,False
70,brace,16.0,0.015074194922942045,15.200000000000001,False
70,brace,17.0,0.016175682407477916,14.9,False
70,brace,18.0,0.017287807373271045,14.600000000000001,False
70,brace,19.0,0.018410072576262065,14.3,False
70,brace,20.0,0.019542029120442124,14.0,False
70,brace,21.0,0.02068326955929174,13.700000000000001,False
70,brace,22.0,0.02183342226530553,13.4,False
70,brace,23.0,0.022992146787079372,13.100000000000001,False
70,brace,24.0,0.024159129985073028,12.800000000000002,False
70,brace,25.0,0.025334082788261707,12.5,False
70,brace,26.0,0.026516737450932835,12.200000000000001,False
70,brace,27.0,0.027706845216132068,11.9,False
70,brace,28.0,0.028904174312574287,11.6,False
70,brace,29.0,0.030108508227162677,11.3,False
70,brace,30.0,0.03131964420695576,11.000000000000002,False
70,brace,31.0,0.03253739195344145,10.700000000000001,False
70,brace,32.0,0.03376157247899849,10.400000000000002,False
70,brace,33.0,0.03499201710094085,10.1,False
70,brace,34.0,0.03622856655290884,9.8,False
70,brace,35.0,0.03747107019685669,9.5,False
70,brace,36.0,0.03871938532168991,9.200000000000001,False
70,brace,37.0,0.03997337651687378,8.9,False
70,brace,38.0,0.04123291511118293,8.6,False
70,brace,39.0,0.04249787866827648,8.300000000000002,False
70,brace,40.0,0.04376815053203107,8.0,False
70,brace,41.0,0.04504361941559889,7.700000000000002,False
70,brace,42.0,0.04632417902901864,7.4,False
70,brace,43.0,0.047609727740928226,7.1000000000000005,False
70,brace,44.0,0.04890016827053377,6.800000000000001,False
70,brace,45.0,0.050195407406500914,6.500000000000001,False
70,brace,46.0,0.05149535574986785,6.200000000000001,False
70,brace,47.0,0.05279992747844845,5.9,False
70,brace,48.0,0.05410904013050917,5.600000000000002,False
70,brace,49.0,0.05542261440577309,5.300000000000001,False
70,brace,50.0,0.056740573982037405,5.000000000000001,False
70,brace,51.0,0.05806284534589064,4.700000000000001,False
70,brace,52.0,0.059389357636189855,4.400000000000001,False
70,brace,53.0,0.06072004249910854,4.100000000000003,False
70,brace,54.0,0.062054833953697285,3.800000000000001,False
70,brace,55.0,0.06339366826701377,3.4999999999999996,False
70,brace,56.0,0.06473648383797903,3.199999999999998,False
70,brace,57.0,0.06608322108920499,2.9000000000000035,False
70,brace,58.0,0.06743382236611556,2.6000000000000014,False
70,brace,59.0,0.06878823184275211,2.3,False
70,brace,60.0,0.07014639543371434,2.0000000000000018,False
70,brace,61.0,0.07150826071174127,1.7000000000000002,True
70,brace,62.0,0.07287377683048414,1.400000000000002,True
70,brace,63.0,0.074242894452066,1.1000000000000003,True
70,brace,64.0,0.0756155656790594,0.800000000000002,True
70,brace,65.0,0.07699174399054812,0.5000000000000004,True
70,brace,66.0,0.07837138418196844,0.1999999999999988,True
71,brace,0.0,0.0,20.0,False
71,brace,1.0,0.0005880250743754,19.7,False
71,brace,2.0,0.0013169329819084895,19.400000000000002,False
71,brace,3.0,0.002110564958866641,19.099999999999998,False
71,brace,4.0,0.002949385246335919,18.8,False
71,brace,5.0,0.0038234935819356623,18.5,False
71,brace,6.0,0.004726792658874571,18.2,False
71,brace,7.0,0.005655112170976375,17.9,False
71,brace,8.0,0.0066054031988003244,17.6,False
71,brace,9.0,0.007575330780455746,17.3,False
71,brace,10.0,0.008563044372750567,17.0,False
71,brace,11.0,0.00956703813018021,16.7,False
71,brace,12.0,0.010586060735125795,16.400000000000002,False
71,brace,13.0,0.01161905447453865,16.1,False
71,brace,14.0,0.012665112524770372,15.8,False
71,brace,15.0,0.013723448074143054,15.5,False
71,brace,16.0,0.01479337142305356,15.200000000000001,False
71,brace,17.0,0.015874272625517383,14.9,False
71,brace,18.0,0.016965608080991224,14.600000000000001,False
71,brace,19.0,0.018066890006053833,14.3,False
71,brace,20.0,0.019177678047147043,14.0,False
71,brace,21.0,0.020297572512874312,13.700000000000001,False
71,brace,22.0,0.021426208850350903,13.4,False
71,brace,23.0,0.022563253090395502,13.100000000000001,False
71,brace,24.0,0.023708398056633644,12.800000000000002,False
71,brace,25.0,0.024861360183715986,12.5,False
71,brace,26.0,0.026021876826195937,12.200000000000001,False
71,brace,27.0,0.027189703966342717,11.9,False
71,brace,28.0,0.028364614249092937,11.6,False
71,brace,29.0,0.02954639528738069,11.3,False
71,brace,30.0,0.03073484819256137,11.000000000000002,False
71,brace,31.0,0.03192978629349255,10.700000000000001,False
71,brace,32.0,0.033131034014723615,10.400000000000002,False
71,brace,33.0,0.03433842588965643,10.1,False
71,brace,34.0,0.035551805688824704,9.8,False
71,brace,35.0,0.036771025646859704,9.5,False
71,brace,36.0,0.03799594577446005,9.200000000000001,False
71,brace,37.0,0.03922643324390887,8.9,False
71,brace,38.0,0.04046236183849465,8.6,False
71,brace,39.0,0.04170361145767807,8.300000000000002,False
71,brace,40.0,0.04295006767107159,8.0,False
71,brace,41.0,0.04420162131531304,7.700000000000002,False
71,brace,42.0,0.045458168128759704,7.4,False
71,brace,43.0,0.04671960841963596,7.1000000000000005,False
71,brace,44.0,0.047985846763862305,6.800000000000001,False
71,brace,45.0,0.049256791729294896,6.500000000000001,False
71,brace,46.0,0.050532355623530166,6.200000000000001,False
71,brace,47.0,0.05181245426279114,5.9,False
71,brace,48.0,0.05309700675972088,5.600000000000002,False
71,brace,49.0,0.054385935328173846,5.300000000000001,False
71,brace,50.0,0.055679165103323686,5.000000000000001,False
71,brace,51.0,0.05697662397560265,4.700000000000001,False
71,brace,52.0,0.05827824243715835,4.400000000000001,False
71,brace,53.0,0.059583953439661164,4.100000000000003,False
71,brace,54.0,0.060893692262424345,3.800000000000001,False
71,brace,55.0,0.06220739638991166,3.4999999999999996,False
71,brace,56.0,0.06352500539780503,3.199999999999998,False
71,brace,57.0,0.06484646084689201,2.9000000000000035,False
71,brace,58.0,0.06617170618410795,2.6000000000000014,False
71,brace,59.0,0.06750068665013532,2.3,False
71,brace,60.0,0.06883334919302192,2.0000000000000018,True
71,brace,61.0,0.0701696423873315,1.7000000000000002,True
71,brace,62.0,0.07150951635838795,1.400000000000002,True
71,brace,63.0,0.07285292271121463,1.1000000000000003,True
71,brace,64.0,0.07419981446380797,0.800000000000002,True
71,brace,65.0,0.07555014598441741,0.5000000000000004,True
71,brace,66.0,0.07690387293253283,0.1999999999999988,True
72,brace,0.0,0.0,20.0,False
72,brace,1.0,0.0006158758551793,19.7,False
72,brace,2.0,0.0013793941999823375,19.400000000000002,False
72,brace,3.0,0.0022107491441787706,19.099999999999998,False
72,brace,4.0,0.003089467370645617,18.8,False
72,brace,5.0,0.00400517311159316,18.5,False
72,brace,6.0,0.004951476050653606,18.2,False
72,brace,7.0,0.005924005391305054,17.9,False
72,brace,8.0,0.006919565584954729,17.6,False
72,brace,9.0,0.007935709343670072,17.3,False
72,brace,10.0,0.008970497079234266,17.0,False
72,brace,11.0,0.010022350471182218,16.7,False
72,brace,12.0,0.011089957965042495,16.400000000000002,False
72,brace,13.0,0.012172210921527645,16.1,False
72,brace,14.0,0.013268158848427835,15.8,False
72,brace,15.0,0.014376977038927126,15.5,False
72,brace,16.0,0.015497942570755858,15.200000000000001,False
72,brace,17.0,0.016630416113076304,14.9,False
72,brace,18.0,0.017773827873504303,14.600000000000001,False
72,brace,19.0,0.018927666563418197,14.3,False
72,brace,20.0,0.020091470607257116,14.0,False
72,brace,21.0,0.021264821049244233,13.700000000000001,False
72,brace,22.0,0.02244733576398151,13.4,False
72,brace,23.0,0.023638664682477138,13.100000000000001,False
72,brace,24.0,0.024838485818824644,12.800000000000002,False
72,brace,25.0,0.026046501935294578,12.5,False
72,brace,26.0,0.027262437721687825,12.200000000000001,False
72,brace,27.0,0.028486037392816032,11.9,False
72,brace,28.0,0.02971706262885954,11.6,False
72,brace,29.0,0.030955290799113133,11.3,False
72,brace,30.0,0.032200513421656654,11.000000000000002,False
72,brace,31.0,0.03345253482076128,10.700000000000001,False
72,brace,32.0,0.03471117095106168,10.400000000000002,False
72,brace,33.0,0.03597624836319528,10.1,False
72,brace,34.0,0.037247603290101,9.8,False
72,brace,35.0,0.038525080836754634,9.5,False
72,brace,36.0,0.039808534259000244,9.200000000000001,False
72,brace,37.0,0.0410978243194695,8.9,False
72,brace,38.0,0.04239281871048127,8.6,False
72,brace,39.0,0.043693391535371204,8.300000000000002,False
72,brace,40.0,0.04499942284098422,8.0,False
72,brace,41.0,0.04631079819512651,7.700000000000002,False
72,brace,42.0,0.04762740830365923,7.4,False
72,brace,43.0,0.048949148662656664,7.1000000000000005,False
72,brace,44.0,0.05027591924167528,6.800000000000001,False
72,brace,45.0,0.05160762419470518,6.500000000000001,False
72,brace,46.0,0.05294417159582169,6.200000000000001,False
72,brace,47.0,0.05428547319693392,5.9,False
72,brace,48.0,0.05563144420535131,5.600000000000002,False
72,brace,49.0,0.05698200307916679,5.300000000000001,False
72,brace,50.0,0.058337071338694105,5.000000000000001,False
72,brace,51.0,0.05969657339240339,4.700000000000001,False
72,brace,52.0,0.061060436375976676,4.400000000000001,False
72,brace,53.0,0.06242859000326131,4.100000000000003,False
72,brace,54.0,0.06380096642803265,3.800000000000001,False
72,brace,55.0,0.06517750011559673,3.4999999999999996,False
72,brace,56.0,0.06655812772336536,3.199999999999998,False
72,brace,57.0,0.06794278798962784,2.9000000000000035,False
72,brace,58.0,0.06933142162982205,2.6000000000000014,False
72,brace,59.0,0.0707239712396789,2.3,False
72,brace,60.0,0.07212038120467544,2.0000000000000018,True
72,brace,61.0,0.0735205976152872,1.7000000000000002,True
72,brace,62.0,0.07492456818757948,1.400000000000002,True
72,brace,63.0,0.07633224218872005,1.1000000000000003,True
72,brace,64.0,0.07774357036703518,0.800000000000002,True
72,brace,65.0,0.0791585048862648,0.5000000000000004,True
72,brace,66.0,0.08057699926370418,0.1999999999999988,True
73,brace,0.0,0.0,20.0,False
73,brace,1.0,0.0005640797080508,19.7,False
73,brace,2.0,0.0012633802556029205,19.400000000000002,False
73,brace,3.0,0.0020248097075842423,19.099999999999998,False
73,brace,4.0,0.0028296172464043977,18.8,False
73,brace,5.0,0.003668300077905023,18.5,False
73,brace,6.0,0.004535005548692202,18.2,False
73,brace,7.0,0.005425730613097143,17.9,False
73,brace,8.0,0.006337548592864598,17.6,False
73,brace,9.0,0.007268218114235302,17.3,False
73,brace,10.0,0.008215962786653711,17.0,False
73,brace,11.0,0.009179337090987347,16.7,False
73,brace,12.0,0.010157139828811987,16.400000000000002,False
73,brace,13.0,0.011148355643815456,16.1,False
73,brace,14.0,0.012152114020364537,15.8,False
73,brace,15.0,0.013167659644663564,15.5,False
73,brace,16.0,0.014194330423295664,15.200000000000001,False
73,brace,17.0,0.015231540820851344,14.9,False
73,brace,18.0,0.016278768989352498,14.600000000000001,False
73,brace,19.0,0.017335546662011772,14.3,False
73,brace,20.0,0.018401451102176246,14.0,False
73,brace,21.0,0.01947609860687758,13.700000000000001,False
73,brace,22.0,0.020559139204547598,13.4,False
73,brace,23.0,0.02165025228272927,13.100000000000001,False
73,brace,24.0,0.022749142949073146,12.800000000000002,False
73,brace,25.0,0.023855538977030775,12.5,False
73,brace,26.0,0.02496918822254,12.200000000000001,False
73,brace,27.0,0.026089856423656195,11.9,False
73,brace,28.0,0.027217325314211345,11.6,False
73,brace,29.0,0.0283513909970166,11.3,False
73,brace,30.0,0.0294918625331389,11.000000000000002,False
73,brace,31.0,0.03063856071227567,10.700000000000001,False
73,brace,32.0,0.03179131697586362,10.400000000000002,False
73,brace,33.0,0.032949972469751426,10.1,False
73,brace,34.0,0.0341143772073795,9.8,False
73,brace,35.0,0.03528438932769316,9.5,False
73,brace,36.0,0.03645987443465507,9.200000000000001,False
73,brace,37.0,0.037640705007359394,8.9,False
73,brace,38.0,0.038826759871490354,8.6,False
73,brace,39.0,0.0400179237242943,8.300000000000002,False
73,brace,40.0,0.04121408670640995,8.0,False
73,brace,41.0,0.04241514401487489,7.700000000000002,False
73,brace,42.0,0.04362099555243838,7.4,False
73,brace,43.0,0.0448315456089883,7.1000000000000005,False
73,brace,44.0,0.046046702571470984,6.800000000000001,False
73,brace,45.0,0.04726637865916447,6.500000000000001,False
73,brace,46.0,0.04849048968157335,6.200000000000001,False
73,brace,47.0,0.04971895481656139,5.9,False
73,brace,48.0,0.05095169640663455,5.600000000000002,False
73,brace,49.0,0.0521886397715415,5.300000000000001,False
73,brace,50.0,0.0534297130355775,5.000000000000001,False
73,brace,51.0,0.054674846968166387,4.700000000000001,False
73,brace,52.0,0.0559239748364589,4.400000000000001,False
73,brace,53.0,0.05717703226882741,4.100000000000003,False
73,brace,54.0,0.058433957128260716,3.800000000000001,False
73,brace,55.0,0.059694689394770545,3.4999999999999996,False
73,brace,56.0,0.06095917105601581,3.199999999999998,False
73,brace,57.0,0.062227346005433504,2.9000000000000035,False
73,brace,58.0,0.0634991599472382,2.6000000000000014,False
73,brace,59.0,0.06477456030771638,2.3,True
73,brace,60.0,0.06605349615229858,2.0000000000000018,True
73,brace,61.0,0.06733591810794304,1.7000000000000002,True
73,brace,62.0,0.06862177829040866,1.400000000000002,True
73,brace,63.0,0.0699110302360357,1.1000000000000003,True
73,brace,64.0,0.07120362883768709,0.800000000000002,True
73,brace,65.0,0.0724995302845359,0.5000000000000004,True
73,brace,66.0,0.07379869200541209,0.1999999999999988,True
74,brace,0.0,0.0,20.0,False
74,brace,1.0,0.0006400292925602,19.7,False
74,brace,2.0,0.0014335093953060615,19.400000000000002,False
74,brace,3.0,0.002297496278660278,19.099999999999998,False
74,brace,4.0,0.00321071115075169,18.8,False
74,brace,5.0,0.004162369955985333,18.5,False
74,brace,6.0,0.0051458308852800555,18.2,False
74,brace,7.0,0.006156551110745704,17.9,False
74,brace,8.0,0.007191209298883102,17.6,False
74,brace,9.0,0.008247261823506838,17.3,False
74,brace,10.0,0.009322692739228693,17.0,False
74,brace,11.0,0.010415861587332933,16.7,False
74,brace,12.0,0.011525405175125226,16.400000000000002,False
74,brace,13.0,0.012650171212300053,16.1,False
74,brace,14.0,0.013789171780924115,15.8,False
74,brace,15.0,0.014941549700061842,15.5,False
74,brace,16.0,0.016106553580266993,15.200000000000001,False
74,brace,17.0,0.017283518914371823,14.9,False
74,brace,18.0,0.018471853471353498,14.600000000000001,False
74,brace,19.0,0.019671025827280808,14.3,False
74,brace,20.0,0.020880556228571243,14.0,False
74,brace,21.0,0.022100009219483713,13.700000000000001,False
74,brace,22.0,0.023328987624804464,13.4,False
74,brace,23.0,0.02456712758793533,13.100000000000001,False
74,brace,24.0,0.025814094441149512,12.800000000000002,False
74,brace,25.0,0.027069579239390455,12.5,False
74,brace,26.0,0.028333295828576053,12.200000000000001,False
74,brace,27.0,0.029604978348489762,11.9,False
74,brace,28.0,0.030884379092047096,11.6,False
74,brace,29.0,0.03217126665910599,11.3,False
74,brace,30.0,0.033465424355489944,11.000000000000002,False
74,brace,31.0,0.03476664879753135,10.700000000000001,False
74,brace,32.0,0.03607474868994612,10.400000000000002,False
74,brace,33.0,0.037389543750744964,10.1,False
74,brace,34.0,0.038710863761554526,9.8,False
74,brace,35.0,0.04003854772544763,9.5,False
74,brace,36.0,0.04137244311737731,9.200000000000001,False
74,brace,37.0,0.042712405214733976,8.9,False
74,brace,38.0,0.044058296497519946,8.6,False
74,brace,39.0,0.04540998610925463,8.300000000000002,False
74,brace,40.0,0.04676734937105708,8.0,False
74,brace,41.0,0.04813026734245826,7.700000000000002,False
74,brace,42.0,0.04949862642341586,7.4,False
74,brace,43.0,0.0508723179927744,7.1000000000000005,False
74,brace,44.0,0.05225123807906106,6.800000000000001,False
74,brace,45.0,0.053635287060054104,6.500000000000001,False
74,brace,46.0,0.05502436938802386,6.200000000000001,False
74,brace,47.0,0.056418393337940936,5.9,False
74,brace,48.0,0.057817270776282785,5.600000000000002,False
74,brace,49.0,0.059220916948358356,5.300000000000001,False
74,brace,50.0,0.06062925028231929,5.000000000000001,False
74,brace,51.0,0.06204219220824,4.700000000000001,False
74,brace,52.0,0.06345966699083469,4.400000000000001,False
74,brace,53.0,0.06488160157454048,4.100000000000003,False
74,brace,54.0,0.06630792543983581,3.800000000000001,False
74,brace,55.0,0.06773857046978586,3.4999999999999996,False
74,brace,56.0,0.06917347082591434,3.199999999999998,False
74,brace,57.0,0.07061256283259411,2.9000000000000035,False
74,brace,58.0,0.07205578486923286,2.6000000000000014,False
74,brace,59.0,0.07350307726960283,2.3,False
74,brace,60.0,0.0749543822277273,2.0000000000000018,True
74,brace,61.0,0.07640964370979522,1.7000000000000002,True
74,brace,62.0,0.07786880737162458,1.400000000000002,True
74,brace,63.0,0.07933182048124131,1.1000000000000003,True
74,brace,64.0,0.08079863184618025,0.800000000000002,True
74,brace,65.0,0.0822691917451508,0.5000000000000004,True
74,brace,66.0,0.08374345186374198,0.1999999999999988,True
75,brace,0.0,0.0,20.0,False
75,brace,1.0,0.0005661016612763,19.7,False
75,brace,2.0,0.0012678351060350875,19.400000000000002,False
75,brace,3.0,0.002031880316248488,19.099999999999998,False
75,brace,4.0,0.0028394296750004905,18.8,False
75,brace,5.0,0.003680951918680736,18.5,False
75,brace,6.0,0.004550576994233877,18.2,False
75,brace,7.0,0.005444290026210676,17.9,False
75,brace,8.0,0.006359155730027767,17.6,False
75,brace,9.0,0.007292926168508488,17.3,False
75,brace,10.0,0.008243819768359386,17.0,False
75,brace,11.0,0.009210386806783195,16.7,False
75,brace,12.0,0.01019142260243156,16.400000000000002,False
75,brace,13.0,0.011185908862776182,16.1,False
75,brace,14.0,0.012192972560979051,15.8,False
75,brace,15.0,0.013211856209293226,15.5,False
75,brace,16.0,0.014241895812664562,15.200000000000001,False
75,brace,17.0,0.015282504157237057,14.9,False
75,brace,18.0,0.016333157901905846,14.600000000000001,False
75,brace,19.0,0.017393387442393403,14.3,False
75,brace,20.0,0.018462768836586773,14.0,False
75,brace,21.0,0.01954091728907025,13.700000000000001,False
75,brace,22.0,0.020627481833342957,13.4,False
75,brace,23.0,0.021722140946768723,13.100000000000001,False
75,brace,24.0,0.02282459890096625,12.800000000000002,False
75,brace,25.0,0.02393458269861227,12.5,False
75,brace,26.0,0.025051839482616963,12.200000000000001,False
75,brace,27.0,0.0261761343293664,11.9,False
75,brace,28.0,0.02730724835691093,11.6,False
75,brace,29.0,0.02844497709345513,11.3,False
75,brace,30.0,0.02958912906255213,11.000000000000002,False
75,brace,31.0,0.030739524549923777,10.700000000000001,False
75,brace,32.0,0.0318959945234596,10.400000000000002,False
75,brace,33.0,0.03305837968315645,10.1,False
75,brace,34.0,0.03422652962188628,9.8,False
75,brace,35.0,0.03540030208117245,9.5,False
75,brace,36.0,0.03657956228880186,9.200000000000001,False
75,brace,37.0,0.037764182367243396,8.9,False
75,brace,38.0,0.038954040803588455,8.6,False
75,brace,39.0,0.0401490219731598,8.300000000000002,False
75,brace,40.0,0.04134901571011391,8.0,False
75,brace,41.0,0.042553916919338686,7.700000000000002,False
75,brace,42.0,0.04376362522476218,7.4,False
75,brace,43.0,0.044978044649868015,7.1000000000000005,False
75,brace,44.0,0.046197083326786,6.800000000000001,False
75,brace,45.0,0.04742065323080892,6.500000000000001,False
75,brace,46.0,0.04864866993759627,6.200000000000001,False
75,brace,47.0,0.04988105240067382,5.9,False
75,brace,48.0,0.051117722747135816,5.600000000000002,False
75,brace,49.0,0.05235860608971145,5.300000000000001,False
75,brace,50.0,0.05360363035357704,5.000000000000001,False
75,brace,51.0,0.05485272611648434,4.700000000000001,False
75,brace,52.0,0.05610582646093956,4.400000000000001,False
75,brace,53.0,0.057362866837310164,4.100000000000003,False
75,brace,54.0,0.05862378493685994,3.800000000000001,False
75,brace,55.0,0.05988852057382173,3.4999999999999996,False
75,brace,56.0,0.06115701557571116,3.199999999999998,False
75,brace,57.0,0.06242921368116883,2.9000000000000035,False
75,brace,58.0,0.06370506044469038,2.6000000000000014,False
75,brace,59.0,0.06498450314766956,2.3,False
75,brace,60.0,0.06626749071523563,2.0000000000000018,True
75,brace,61.0,0.06755397363841723,1.7000000000000002,True
75,brace,62.0,0.06884390390120976,1.400000000000002,True
75,brace,63.0,0.07013723491216306,1.1000000000000003,True
75,brace,64.0,0.07143392144014181,0.800000000000002,True
75,brace,65.0,0.07273391955394291,0.5000000000000004,True
75,brace,66.0,0.07403718656548222,0.1999999999999988,True
76,brace,0.0,0.0,20.0,False
76,brace,1.0,0.0006077377003776,19.7,False
76,brace,2.0,0.0013611926946434495,19.400000000000002,False
76,brace,3.0,0.0021816018069039382,19.099999999999998,False
76,brace,4.0,0.003048758618725618,18.8,False
76,brace,5.0,0.003952422514737678,18.5,False
76,brace,6.0,0.004886286370474512,18.2,False
76,brace,7.0,0.0058460362655010445,17.9,False
76,brace,8.0,0.006828518219228651,17.6,False
76,brace,9.0,0.007831316768614852,17.3,False
76,brace,10.0,0.008852517541469795,17.0,False
76,brace,11.0,0.009890562731819484,16.7,False
76,brace,12.0,0.0109441578287693,16.400000000000002,False
76,brace,13.0,0.012012208596994188,16.1,False
76,brace,14.0,0.013093776891373506,15.8,False
76,brace,15.0,0.014188048716481003,15.5,False
76,brace,16.0,0.015294310538047261,15.200000000000001,False
76,brace,17.0,0.016411931326546877,14.9,False
76,brace,18.0,0.017540348687030683,14.600000000000001,False
76,brace,19.0,0.01867905796796254,14.3,False
76,brace,20.0,0.019827603584843877,14.0,False
76,brace,21.0,0.02098557201917682,13.700000000000001,False
76,brace,22.0,0.022152586104335185,13.4,False
76,brace,23.0,0.02332830031365862,13.100000000000001,False
76,brace,24.0,0.024512396838783913,12.800000000000002,False
76,brace,25.0,0.025704582298085605,12.5,False
76,brace,26.0,0.02690458495269021,12.200000000000001,False
76,brace,27.0,0.028112152335180326,11.9,False
76,brace,28.0,0.029327049216717905,11.6,False
76,brace,29.0,0.030549055853870792,11.3,False
76,brace,30.0,0.031777966468297024,11.000000000000002,False
76,brace,31.0,0.03301358792159418,10.700000000000001,False
76,brace,32.0,0.03425573855474705,10.400000000000002,False
76,brace,33.0,0.035504247167203434,10.1,False
76,brace,34.0,0.03675895211504142,9.8,False
76,brace,35.0,0.038019700511228875,9.5,False
76,brace,36.0,0.039286347513821276,9.200000000000001,False
76,brace,37.0,0.040558755690245606,8.9,False
76,brace,38.0,0.041836794447694385,8.6,False
76,brace,39.0,0.04312033952119031,8.300000000000002,False
76,brace,40.0,0.04440927251214927,8.0,False
76,brace,41.0,0.045703480471318704,7.700000000000002,False
76,brace,42.0,0.04700285552084262,7.4,False
76,brace,43.0,0.04830729451093574,7.1000000000000005,False
76,brace,44.0,0.049616698707264296,6.800000000000001,False
76,brace,45.0,0.050930973505649756,6.500000000000001,False
76,brace,46.0,0.05225002817115179,6.200000000000001,False
76,brace,47.0,0.0535737755989613,5.9,False
76,brace,48.0,0.05490213209485408,5.600000000000002,False
76,brace,49.0,0.056235017173229596,5.300000000000001,False
76,brace,50.0,0.05757235337099564,5.000000000000001,False
76,brace,51.0,0.05891406607576272,4.700000000000001,False
76,brace,52.0,0.0602600833669884,4.400000000000001,False
76,brace,53.0,0.0616103358688646,4.100000000000003,False
76,brace,54.0,0.0629647566138743,3.800000000000001,False
76,brace,55.0,0.06432328091606009,3.4999999999999996,False
76,brace,56.0,0.06568584625314891,3.199999999999998,False
76,brace,57.0,0.06705239215676681,2.9000000000000035,False
76,brace,58.0,0.06842286011005597,2.6000000000000014,False
76,brace,59.0,0.06979719345207562,2.3,False
76,brace,60.0,0.07117533728842985,2.0000000000000018,True
76,brace,61.0,0.07255723840761939,1.7000000000000002,True
76,brace,62.0,0.07394284520266292,1.400000000000002,True
76,brace,63.0,0.07533210759757618,1.1000000000000003,True
76,brace,64.0,0.07672497697833504,0.800000000000002,True
76,brace,65.0,0.07812140612798363,0.5000000000000004,True
76,brace,66.0,0.07952134916557825,0.1999999999999988,True
77,brace,0.0,0.0,20.0,False
77,brace,1.0,0.0014415265025319,19.7,False
77,brace,2.0,0.003228280110496955,19.400000000000002,False
77,brace,3.0,0.0051736256235095065,19.099999999999998,False
77,brace,4.0,0.007229691895033061,18.8,False
77,brace,5.0,0.009372219568759431,18.5,False
77,brace,6.0,0.011586268216503739,18.2,False
77,brace,7.0,0.01386161933990952,17.9,False
77,brace,8.0,0.016190802256332282,17.6,False
77,brace,9.0,0.018568095727148664,17.3,False
77,brace,10.0,0.02098896549726589,17.0,False
77,brace,11.0,0.023449721926585745,16.7,False
77,brace,12.0,0.02594729904204056,16.400000000000002,False
77,brace,13.0,0.02847910525487541,16.1,False
77,brace,14.0,0.031042918694670033,15.8,False
77,brace,15.0,0.03363681155006583,15.5,False
77,brace,16.0,0.03625909395720601,15.200000000000001,False
77,brace,17.0,0.03890827146654997,14.9,False
77,brace,18.0,0.04158301218914359,14.600000000000001,False
77,brace,19.0,0.04428212099944054,14.3,False
77,brace,20.0,0.047004518984368,14.0,False
77,brace,21.0,0.049749226860783174,13.700000000000001,False
77,brace,22.0,0.05251535144121005,13.4,False
77,brace,23.0,0.05530207447350562,13.100000000000001,False
77,brace,24.0,0.058108643352315026,12.800000000000002,False
77,brace,25.0,0.0609343633230173,12.5,False
77,brace,26.0,0.06377859088791124,12.200000000000001,False
77,brace,27.0,0.06664072818989179,11.9,False
77,brace,28.0,0.06952021819769467,11.6,False
77,brace,29.0,0.07241654055363178,11.3,False
77,brace,30.0,0.07532920797285776,11.000000000000002,False
77,brace,31.0,0.07825776310488855,10.700000000000001,False
77,brace,32.0,0.08120177578497079,10.400000000000002,False
77,brace,33.0,0.08416084061615925,10.1,False
77,brace,34.0,0.08713457483345843,9.8,False
77,brace,35.0,0.09012261640976613,9.5,False
77,brace,36.0,0.09312462237009342,9.200000000000001,False
77,brace,37.0,0.09614026728599005,8.9,False
77,brace,38.0,0.09916924192654579,8.6,False
77,brace,39.0,0.10221125204597972,8.300000000000002,False
77,brace,40.0,0.10526601729082936,8.0,False
77,brace,41.0,0.10833327021223794,7.700000000000002,False
77,brace,42.0,0.111412755370908,7.4,False
77,brace,43.0,0.114504228524022,7.1000000000000005,False
77,brace,44.0,0.11760745588488708,6.800000000000001,False
77,brace,45.0,0.12072221344728974,6.500000000000001,False
77,brace,46.0,0.12384828636758885,6.200000000000001,False
77,brace,47.0,0.1269854683984617,5.9,False
77,brace,48.0,0.13013356136897555,5.600000000000002,False
77,brace,49.0,0.13329237470630653,5.300000000000001,False
77,brace,50.0,0.13646172499498582,5.000000000000001,False
77,brace,51.0,0.13964143557003536,4.700000000000001,False
77,brace,52.0,0.14283133614077265,4.400000000000001,False
77,brace,53.0,0.14603126244242623,4.100000000000003,False
77,brace,54.0,0.1492410559130186,3.800000000000001,False
77,brace,55.0,0.1524605633932495,3.4999999999999996,False
77,brace,56.0,0.15568963684735285,3.199999999999998,False
77,brace,57.0,0.15892813310311246,2.9000000000000035,True
77,brace,58.0,0.16217591360940808,2.6000000000000014,True
77,brace,59.0,0.16543284420982737,2.3,True
77,brace,60.0,0.16869879493102405,2.0000000000000018,True
77,brace,61.0,0.17197363978463207,1.7000000000000002,True
77,brace,62.0,0.17525725658165855,1.400000000000002,True
77,brace,63.0,0.17854952675838123,1.1000000000000003,True
77,brace,64.0,0.1818503352128647,0.800000000000002,True
77,brace,65.0,0.1851595701512926,0.5000000000000004,True
77,brace,66.0,0.18847712294338395,0.1999999999999988,True
78,brace,0.0,0.0,20.0,False
78,brace,1.0,0.001398612536423,19.7,False
78,brace,2.0,0.003132311823542432,19.400000000000002,False
78,brace,3.0,0.005019955751387763,19.099999999999998,False
78,brace,4.0,0.007015078947452205,18.8,False
78,brace,5.0,0.00909413386352089,18.5,False
78,brace,6.0,0.011242618197850973,18.2,False
78,brace,7.0,0.013450612976417644,17.9,False
78,brace,8.0,0.015710866417932956,17.6,False
78,brace,9.0,0.018017824872598984,17.3,False
78,brace,10.0,0.020367086869131867,17.0,False
78,brace,11.0,0.02275507079152888,16.7,False
78,brace,12.0,0.02517880041227607,16.400000000000002,False
78,brace,13.0,0.027635759987661362,16.1,False
78,brace,14.0,0.030123792660745812,15.8,False
78,brace,15.0,0.032641027020127285,15.5,False
78,brace,16.0,0.0351858226330838,15.200000000000001,False
78,brace,17.0,0.03775672875890146,14.9,False
78,brace,18.0,0.04035245245784757,14.600000000000001,False
78,brace,19.0,0.04297183354981863,14.3,False
78,brace,20.0,0.04561382466544896,14.0,False
78,brace,21.0,0.04827747514929843,13.700000000000001,False
78,brace,22.0,0.05096191792198699,13.4,False
78,brace,23.0,0.05366635864669533,13.100000000000001,False
78,brace,24.0,0.05639006671261125,12.800000000000002,False
78,brace,25.0,0.05913236766714092,12.5,False
78,brace,26.0,0.06189263681514146,12.200000000000001,False
78,brace,27.0,0.0646702937670117,11.9,False
78,brace,28.0,0.06746479776487378,11.6,False
78,brace,29.0,0.07027564365184358,11.3,False
78,brace,30.0,0.07310235837668083,11.000000000000002,False
78,brace,31.0,0.07594449794715544,10.700000000000001,False
78,brace,32.0,0.07880164476185005,10.400000000000002,False
78,brace,33.0,0.08167340526298789,10.1,False
78,brace,34.0,0.08455940786306737,9.8,False
78,brace,35.0,0.08745930110621995,9.5,False
78,brace,36.0,0.09037275203174795,9.200000000000001,False
78,brace,37.0,0.09329944471259279,8.9,False
78,brace,38.0,0.09623907894579685,8.6,False
78,brace,39.0,0.09919136907555541,8.300000000000002,False
78,brace,40.0,0.1021560429323688,8.0,False
78,brace,41.0,0.10513284087421661,7.700000000000002,False
78,brace,42.0,0.10812151491768698,7.4,False
78,brace,43.0,0.11112182794867467,7.1000000000000005,False
78,brace,44.0,0.114133553003675,6.800000000000001,False
78,brace,45.0,0.11715647261389496,6.500000000000001,False
78,brace,46.0,0.12019037820541306,6.200000000000001,False
78,brace,47.0,0.1232350695494815,5.9,False
78,brace,48.0,0.12629035425779847,5.600000000000002,False
78,brace,49.0,0.12935604731820957,5.300000000000001,False
78,brace,50.0,0.1324319706668388,5.000000000000001,False
78,brace,51.0,0.13551795279311799,4.700000000000001,False
78,brace,52.0,0.13861382837458822,4.400000000000001,False
78,brace,53.0,0.14171943793869846,4.100000000000003,False
78,brace,54.0,0.14483462754913284,3.800000000000001,False
78,brace,55.0,0.14795924851446568,3.4999999999999996,False
78,brace,56.0,0.15109315711717658,3.199999999999998,False
78,brace,57.0,0.15423621436126447,2.9000000000000035,False
78,brace,58.0,0.15738828573687907,2.6000000000000014,False
78,brace,59.0,0.1605492410005485,2.3,True
78,brace,60.0,0.16371895396972216,2.0000000000000018,True
78,brace,61.0,0.16689730233047312,1.7000000000000002,True
78,brace,62.0,0.17008416745731453,1.400000000000002,True
78,brace,63.0,0.17327943424418388,1.1000000000000003,True
78,brace,64.0,0.17648299094573622,0.800000000000002,True
78,brace,65.0,0.1796947290281659,0.5000000000000004,True
78,brace,66.0,0.18291454302884702,0.1999999999999988,True
79,brace,0.0,0.0,20.0,False
79,brace,1.0,0.0014975952783021,19.7,False
79,brace,2.0,0.003353975202109938,19.400000000000002,False
79,brace,3.0,0.005375185625267622,19.099999999999998,False
79,brace,4.0,0.007511475109030884,18.8,False
79,brace,5.0,0.009737630877198606,18.5,False
79,brace,6.0,0.012038125089660368,18.2,False
79,brace,7.0,0.014402337362887364,17.9,False
79,brace,8.0,0.016822503123486446,17.6,False
79,brace,9.0,0.019292676015138555,17.3,False
79,brace,10.0,0.021808143336597734,17.0,False
79,brace,11.0,0.02436507021737125,16.7,False
79,brace,12.0,0.026960269984554298,16.400000000000002,False
79,brace,13.0,0.029591049011086383,16.1,False
79,brace,14.0,0.03225509793427741,15.8,False
79,brace,15.0,0.03495041302121518,15.5,False
79,brace,16.0,0.037675237850348535,15.200000000000001,False
79,brace,17.0,0.04042801910529985,14.9,False
79,brace,18.0,0.04320737242873635,14.600000000000001,False
79,brace,19.0,0.04601205561028786,14.3,False
79,brace,20.0,0.04884094722703382,14.0,False
79,brace,21.0,0.05169302940846377,13.700000000000001,False
79,brace,22.0,0.054567373769621196,13.4,False
79,brace,23.0,0.057463129811561674,13.100000000000001,False
79,brace,24.0,0.06037951526723722,12.800000000000002,False
79,brace,25.0,0.06331580799859066,12.5,False
79,brace,26.0,0.06627133914319337,12.200000000000001,False
79,brace,27.0,0.06924548727683631,11.9,False
79,brace,28.0,0.07223767340923128,11.6,False
79,brace,29.0,0.07524735666827448,11.3,False
79,brace,30.0,0.07827403055754656,11.000000000000002,False
79,brace,31.0,0.08131721969425777,10.700000000000001,False
79,brace,32.0,0.08437647695238833,10.400000000000002,False
79,brace,33.0,0.08745138094955392,10.1,False
79,brace,34.0,0.09054153382703838,9.8,False
79,brace,35.0,0.09364655928114679,9.5,False
79,brace,36.0,0.0967661008110346,9.200000000000001,False
79,brace,37.0,0.09989982015383597,8.9,False
79,brace,38.0,0.10304739588253319,8.6,False
79,brace,39.0,0.10620852214579138,8.300000000000002,False
79,brace,40.0,0.1093829075321023,8.0,False
79,brace,41.0,0.11257027404316443,7.700000000000002,False
79,brace,42.0,0.11577035616357831,7.4,False
79,brace,43.0,0.11898290001573676,7.1000000000000005,False
79,brace,44.0,0.12220766259030291,6.800000000000001,False
79,brace,45.0,0.12544441104394655,6.500000000000001,False
79,brace,46.0,0.1286929220570927,6.200000000000001,False
79,brace,47.0,0.13195298124535754,5.9,False
79,brace,48.0,0.1352243826191343,5.600000000000002,False
79,brace,49.0,0.1385069280864669,5.300000000000001,False
79,brace,50.0,0.1418004269949289,5.000000000000001,False
79,brace,51.0,0.145104695708727,4.700000000000001,False
79,brace,52.0,0.14841955721768157,4.400000000000001,False
79,brace,53.0,0.15174484077511327,4.100000000000003,False
79,brace,54.0,0.15508038156199264,3.800000000000001,False
79,brace,55.0,0.15842602037499606,3.4999999999999996,False
79,brace,56.0,0.1617816033363615,3.199999999999998,False
79,brace,57.0,0.1651469816236579,2.9000000000000035,False
79,brace,58.0,0.16852201121777577,2.6000000000000014,False
79,brace,59.0,0.17190655266761604,2.3,True
79,brace,60.0,0.17530047087010678,2.0000000000000018,True
79,brace,61.0,0.17870363486430954,1.7000000000000002,True
79,brace,62.0,0.1821159176384965,1.400000000000002,True
79,brace,63.0,0.18553719594918497,1.1000000000000003,True
79,brace,64.0,0.1889673501512097,0.800000000000002,True
79,brace,65.0,0.19240626403799738,0.5000000000000004,True
79,brace,66.0,0.19585382469128348,0.1999999999999988,True
80,brace,0.0,0.0,20.0,False
80,brace,1.0,0.0013191884945766,19.7,False
80,brace,2.0,0.002954419627758004,19.400000000000002,False
80,brace,3.0,0.004734844973504801,19.099999999999998,False
80,brace,4.0,0.006616639981902834,18.8,False
80,brace,5.0,0.008577595476499845,18.5,False
80,brace,6.0,0.010604033450582556,18.2,False
80,brace,7.0,0.012686598728540867,17.9,False
80,brace,8.0,0.014818451732037148,17.6,False
80,brace,9.0,0.016994354495427202,17.3,False
80,brace,10.0,0.019210155742658285,17.0,False
80,brace,11.0,0.02146247745232572,16.7,False
80,brace,12.0,0.023748512580727636,16.400000000000002,False
80,brace,13.0,0.026065888393365554,16.1,False
80,brace,14.0,0.02841257064262128,15.8,False
80,brace,15.0,0.030786794300914477,15.5,False
80,brace,16.0,0.03318701218976786,15.200000000000001,False
80,brace,17.0,0.035611856039910295,14.9,False
80,brace,18.0,0.038060106412982506,14.600000000000001,False
80,brace,19.0,0.04053066908358336,14.3,False
80,brace,20.0,0.04302255622431995,14.0,False
80,brace,21.0,0.045534871223981976,13.700000000000001,False
80,brace,22.0,0.04806679629647329,13.4,False
80,brace,23.0,0.05061758226312615,13.100000000000001,False
80,brace,24.0,0.053186540048682576,12.800000000000002,False
80,brace,25.0,0.05577303354368998,12.5,False
80,brace,26.0,0.05837647356758167,12.200000000000001,False
80,brace,27.0,0.06099631272667979,11.9,False
80,brace,28.0,0.06363204100606029,11.6,False
80,brace,29.0,0.06628318196795113,11.3,False
80,brace,30.0,0.06894928945507754,11.000000000000002,False
80,brace,31.0,0.0716299447172166,10.700000000000001,False
80,brace,32.0,0.07432475389467628,10.400000000000002,False
80,brace,33.0,0.07703334580455122,10.1,False
80,brace,34.0,0.07975536998522095,9.8,False
80,brace,35.0,0.0824904949622285,9.5,False
80,brace,36.0,0.08523840670484602,9.200000000000001,False
80,brace,37.0,0.08799880724762706,8.9,False
80,brace,38.0,0.09077141345531199,8.6,False
80,brace,39.0,0.09355595591278686,8.300000000000002,False
80,brace,40.0,0.0963521779245419,8.0,False
80,brace,41.0,0.09915983461035337,7.700000000000002,False
80,brace,42.0,0.10197869208580632,7.4,False
80,brace,43.0,0.1048085267178631,7.1000000000000005,False
80,brace,44.0,0.10764912444701474,6.800000000000001,False
80,brace,45.0,0.11050028016867824,6.500000000000001,False
80,brace,46.0,0.11336179716745685,6.200000000000001,False
80,brace,47.0,0.11623348659869176,5.9,False
80,brace,48.0,0.11911516701242782,5.600000000000002,False
80,brace,49.0,0.12200666391550992,5.300000000000001,False
80,brace,50.0,0.12490780936803819,5.000000000000001,False
80,brace,51.0,0.1278184416108512,4.700000000000001,False
80,brace,52.0,0.1307384047210889,4.400000000000001,False
80,brace,53.0,0.13366754829321795,4.100000000000003,False
80,brace,54.0,0.13660572714319114,3.800000000000001,False
80,brace,55.0,0.13955280103366552,3.4999999999999996,False
80,brace,56.0,0.14250863441842315,3.199999999999998,False
80,brace,57.0,0.14547309620433313,2.9000000000000035,False
80,brace,58.0,0.14844605952936413,2.6000000000000014,False
80,brace,59.0,0.151427401555306,2.3,True
80,brace,60.0,0.15441700327399321,2.0000000000000018,True
80,brace,61.0,0.15741474932593938,1.7000000000000002,True
80,brace,62.0,0.16042052783039737,1.400000000000002,True
80,brace,63.0,0.16343423022595233,1.1000000000000003,True
80,brace,64.0,0.16645575112083744,0.800000000000002,True
80,brace,65.0,0.16948498815223684,0.5000000000000004,True
80,brace,66.0,0.17252184185390546,0.1999999999999988,True
81,brace,0.0,0.0,20.0,False
81,brace,1.0,0.0012920517229098,19.7,False
81,brace,2.0,0.002893596055536176,19.400000000000002,False
81,brace,3.0,0.004637321494376117,19.099999999999998,False
81,brace,4.0,0.006480311882374263,18.8,False
81,brace,5.0,0.00840081860265291,18.5,False
81,brace,6.0,0.010385447382988881,18.2,False
81,brace,7.0,0.012425037157110694,17.9,False
81,brace,8.0,0.014512890288364593,17.6,False
81,brace,9.0,0.016643877532837765,17.3,False
81,brace,10.0,0.018813933792965042,17.0,False
81,brace,11.0,0.02101975118251614,16.7,False
81,brace,12.0,0.02325858094497743,16.400000000000002,False
81,brace,13.0,0.02552809961996511,16.1,False
81,brace,14.0,0.027826315208757207,15.8,False
81,brace,15.0,0.030151499344548104,15.5,False
81,brace,16.0,0.032502136987415914,15.200000000000001,False
81,brace,17.0,0.03487688829246209,14.9,False
81,brace,18.0,0.03727455915571633,14.600000000000001,False
81,brace,19.0,0.039694078086349484,14.3,False
81,brace,20.0,0.042134477782235766,14.0,False
81,brace,21.0,0.044594880263252284,13.700000000000001,False
81,brace,22.0,0.04707448473742463,13.4,False
81,brace,23.0,0.0495725575953522,13.100000000000001,False
81,brace,24.0,0.05208842408273614,12.800000000000002,False
81,brace,25.0,0.054621461310961815,12.5,False
81,brace,26.0,0.057171092345520924,12.200000000000001,False
81,brace,27.0,0.05973678117078025,11.9,False
81,brace,28.0,0.06231802837337901,11.6,False
81,brace,29.0,0.0649143674195689,11.3,False
81,brace,30.0,0.06752536142701833,11.000000000000002,False
81,brace,31.0,0.07015060035104036,10.700000000000001,False
81,brace,32.0,0.07278969852033451,10.400000000000002,False
81,brace,33.0,0.07544229246921937,10.1,False
81,brace,34.0,0.07810803902274545,9.8,False
81,brace,35.0,0.08078661359859206,9.5,False
81,brace,36.0,0.08347770869569152,9.200000000000001,False
81,brace,37.0,0.08618103254441406,8.9,False
81,brace,38.0,0.0888963078971292,8.6,False
81,brace,39.0,0.09162327094122331,8.300000000000002,False
81,brace,40.0,0.09436167031934331,8.0,False
81,brace,41.0,0.0971112662438648,7.700000000000002,False
81,brace,42.0,0.09987182969443964,7.4,False
81,brace,43.0,0.10264314168903019,7.1000000000000005,False
81,brace,44.0,0.10542499262014385,6.800000000000001,False
81,brace,45.0,0.1082171816490829,6.500000000000001,False
81,brace,46.0,0.11101951615195904,6.200000000000001,False
81,brace,47.0,0.11383181121201756,5.9,False
81,brace,48.0,0.11665388915349406,5.600000000000002,False
81,brace,49.0,0.11948557911281,5.300000000000001,False
81,brace,50.0,0.12232671664341323,5.000000000000001,False
81,brace,51.0,0.12517714335100205,4.700000000000001,False
81,brace,52.0,0.12803670655624574,4.400000000000001,False
81,brace,53.0,0.13090525898243818,4.100000000000003,False
81,brace,54.0,0.13378265846580556,3.800000000000001,False
81,brace,55.0,0.13666876768643466,3.4999999999999996,False
81,brace,56.0,0.13956345391800515,3.199999999999998,False
81,brace,57.0,0.14246658879469873,2.9000000000000035,False
81,brace,58.0,0.14537804809382518,2.6000000000000014,True
81,brace,59.0,0.148297711532852,2.3,True
81,brace,60.0,0.1512254625796551,2.0000000000000018,True
81,brace,61.0,0.15416118827492312,1.7000000000000002,True
81,brace,62.0,0.15710477906574946,1.400000000000002,True
81,brace,63.0,0.16005612864953872,1.1000000000000003,True
81,brace,64.0,0.16301513382743374,0.800000000000002,True
81,brace,65.0,0.1659816943665429,0.5000000000000004,True
81,brace,66.0,0.1689557128703117,0.1999999999999988,True
82,brace,0.0,0.0,20.0,False
82,brace,1.0,0.0011824516091056,19.7,False
82,brace,2.0,0.002648120021616025,19.400000000000002,False
82,brace,3.0,0.004243896589805221,19.099999999999998,False
82,brace,4.0,0.005930508779287722,18.8,False
82,brace,5.0,0.007688054548577037,18.5,False
82,brace,6.0,0.009504276912973883,18.2,False
82,brace,7.0,0.011370792680406186,17.9,False
82,brace,8.0,0.013281472929518338,17.6,False
82,brace,9.0,0.015231623963524007,17.3,False
82,brace,10.0,0.01721752587639705,17.0,False
82,brace,11.0,0.019236151678359355,16.7,False
82,brace,12.0,0.02128498603276152,16.400000000000002,False
82,brace,13.0,0.023361902786050007,16.1,False
82,brace,14.0,0.02546507910070377,15.8,False
82,brace,15.0,0.027592933384920262,15.5,False
82,brace,16.0,0.02974407925903357,15.200000000000001,False
82,brace,17.0,0.03191729066149982,14.9,False
82,brace,18.0,0.03411147489582568,14.600000000000001,False
82,brace,19.0,0.03632565146663814,14.3,False
82,brace,20.0,0.03855893521973904,14.0,False
82,brace,21.0,0.040810522737804805,13.700000000000001,False
82,brace,22.0,0.04307968123688086,13.4,False
82,brace,23.0,0.04536573941043823,13.100000000000001,False
82,brace,24.0,0.04766807980903976,12.800000000000002,False
82,brace,25.0,0.04998613244444198,12.5,False
82,brace,26.0,0.05231936938001264,12.200000000000001,False
82,brace,27.0,0.05466730012308025,11.9,False
82,brace,28.0,0.057029467674889964,11.6,False
82,brace,29.0,0.059405445124066945,11.3,False
82,brace,30.0,0.06179483269255634,11.000000000000002,False
82,brace,31.0,0.06419725516079522,10.700000000000001,False
82,brace,32.0,0.06661235961271922,10.400000000000002,False
82,brace,33.0,0.06903981345208235,10.1,False
82,brace,34.0,0.07147930265018365,9.8,False
82,brace,35.0,0.07393053019196845,9.5,False
82,brace,36.0,0.07639321469300081,9.200000000000001,False
82,brace,37.0,0.07886708916427697,8.9,False
82,brace,38.0,0.08135189990549474,8.6,False
82,brace,39.0,0.08384740551038009,8.300000000000002,False
82,brace,40.0,0.08635337597013437,8.0,False
82,brace,41.0,0.08886959186310445,7.700000000000002,False
82,brace,42.0,0.09139584362047708,7.4,False
82,brace,43.0,0.09393193085921953,7.1000000000000005,False
82,brace,44.0,0.09647766177468355,6.800000000000001,False
82,brace,45.0,0.09903285258629799,6.500000000000001,False
82,brace,46.0,0.10159732703063026,6.200000000000001,False
82,brace,47.0,0.1041709158968245,5.9,False
82,brace,48.0,0.10675345660004558,5.600000000000002,False
82,brace,49.0,0.10934479278909083,5.300000000000001,False
82,brace,50.0,0.1119447739847896,5.000000000000001,False
82,brace,51.0,0.11455325524620624,4.700000000000001,False
82,brace,52.0,0.11717009686200415,4.400000000000001,False
82,brace,53.0,0.11979516406462593,4.100000000000003,False
82,brace,54.0,0.1224283267652034,3.800000000000001,False
82,brace,55.0,0.12506945930733737,3.4999999999999996,False
82,brace,56.0,0.12771844023808412,3.199999999999998,False
82,brace,57.0,0.13037515209466044,2.9000000000000035,False
82,brace,58.0,0.13303948120553044,2.6000000000000014,False
82,brace,59.0,0.13571131750467302,2.3,True
82,brace,60.0,0.1383905543579474,2.0000000000000018,True
82,brace,61.0,0.14107708840058028,1.7000000000000002,True
82,brace,62.0,0.1437708193848906,1.400000000000002,True
82,brace,63.0,0.14647165003745266,1.1000000000000003,True
82,brace,64.0,0.14917948592497118,0.800000000000002,True
82,brace,65.0,0.15189423532820973,0.5000000000000004,True
82,brace,66.0,0.15461580912337125,0.1999999999999988,True
83,brace,0.0,0.0,20.0,False
83,brace,1.0,0.001233632371803,19.7,False
83,brace,2.0,0.002762763858572341,19.400000000000002,False
83,brace,3.0,0.004427647833364768,19.099999999999998,False
83,brace,4.0,0.00618730856347245,18.8,False
83,brace,5.0,0.008020980780554481,18.5,False
83,brace,6.0,0.009915875825006104,18.2,False
83,brace,7.0,0.011863246841709373,17.9,False
83,brace,8.0,0.013856699022913288,17.6,False
83,brace,9.0,0.015891335039828473,17.3,False
83,brace,10.0,0.01796327359538361,17.0,False
83,brace,11.0,0.020069356367065014,16.7,False
83,brace,12.0,0.022206958881420175,16.400000000000002,False
83,brace,13.0,0.02437386273166272,16.1,False
83,brace,14.0,0.026568165985863944,15.8,False
83,brace,15.0,0.028788218424081507,15.5,False
83,brace,16.0,0.031032573507833436,15.200000000000001,False
83,brace,17.0,0.03329995197234284,14.9,False
83,brace,18.0,0.03558921370418888,14.600000000000001,False
83,brace,19.0,0.037899335659226284,14.3,False
83,brace,20.0,0.0402293942711953,14.0,False
83,brace,21.0,0.04257855125720866,13.700000000000001,False
83,brace,22.0,0.04494604203252076,13.4,False
83,brace,23.0,0.04733116615734785,13.100000000000001,False
83,brace,24.0,0.04973327938591675,12.800000000000002,False
83,brace,25.0,0.052151786993068855,12.5,False
83,brace,26.0,0.05458613812997001,12.200000000000001,False
83,brace,27.0,0.05703582101654367,11.9,False
83,brace,28.0,0.059500358820040324,11.6,False
83,brace,29.0,0.06197930610069492,11.3,False
83,brace,30.0,0.06447224572949178,11.000000000000002,False
83,brace,31.0,0.06697878620161507,10.700000000000001,False
83,brace,32.0,0.0694985592836104,10.400000000000002,False
83,brace,33.0,0.0720312179436314,10.1,False
83,brace,34.0,0.07457643452313288,9.8,False
83,brace,35.0,0.07713389911554616,9.5,False
83,brace,36.0,0.07970331812323914,9.200000000000001,False
83,brace,37.0,0.082284412968732,8.9,False
83,brace,38.0,0.08487691893994256,8.6,False
83,brace,39.0,0.087480584152351,8.300000000000002,False
83,brace,40.0,0.09009516861354243,8.0,False
83,brace,41.0,0.09272044337771376,7.700000000000002,False
83,brace,42.0,0.09535618977950361,7.4,False
83,brace,43.0,0.09800219873798616,7.1000000000000005,False
83,brace,44.0,0.10065827012291742,6.800000000000001,False
83,brace,45.0,0.1033242121763736,6.500000000000001,False
83,brace,46.0,0.10599984098381371,6.200000000000001,False
83,brace,47.0,0.10868497998935789,5.9,False
83,brace,48.0,0.11137945955072047,5.600000000000002,False
83,brace,49.0,0.1140831165297937,5.300000000000001,False
83,brace,50.0,0.11679579391535495,5.000000000000001,False
83,brace,51.0,0.1195173404747841,4.700000000000001,False
83,brace,52.0,0.12224761043203358,4.400000000000001,False
83,brace,53.0,0.12498646316940482,4.100000000000003,False
83,brace,54.0,0.12773376295095407,3.800000000000001,False
83,brace,55.0,0.13048937866558644,3.4999999999999996,False
83,brace,56.0,0.1332531835881041,3.199999999999998,False
83,brace,57.0,0.1360250551566543,2.9000000000000035,False
83,brace,58.0,0.13880487476518386,2.6000000000000014,False
83,brace,59.0,0.14159252756964594,2.3,True
83,brace,60.0,0.14438790230683024,2.0000000000000018,True
83,brace,61.0,0.14719089112479694,1.7000000000000002,True
83,brace,62.0,0.15000138942399302,1.400000000000002,True
83,brace,63.0,0.1528192957082161,1.1000000000000003,True
83,brace,64.0,0.1556445114446689,0.800000000000002,True
83,brace,65.0,0.15847694093241563,0.5000000000000004,True
83,brace,66.0,0.16131649117861482,0.1999999999999988,True
84,brace,0.0,0.0,20.0,False
84,brace,1.0,0.0012235072557277,19.7,False
84,brace,2.0,0.002740152909506652,19.400000000000002,False
84,brace,3.0,0.004391471750636125,19.099999999999998,False
84,brace,4.0,0.006136815235322824,18.8,False
84,brace,5.0,0.007955583627831532,18.5,False
84,brace,6.0,0.009835090097087206,18.2,False
84,brace,7.0,0.011766657371732521,17.9,False
84,brace,8.0,0.01374394147926251,17.6,False
84,brace,9.0,0.015762083997748786,17.3,False
84,brace,10.0,0.017817234448405824,17.0,False
84,brace,11.0,0.019906259574410178,16.7,False
84,brace,12.0,0.022026555722192948,16.400000000000002,False
84,brace,13.0,0.024175922076656666,16.1,False
84,brace,14.0,0.02635247178255928,15.8,False
84,brace,15.0,0.028554567696998472,15.5,False
84,brace,16.0,0.030780774740964776,15.200000000000001,False
84,brace,17.0,0.03302982378111775,14.9,False
84,brace,18.0,0.0353005837310146,14.600000000000001,False
84,brace,19.0,0.03759203964453893,14.3,False
84,brace,20.0,0.03990327526429237,14.0,False
84,brace,21.0,0.04223345893984453,13.700000000000001,False
84,brace,22.0,0.04458183213451602,13.4,False
84,brace,23.0,0.04694769994805694,13.100000000000001,False
84,brace,24.0,0.04933042322881824,12.800000000000002,False
84,brace,25.0,0.05172941195332563,12.5,False
84,brace,26.0,0.054144119626782415,12.200000000000001,False
84,brace,27.0,0.056574038513648686,11.9,False
84,brace,28.0,0.05901869554890694,11.6,False
84,brace,29.0,0.061477648811912186,11.3,False
84,brace,30.0,0.06395048446860108,11.000000000000002,False
84,brace,31.0,0.06643681410624512,10.700000000000001,False
84,brace,32.0,0.06893627239926628,10.400000000000002,False
84,brace,33.0,0.07144851505589078,10.1,False
84,brace,34.0,0.07397321700433354,9.8,False
84,brace,35.0,0.07651007078432247,9.5,False
84,brace,36.0,0.07905878511549304,9.200000000000001,False
84,brace,37.0,0.0816190836188152,8.9,False
84,brace,38.0,0.08419070367098654,8.6,False
84,brace,39.0,0.08677339537481778,8.300000000000002,False
84,brace,40.0,0.08936692063118433,8.0,False
84,brace,41.0,0.09197105230022894,7.700000000000002,False
84,brace,42.0,0.09458557344125823,7.4,False
84,brace,43.0,0.09721027662224742,7.1000000000000005,False
84,brace,44.0,0.09984496329110368,6.800000000000001,False
84,brace,45.0,0.10248944320188282,6.500000000000001,False
84,brace,46.0,0.10514353389003855,6.200000000000001,False
84,brace,47.0,0.10780706019153705,5.9,False
84,brace,48.0,0.11047985380131203,5.600000000000002,False
84,brace,49.0,0.11316175286708821,5.300000000000001,False
84,brace,50.0,0.11585260161507373,5.000000000000001,False
84,brace,51.0,0.11855225000443285,4.700000000000001,False
84,brace,52.0,0.12126055340780362,4.400000000000001,False
84,brace,53.0,0.12397737231543325,4.100000000000003,False
84,brace,54.0,0.12670257206077157,3.800000000000001,False
84,brace,55.0,0.12943602256559705,3.4999999999999996,False
84,brace,56.0,0.1321775981029544,3.199999999999998,False
84,brace,57.0,0.13492717707636273,2.9000000000000035,False
84,brace,58.0,0.13768464181391077,2.6000000000000014,False
84,brace,59.0,0.14044987837599615,2.3,False
84,brace,60.0,0.14322277637558753,2.0000000000000018,True
84,brace,61.0,0.14600322880999925,1.7000000000000002,True
84,brace,62.0,0.14879113190326343,1.400000000000002,True
84,brace,63.0,0.1515863849582719,1.1000000000000003,True
84,brace,64.0,0.15438889021793645,0.800000000000002,True
84,brace,65.0,0.15719855273468508,0.5000000000000004,True
84,brace,66.0,0.16001528024767273,0.1999999999999988,True
85,brace,0.0,0.0,20.0,False
85,brace,1.0,0.00074688359646,19.7,False
85,brace,2.0,0.001672711329735186,19.400000000000002,False
85,brace,3.0,0.0026807492467919897,19.099999999999998,False
85,brace,4.0,0.003746183750568288,18.8,False
85,brace,5.0,0.004856439890551245,18.5,False
85,brace,6.0,0.006003773089329293,18.2,False
85,brace,7.0,0.007182886374692169,17.9,False
85,brace,8.0,0.008389907118787582,17.6,False
85,brace,9.0,0.009621869536614858,17.3,False
85,brace,10.0,0.010876423134214637,17.0,False
85,brace,11.0,0.012151655240157861,16.7,False
85,brace,12.0,0.013445976475155007,16.400000000000002,False
85,brace,13.0,0.014758043369477988,16.1,False
85,brace,14.0,0.01608670410770168,15.8,False
85,brace,15.0,0.017430959309310604,15.5,False
85,brace,16.0,0.018789932942078584,15.200000000000001,False
85,brace,17.0,0.020162850273983488,14.9,False
85,brace,18.0,0.021549020842622668,14.600000000000001,False
85,brace,19.0,0.022947825082520013,14.3,False
85,brace,20.0,0.02435870367193029,14.0,False
85,brace,21.0,0.02578114893674696,13.700000000000001,False
85,brace,22.0,0.027214697834559536,13.4,False
85,brace,23.0,0.02865892616929852,13.100000000000001,False
85,brace,24.0,0.03011344377617363,12.800000000000002,False
85,brace,25.0,0.03157789048028785,12.5,False
85,brace,26.0,0.03305193267846946,12.200000000000001,False
85,brace,27.0,0.03453526042781752,11.9,False
85,brace,28.0,0.036027584949767016,11.6,False
85,brace,29.0,0.03752863647757918,11.3,False
85,brace,30.0,0.03903816238973778,11.000000000000002,False
85,brace,31.0,0.0405559255829709,10.700000000000001,False
85,brace,32.0,0.042081703047367046,10.400000000000002,False
85,brace,33.0,0.04361528461292661,10.1,False
85,brace,34.0,0.045156471842332985,9.8,False
85,brace,35.0,0.04670507704907169,9.5,False
85,brace,36.0,0.04826092242351856,9.200000000000001,False
85,brace,37.0,0.0498238392524452,8.9,False
85,brace,38.0,0.05139366721969272,8.6,False
85,brace,39.0,0.05297025377765201,8.300000000000002,False
85,brace,40.0,0.054553453580744184,8.0,False
85,brace,41.0,0.05614312797338359,7.700000000000002,False
85,brace,42.0,0.05773914452597896,7.4,False
85,brace,43.0,0.05934137661342622,7.1000000000000005,False
85,brace,44.0,0.060949703031301414,6.800000000000001,False
85,brace,45.0,0.0625640076455994,6.500000000000001,False
85,brace,46.0,0.0641841790724041,6.200000000000001,False
85,brace,47.0,0.06581011038433596,5.9,False
85,brace,48.0,0.06744169884101454,5.600000000000002,False
85,brace,49.0,0.06907884564111133,5.300000000000001,False
85,brace,50.0,0.07072145569385686,5.000000000000001,False
85,brace,51.0,0.07236943740811648,4.700000000000001,False
85,brace,52.0,0.07402270249736488,4.400000000000001,False
85,brace,53.0,0.07568116579907806,4.100000000000003,False
85,brace,54.0,0.0773447451072242,3.800000000000001,False
85,brace,55.0,0.07901336101667784,3.4999999999999996,False
85,brace,56.0,0.08068693677850729,3.199999999999998,False
85,brace,57.0,0.08236539816519382,2.9000000000000035,False
85,brace,58.0,0.08404867334493914,2.6000000000000014,True
85,brace,59.0,0.08573669276430111,2.3,True
85,brace,60.0,0.0874293890384746,2.0000000000000018,True
85,brace,61.0,0.08912669684859942,1.7000000000000002,True
85,brace,62.0,0.09082855284553788,1.400000000000002,True
85,brace,63.0,0.09253489555961605,1.1000000000000003,True
85,brace,64.0,0.09424566531587013,0.800000000000002,True
85,brace,65.0,0.09596080415438156,0.5000000000000004,True
85,brace,66.0,0.0976802557553214,0.1999999999999988,True
87,brace,0.0,0.0,20.0,False
87,brace,1.0,0.0007114049950205,19.7,False
87,brace,2.0,0.00159328241298534,19.400000000000002,False
87,brace,3.0,0.0025534802578965287,19.099999999999998,False
87,brace,4.0,0.0035683596057056594,18.8,False
87,brace,5.0,0.00462594068044739,18.5,False
87,brace,6.0,0.005718845404922373,18.2,False
87,brace,7.0,0.006842027450486509,17.9,False
87,brace,8.0,0.007991797418872914,17.6,False
87,brace,9.0,0.009165329837583489,17.3,False
87,brace,10.0,0.010360385408114651,17.0,False
87,brace,11.0,0.01157514193699162,16.7,False
87,brace,12.0,0.012808085225747223,16.400000000000002,False
87,brace,13.0,0.01405793535042429,16.1,False
87,brace,14.0,0.015323594973786974,15.8,False
87,brace,15.0,0.01660411198178677,15.5,False
87,brace,16.0,0.01789865177326303,15.200000000000001,False
87,brace,17.0,0.01920647625508957,14.9,False
87,brace,18.0,0.020526927617384463,14.600000000000001,False
87,brace,19.0,0.021859415593519144,14.3,False
87,brace,20.0,0.023203407310941566,14.0,False
87,brace,21.0,0.02455841910176632,13.700000000000001,False
87,brace,22.0,0.025924009818747998,13.4,False
87,brace,23.0,0.027299775323617336,13.100000000000001,False
87,brace,24.0,0.02868534389980263,12.800000000000002,False
87,brace,25.0,0.030080372402222746,12.5,False
87,brace,26.0,0.03148454300081277,12.200000000000001,False
87,brace,27.0,0.03289756040679056,11.9,False
87,brace,28.0,0.03431914949478503,11.6,False
87,brace,29.0,0.03574905325214281,11.3,False
87,brace,30.0,0.03718703100061547,11.000000000000002,False
87,brace,31.0,0.03863285684633646,10.700000000000001,False
87,brace,32.0,0.04008631832233212,10.400000000000002,False
87,brace,33.0,0.04154721519435855,10.1,False
87,brace,34.0,0.04301535840604118,9.8,False
87,brace,35.0,0.04449056914343317,9.5,False
87,brace,36.0,0.04597267800243559,9.200000000000001,False
87,brace,37.0,0.04746152424521619,8.9,False
87,brace,38.0,0.04895695513395704,8.6,False
87,brace,39.0,0.05045882533205961,8.300000000000002,False
87,brace,40.0,0.05196699636441734,8.0,False
87,brace,41.0,0.05348133612959407,7.700000000000002,False
87,brace,42.0,0.05500171845776817,7.4,False
87,brace,43.0,0.05652802270915882,7.1000000000000005,False
87,brace,44.0,0.058060133408369206,6.800000000000001,False
87,brace,45.0,0.05959793991068895,6.500000000000001,False
87,brace,46.0,0.06114133609691238,6.200000000000001,False
87,brace,47.0,0.06269022009366768,5.9,False
87,brace,48.0,0.06424449401662528,5.600000000000002,False
87,brace,49.0,0.0658040637342755,5.300000000000001,False
87,brace,50.0,0.06736883865024032,5.000000000000001,False
87,brace,51.0,0.06893873150232298,4.700000000000001,False
87,brace,52.0,0.07051365817670445,4.400000000000001,False
87,brace,53.0,0.07209353753587555,4.100000000000003,False
87,brace,54.0,0.07367829125904837,3.800000000000001,False
87,brace,55.0,0.0752678436939273,3.4999999999999996,False
87,brace,56.0,0.076862121718839,3.199999999999998,False
87,brace,57.0,0.07846105461432444,2.9000000000000035,True
87,brace,58.0,0.08006457394338959,2.6000000000000014,True
87,brace,59.0,0.08167261343969032,2.3,True
87,brace,60.0,0.08328510890300106,2.0000000000000018,True
87,brace,61.0,0.08490199810137819,1.7000000000000002,True
87,brace,62.0,0.08652322067948713,1.400000000000002,True
87,brace,63.0,0.088148718072611,1.1000000000000003,True
87,brace,64.0,0.08977843342590436,0.800000000000002,True
87,brace,65.0,0.09141231151849476,0.5000000000000004,True
87,brace,66.0,0.09305029869207097,0.1999999999999988,True
89,brace,0.0,0.0,20.0,False
89,brace,1.0,0.0007861199016584,19.7,False
89,brace,2.0,0.001760696788126384,19.400000000000002,False
89,brace,3.0,0.0028218633023849005,19.099999999999998,False
89,brace,4.0,0.003943486449304599,18.8,False
89,brace,5.0,0.0051123221567072,18.5,False
89,brace,6.0,0.006320213548288706,18.2,False
89,brace,7.0,0.0075615815480521344,17.9,False
89,brace,8.0,0.00883234721657976,17.6,False
89,brace,9.0,0.010129386726564283,17.3,False
89,brace,10.0,0.01145022430063488,17.0,False
89,brace,11.0,0.012792845299352472,16.7,False
89,brace,12.0,0.014155575595108551,16.400000000000002,False
89,brace,13.0,0.015537000070194573,16.1,False
89,brace,14.0,0.016935905472847866,15.8,False
89,brace,15.0,0.018351239109387234,15.5,False
89,brace,16.0,0.01978207820847989,15.200000000000001,False
89,brace,17.0,0.021227606698650352,14.9,False
89,brace,18.0,0.022687097270438612,14.600000000000001,False
89,brace,19.0,0.024159897291231837,14.3,False
89,brace,20.0,0.025645417584422098,14.0,False
89,brace,21.0,0.027143123375231913,13.700000000000001,False
89,brace,22.0,0.028652526900858573,13.4,False
89,brace,23.0,0.03017318131676176,13.100000000000001,False
89,brace,24.0,0.031704675624938145,12.800000000000002,False
89,brace,25.0,0.033246630417094324,12.5,False
89,brace,26.0,0.03479869427424599,12.200000000000001,False
89,brace,27.0,0.03636054070003335,11.9,False
89,brace,28.0,0.03793186549170054,11.6,False
89,brace,29.0,0.039512384472804044,11.3,False
89,brace,30.0,0.041101831527066174,11.000000000000002,False
89,brace,31.0,0.042699956884627153,10.700000000000001,False
89,brace,32.0,0.04430652562116483,10.400000000000002,False
89,brace,33.0,0.045921316337589224,10.1,False
89,brace,34.0,0.047544119993752375,9.8,False
89,brace,35.0,0.04917473887418938,9.5,False
89,brace,36.0,0.05081298566758564,9.200000000000001,False
89,brace,37.0,0.05245868264464259,8.9,False
89,brace,38.0,0.054111660921440145,8.6,False
89,brace,39.0,0.055771759797381804,8.300000000000002,False
89,brace,40.0,0.05743882615844648,8.0,False
89,brace,41.0,0.059112713937828604,7.700000000000002,False
89,brace,42.0,0.060793283627178764,7.4,False
89,brace,43.0,0.06248040183260229,7.1000000000000005,False
89,brace,44.0,0.06417394087036905,6.800000000000001,False
89,brace,45.0,0.06587377839795854,6.500000000000001,False
89,brace,46.0,0.0675797970766331,6.200000000000001,False
89,brace,47.0,0.06929188426221702,5.9,False
89,brace,48.0,0.07100993172117202,5.600000000000002,False
89,brace,49.0,0.07273383536941468,5.300000000000001,False
89,brace,50.0,0.0744634950316264,5.000000000000001,False
89,brace,51.0,0.07619881421906914,4.700000000000001,False
89,brace,52.0,0.07793969992414859,4.400000000000001,False
89,brace,53.0,0.0796860624301639,4.100000000000003,False
89,brace,54.0,0.08143781513485526,3.800000000000001,False
89,brace,55.0,0.08319487438651128,3.4999999999999996,False
89,brace,56.0,0.08495715933152971,3.199999999999998,False
89,brace,57.0,0.08672459177244007,2.9000000000000035,False
89,brace,58.0,0.08849709603549955,2.6000000000000014,False
89,brace,59.0,0.09027459884706167,2.3,True
89,brace,60.0,0.09205702921799813,2.0000000000000018,True
89,brace,61.0,0.09384431833552291,1.7000000000000002,True
89,brace,62.0,0.09563639946183106,1.400000000000002,True
89,brace,63.0,0.09743320783901982,1.1000000000000003,True
89,brace,64.0,0.09923468059980856,0.800000000000002,True
89,brace,65.0,0.10104075668361918,0.5000000000000004,True
89,brace,66.0,0.10285137675761707,0.1999999999999988,True
91,brace,0.0,0.0,20.0,False
91,brace,1.0,0.0006756328214905,19.7,False
91,brace,2.0,0.0015132167097703978,19.400000000000002,False
91,brace,3.0,0.002425210133840721,19.099999999999998,False
91,brace,4.0,0.003389155674345145,18.8,False
91,brace,5.0,0.004393672103199263,18.5,False
91,brace,6.0,0.005431749883222457,18.2,False
91,brace,7.0,0.006498594704507059,17.9,False
91,brace,8.0,0.00759070139179783,17.6,False
91,brace,9.0,0.008705385538121654,17.3,False
91,brace,10.0,0.009840519631870277,17.0,False
91,brace,11.0,0.010994372434936912,16.7,False
91,brace,12.0,0.012165505323517206,16.400000000000002,False
91,brace,13.0,0.013352702250123784,16.1,False
91,brace,14.0,0.014554920637501585,15.8,False
91,brace,15.0,0.015771255881182725,15.5,False
91,brace,16.0,0.01700091502305354,15.200000000000001,False
91,brace,17.0,0.01824319679542415,14.9,False
91,brace,18.0,0.019497476206407894,14.600000000000001,False
91,brace,19.0,0.02076319243605285,14.3,False
91,brace,20.0,0.022039839193897313,14.0,False
91,brace,21.0,0.02332695693842306,13.700000000000001,False
91,brace,22.0,0.024624126526718058,13.4,False
91,brace,23.0,0.025930963977960804,13.100000000000001,False
91,brace,24.0,0.027247116115133568,12.800000000000002,False
91,brace,25.0,0.028572256907005326,12.5,False
91,brace,26.0,0.029906084374203556,12.200000000000001,False
91,brace,27.0,0.031248317953925745,11.9,False
91,brace,28.0,0.032598696240749604,11.6,False
91,brace,29.0,0.03395697503828824,11.3,False
91,brace,30.0,0.03532292566962857,11.000000000000002,False
91,brace,31.0,0.036696333504663496,10.700000000000001,False
91,brace,32.0,0.038076996670347425,10.400000000000002,False
91,brace,33.0,0.03946472491612516,10.1,False
91,brace,34.0,0.04085933861171036,9.8,False
91,brace,35.0,0.042260667858322214,9.5,False
91,brace,36.0,0.0436685516976502,9.200000000000001,False
91,brace,37.0,0.04508283740537524,8.9,False
91,brace,38.0,0.04650337985816056,8.6,False
91,brace,39.0,0.0479300409647333,8.300000000000002,False
91,brace,40.0,0.049362689153085934,8.0,False
91,brace,41.0,0.05080119890699294,7.700000000000002,False
91,brace,42.0,0.05224545034600961,7.4,False
91,brace,43.0,0.05369532884393267,7.1000000000000005,False
91,brace,44.0,0.05515072468138555,6.800000000000001,False
91,brace,45.0,0.05661153272876816,6.500000000000001,False
91,brace,46.0,0.05807765215629965,6.200000000000001,False
91,brace,47.0,0.059548986168298866,5.9,False
91,brace,48.0,0.06102544175920285,5.600000000000002,False
91,brace,49.0,0.06250692948912787,5.300000000000001,False
91,brace,50.0,0.06399336327704006,5.000000000000001,False
91,brace,51.0,0.06548466020982865,4.700000000000001,False
91,brace,52.0,0.06698074036577059,4.400000000000001,False
91,brace,53.0,0.06848152665104508,4.100000000000003,False
91,brace,54.0,0.0699869446481052,3.800000000000001,False
91,brace,55.0,0.07149692247484232,3.4999999999999996,False
91,brace,56.0,0.0730113906535924,3.199999999999998,False
91,brace,57.0,0.0745302819891328,2.9000000000000035,False
91,brace,58.0,0.07605353145490515,2.6000000000000014,False
91,brace,59.0,0.07758107608677732,2.3,False
91,brace,60.0,0.0791128548837251,2.0000000000000018,True
91,brace,61.0,0.08064880871487526,1.7000000000000002,True
91,brace,62.0,0.08218888023240431,1.400000000000002,True
91,brace,63.0,0.08373301378983584,1.1000000000000003,True
91,brace,64.0,0.085281155365321,0.800000000000002,True
91,brace,65.0,0.08683325248952521,0.5000000000000004,True
91,brace,66.0,0.08838925417777747,0.1999999999999988,True
93,brace,0.0,0.0,20.0,False
93,brace,1.0,0.0012860630320367,19.7,False
93,brace,2.0,0.002880176418045375,19.400000000000002,False
93,brace,3.0,0.0046158077117470124,19.099999999999998,False
93,brace,4.0,0.006450240767691987,18.8,False
93,brace,5.0,0.00836182836207008,18.5,False
93,brace,6.0,0.010337238681491277,18.2,False
93,brace,7.0,0.012367353386121271,17.9,False
93,brace,8.0,0.014445506080989044,17.6,False
93,brace,9.0,0.01656659145087315,17.3,False
93,brace,10.0,0.01872656336450076,17.0,False
93,brace,11.0,0.02092212937049917,16.7,False
93,brace,12.0,0.023150553539344736,16.400000000000002,False
93,brace,13.0,0.025409523253836712,16.1,False
93,brace,14.0,0.027697055812209694,15.8,False
93,brace,15.0,0.0300114309147225,15.5,False
93,brace,16.0,0.032351140593246154,15.200000000000001,False
93,brace,17.0,0.03471485125725949,14.9,False
93,brace,18.0,0.03710137437714277,14.600000000000001,False
93,brace,19.0,0.03950964346427582,14.3,False
93,brace,20.0,0.041938695732549755,14.0,False
93,brace,21.0,0.0443876573010226,13.700000000000001,False
93,brace,22.0,0.046855731116674106,13.4,False
93,brace,23.0,0.04934218699551302,13.100000000000001,False
93,brace,24.0,0.05184635333395917,12.800000000000002,False
93,brace,25.0,0.054367610152038275,12.5,False
93,brace,26.0,0.05690538320938819,12.200000000000001,False
93,brace,27.0,0.05945913899352351,11.9,False
93,brace,28.0,0.0620283804233761,11.6,False
93,brace,29.0,0.06461264314400723,11.3,False
93,brace,30.0,0.06721149231347708,11.000000000000002,False
93,brace,31.0,0.06982451980220401,10.700000000000001,False
93,brace,32.0,0.07245134174020723,10.400000000000002,False
93,brace,33.0,0.07509159635945659,10.1,False
93,brace,34.0,0.07774494208792279,9.8,False
93,brace,35.0,0.08041105585939991,9.5,False
93,brace,36.0,0.08308963160918395,9.200000000000001,False
93,brace,37.0,0.08578037893055819,8.9,False
93,brace,38.0,0.08848302187099992,8.6,False
93,brace,39.0,0.09119729785027178,8.300000000000002,False
93,brace,40.0,0.09392295668523894,8.0,False
93,brace,41.0,0.09665975970847093,7.700000000000002,False
93,brace,42.0,0.0994074789695352,7.4,False
93,brace,43.0,0.10216589650943429,7.1000000000000005,False
93,brace,44.0,0.10493480369993914,6.800000000000001,False
93,brace,45.0,0.10771400064066668,6.500000000000001,False
93,brace,46.0,0.11050329560768085,6.200000000000001,False
93,brace,47.0,0.11330250454818674,5.9,False
93,brace,48.0,0.11611145061656367,5.600000000000002,False
93,brace,49.0,0.11892996374756266,5.300000000000001,False
93,brace,50.0,0.12175788026299202,5.000000000000001,False
93,brace,51.0,0.12459504250864448,4.700000000000001,False
93,brace,52.0,0.12744129851859237,4.400000000000001,False
93,brace,53.0,0.13029650170429977,4.100000000000003,False
93,brace,54.0,0.13316051056628275,3.800000000000001,False
93,brace,55.0,0.13603318842629405,3.4999999999999996,False
93,brace,56.0,0.1389144031782239,3.199999999999998,False
93,brace,57.0,0.14180402705609774,2.9000000000000035,True
93,brace,58.0,0.14470193641771695,2.6000000000000014,True
93,brace,59.0,0.14760801154263656,2.3,True
93,brace,60.0,0.1505221364433019,2.0000000000000018,True
93,brace,61.0,0.15344419868828216,1.7000000000000002,True
93,brace,62.0,0.15637408923663967,1.400000000000002,True
93,brace,63.0,0.15931170228256508,1.1000000000000003,True
93,brace,64.0,0.16225693510948896,0.800000000000002,True
93,brace,65.0,0.16520968795295243,0.5000000000000004,True
93,brace,66.0,0.1681698638715843,0.1999999999999988,True
95,brace,0.0,0.0,20.0,False
95,brace,1.0,0.0013641544522237,19.7,False
95,brace,2.0,0.0030550492927091497,19.400000000000002,False
95,brace,3.0,0.00489604699183775,19.099999999999998,False
95,brace,4.0,0.006841839767973837,18.8,False
95,brace,5.0,0.00886946710114745,18.5,False
95,brace,6.0,0.010964788389688777,18.2,False
95,brace,7.0,0.013118132134854401,17.9,False
95,brace,8.0,0.015322427537369633,17.6,False
95,brace,9.0,0.01757225958336906,17.3,False
95,brace,10.0,0.019863336699079415,17.0,False
95,brace,11.0,0.02219216671245479,16.7,False
95,brace,12.0,0.024555847734117908,16.400000000000002,False
95,brace,13.0,0.026951926866503276,16.1,False
95,brace,14.0,0.029378301140991468,15.8,False
95,brace,15.0,0.03183314590880051,15.5,False
95,brace,16.0,0.034314861733084796,15.200000000000001,False
95,brace,17.0,0.036822034132496816,14.9,False
95,brace,18.0,0.03935340248603307,14.600000000000001,False
95,brace,19.0,0.04190783561668066,14.3,False
95,brace,20.0,0.044484312340473245,14.0,False
95,brace,21.0,0.047081905771511424,13.700000000000001,False
95,brace,22.0,0.04969977051209354,13.4,False
95,brace,23.0,0.0523371320897053,13.100000000000001,False
95,brace,24.0,0.05499327816560797,12.800000000000002,False
95,brace,25.0,0.0576675511560305,12.5,False
95,brace,26.0,0.06035934199125216,12.200000000000001,False
95,brace,27.0,0.06306808479985655,11.9,False
95,brace,28.0,0.06579325235165119,11.6,False
95,brace,29.0,0.06853435212761995,11.3,False
95,brace,30.0,0.07129092291188767,11.000000000000002,False
95,brace,31.0,0.07406253182119658,10.700000000000001,False
95,brace,32.0,0.07684877170336861,10.400000000000002,False
95,brace,33.0,0.07964925884877631,10.1,False
95,brace,34.0,0.0824636309687823,9.8,False
95,brace,35.0,0.08529154540303958,9.5,False
95,brace,36.0,0.08813267752392201,9.200000000000001,False
95,brace,37.0,0.0909867193115158,8.9,False
95,brace,38.0,0.09385337807680781,8.6,False
95,brace,39.0,0.09673237531415202,8.300000000000002,False
95,brace,40.0,0.09962344566693535,8.0,False
95,brace,41.0,0.10252633599271724,7.700000000000002,False
95,brace,42.0,0.1054408045160767,7.4,False
95,brace,43.0,0.10836662005903983,7.1000000000000005,False
95,brace,44.0,0.11130356134033993,6.800000000000001,False
95,brace,45.0,0.11425141633592446,6.500000000000001,False
95,brace,46.0,0.11720998169411073,6.200000000000001,False
95,brace,47.0,0.12017906219963062,5.9,False
95,brace,48.0,0.12315847028152176,5.600000000000002,False
95,brace,49.0,0.12614802556043736,5.300000000000001,False
95,brace,50.0,0.1291475544314753,5.000000000000001,False
95,brace,51.0,0.13215688967908343,4.700000000000001,False
95,brace,52.0,0.13517587012099255,4.400000000000001,False
95,brace,53.0,0.13820434027847212,4.100000000000003,False
95,brace,54.0,0.1412421500705014,3.800000000000001,False
95,brace,55.0,0.14428915452971,3.4999999999999996,False
95,brace,56.0,0.14734521353817015,3.199999999999998,False
95,brace,57.0,0.15041019158132216,2.9000000000000035,False
95,brace,58.0,0.15348395751849275,2.6000000000000014,False
95,brace,59.0,0.15656638436861905,2.3,True
95,brace,60.0,0.15965734910993026,2.0000000000000018,True
95,brace,61.0,0.16275673249245962,1.7000000000000002,True
95,brace,62.0,0.1658644188623677,1.400000000000002,True
95,brace,63.0,0.16898029599715447,1.1000000000000003,True
95,brace,64.0,0.17210425495092216,0.800000000000002,True
95,brace,65.0,0.1752361899089287,0.5000000000000004,True
95,brace,66.0,0.1783759980507393,0.1999999999999988,True
97,brace,0.0,0.0,20.0,False
97,brace,1.0,0.0011952354747028,19.7,False
97,brace,2.0,0.0026768785080334497,19.400000000000002,False
97,brace,3.0,0.004290105908017072,19.099999999999998,False
97,brace,4.0,0.005995202366758032,18.8,False
97,brace,5.0,0.007772040907486707,18.5,False
97,brace,6.0,0.009608225780960686,18.2,False
97,brace,7.0,0.01149527876262496,17.9,False
97,brace,8.0,0.013427001378850762,17.6,False
97,brace,9.0,0.015398646619470078,17.3,False
97,brace,10.0,0.01740645229257536,17.0,False
97,brace,11.0,0.019447356975215477,16.7,False
97,brace,12.0,0.021518816699932667,16.400000000000002,False
97,brace,13.0,0.023618681098525916,16.1,False
97,brace,14.0,0.025745106562516936,15.8,False
97,brace,15.0,0.02789649346949807,15.5,False
97,brace,16.0,0.030071439627675313,15.200000000000001,False
97,brace,17.0,0.032268704986087714,14.9,False
97,brace,18.0,0.0344871843757072,14.600000000000001,False
97,brace,19.0,0.03672588610527331,14.3,False
97,brace,20.0,0.0389839149098972,14.0,False
97,brace,21.0,0.04126045819222621,13.700000000000001,False
97,brace,22.0,0.04355477479276891,13.4,False
97,brace,23.0,0.04586618572988004,13.100000000000001,False
97,brace,24.0,0.04819406649278403,12.800000000000002,False
97,brace,25.0,0.05053784057293534,12.5,False
97,brace,26.0,0.052896973992895294,12.200000000000001,False
97,brace,27.0,0.05527097064625046,11.9,False
97,brace,28.0,0.057659368302609044,11.6,False
97,brace,29.0,0.06006173516228189,11.3,False
97,brace,30.0,0.062477666868583547,11.000000000000002,False
97,brace,31.0,0.06490678390367739,10.700000000000001,False
97,brace,32.0,0.06734872930789264,10.400000000000002,False
97,brace,33.0,0.069803166673441,10.1,False
97,brace,34.0,0.0722697783721727,9.8,False
97,brace,35.0,0.07474826398396481,9.5,False
97,brace,36.0,0.07723833889792535,9.200000000000001,False
97,brace,37.0,0.07973973306312167,8.9,False
97,brace,38.0,0.08225218986922703,8.6,False
97,brace,39.0,0.08477546514050081,8.300000000000002,False
97,brace,40.0,0.08730932622900679,8.0,False
97,brace,41.0,0.0898535511950365,7.700000000000002,False
97,brace,42.0,0.09240792806442315,7.4,False
97,brace,43.0,0.09497225415386802,7.1000000000000005,False
97,brace,44.0,0.09754633545661025,6.800000000000001,False
97,brace,45.0,0.10012998608179026,6.500000000000001,False
97,brace,46.0,0.1027230277417223,6.200000000000001,False
97,brace,47.0,0.10532528928202668,5.9,False
97,brace,48.0,0.1079366062502013,5.600000000000002,False
97,brace,49.0,0.11055682049875064,5.300000000000001,False
97,brace,50.0,0.11318577981945381,5.000000000000001,False
97,brace,51.0,0.11582333760575297,4.700000000000001,False
97,brace,52.0,0.11846935254059021,4.400000000000001,False
97,brace,53.0,0.1211236883073207,4.100000000000003,False
97,brace,54.0,0.12378621332159234,3.800000000000001,False
97,brace,55.0,0.12645680048231048,3.4999999999999996,False
97,brace,56.0,0.1291353269400059,3.199999999999998,False
97,brace,57.0,0.13182167388110072,2.9000000000000035,True
97,brace,58.0,0.13451572632672015,2.6000000000000014,True
97,brace,59.0,0.13721737294483569,2.3,True
97,brace,60.0,0.13992650587464445,2.0000000000000018,True
97,brace,61.0,0.1426430205621969,1.7000000000000002,True
97,brace,62.0,0.14536681560637954,1.400000000000002,True
97,brace,63.0,0.14809779261444336,1.1000000000000003,True
97,brace,64.0,0.1508358560663443,0.800000000000002,True
97,brace,65.0,0.1535809131872284,0.5000000000000004,True
97,brace,66.0,0.15633287382745487,0.1999999999999988,True
99,brace,0.0,0.0,20.0,False
99,brace,1.0,0.0011382981892163,19.7,False
99,brace,2.0,0.002549244905111619,19.400000000000002,False
99,brace,3.0,0.00408544535266202,19.099999999999998,False
99,brace,4.0,0.005709092439751452,18.8,False
99,brace,5.0,0.007401026732461387,18.5,False
99,brace,6.0,0.009149448579511506,18.2,False
99,brace,7.0,0.010946287576105442,17.9,False
99,brace,8.0,0.012785643474376216,17.6,False
99,brace,9.0,0.014662997699292739,17.3,False
99,brace,10.0,0.01657476913260464,17.0,False
99,brace,11.0,0.01851804371862123,16.7,False
99,brace,12.0,0.020490399964493283,16.400000000000002,False
99,brace,13.0,0.02248979103980748,16.1,False
99,brace,14.0,0.024514462113381198,15.8,False
99,brace,15.0,0.026562890598885246,15.5,False
99,brace,16.0,0.028633741838829992,15.200000000000001,False
99,brace,17.0,0.030725835512478247,14.9,False
99,brace,18.0,0.03283811968841015,14.600000000000001,False
99,brace,19.0,0.0349696504502276,14.3,False
99,brace,20.0,0.03711957566565603,14.0,False
99,brace,21.0,0.03928712188981984,13.700000000000001,False
99,brace,22.0,0.04147158367600555,13.4,False
99,brace,23.0,0.04367231476132245,13.100000000000001,False
99,brace,24.0,0.04588872073067848,12.800000000000002,False
99,brace,25.0,0.04812025285950769,12.5,False
99,brace,26.0,0.05036640290601385,12.200000000000001,False
99,brace,27.0,0.052626698675426124,11.9,False
99,brace,28.0,0.054900700217325744,11.6,False
99,brace,29.0,0.057187996546202276,11.3,False
99,brace,30.0,0.05948820279760475,11.000000000000002,False
99,brace,31.0,0.06180095774937594,10.700000000000001,False
99,brace,32.0,0.06412592165078838,10.400000000000002,False
99,brace,33.0,0.06646277431287148,10.1,False
99,brace,34.0,0.06881121342151142,9.8,False
99,brace,35.0,0.0711709530415251,9.5,False
99,brace,36.0,0.07354172228522982,9.200000000000001,False
99,brace,37.0,0.07592326412333854,8.9,False
99,brace,38.0,0.07831533431951838,8.6,False
99,brace,39.0,0.0807177004728259,8.300000000000002,False
99,brace,40.0,0.083130141154602,8.0,False
99,brace,41.0,0.08555244512837314,7.700000000000002,False
99,brace,42.0,0.08798441064294037,7.4,False
99,brace,43.0,0.09042584479020593,7.1000000000000005,False
99,brace,44.0,0.09287656292043713,6.800000000000001,False
99,brace,45.0,0.09533638810863831,6.500000000000001,False
99,brace,46.0,0.09780515066652448,6.200000000000001,False
99,brace,47.0,0.10028268769529064,5.9,False
99,brace,48.0,0.102768842674969,5.600000000000002,False
99,brace,49.0,0.10526346508667937,5.300000000000001,False
99,brace,50.0,0.1077664100645186,5.000000000000001,False
99,brace,51.0,0.11027753807421624,4.700000000000001,False
99,brace,52.0,0.11279671461601254,4.400000000000001,False
99,brace,53.0,0.1153238099495015,4.100000000000003,False
99,brace,54.0,0.11785869883843027,3.800000000000001,False
99,brace,55.0,0.12040126031366427,3.4999999999999996,False
99,brace,56.0,0.12295137745271736,3.199999999999998,False
99,brace,57.0,0.12550893717441386,2.9000000000000035,False
99,brace,58.0,0.12807383004739598,2.6000000000000014,True
99,brace,59.0,0.13064595011132013,2.3,True
99,brace,60.0,0.13322519470970012,2.0000000000000018,True
99,brace,61.0,0.13581146433345667,1.7000000000000002,True
99,brace,62.0,0.13840466247432298,1.400000000000002,True
99,brace,63.0,0.14100469548733638,1.1000000000000003,True
99,brace,64.0,0.14361147246171713,0.800000000000002,True
99,brace,65.0,0.14622490509949962,0.5000000000000004,True
99,brace,66.0,0.1488449076013384,0.1999999999999988,True
