node,sub_joint_id,brace_member,brace_end,chord_t_scenario,direction,treatment,LC_V26_H3p5_T8,LC_V2_H0p5_T5,LC_V2_H0p5_T6,LC_V2_H1p0_T7,LC_V2_H1p0_T8,LC_V2_H1p5_T8,LC_V4_H0p5_T5,LC_V4_H0p5_T6,LC_V4_H1p0_T5,LC_V4_H1p0_T7,LC_V4_H1p0_T8,LC_V4_H1p5_T7,LC_V4_H1p5_T8,LC_V6_H0p5_T5,LC_V6_H0p5_T6,LC_V6_H1p0_T5,LC_V6_H1p0_T6,LC_V6_H1p0_T8,LC_V6_H1p5_T7,LC_V6_H1p5_T8,LC_V8_H0p5_T5,LC_V8_H0p5_T6,LC_V8_H1p0_T5,LC_V8_H1p0_T6,LC_V8_H1p5_T6,LC_V8_H1p5_T8,LC_V8_H2p0_T7,LC_V8_H2p0_T8,LC_V10_H0p5_T5,LC_V10_H0p5_T6,LC_V10_H1p0_T5,LC_V10_H1p0_T6,LC_V10_H1p5_T6,LC_V10_H2p0_T7,LC_V10_H2p0_T8,LC_V12_H0p5_T5,LC_V12_H1p0_T5,LC_V12_H1p0_T6,LC_V12_H1p5_T6,LC_V12_H2p0_T7,LC_V12_H2p5_T7,LC_V12_H2p5_T8,LC_V14_H0p5_T5,LC_V14_H1p0_T5,LC_V14_H1p0_T6,LC_V14_H1p5_T6,LC_V14_H2p0_T7,LC_V14_H2p5_T7,LC_V14_H2p5_T8,LC_V14_H3p0_T8,LC_V16_H1p0_T5,LC_V16_H1p5_T6,LC_V16_H2p0_T7,LC_V16_H2p5_T7,LC_V16_H2p5_T8,LC_V16_H3p0_T8,LC_V18_H1p5_T6,LC_V18_H2p0_T7,LC_V18_H2p5_T7,LC_V18_H3p0_T8,LC_V18_H3p5_T8,LC_V20_H2p0_T7,LC_V20_H2p5_T7,LC_V20_H3p0_T8,LC_V20_H3p5_T8,LC_V22_H2p5_T7,LC_V22_H3p0_T8,LC_V22_H3p5_T8,LC_V24_H3p5_T8,worst_bin,worst_bin_contribution
3,"(3, 1)",33,2,single,,TY,2.4061820145154137e-05,9.19040087130461e-08,1.6542209238122377e-07,2.2169925870405684e-07,4.9256482159549564e-08,1.4305638901576568e-07,6.641751121860425e-07,5.321833745049029e-07,1.492060241302472e-07,1.4754308971333004e-06,1.7211785171398204e-07,6.001437361916437e-07,4.5371389794273476e-07,8.796650115887626e-06,3.913248969918043e-06,2.7197665306678873e-06,1.3900612820034192e-05,8.176677059920528e-07,6.622478961356823e-06,1.9510737337370404e-06,1.359748577266816e-05,3.30909884847691e-06,9.559100739217862e-06,2.234105190277812e-05,1.8339429782303467e-05,2.3887539274114587e-06,5.140387595137884e-06,3.4683335523950816e-06,0.00034498802568945855,4.27311499650487e-05,0.00037410984546522644,0.00046806847167074476,0.0007656794011350777,0.00023082138095319312,7.104275390152125e-05,0.000240697503820476,0.0004081924052376316,0.00037112483653121834,0.0010495536215959116,0.0004900150297697868,0.00010926388691406239,0.00012866764317289337,0.00015522138743390544,0.0002826560895879022,0.00024021333393355583,0.0011034361936536488,0.000810115093940921,0.00027113324493557606,0.0001786891206929375,0.00014275730714442334,0.0001148629626364804,0.000547821386273542,0.0012781113376800243,0.0005240762604101217,0.00021639559103045603,0.0002763580486575869,0.0004113889650615786,0.0020818349779249566,0.0011019648713648646,0.0006047967670950956,0.0003442215414688054,0.0004578825221362561,0.0019357806577094915,0.0007232337392298798,0.0005334347772907869,0.00036608604773025546,0.0004164194299294175,0.0012493412414689568,0.0014161165530130488,LC_V18_H2p0_T7,0.0020818349779249566
3,"(3, 0)",36,2,single,,TY,2.0887307896547838e-06,1.2066443570654204e-07,2.120208640187172e-07,1.237892789912568e-07,2.4972701946781352e-08,2.7735803577434954e-08,6.482706337673123e-07,5.05180946560645e-07,1.0157402366420578e-07,8.407547763085272e-07,9.151104636635734e-08,1.8388943212795483e-07,1.232469798832e-07,3.152207493591937e-06,1.3788655753508218e-06,8.543060186823661e-07,4.142860912835241e-06,2.2323940418711322e-07,1.3786321152525335e-06,3.7728557380684933e-07,5.772994131140608e-06,1.3868496519799678e-06,3.5373429051916756e-06,7.944764826453005e-06,5.181401888981745e-06,5.858794459370903e-07,9.77227381278796e-07,5.978832472450332e-07,4.67265621923063e-05,5.771296155450123e-06,4.935731128360254e-05,6.126909578900444e-05,9.548013239418772e-05,2.6240048735331308e-05,7.87227974938722e-06,3.495190353512208e-05,5.79508275481614e-05,5.271945914691156e-05,0.00014247740231260482,6.152008475260833e-05,1.25028566995854e-05,1.4338863834114954e-05,2.1600267087833187e-05,3.880667639504727e-05,3.3001290583254234e-05,0.0001472331278167866,0.00010155191856319177,3.149732408244846e-05,2.0125577923620087e-05,1.445504017429678e-05,1.8603862372920664e-05,8.480818770932418e-05,0.00018351381628289293,6.718165860777809e-05,2.702494295598324e-05,3.076137803956953e-05,6.436685785146804e-05,0.0003040194206640578,0.00015018611916492298,7.326150184858626e-05,3.752633987890543e-05,8.739203616983234e-05,0.00034592708781811383,0.00011616406717621429,7.756535510467348e-05,7.052109479481333e-05,7.1792013877753e-05,0.00019268123595991577,0.00027034126916217796,LC_V20_H2p5_T7,0.00034592708781811383
4,"(4, 0)",37,1,single,,TY,9.946954208702444e-06,2.9331156087834094e-07,5.111897969565012e-07,2.967885355327243e-07,5.956680088106723e-08,7.913181372461566e-08,2.2910938511348453e-06,1.7833597254265688e-06,3.5098204724171805e-07,2.9155106196838812e-06,3.1666876920508534e-07,6.209490555190189e-07,4.2162522523260884e-07,1.509029723173211e-05,6.599579906439706e-06,4.009485644589317e-06,1.9444810430499082e-05,1.0490210750875484e-06,6.288478297370154e-06,1.7400379425354187e-06,3.214361126294242e-05,7.738614828452525e-06,1.94186791836712e-05,4.391616759408204e-05,2.8151643361762555e-05,3.541974965314717e-06,5.6652188497465194e-06,3.928856911516204e-06,0.00023887898096710755,2.9568898128125905e-05,0.00025011620759419595,0.00031164471674620625,0.00048037860208689363,0.00013438114731888193,4.214320111898094e-05,0.00021974069969639125,0.0003631341738720653,0.00033142401022581355,0.000893752054610552,0.0003951275394637735,8.144526631138985e-05,9.948871432648869e-05,0.00011334841644777733,0.00020193305167887093,0.00017209602303178,0.0007614103326758883,0.0005314608114538384,0.00016578109671562714,0.0001124890320898641,8.41210943497736e-05,9.639245220230805e-05,0.000437276247295384,0.000941352569543892,0.0003364877891499438,0.0001378963482150679,0.00015922120320406805,0.00033275161755884884,0.0015634654507703726,0.0007678504794170318,0.0003766936339956751,0.0001927650445455183,0.000459819206987374,0.0018114623452270006,0.0006042829074494165,0.00040572298247893736,0.0003656514577434848,0.00037063850941310275,0.000990423854151906,0.0014185914092483827,LC_V20_H2p5_T7,0.0018114623452270006
4,"(4, 1)",45,1,single,,TY,0.00015642199872499283,9.633713345722914e-07,1.7264318828456238e-06,2.207790837544603e-06,4.5734976040424153e-07,1.2510539509908735e-06,6.55374430416858e-06,5.214428261608422e-06,1.5198146394462632e-06,1.4150202896979527e-05,1.5726321333352376e-06,5.7368654244988524e-06,4.014967075778009e-06,7.914461940336032e-05,3.523409752662416e-05,2.5072213691782297e-05,0.00012755204359570367,7.252799129224445e-06,6.014790378801535e-05,1.7067498323502526e-05,9.924981644680529e-05,2.4155794530603925e-05,7.272922609504004e-05,0.0001687496529149758,0.0001449342854742023,1.7825485770421097e-05,4.0866187096527607e-05,2.62743477128121e-05,0.002975016902241271,0.0003685272870632839,0.0032490814740042495,0.0040586713387542675,0.006690649939605252,0.0020100902932378636,0.0006084125535088176,0.002054038251266052,0.0034996965438059105,0.003177961073564255,0.009047426288982996,0.004215604566912142,0.0009452475077828976,0.0010870520792232814,0.0012848173452826236,0.0023456488377433,0.0019982015656740022,0.009243192209105215,0.006811656404005754,0.0022903664868093873,0.0014824906559297328,0.0011810953999610216,0.0009256595007007442,0.004442996811507362,0.010390551685715134,0.004111567828498998,0.0016714093336110945,0.0021255032867447793,0.003252649657710804,0.016391006309313054,0.00868456347330366,0.004653145964405963,0.0026282044218717006,0.003630839075789928,0.015392558599031181,0.005649014366461928,0.004152080364337279,0.0027916378223069487,0.0031106348883138913,0.009299164408603986,0.010345031829567256,LC_V18_H2p0_T7,0.016391006309313054
5,"(5, 0)",40,2,thick,,K,1.88167424838716e-05,4.0277145961483845e-06,7.113674368150602e-06,4.172556207775634e-06,8.516876072120357e-07,9.506197028965466e-07,1.137534756424959e-05,8.904360394844164e-06,1.7967057129496695e-06,1.5088874861630892e-05,1.6573285496372033e-06,3.3845194038817123e-06,2.3044547376933195e-06,3.384950404643868e-05,1.4855360305818412e-05,9.488031415015049e-06,4.607025799032474e-05,2.487767546609268e-06,1.606424980518599e-05,4.401685079271267e-06,4.814648069313245e-05,1.1608296627508807e-05,3.0388121440860634e-05,6.826840536556803e-05,4.662001680774118e-05,5.369447440566919e-06,9.442088284579604e-06,5.847495383681317e-06,0.00036289843666568344,4.4810602041296176e-05,0.0003945179302572523,0.00048746047903840085,0.0007867324416919448,0.00022339240919752053,6.700725113171279e-05,0.00040366306009138,0.0006785921083205556,0.0006172244901932551,0.0017038662307096236,0.00075387457767936,0.00015766058328569387,0.00017996812762554083,0.0003158721405596287,0.0005751021491262223,0.0004886417140620708,0.002216946444238956,0.0015551772477558094,0.0004928505144264713,0.0003139684010823694,0.00023061713909508145,0.00022325127096360252,0.001029285587273375,0.0022735967865195857,0.0008417638424931606,0.0003399582377501902,0.0003945319235377212,0.0006435234684949404,0.0030993046259268258,0.001557776045932552,0.000778392119175017,0.0004089544219657134,0.0007390776970076847,0.002981973217788927,0.0010242615722080022,0.0007022931008414764,0.0006247942222623799,0.0006494034123079688,0.001788530743897367,0.0022168268393791954,LC_V18_H2p0_T7,0.0030993046259268258
5,"(5, 0)",40,2,thin,,K,0.0016503007373172122,0.0004160649526205494,0.0007355709024237871,0.0004303262474044427,8.787394074276697e-05,9.777364343854616e-05,0.0010544157194238353,0.000825093975855887,0.00016719167158492425,0.0014013884373024399,0.00015393019020956903,0.00031532711324450607,0.00021481897905341557,0.0027735437977648167,0.0012155518320738005,0.0007845618304451543,0.003801329964853306,0.00020440743601433475,0.0013360715293270085,0.0003652682997215475,0.0036966390152294855,0.0008900061846156905,0.0023466785728495816,0.005257569858928505,0.003639521850913977,0.00041836145726968757,0.0007455987452060966,0.0004612031051278778,0.02785060581287119,0.003436802932442496,0.030470205956078186,0.03756896506725061,0.06105195474986604,0.01751698176885808,0.005232370882427447,0.03266589534376081,0.055006536074836195,0.04997728220985161,0.1383195709360021,0.06139365112571842,0.0129074841647522,0.014690347716560878,0.02558388192452068,0.04668201501961377,0.03963808985058309,0.18047783099444825,0.12711401074153728,0.04049763892896622,0.02577271800257409,0.019027195259444518,0.01708201735996014,0.07929114430034459,0.176036043002109,0.0655230992860324,0.026477595589739427,0.030974464820935646,0.047920218052480625,0.23265410550829188,0.11764266968351712,0.059216153690139654,0.031226407027750362,0.05409590552443547,0.2197611677315437,0.07592547924051424,0.052253217457206215,0.04570414938756706,0.04768684993759658,0.13210355495265347,0.16235230462848182,LC_V18_H2p0_T7,0.23265410550829188
5,"(5, 0)",40,2,thick,,Y,0.00010195497669691771,9.55111636706125e-06,1.6849947094482508e-05,9.922173346721665e-06,2.0181038459625836e-06,2.264334438532263e-06,4.8033616260156735e-05,3.757815248199159e-05,7.464409152316709e-06,6.297209945284238e-05,6.9047855552370944e-06,1.3844166353707376e-05,9.407670255289114e-06,0.0002445877157244563,0.00010738724324959777,6.579430032466707e-05,0.00032166275951763424,1.7492533649031328e-05,0.00010816757225096394,2.98049312183117e-05,0.0004674319144610187,0.00011257671288938588,0.0002888389285623211,0.000650596587288932,0.0004265124636305889,4.9249049909462165e-05,8.178620552565488e-05,5.093686496782444e-05,0.003345566152956086,0.0004135377557542903,0.0035668594859907077,0.004429114740729709,0.006968871762827868,0.001935181521932728,0.0005847757727758375,0.0030374377713871478,0.00505639078269089,0.004608231635452661,0.012509365363825162,0.00543870667152972,0.0011123318085837094,0.0012769881402421009,0.002280045040828484,0.004124991795053203,0.003501923464066374,0.015683353309850382,0.010842587324324514,0.0033742642878656416,0.002157776392247615,0.0015553234115161419,0.0018968280111676622,0.008683037783489464,0.01892327766169941,0.006868371247646232,0.0027810289457044887,0.0031633176566867134,0.005866611504484372,0.02799691872696798,0.01391279993402106,0.00687692635698878,0.0035508981377610177,0.007322835424154368,0.02918899294976433,0.00994626589281807,0.006691514353371712,0.00647678107631894,0.006641144562183691,0.017923266128423276,0.022976176004946912,LC_V20_H2p5_T7,0.02918899294976433
5,"(5, 0)",40,2,thin,,Y,0.0071556217962365646,0.0008376076570431872,0.0014773089044194671,0.0008702342520916943,0.00017719987670539172,0.0001987032269691676,0.0035809609914745225,0.002803190628503272,0.0005598237257221222,0.00471276463256455,0.000517102276368671,0.0010433717252075782,0.0007095725186224115,0.01601481670809151,0.0070356711132576666,0.004344500679337706,0.021211741814555495,0.0011531896080883475,0.007198117388590116,0.0019802440775507153,0.028531628784012733,0.006875981313405814,0.01769812800439049,0.03988351958269116,0.026310331143137345,0.003046326340513485,0.005112879952591287,0.0031857900417429975,0.20752039700742658,0.02563356859373079,0.22218613454130295,0.2755620166173213,0.4354918596127583,0.12141921261241588,0.03661874005931112,0.19048233131781617,0.31749452241966825,0.2890673465739132,0.7867942219174792,0.3424668349156067,0.07022536272947745,0.08063124274462671,0.13879869920206048,0.25063499506613135,0.21267906357108887,0.9514745242662813,0.6561410921043298,0.20402431561190848,0.13033405202011056,0.09385920733901333,0.10798137384226322,0.4965106137670785,1.086793533299033,0.3967511370337761,0.16059965664799516,0.18371099985943115,0.3105744396584464,1.489244494435297,0.742446072043189,0.3683855456444304,0.19036686004439698,0.3728677769524017,1.4891389272592213,0.5068706405353959,0.34109270398233865,0.3354228362488205,0.345418652637923,0.934016574143275,1.1535776315011987,LC_V18_H2p0_T7,1.489244494435297
5,"(5, 1)",48,2,thick,,K,4.526647461668056e-05,8.611148104133829e-07,1.5239330004024548e-06,1.2325695000630258e-06,2.470785957109941e-07,4.3102834385770746e-07,4.732293524830987e-06,3.7161379419257767e-06,9.230457808353852e-07,7.793504020549865e-06,8.446947236140247e-07,2.411646309832109e-06,1.608287750934756e-06,3.165855298055613e-05,1.3960887041800437e-05,9.74122572606366e-06,4.799500303105019e-05,2.6087216734840745e-06,1.993692502045831e-05,5.4457857318880315e-06,3.74743218450755e-05,9.08139728405399e-06,2.6291667319022245e-05,6.0028343118808534e-05,4.8241912007589364e-05,5.563556420758426e-06,1.1971560961820336e-05,7.335540024714468e-06,0.0008882003949862593,0.00010972820808183483,0.0009698243446036932,0.0012014292768764293,0.0019640496641138436,0.0005729927022999125,0.000170871000313124,0.0006759764740028847,0.0011498073096638964,0.0010410222775754478,0.0029353697341632993,0.001331205177622855,0.00029099796112933766,0.000327601190525133,0.00046848780089578645,0.0008558897829288903,0.0007268253040144676,0.003344745409350078,0.0024074216797289696,0.0007886855055054527,0.0005014752582629526,0.00038442288748802284,0.0003363406168367535,0.0015945587683333865,0.003632473454842415,0.0013915568040971126,0.000558958178032291,0.000681877236106787,0.001094360130053587,0.005414218017680476,0.002817866093345382,0.0014578713468917355,0.0007975011575518878,0.001238929903769188,0.0051739261337615215,0.0018453568197157935,0.0013189701806924534,0.0010183235977394174,0.001084852467510232,0.0031260844714667466,0.0035822061998884987,LC_V18_H2p0_T7,0.005414218017680476
5,"(5, 1)",48,2,thin,,K,0.0020064633527523317,1.438766323497757e-05,2.5527150267981114e-05,2.5368157416351386e-05,5.154026456138131e-06,1.1245343620646184e-05,5.45217945241286e-05,4.293156752410162e-05,1.1612269856669339e-05,0.0001043377912239411,1.1546120246095483e-05,3.9788726636207604e-05,2.7408960718597418e-05,0.0006230744527590393,0.00027606495334027344,0.00019467810360998173,0.0009821475968506213,5.515880591533943e-05,0.00044509399699730966,0.00012459405756137153,0.0009383404980487434,0.0002286220915417976,0.0006497184643644396,0.0015166100420020902,0.001229438826602723,0.00015301980295920402,0.0003306932846042633,0.00021199596796830269,0.019426273079548917,0.0023999931204927083,0.021242411619961033,0.02639391088395255,0.04343075214560047,0.0129562364534699,0.003907818201845509,0.014949669920089389,0.025443393611341982,0.02313694569296496,0.06561896797220114,0.030579369845006008,0.006816849167713815,0.007859695830091483,0.011890898808931898,0.021922833033062052,0.018634704238980056,0.0863978599906671,0.06295900020094687,0.020872596290032963,0.013425070655526367,0.010506986737166797,0.010028504357275331,0.04766458410253849,0.10946960925798002,0.04225153712364841,0.017184796451066048,0.021170169549373605,0.032141027658703,0.16072313763435675,0.08389873537809163,0.04444727690362562,0.024548262994183303,0.03994944089989261,0.16652178636225323,0.05976257966111977,0.04283810942468518,0.034370182453422576,0.03755946559623523,0.10893959238394472,0.13617824727113978,LC_V20_H2p5_T7,0.16652178636225323
5,"(5, 1)",48,2,thick,,Y,0.0008919581969099783,4.448826485099464e-06,8.003973941793153e-06,1.0874734409200666e-05,2.2505468146295395e-06,6.475108954095499e-06,3.435821649069203e-05,2.749627618697473e-05,8.10015160208765e-06,7.569136895002754e-05,8.391348561216768e-06,3.1215034668495476e-05,2.1601949231692193e-05,0.0004351200649912751,0.00019359247751928534,0.00013865791829021843,0.0007076477593214806,4.005020210749424e-05,0.000336486638364683,9.489081869296936e-05,0.0006720561711386387,0.0001635254422982052,0.000480778521117108,0.001122059004270332,0.0009417998317335863,0.00011612839393626859,0.00026363440745542644,0.00016839086970054886,0.01608990819269658,0.001991375403279732,0.017607189531018527,0.021982116967310127,0.03635481703270375,0.010976520184616317,0.003318217573398642,0.011538393065829005,0.019696796850358498,0.017892217934677906,0.050957121699271635,0.023813013876422838,0.005369106318249282,0.006177639942777618,0.008063175649669942,0.014823562068238011,0.012612201233392753,0.058550757069576624,0.04288342648150754,0.014390873770091489,0.009244354299838897,0.007349193988256303,0.006102154545136794,0.02929921567864609,0.06838865900883627,0.02692479952630493,0.010915466974772066,0.013762693038976363,0.020498010432355367,0.10356519570549338,0.05470977816802456,0.02950797523396337,0.016608403980697836,0.023402458046546556,0.09903785124983783,0.036178704429233884,0.02642806997179498,0.01966590708555341,0.021835227069011722,0.0646605600391784,0.07254087804163056,LC_V18_H2p0_T7,0.10356519570549338
5,"(5, 1)",48,2,thin,,Y,0.045354229655085704,0.00023033467551860422,0.0004137170753092541,0.0005518296090077185,0.00011402677132785881,0.0003212355182433996,0.0016777146020680513,0.0013419769214721548,0.00039459030559628667,0.0036705420094027,0.000407344959397807,0.0015061142572704489,0.001041093778780671,0.021175029315925735,0.009416130220957306,0.006738540777340109,0.034354551021569216,0.0019435771874426926,0.016282910340246624,0.004587871648131344,0.03286292760083741,0.007991867106491237,0.023413049406186503,0.05465342350053385,0.04566892323419518,0.005646894373572657,0.012766060204548783,0.008152460317437176,0.7591491647044771,0.09401107524838603,0.8249551631490278,1.0314490723411602,1.689863022607662,0.5028411501478227,0.15201195208856033,0.5393701977572305,0.9165894278764045,0.8326322240601431,2.349265600974438,1.0849330879949608,0.23944440506641096,0.2766333165074308,0.360611978132302,0.6573774790960735,0.5598326546726404,2.569777352835739,1.8592793936542578,0.6102697878306479,0.39229981776699624,0.30161587901466885,0.270162421471247,1.2878760264188853,2.9619427230767026,1.1386154680264664,0.46191844048112285,0.5625668505158795,0.7911180264394853,3.9105290336442367,2.0159530981855656,1.0417787769851259,0.5619446781141216,0.8725028193301606,3.6032108282210795,1.2711259853389016,0.8912480297134064,0.7408368559809587,0.7949845681814369,2.254117752373244,2.4494579539024564,LC_V18_H2p0_T7,3.9105290336442367
5,"(5, 0)",53,1,thick,,K,2.62142057414156e-05,2.5359983680734364e-06,4.453086922944429e-06,2.5153052024692714e-06,5.123400190773495e-07,5.558775520088758e-07,5.882412781366724e-06,4.577804211628422e-06,9.174879275446921e-07,7.525100531124144e-06,8.189573924056467e-07,1.6260735591205558e-06,1.1268030109916438e-06,1.396042513398997e-05,6.0978698734542375e-06,3.9138347734436805e-06,1.8731421518473874e-05,1.0086867313691459e-06,6.723577520882144e-06,1.9864721579102937e-06,2.034407993404959e-05,4.892059763059859e-06,1.27552003525802e-05,2.8394630344141866e-05,1.899348297697465e-05,2.228738659418012e-06,4.2219397397583406e-06,3.049445250963116e-06,0.0001462805268641086,1.8138129948070643e-05,0.00015921296031630997,0.0002005478517724717,0.00033143548051918015,0.0001033288947062876,3.2303122037189747e-05,0.00015818702032136542,0.00026612418606785575,0.0002429381023344214,0.0006760219710009469,0.0003188028347310061,7.090890362087694e-05,8.47433105486959e-05,0.00012642271097074214,0.00023048844814922004,0.00019564949588423875,0.0008892864765525354,0.0006439174370391394,0.00021145666407081941,0.0001391898089771828,0.00010989418720865837,9.083704787119583e-05,0.000426651650287399,0.0009892352792694376,0.0003771027173125599,0.00015749483912852298,0.00019508752795184659,0.00025621231281014673,0.0012806110221947815,0.000670109409922162,0.0003676867668035872,0.0002072034916481143,0.00031880109043455444,0.0013281158009418909,0.0004983609836559493,0.0003666593180846633,0.00028295221730153744,0.0003194572658721944,0.0009428048593488908,0.0011985848779553132,LC_V20_H2p5_T7,0.0013281158009418909
5,"(5, 0)",53,1,thin,,K,0.000720713260332974,0.00031089159059006935,0.0005464458422028783,0.00030811976400945567,6.260367079394915e-05,6.52397799018706e-05,0.0006424943301181775,0.0005000694739451336,0.00010049584770713278,0.0008231905601757642,8.96287987725049e-05,0.00017636183795204433,0.00011807389216529991,0.0013229875712733538,0.0005780767181233798,0.0003738606853434072,0.001782394250309627,9.456674119397706e-05,0.0005980668744162905,0.00016167421763287374,0.0017691465888635093,0.00042441915576590304,0.0011200170414263702,0.0024685038190863217,0.0016809650542785606,0.00018547488113974592,0.0003247357449601655,0.00019542708546996758,0.01125619736658555,0.00138689130546688,0.012320856619729734,0.015123157580950362,0.02442710696506053,0.006824380433191294,0.002017203321461561,0.014322559288561954,0.024167110854112443,0.021871596586909684,0.06030704736583125,0.026235971525187866,0.005432975124950463,0.006128751671232876,0.011801695199899846,0.021608024923851697,0.01829608534980136,0.08302025306557963,0.057774112520851253,0.018214160307908317,0.011510328973424537,0.00836663658014462,0.007134577402841817,0.03299484587911269,0.07239256153337226,0.026542614283493072,0.010691452159122053,0.012274458383917091,0.020262458118113832,0.09761742398648107,0.048991380362859605,0.024209504948801808,0.012556141603487173,0.022068233510194227,0.08913550275550249,0.030359948691100546,0.020601460210041715,0.017637562852309892,0.018159654003118756,0.04976965340554168,0.06194907125309789,LC_V18_H2p0_T7,0.09761742398648107
5,"(5, 0)",53,1,thick,,Y,2.62142057414156e-05,2.142130600882079e-06,3.7446829389900545e-06,2.0982260354374173e-06,4.2514709698697493e-07,4.4746142698446785e-07,1.2145769262983891e-05,9.474757623860296e-06,1.8409765887408718e-06,1.5375536190355477e-05,1.6784121254118924e-06,3.2201335647162863e-06,2.1745204953500343e-06,6.235123692749484e-05,2.7315740226590227e-05,1.6672242909104888e-05,8.10032722182988e-05,4.386791443069194e-06,2.637730483031483e-05,7.262438110757903e-06,0.00013961903617205182,3.36423765162517e-05,8.553961474450565e-05,0.0001929664624530215,0.00012469494276204878,1.4332846709199455e-05,2.324773220218614e-05,1.4417772792735504e-05,0.0008604983383385919,0.00010636279185494545,0.0009124470030777933,0.0011342951392812513,0.0017673438489137251,0.0004856967411090781,0.00014676534108024722,0.0007479748196101474,0.0012397814880791462,0.0011299735245794828,0.003046286779507839,0.0013085068245731104,0.0002637481458221477,0.0003027934396268754,0.0005553232496886554,0.001000870766277536,0.000850553813196578,0.003792217486738049,0.0026084156667609297,0.0008043639456264688,0.0005144822297201903,0.00036639677148443494,0.00047450236014976913,0.002163897128347049,0.004691719568729574,0.0016734353777172425,0.0006785143685458126,0.0007629783757792412,0.0015376066254529695,0.007330135398686271,0.0036271523462239577,0.0017811839795799512,0.0009097852989365167,0.0019455658756858587,0.007715658578826946,0.0026168970895540274,0.0017470940248055192,0.0017244198306289055,0.0017599348209802871,0.0047085914583040005,0.006067111720049395,LC_V20_H2p5_T7,0.007715658578826946
5,"(5, 0)",53,1,thin,,Y,0.0014300928707160821,0.00022909210659309074,0.0004009539920776356,0.0002250442823325226,4.5642665703561565e-05,4.725866064589881e-05,0.0009775902071255272,0.0007623540453943899,0.00014992005224824222,0.0012448921393097443,0.00013570364154776444,0.00026265823437630214,0.00017677812367676078,0.004128718115508166,0.0018080268347620988,0.0011165703191387789,0.005408493325981286,0.0002916000283692276,0.0017763371717680612,0.00048711061783017614,0.008355989957055027,0.0020108251928142758,0.005140641253841562,0.011555136180477469,0.007526927540998515,0.0008591706169583268,0.0014097029270776636,0.0008712174345643739,0.05222660655188445,0.006452799935399197,0.0556879468192719,0.06908670878518662,0.10838967715249181,0.029889083961017332,0.009011094885580452,0.04859075584357797,0.08081652858397984,0.07359145311721257,0.19921938633804914,0.08587111122281399,0.017413452903851333,0.019957560956681893,0.037349621415529846,0.06759314396967507,0.05742610477049781,0.2566985795107705,0.17666477352667362,0.05468058325573605,0.03490727821792202,0.024952023722840836,0.02953879941037076,0.13527958264866188,0.29434120150408427,0.10557603651836184,0.04278361655436201,0.0483535040117801,0.08934912426012398,0.42739568209292994,0.2121392941251646,0.10455055386749476,0.0536004150216611,0.10871464747436801,0.4326030669652879,0.14657268755542696,0.09804233227191944,0.09910294235630866,0.10145467888784042,0.2726398839437503,0.3423710802215381,LC_V20_H2p5_T7,0.4326030669652879
5,"(5, 1)",61,1,thick,,K,3.0005501508898284e-05,6.725399557942478e-07,1.179462920546457e-06,9.346674136832328e-07,1.7927246847538173e-07,3.0102777323340825e-07,2.570652048880064e-06,2.00262948731462e-06,5.291939010501501e-07,4.189688004367907e-06,4.380033032744054e-07,1.3083605173574607e-06,8.096076556271197e-07,1.508643934762665e-05,6.615003735361194e-06,4.920566213224631e-06,2.3798838883657104e-05,1.2314716093833644e-06,9.979818407421631e-06,2.602377690405345e-06,1.409227580277632e-05,3.4034503505754807e-06,1.0422764789597259e-05,2.334636109883152e-05,1.9712413185318344e-05,2.1044081113675187e-06,4.942894288564601e-06,2.8663350066447104e-06,0.0004080671119682881,5.044090698626568e-05,0.00044724659425689493,0.0005548992223320715,0.0009158485648569271,0.0002677604018894612,7.893945624149037e-05,0.0003127782634620615,0.0005360331955117354,0.00048486000897366186,0.0013798282128202853,0.00062893041770091,0.00013901002132168477,0.0001537823504955904,0.00022391700567569528,0.0004103845441682442,0.00034698678099058305,0.0016017976211426409,0.0011466641525577639,0.0003772292167417201,0.00023590788084493686,0.00018076244193809503,0.00015501714001164835,0.0007438195199990184,0.0017060536252426046,0.0006656560053773461,0.00026220658059629437,0.0003228630443779448,0.0005314058608330514,0.0026202926660291817,0.0013739717565027702,0.0006990813021940194,0.00038483681880297773,0.0005958942616055232,0.0024990776066283952,0.0008736493025230617,0.0006274804750674898,0.0004599744162484199,0.000486261965498187,0.0014143660620367364,0.001673640828034047,LC_V18_H2p0_T7,0.0026202926660291817
5,"(5, 1)",61,1,thin,,K,0.001997612590745079,3.680679653172568e-05,6.35806568571449e-05,5.1868543213105505e-05,9.93923178022889e-06,1.6840879373920485e-05,9.425490389830036e-05,7.38535363522154e-05,1.960457678343475e-05,0.00016200562433497614,1.7048254409587998e-05,5.334321209846489e-05,3.363013016926279e-05,0.0007911129890885845,0.00034758511203086763,0.00025117374400152975,0.0012316321588860405,6.485618155369867e-05,0.0005193900001676268,0.0001368381732621983,0.000644161988046446,0.0001564330672525242,0.0004782946019327607,0.0010876718518548132,0.0009307366615882711,0.00010112148073971125,0.00023906288385061583,0.00014030492949231062,0.021311636626191705,0.002633687036531686,0.023301666744344567,0.02890559176888879,0.04755579932278838,0.013848201651285077,0.004085574716540498,0.016544474994799992,0.028298904377367703,0.0256256055714111,0.07273823553013645,0.03314363555969823,0.007305886766893138,0.008119217913387723,0.011823249906517263,0.02167213075755914,0.01835352212952827,0.08477455230555343,0.06079712157972383,0.019986858082839856,0.012580931570666922,0.009664009344255648,0.008300676808927168,0.03981845317571406,0.09147933285099388,0.03534274429536237,0.013969140979868974,0.017171314329566856,0.027656663938304026,0.13614976739887322,0.07138292884954296,0.036397294493885624,0.020027396875733253,0.032428298819402,0.13658248207457122,0.04769626582536976,0.03421138965581203,0.023634147929908863,0.025144152648706106,0.07360420172566069,0.0937501492450442,LC_V20_H2p5_T7,0.13658248207457122
5,"(5, 1)",61,1,thick,,Y,0.00039887655409557085,4.279733730181131e-06,7.491832843015044e-06,8.267638200199648e-06,1.5498995933237346e-06,3.607287257076744e-06,2.463562282537755e-05,1.925879645282552e-05,5.889057640959879e-06,4.855704849674863e-05,5.02632174977389e-06,1.870534061841014e-05,1.1562040402295281e-05,0.0002570691722490171,0.00011336784559597367,8.467329429672139e-05,0.0004181582662999424,2.213217767600931e-05,0.0001879309919996272,4.962019637438783e-05,0.00030067650037094655,7.312159122253566e-05,0.00022873993937338696,0.0005204502024783016,0.0004586848551211493,4.9846346325857976e-05,0.00012140546870038226,7.125955807571349e-05,0.00883116983124145,0.0010917504799808414,0.00974366151096302,0.01209502645342258,0.020132539141064842,0.005960665840885725,0.0017566763096065485,0.006283802016474437,0.010829195384087354,0.009775939418356711,0.028145322216520892,0.012979350013496267,0.0029151036755191585,0.0032241201942144067,0.004177513106448871,0.007684117203284878,0.006519705148190354,0.03036344730537745,0.022066676844040994,0.007385740848878053,0.0046354887866101755,0.0036307531212022453,0.0029261071735379772,0.014149437911328383,0.03282565334909227,0.012933147901836538,0.00510468770627573,0.006408880056093754,0.010159951059665183,0.05081392122964261,0.026963883823260353,0.013978333764371291,0.007824612700479478,0.011438831678814512,0.04862551415543459,0.017286310193432866,0.012602156560617712,0.008956423406228632,0.00964756060947435,0.028507368594522835,0.031631940481644194,LC_V18_H2p0_T7,0.05081392122964261
5,"(5, 1)",61,1,thin,,Y,0.02171690637165076,0.00025349661437328236,0.0004439555070807143,0.00046897169833550416,8.81903251161649e-05,0.00019668467070400186,0.0013140011446090677,0.001027350874160612,0.0003089257294227887,0.0025479911170678514,0.0002641873595099103,0.0009640161358314904,0.0005971560467597143,0.013369556728049271,0.005896352184534243,0.004381802398552531,0.021637746175784817,0.0011448345871829517,0.009650130246666841,0.002547069534986442,0.014962411242285556,0.0036365045518101,0.01134489179448102,0.02581051532505221,0.02268273764555788,0.0024660718037808585,0.005992679991346716,0.003516987584033119,0.4470708613524953,0.05528266677269902,0.49033938865530385,0.6096050042492804,1.0080126949463082,0.29631191333145707,0.08765245407319096,0.318244962487485,0.5452431203275503,0.4927473164972929,1.4037996786854428,0.6410715808288876,0.14177513449142487,0.15769846322783723,0.20355668168506716,0.3713293845573958,0.3154512127195758,1.452515343046198,1.0474941877706403,0.3455398626336318,0.21775887289950627,0.1675105538743259,0.14284114882665028,0.6864154195017277,1.5725744848065673,0.608757314230904,0.24120471388280115,0.29603877968252135,0.4402740230833336,2.1700943663175623,1.1283787982385403,0.5734671930818841,0.3114015935765426,0.47959929409742896,1.9988560176530135,0.6966533213892532,0.49268753726145215,0.37949429921242395,0.4024997152514487,1.155518612496034,1.2545903729810965,LC_V18_H2p0_T7,2.1700943663175623
8,"(8, 0)",33,1,single,,TY,1.6551615709398666e-05,8.675346734361862e-08,1.559592686821852e-07,2.109785752490281e-07,4.656495643842338e-08,1.3830424546029166e-07,7.131162494770212e-07,5.70655580656279e-07,1.604061607747259e-07,1.5759283097462914e-06,1.832889317517899e-07,6.374269149696735e-07,4.781181335955011e-07,8.9141900117309e-06,3.966321617169037e-06,2.793369991195037e-06,1.426368563346453e-05,8.36541366079601e-07,6.829807330880751e-06,2.0099895180990615e-06,1.4179941810260411e-05,3.4446434245007214e-06,9.997584972778492e-06,2.324296312595435e-05,1.915283113306226e-05,2.475086650421341e-06,5.36171391336088e-06,3.5936759231096607e-06,0.0003395333783010649,4.203766378231683e-05,0.0003697251290794484,0.0004615425975103901,0.000756973574698861,0.00022886227328088529,7.03181149267498e-05,0.0002430205962571439,0.0004127698895613408,0.0003752456893628909,0.0010627830630366292,0.0004978972509220058,0.00011158413287200369,0.0001311428915121679,0.00016359297712966483,0.0002985554855448756,0.00025401785065045995,0.0011715665820149926,0.0008621800490261837,0.00028866038733933215,0.00018951707414034474,0.00015121214501439065,0.00012406529305977946,0.000591894927653437,0.0013785904178279813,0.0005126945937634388,0.00021124766668355208,0.0002642943657987496,0.00040040530884517865,0.002010806386533508,0.0010532068520926624,0.0005720606206075549,0.00032088225467912483,0.0004470641875085846,0.0018733981999031531,0.0006910773717819206,0.0005029065460924277,0.0003677603208753091,0.0004119612048788348,0.0012155038251292654,0.001388545629811679,LC_V18_H2p0_T7,0.002010806386533508
8,"(8, 1)",34,2,single,,TY,1.7480695149401e-06,1.3859145815229607e-07,2.4375018745937856e-07,1.4011063147957308e-07,2.8369053292947603e-08,3.064754145872311e-08,6.332270548149272e-07,4.948452521594542e-07,9.70361985575705e-08,8.150747629798013e-07,8.895758526853381e-08,1.756854525385146e-07,1.1869123573907171e-07,3.1008210862210265e-06,1.3578894635215952e-06,8.309704681956921e-07,4.034981291952998e-06,2.1778911013403335e-07,1.3226807610353018e-06,3.63049246370008e-07,6.106312647614072e-06,1.4676334896829152e-06,3.733254757169238e-06,8.370781847326374e-06,5.42442199536733e-06,6.139273794138588e-07,1.0092386126128827e-06,6.190141750080451e-07,4.291223208393545e-05,5.310180050164423e-06,4.525683332934342e-05,5.641071073476425e-05,8.772571309400595e-05,2.416197374119696e-05,7.2865297083068235e-06,3.9225670356910286e-05,6.516777733704611e-05,5.922825117678157e-05,0.00016011503636931759,6.877351928615315e-05,1.3920625999789693e-05,1.592838304200962e-05,2.8037450877720175e-05,5.009482981477053e-05,4.2474870348378316e-05,0.00018768827541431184,0.0001280167879408463,3.929799245601046e-05,2.5152881874692102e-05,1.788008226819954e-05,2.657577875395668e-05,0.00012102875234712212,0.000261850060372184,9.413437994236447e-05,3.819164612975412e-05,4.301850658434127e-05,8.031543608074567e-05,0.00038316934269405997,0.00019042816237600227,9.332959162388084e-05,4.792712167318058e-05,0.000108287550724065,0.00042876367589020034,0.00014406384607740838,9.607914760796478e-05,0.00010312377454817219,0.00010583791958450491,0.0002845647211711069,0.0003989097722749166,LC_V20_H2p5_T7,0.00042876367589020034
9,"(9, 1)",41,1,single,,TY,7.479938288355494e-06,3.641011146043778e-07,6.379597812715779e-07,3.64389699160701e-07,7.330451982950418e-08,8.082620947478697e-08,2.1997716657229724e-06,1.7180109987732335e-06,3.2973419140084705e-07,2.7844464970046714e-06,3.0371272786562855e-07,5.856539550281389e-07,3.9616417708797494e-07,1.541223449782357e-05,6.762005203537436e-06,4.034337681192453e-06,1.968095988485145e-05,1.0702588588312044e-06,6.314860503722516e-06,1.7386153643176276e-06,3.306816286994803e-05,7.95533711517827e-06,1.9969314215280502e-05,4.491484099790032e-05,2.8572251820797023e-05,3.368167054423136e-06,5.3842753041012895e-06,3.5609597454978515e-06,0.00022431199293465847,2.7749442729997897e-05,0.0002357624943114313,0.0002937286709969752,0.00045439431688026676,0.00012455030097230642,3.792346884519142e-05,0.0002211301156684324,0.0003652199969931989,0.0003327790053072965,0.0008940077375472422,0.00038959762471773,7.924497665376615e-05,9.543745841170385e-05,0.00013627956509230102,0.0002423340152919955,0.000205616903714359,0.0009036556668365918,0.0006147989976666878,0.00018746659616677405,0.00012098411134571625,8.677850610034287e-05,0.00013798271324681958,0.0006259634889478087,0.0013483360286790564,0.00048187700034915427,0.0001954999043600594,0.00021790101356297664,0.00043307049664190346,0.0020487025687541153,0.0010080602316754764,0.0004896860492462664,0.0002485437915422524,0.0005978800728903786,0.00234859306147992,0.0007837355212446574,0.0005175639322848251,0.0005828532897703563,0.0005941773394910318,0.0015837096516986527,0.0022611252169617885,LC_V20_H2p5_T7,0.00234859306147992
9,"(9, 0)",47,1,single,,TY,0.00014278987416069545,8.986101262772677e-07,1.6178761711976662e-06,2.0274629011857256e-06,4.249977813161174e-07,1.1736982234523517e-06,7.199676187827822e-06,5.738139094321429e-06,1.6424633916820506e-06,1.536508871975001e-05,1.7150855189212585e-06,6.116903758049053e-06,4.282563510158382e-06,7.991701813158078e-05,3.5575505219075116e-05,2.5444186857446924e-05,0.0001292888240381132,7.33506058805094e-06,6.106809274515428e-05,1.7357994251236744e-05,0.00010895092644637947,2.6492599384398176e-05,7.888781871650005e-05,0.0001829812760570053,0.0001555468060348045,1.9237710594884613e-05,4.360027893558009e-05,2.80359864671734e-05,0.002826586592612241,0.0003498260009669472,0.003097901307547562,0.00386390766622456,0.006395846839523005,0.0019325551962645006,0.0005856637151311327,0.002060535993587791,0.0035180474183192554,0.003196969002587153,0.009105831250443513,0.004252491412791111,0.0009568079065573884,0.001100752151861693,0.001400331123375845,0.0025641076363595917,0.0021810534206796552,0.010096213273359505,0.0074193419062379634,0.0024881178352292943,0.0016050068068031525,0.001274380609201938,0.001030638500733021,0.004935995233306535,0.011510694938846697,0.004503200802495693,0.001825882178822177,0.0023032758655374963,0.0033917583370291046,0.017131732153482165,0.009068687381283856,0.004886542815621196,0.002758953941578918,0.0037937524120186133,0.01609479822726396,0.0059057035109967215,0.0043333142501895665,0.0031392418749026513,0.003482757689061551,0.010334427485429858,0.011417617993363193,LC_V18_H2p0_T7,0.017131732153482165
10,"(10, 1)",44,2,thick,,K,2.112066771131608e-05,4.092805780582379e-06,7.218520262884231e-06,4.275838475523933e-06,8.701008625335392e-07,9.846757401355326e-07,1.232270530590703e-05,9.635573350883315e-06,1.955136893381382e-06,1.6374508325397775e-05,1.7899209081359967e-06,3.6912440561616296e-06,2.495138996713575e-06,3.538813553528682e-05,1.5568676830644716e-05,9.96234427436462e-06,4.8596750481366464e-05,2.6179200767213353e-06,1.7061417988631732e-05,4.665260314944798e-06,4.65162965771427e-05,1.1209540738842223e-05,2.9731183777897902e-05,6.675764494579258e-05,4.618356017247717e-05,5.323130738850609e-06,9.513900682662391e-06,5.905022792985984e-06,0.0004478640109438533,5.520726040051057e-05,0.0004834343433278893,0.000597646162806824,0.0009570647511443277,0.0002703428150084985,8.082815108050594e-05,0.0004021358288960749,0.0006744183328944266,0.0006130096209723143,0.0016858841808868512,0.0007401773672219414,0.00015453282311379547,0.00017619147487267682,0.0002836231156302671,0.0005163040259664859,0.0004391265065547412,0.0019882678677370907,0.0013968774638675725,0.0004441228817680748,0.000283351789956034,0.00020909663771817295,0.000184252536892927,0.0008530627496941982,0.0018870224249886297,0.0006952050009138427,0.0002811926102738006,0.000328069129660501,0.0005896042119218093,0.0028346212452530508,0.001425177280701176,0.0007101009392042161,0.00037240579930675633,0.0006716027711905657,0.0027150857805168732,0.0009306662508227825,0.0006377073742277075,0.0004767168063270403,0.0004995680186263625,0.0013874901345952266,0.0017995574924397633,LC_V18_H2p0_T7,0.0028346212452530508
10,"(10, 1)",44,2,thin,,K,0.0018343909951669816,0.0004199062905121049,0.000742029828809649,0.0004377276511896624,8.924631001500122e-05,0.00010058528791655174,0.001152578769368384,0.0009012932588543764,0.00018336750633652737,0.0015372408403198463,0.0001681354048285786,0.00034765863313988957,0.00023518101786279007,0.002936790221653604,0.0012918192073087887,0.0008333026591533971,0.004065929624190127,0.00021832674554430164,0.0014438174156267973,0.0003939539147208543,0.003648989645944053,0.0008765215273535975,0.0023403508604948582,0.005251951318743247,0.00366340212836006,0.0004216426349221643,0.0007631477231805248,0.0004734872465364103,0.03442573468752823,0.004242479420228048,0.037415369077475044,0.04613239899991512,0.0743982771675653,0.02113452674408858,0.006313419754168153,0.032744120192141374,0.05506477020081925,0.04999117846489574,0.137865494432157,0.06065796175826543,0.012720370586068381,0.014473805714769184,0.023362110291183437,0.04267513524755193,0.03626735620238103,0.16495561010752227,0.11645961733581395,0.03724011629569578,0.023774001746462513,0.017646873678873774,0.014623992610632429,0.06789167270170046,0.1506604208370073,0.055787437725859944,0.022563474774763833,0.026486683571972335,0.04519652843386341,0.2181141397989917,0.11008862236120798,0.05509706315175865,0.02898159778686842,0.05056666525067167,0.20530594756469084,0.07059428307002642,0.04855398409282205,0.03556958069773699,0.037441865846138206,0.10471427095059413,0.1327576568342212,LC_V18_H2p0_T7,0.2181141397989917
10,"(10, 1)",44,2,thick,,Y,0.00011466406048662978,1.0091705887109924e-05,1.767773180932222e-05,1.0581802742585773e-05,2.137538573660738e-06,2.4444949575859324e-06,4.909226946813044e-05,3.836025300013415e-05,7.60558759747713e-06,6.37785147265785e-05,6.956237942480267e-06,1.3997550297677686e-05,9.428350921419653e-06,0.00024895417486488414,0.00010939224139419787,6.728998818409641e-05,0.00032937880609509396,1.792702828814624e-05,0.00011101900178880703,3.056389406588463e-05,0.00042762452646590194,0.00010311500881187185,0.00026606557102188793,0.0006012699639701707,0.00039989413191161616,4.6234932162918284e-05,7.810573974334319e-05,4.8499740895993615e-05,0.00398077144447482,0.0004915611889926614,0.004234465140980994,0.005250933769813155,0.008235861479034871,0.0022788308201619673,0.0006863503360997777,0.0030326074336222437,0.005033079946189316,0.004579916349701514,0.012406181506532277,0.005369634173695835,0.0010950379950073206,0.0012524759666929432,0.002024175771415016,0.003637475661477275,0.0030911667815283162,0.013798063786188081,0.009532241884244915,0.0029616173008009373,0.0018968768961624828,0.0013655441837085891,0.0015214171403613672,0.006966423452784495,0.015173667102861627,0.005492548023829958,0.0022246720226188825,0.002538027037320578,0.0052883202073650114,0.02518912149430429,0.012535206655790847,0.006172220736359623,0.0031751501400219934,0.006498072902601601,0.025949868934053683,0.008766488822019042,0.00590064544106924,0.005049878904906188,0.005193695356495967,0.014075054862281984,0.01949221536465347,LC_V20_H2p5_T7,0.025949868934053683
10,"(10, 1)",44,2,thin,,Y,0.008064559792505447,0.0008742773735562558,0.0015344594725122934,0.000916596742198827,0.00018563407235462617,0.00021178708923730866,0.0037260560140025905,0.0029129928087428467,0.0005813275826259595,0.00487456953489284,0.0005319048697372042,0.0010788275164220977,0.0007268018014973869,0.016354449022419025,0.007187204348641024,0.00446008897637335,0.02181859808319433,0.001185765977674586,0.007440838642176161,0.002043476316799415,0.026281035811822766,0.006338387775626381,0.016494937164548463,0.03719708451264661,0.025006357663884194,0.0028883234916134365,0.004947860141410969,0.0030706027674072354,0.2491429335115565,0.03075906106063917,0.2659058640077265,0.32941704600831473,0.5184413883130693,0.14391286728667826,0.04330917205514194,0.19319544785154855,0.32153066190521046,0.2925269597618774,0.794676703378277,0.3442659969547757,0.07044363649371428,0.08054154567890663,0.12365382424953829,0.2222080878963987,0.18883948564354655,0.8421855606374024,0.582104958688681,0.18097129386683025,0.11585348457988717,0.08341183701708249,0.08985333112206498,0.4129235525667764,0.9031073559921872,0.3280128080001256,0.13274829904427532,0.1520236084670395,0.28386330687891476,1.3547360980115764,0.675000993343915,0.3321760661936315,0.17107233906131092,0.3349359707104212,1.3377451295524074,0.4522071839588846,0.30425155213455096,0.2691474901874404,0.2773235623883807,0.753114023477587,0.9767177426485271,LC_V18_H2p0_T7,1.3547360980115764
10,"(10, 0)",46,2,thick,,K,4.185340816462121e-05,5.278899388400767e-07,9.349565166907086e-07,8.226227284577086e-07,1.6466096883548353e-07,3.1367644659427637e-07,3.1253309706035193e-06,2.4478268872331313e-06,6.365714036308834e-07,5.3446655003485215e-06,5.743709642386492e-07,1.7325108615355108e-06,1.1371313840978577e-06,2.351126033049622e-05,1.037203347826424e-05,7.263531495270197e-06,3.5885578772136716e-05,1.9557956315543364e-06,1.5148764681654351e-05,4.14653159951113e-06,2.7548769490483947e-05,6.670415145271977e-06,1.960131763952919e-05,4.464697158468003e-05,3.628938545296759e-05,4.149443665345779e-06,9.055240986884704e-06,5.541117762999204e-06,0.0006956864892941629,8.594061748547786e-05,0.0007616038796181879,0.0009445604246392167,0.0015533713276496392,0.00045418867910791986,0.0001350548235927013,0.0005117668462289296,0.0008717083005103482,0.0007894233378114534,0.0022358088132329616,0.001012744048902804,0.00022209342403742998,0.00024897526089737995,0.00033935574002812364,0.0006199354055630413,0.0005264632973487299,0.00242301176549558,0.0017445414744066765,0.0005733628859222458,0.00036391776478274403,0.0002799549281675678,0.0002356669332699271,0.0011225904696375826,0.0025710687388966844,0.0009896644469234433,0.00039640307475060374,0.0004871072410748135,0.0008152901029037183,0.004045278482668174,0.0021120230038756986,0.0010929651981661762,0.0006012220936813617,0.0009274536585047929,0.0038774662854517187,0.0013777277110957114,0.0009877612149697466,0.0007259156878942012,0.0007785931615103224,0.002258448509920969,0.002559578808806946,LC_V18_H2p0_T7,0.004045278482668174
10,"(10, 0)",46,2,thin,,K,0.002305684778952669,1.667101528612996e-05,2.9658870935149615e-05,2.875431025785339e-05,5.888884917235214e-06,1.233088305108123e-05,6.913094836651237e-05,5.452405051020282e-05,1.5078042958270019e-05,0.00013380030635055273,1.477360996488291e-05,4.865757967371225e-05,3.339907495670974e-05,0.0006926253137469531,0.00030553616373389544,0.0002166679146496534,0.001079424627409639,6.047997919703148e-05,0.00048064197146184485,0.00013556133546801575,0.0008496217811782661,0.00020615163096200217,0.0006088886721996092,0.00140102743575371,0.0011611138617582274,0.0001395485113218107,0.00031005373194053164,0.00019631815296373617,0.019151491776815795,0.002375043524733782,0.02080424578019462,0.026047435636134323,0.04278970755911621,0.012840092130451198,0.003896226042339091,0.014794874716482713,0.025287972338857947,0.022923383999828982,0.06509630114156105,0.030092591229466326,0.006697340575898779,0.007682013372332648,0.010909139254776054,0.01998970590049662,0.016960761825483534,0.0783281020193624,0.05688655050340023,0.018950668906764008,0.01211376072212538,0.00947966631263568,0.008384996648652611,0.03999276853204228,0.09197451372830891,0.03546217013428117,0.014354376520721239,0.017838692090791527,0.028844326368750547,0.14305700735777804,0.0746610154137604,0.03932212822116702,0.021793163812939716,0.0336553311474015,0.1409701034116947,0.05083629183076799,0.03674713386098839,0.026861309133939925,0.029433431767542647,0.0862738482511188,0.11110921336387646,LC_V18_H2p0_T7,0.14305700735777804
10,"(10, 0)",46,2,thick,,Y,0.0009651981239058834,5.10957547266709e-06,9.16661961698896e-06,1.1968870185323532e-05,2.4474597289256057e-06,6.807971488459841e-06,3.60131631512405e-05,2.8704933921934445e-05,8.513755016274144e-06,7.870831332878676e-05,8.668581132226481e-06,3.2204570774805057e-05,2.2156749555978842e-05,0.00044471811851452386,0.0001974563787105349,0.0001420040973596455,0.0007215673698189219,4.0539951811029054e-05,0.00034044494404098907,9.548347725291843e-05,0.0006150170470646432,0.00014956186558304232,0.00044870727661040305,0.0010404290246980327,0.0008866421073249481,0.00010775613250328904,0.0002460342762164484,0.00015644490930144577,0.01646325412922529,0.002041092183319127,0.017966305874495977,0.022504585580013278,0.03714442795471001,0.011183906810385657,0.0033876247063846475,0.011467901758587772,0.01960100184782028,0.01778628872331569,0.05072808554756595,0.023628834500642248,0.005302179695071243,0.006076143180554979,0.007449826359150714,0.013635339673210794,0.011583534590232926,0.053619209157424304,0.03947838104112027,0.013269234380792402,0.008555914593504306,0.006805529163266205,0.00537523867840919,0.02589394013379038,0.06056407757899477,0.02385830263592166,0.009689175127922367,0.012285356838377082,0.019136458296602016,0.09606608455112164,0.050734157578961395,0.027041214512977852,0.015221828838294838,0.021288650398240138,0.09009496232679311,0.03297112668202704,0.02414453853865946,0.01665587258154158,0.018527925867044152,0.05529341236894233,0.06341316693662141,LC_V18_H2p0_T7,0.09606608455112164
10,"(10, 0)",46,2,thin,,Y,0.04979435681932691,0.000270644003604421,0.00048502154711646127,0.000612884169116822,0.00012538280787495514,0.00033946778086215,0.00181386110665178,0.0014443779359555474,0.00042618758387895166,0.003921163861724028,0.00043181777964495415,0.0015862482950119,0.0010898768614937895,0.021813730682035886,0.0096789900981478,0.006967325943463658,0.035310483459466586,0.0019793024276690213,0.016579195164704144,0.004647027936244526,0.029907762088681417,0.007270995134699404,0.021789710393384364,0.050466577366628136,0.04290616637811753,0.005211380346783955,0.011874805188878419,0.007546686097210386,0.7747751738031776,0.09602769842891029,0.8400761049579135,1.0524909575856614,1.721508612129822,0.5114649134991736,0.15482055347768403,0.5349848804338266,0.9105216257953817,0.8264857509826897,2.3362059738836893,1.0759477662123191,0.23681348690946727,0.2725288957578706,0.33642102765965504,0.6110241751095828,0.5200035865663224,2.3808355450340923,1.7210905868372264,0.5661331944664044,0.3641334498933509,0.2807195665964536,0.24107663449962505,1.152283667002084,2.6552395617627127,1.0215485671308882,0.4147291885375977,0.5077469705583827,0.7359082380165028,3.628943179720895,1.8728492296241934,0.9645943302136268,0.5206984311868789,0.7927530765121935,3.27596362771508,1.1549406365323431,0.8118306960867548,0.6386525513532105,0.6860180369489731,1.9570368793517054,2.1426464902297035,LC_V18_H2p0_T7,3.628943179720895
10,"(10, 1)",57,1,thick,,K,2.39134693385674e-05,2.649518057983154e-06,4.693133353139688e-06,2.606187796414193e-06,5.344497057557943e-07,5.563223194157036e-07,6.6236368246753675e-06,5.189301375905625e-06,1.0034637060689149e-06,8.444817926919004e-06,9.247849863001799e-07,1.7765789265734517e-06,1.2013185670393076e-06,1.5378188961296047e-05,6.738784574754942e-06,4.229223496028998e-06,2.0440145447333052e-05,1.098302660477557e-06,6.787482964770334e-06,1.8496996235039739e-06,2.093619922377516e-05,5.038547147479616e-06,1.3079844794122717e-05,2.9326264296029855e-05,1.939317535738948e-05,2.1842486372114473e-06,3.770135685349353e-06,2.4829088927490567e-06,0.00015769181993902426,1.9430233910308795e-05,0.00016993048772649991,0.00020932434664204668,0.00033439308374579843,9.950670627620209e-05,3.1173407086395254e-05,0.00015437706440884084,0.0002581034620773701,0.00023403452699200964,0.000637127927880449,0.0002751663478525157,5.7332249750193256e-05,6.670352200592006e-05,0.00011459894630960297,0.00020814107967917492,0.00017683841754337503,0.0007965686810193471,0.000554361199117933,0.00017365312184466496,0.00011065844384265443,8.099651932611714e-05,7.681779906226372e-05,0.00035293820864869474,0.0007693769296119353,0.00027667647979518346,0.00011209633022753848,0.0001307839843436823,0.0002281795364200802,0.001095683528490168,0.0005501207656725057,0.00027789897734861084,0.00014823143626823809,0.0002622343018394915,0.001052472759564766,0.0003649807643294636,0.000252660021792198,0.00020262489972464113,0.0002080080201250786,0.0005745443758971867,0.0008123623761273442,LC_V18_H2p0_T7,0.001095683528490168
10,"(10, 1)",57,1,thin,,K,0.0005994424624637654,0.0003203262413431162,0.0005675221356994298,0.0003155564661910037,6.470055622798514e-05,6.61607127119009e-05,0.0007302718094153799,0.0005718213463274094,0.0001113511265041322,0.0009346732012244402,0.00010230418947665763,0.00019744468346191387,0.00013337993642490497,0.0014835439095973776,0.0006499074887022648,0.00041087370023846397,0.00198514995583049,0.00010626806430176227,0.0006630206533793493,0.0001799741656669153,0.0019009153183201207,0.00045656886600017557,0.0011942837793383703,0.0026612572233371433,0.0017755243216248126,0.00019838745288308917,0.00033946717024933696,0.00020712571303139213,0.013657320069497892,0.0016819167544385018,0.014804585641532293,0.018207245230099697,0.029157940023863377,0.00808529961820264,0.002398118042166959,0.014535868416340015,0.024364619075542972,0.02205740072053878,0.06024344601326087,0.025996427566064028,0.005328037283432634,0.006022442391420757,0.010954754986324838,0.01999741503367652,0.01695666220809598,0.07680060699516053,0.05352037815587899,0.016830793163490555,0.010693395738758316,0.007754156660363071,0.006902151201679671,0.03180085420811835,0.06948722812296086,0.025007410417608875,0.01012868521691607,0.011484715585720546,0.01952477340515323,0.09327830922921436,0.04640078940556358,0.022757644179200974,0.011707757257535733,0.021969974427905877,0.08791564490713538,0.02971652089170606,0.02002839056727918,0.01654225856816918,0.016934033720547005,0.04585003196560188,0.06660171570465177,LC_V18_H2p0_T7,0.09327830922921436
10,"(10, 1)",57,1,thick,,Y,2.39134693385674e-05,2.52124937169104e-06,4.432808407544038e-06,2.4543214191060966e-06,5.009128656880117e-07,5.116659845174348e-07,1.2261465834602639e-05,9.605601979181196e-06,1.7984330139740021e-06,1.5291781037589075e-05,1.6811771590542702e-06,3.1064534414345413e-06,2.121971755145653e-06,6.406901716667272e-05,2.812989247957567e-05,1.6849202501010383e-05,8.229303081509625e-05,4.507191690343489e-06,2.660148278221098e-05,7.373805443337813e-06,0.00012787763757377227,3.087456407040806e-05,7.806135842334056e-05,0.00017641940850583875,0.00011421589687154398,1.3226738531636395e-05,2.1561413780362752e-05,1.3430847441762589e-05,0.0009856948226269985,0.00012182760354411292,0.0010399564727200643,0.001291959427981207,0.002007032665843894,0.0005508995552603868,0.0001670388805895606,0.0007417191098019758,0.0012247111884112025,0.0011142620064676922,0.002993330686399749,0.0012811279071087115,0.00025789627390776173,0.00029539850350056003,0.0005035539324021948,0.0009010093562638274,0.0007656262538536142,0.003391827326166507,0.00233013454415154,0.0007159572180194553,0.00046052328384801086,0.0003275872232844272,0.0004265303712173254,0.001942039159230699,0.004202222434583606,0.0014984144871836081,0.0006103367448764235,0.0006840948790491228,0.0014076137463355253,0.006665991613695225,0.003285179978364831,0.0016035942681635865,0.0008151982651424058,0.0018614376730555786,0.007333722318542644,0.0024601600625442552,0.0016297620456962386,0.0016845132750523907,0.0017143600454577739,0.0045676500976757125,0.006497524041041373,LC_V20_H2p5_T7,0.007333722318542644
10,"(10, 1)",57,1,thin,,Y,0.0013788710173609844,0.0002592020449189532,0.0004571521004427907,0.00025314507367288895,5.176716891680477e-05,5.266604826068488e-05,0.0010298041730862407,0.0008063601392028849,0.00015251255118514204,0.0012907456972446427,0.0001417229187463597,0.0002648165490124375,0.00018025923632765574,0.004303259949820882,0.0018881739426308709,0.0011451821988190457,0.005577656254074068,0.0003034946620634301,0.0018141844904746834,0.0005002876651427421,0.00783765737387418,0.001890719206907107,0.004802744521163729,0.010842338735987186,0.007022000714650361,0.0008088569862066847,0.0013334327916295391,0.0008281284468638463,0.06123915142141102,0.007566018466989269,0.0650008630304247,0.08066187315114588,0.12586432345640727,0.034641434271899814,0.0104587306870917,0.048180964012323205,0.07974163379779176,0.07247317196139387,0.19511644082532636,0.08370564912838954,0.016926458123006822,0.019358563624172674,0.03341928742610337,0.05999574621455397,0.050935848991290354,0.2262428805304978,0.15552928202583707,0.04796146669164311,0.030809565140713077,0.02201471673126412,0.02654279074489278,0.12108420204029964,0.26237804241896506,0.09373665386359398,0.03818902467385436,0.04292256405970839,0.08318155548051831,0.39466954057020925,0.1950618666915859,0.09540836348181055,0.04863863831646204,0.10397649577453928,0.41061821232729107,0.13792343480876984,0.0916658188918476,0.09382865989287356,0.09568101840386406,0.25541793795299544,0.349500845555165,LC_V20_H2p5_T7,0.41061821232729107
10,"(10, 0)",63,1,thick,,K,2.6366270892302792e-05,1.0234322322958841e-06,1.782911346553681e-06,1.3295468640440922e-06,2.5642052841445134e-07,3.938291305630937e-07,3.9580339601937406e-06,3.076441858014586e-06,7.980884126646063e-07,6.242385131058081e-06,6.529874872651189e-07,1.8671332481350952e-06,1.157437119924369e-06,2.187034511348152e-05,9.565280994984941e-06,6.954517538981498e-06,3.330959050529384e-05,1.7282727108525685e-06,1.3412306870989216e-05,3.505782185167154e-06,1.851951252435645e-05,4.472182941437204e-06,1.3384540034309574e-05,3.0229113784123282e-05,2.496045156641429e-05,2.7695564144307474e-06,6.178386256917359e-06,3.6570607994996443e-06,0.0005507177995692773,6.786361736341657e-05,0.0006060776320503009,0.0007451498128791164,0.0012284088354956291,0.00035256384184755853,0.00010272721237398684,0.00041049268913018584,0.0007063196499408057,0.0006349631976672789,0.0018085753078049217,0.0008097290547447889,0.00017757529362519335,0.0001935536995057894,0.000275863829492892,0.0005083687274569125,0.0004287738837291303,0.001985052958756191,0.0014156514635452983,0.0004652226450082097,0.0002891546879567572,0.00022043378973160845,0.00019368455540833508,0.0009147234869446418,0.002072904367058304,0.0007965046076896661,0.00031612052284805644,0.0003831724892977651,0.0006674967899352515,0.003273740557854162,0.001694740846103889,0.0008633146918322126,0.00046892732977882936,0.0007688079056932715,0.0031997102365251212,0.0011148538521037327,0.0007898242698909238,0.0005801743383820399,0.0006146783012014397,0.0017711800636753497,0.002104702383017138,LC_V18_H2p0_T7,0.003273740557854162
10,"(10, 0)",63,1,thin,,K,0.001358695586033062,2.7806301661116914e-05,4.96712368020929e-05,3.83510325807091e-05,7.51681824130619e-06,1.2345733768646556e-05,0.00015297333298033632,0.00012037955091776771,2.9060511651464123e-05,0.0002465552251653015,2.6327127182924142e-05,7.352905252912338e-05,4.741694363852452e-05,0.0009398031502826575,0.00041345255843502654,0.0002893900169197237,0.0014253388169773486,7.567038172067319e-05,0.0005757515914385447,0.00015431243286033108,0.0010593568182811956,0.00025587840325243054,0.0007426074278977485,0.0016913744374477855,0.0013479619718383944,0.00015278539462436778,0.0003283506991839774,0.0001969670722149542,0.019389104718725122,0.002394731242856987,0.021295141273176554,0.026392459020521147,0.043579141826881614,0.012752644598500954,0.0037687597866054227,0.017344084169756285,0.02962791649823579,0.026808749588027047,0.07605448657296617,0.03448402329061093,0.007551669281827582,0.00840974501280341,0.01444958281768656,0.026691711021597862,0.02258987473247827,0.10459294085600711,0.07474474889189556,0.02444198789213854,0.015328724042304518,0.011630343430072892,0.010930428164856783,0.05153924776828107,0.11640227968384664,0.044226469795831884,0.01766499659337782,0.02121938910512549,0.032500298450938096,0.16047071836963192,0.08336991239317683,0.042775848050258594,0.023273839341934825,0.039510486741280285,0.16503311330028783,0.057844089413959486,0.04098272666330766,0.03410520382395588,0.036090504830993145,0.10331195160991957,0.1276891216067788,LC_V20_H2p5_T7,0.16503311330028783
10,"(10, 0)",63,1,thick,,Y,0.00034384670886859173,3.7980237770778568e-06,6.6787378854591226e-06,7.265569222958523e-06,1.3691844522774426e-06,3.2008409674034363e-06,2.983303103992259e-05,2.3386541493908343e-05,6.848460611675212e-06,5.679432192400106e-05,5.926848099986234e-06,2.0835799921137866e-05,1.297113019550558e-05,0.00027017607931581483,0.00011933393335937108,8.828719925949987e-05,0.00043587235936588857,2.3038213414191804e-05,0.00019271243147613213,5.102703319720231e-05,0.0003441651973547078,8.334935426270307e-05,0.0002581349456808908,0.0005861567638404846,0.0005058315758280129,5.5283441014207337e-05,0.00013151772473115724,7.724593965485773e-05,0.008584805316199559,0.001060541817291732,0.009491122013268898,0.011759228230576605,0.019611825802786417,0.005803663580219694,0.0017089066668319536,0.00635123708597899,0.010946855525862869,0.009876141662653362,0.0283843888625104,0.013028311387340851,0.0029261591499308466,0.0032230776633787616,0.004482594372709185,0.008285847494778537,0.007012867603938124,0.03264761345127617,0.023622132627248046,0.007878039413365807,0.004927160076252428,0.003831760515791062,0.003157755782401031,0.015229353390823179,0.035193437693897156,0.013876521005869485,0.005472553725419462,0.006822636486928909,0.010606354555289181,0.05324235740446131,0.028207339562081307,0.014664895871717107,0.00817064931509609,0.012016369217129338,0.05107316969861205,0.018198164185685903,0.013195990413903416,0.009962387650628825,0.01068063632866806,0.031375021885080005,0.034268395140413674,LC_V18_H2p0_T7,0.05324235740446131
10,"(10, 0)",63,1,thin,,Y,0.018023511455833096,0.0002183691740655662,0.00038528494337037114,0.0004000007020023492,7.57650038799323e-05,0.00016938476196953683,0.0016670249509922468,0.0013077253686133701,0.00037246575408450333,0.0030977351711302787,0.00032461390549353824,0.0011051864627577579,0.000691747281470177,0.01424364759876835,0.006290493709704958,0.004623827319869999,0.02279644931931575,0.001205842365133052,0.009972923618688236,0.0026451137015748158,0.017855603015145705,0.0043239733626889145,0.01329899562153788,0.030235348290680173,0.02586826247346477,0.0028396629758139355,0.006676420072299505,0.00393005169728779,0.42976122501988473,0.05310080087683101,0.47229739120980885,0.5858585723095835,0.9710182760632776,0.2856589225312787,0.08425248850575305,0.3217536312527442,0.5519367256466184,0.4980199948625925,1.4188397562210775,0.6454776540248274,0.14255433921423535,0.15850734637661246,0.22197678575130977,0.40658042561681346,0.3449059641301864,1.588063013752976,1.1373124715848537,0.3724494196813253,0.2342852809933311,0.17838731202446084,0.15674421541556954,0.7514021321343063,1.719925932216437,0.6661403550170548,0.26420194735944164,0.3213386050860283,0.47081152755691597,2.3245089314583383,1.2059048121194573,0.6135315351128583,0.3319533486592046,0.5181698040917136,2.148576875044296,0.7480602690416802,0.5264017224164025,0.4322488004365234,0.45759874101788167,1.3039622558933561,1.403682162995167,LC_V18_H2p0_T7,2.3245089314583383
13,"(13, 1)",34,1,single,,TY,2.160534585773163e-06,9.8998139163999e-08,1.7255209444201156e-07,1.0323388026922628e-07,2.074689135533551e-08,2.3677412806526683e-08,5.267369310787527e-07,4.111119869095719e-07,8.119456662603753e-08,6.786826848459908e-07,7.389201221644257e-08,1.4767878623070377e-07,9.910034038293224e-08,3.2735477862912743e-06,1.436311720830173e-06,8.768023922448585e-07,4.278254922627517e-06,2.324683588699772e-07,1.4166432284993452e-06,3.89679186102067e-07,5.7006468229496424e-06,1.373883828164769e-06,3.513223734077672e-06,7.915666358232866e-06,5.198194364764017e-06,5.979248653151084e-07,9.957101920166516e-07,6.158692962926394e-07,5.725568901370764e-05,7.069315084858945e-06,6.073846866777187e-05,7.531715054748611e-05,0.0001175178192853881,3.225785880168584e-05,9.714945507008015e-06,4.1616588653135184e-05,6.892116954267538e-05,6.266622575671362e-05,0.00016912096363154032,7.270890292947061e-05,1.4716401379987252e-05,1.682116706903769e-05,2.6831950787237642e-05,4.810969521965469e-05,4.086822803330118e-05,0.0001816987738630311,0.00012475235346291643,3.849319167707022e-05,2.4639979048893016e-05,1.762036338655835e-05,2.1664558765355377e-05,9.869382063708191e-05,0.00021372994485047554,7.809358214278656e-05,3.1593144821793284e-05,3.581609404647619e-05,7.737564907022928e-05,0.00036726328658412427,0.00018183938332614583,8.893775125704329e-05,4.5527546307665236e-05,9.773793528400915e-05,0.0003884478595988106,0.00013041381840118809,8.736575056990292e-05,7.995648637154749e-05,8.156514463848913e-05,0.00021831850549505617,0.00031073879199098215,LC_V20_H2p5_T7,0.0003884478595988106
13,"(13, 0)",35,1,single,,TY,2.2795306150037543e-05,9.154844218617585e-08,1.658388555997334e-07,2.1994869312281496e-07,4.8608630382215104e-08,1.4184215951062982e-07,7.113771463890869e-07,5.62892699346114e-07,1.5688239900594e-07,1.5118884757787258e-06,1.765196648654628e-07,6.003813273068178e-07,4.575963977071423e-07,8.171713634035478e-06,3.6272843647459574e-06,2.6008426220497517e-06,1.3259566696771699e-05,7.648181617452096e-07,6.380819746873226e-06,1.8655923356407904e-06,1.1856751411892064e-05,2.8549454245638186e-06,8.357650188933704e-06,1.9164896448250628e-05,1.5897558364238567e-05,1.980685548886833e-06,4.376415761568651e-06,2.8816367566166573e-06,0.0002585834484738082,3.2017500262118055e-05,0.00027815647272171957,0.000348521847142969,0.0005695186545313632,0.00017306296002903793,5.3396050810669604e-05,0.00018810857753354587,0.00031981817964338614,0.00029163842966880167,0.0008280890021496022,0.0003905278570096866,8.796033587896322e-05,0.00010407525942011908,0.00011947934363247646,0.00021874418489195948,0.00018570344490042716,0.00086113657317582,0.0006367738039103,0.000215575770275372,0.00014157733848979808,0.00011452592577065333,9.55039627927901e-05,0.00046081677800464304,0.0010847358023580453,0.0004511011985515691,0.0001875122130746059,0.00024247040944698245,0.000326941580443417,0.0016482739548408923,0.0008777378300803646,0.0004791989345796156,0.00027505357519519175,0.0003718495662718354,0.0015856922104145234,0.0005941007770452957,0.00044451244651653185,0.0003155178631955936,0.0003651128383259954,0.0011014880052840157,0.0013055902549866728,LC_V18_H2p0_T7,0.0016482739548408923
14,"(14, 0)",43,1,single,,TY,9.835895135827306e-06,2.6318159833221477e-07,4.540940809629819e-07,2.679053779324589e-07,5.348304861673893e-08,7.121234159805769e-08,1.74859502869311e-06,1.3653014080246445e-06,2.627572024826426e-07,2.2069144126362134e-06,2.409945474221939e-07,4.702213901255269e-07,3.43250466602975e-07,1.573974736427414e-05,6.906761686228777e-06,4.130623680511939e-06,2.0172339621936472e-05,1.0975924705231353e-06,6.5051303326901244e-06,1.808658521027162e-06,3.200723841368175e-05,7.716121716389457e-06,1.9430161215964076e-05,4.4058446102905806e-05,2.842247198674691e-05,3.500334854221612e-06,5.638506044605243e-06,3.887832760765396e-06,0.00028491394861372547,3.5229172105762724e-05,0.00029950855885717287,0.00037285188950494545,0.0005780531826198673,0.00016418763101416244,5.197094869919423e-05,0.000250693325216526,0.00041410031946770195,0.00037753266896476816,0.0010147698486722503,0.0004445842941786644,9.080526256801908e-05,0.00010967715300497051,0.00013490825646942853,0.00024056915283206254,0.00020469506916521616,0.0009039657570802797,0.0006266774327890286,0.0001938951251743601,0.00013012827363658927,9.62630156456069e-05,0.00011319948712880798,0.0005122490294919182,0.0011026115596983748,0.00039276936134156545,0.00015982809784273754,0.00018140786642095196,0.0003989508024535775,0.0018816608572555281,0.0009249561030703541,0.0004514382620407657,0.00023074959880776638,0.0005298068930479889,0.0020859757790226098,0.0006930651097619547,0.00046274170218348835,0.00043784173397553054,0.00044379948880432415,0.0011855599095232988,0.0017397668302129065,LC_V20_H2p5_T7,0.0020859757790226098
14,"(14, 1)",51,1,single,,TY,0.00015341160102105017,1.0132818660273272e-06,1.8201927616194844e-06,2.2763247055531255e-06,4.7275613764328417e-07,1.2860070399106319e-06,7.523905040586471e-06,5.927045698544254e-06,1.7054711955798885e-06,1.5566808621032617e-05,1.7346094424113662e-06,6.074259455980108e-06,4.27610310671562e-06,7.468092142235803e-05,3.307468304663695e-05,2.4570786345983974e-05,0.00012442308661817685,6.910214954835047e-06,5.980012256051405e-05,1.6752410636200097e-05,9.036243831005444e-05,2.182654125089952e-05,6.646504611047081e-05,0.00015290709840171639,0.00013327153124485352,1.5671305357792664e-05,3.7053170063969816e-05,2.3117873221610515e-05,0.002210655896817267,0.00027366342322364997,0.002399115439956792,0.0029989996153174103,0.004956963406137644,0.0015085409467509897,0.00045601587650994843,0.0016072999642521323,0.002753910834049953,0.0025020126617017633,0.007170756000823937,0.0033789539157829144,0.0007668662430199331,0.0008852275752518256,0.0009832309153296169,0.001810816913650312,0.0015347089398275349,0.00717387695976356,0.005326660867381449,0.0018177678170851514,0.0011701638035864308,0.0009513708346037687,0.0007604713356632781,0.0037117835476632825,0.00877401975247675,0.0035233802086663303,0.001421803888215774,0.0018296825054542572,0.002604845334868518,0.01310431437722924,0.007002914335822877,0.0037480917423231746,0.0021412716740643483,0.0029255487383133723,0.012513811292330658,0.004598548372728532,0.0034296499475797585,0.002358316255315882,0.002679060943436791,0.008083014209078187,0.009191649308323915,LC_V18_H2p0_T7,0.01310431437722924
15,"(15, 1)",42,2,thick,,K,1.8638743690320887e-05,5.1504560230240256e-06,9.09094584522961e-06,5.245584237595625e-06,1.0697890436026337e-06,1.168026861641408e-06,1.3633767761853311e-05,1.067435729413433e-05,2.1434218486090495e-06,1.801661871776447e-05,1.968845981999471e-06,4.014368235919843e-06,2.715723475480952e-06,3.1940287457580874e-05,1.3969105693304821e-05,9.065535439821803e-06,4.3621984481234464e-05,2.334090108664547e-06,1.5240036893606048e-05,4.157779426514019e-06,4.721022747256729e-05,1.1320126881691855e-05,3.014388641919083e-05,6.715208860011758e-05,4.601352467479831e-05,5.134280427106144e-06,9.066191473206933e-06,5.509762067533757e-06,0.00031450935829249087,3.88522374179229e-05,0.000338844426009317,0.00042083054935868405,0.0006752184395965086,0.00019149259600811073,5.7342899145406257e-05,0.00037676508025058015,0.0006354384605087865,0.0005766260243047341,0.001591173811882898,0.0007022228557783531,0.0001468207943347947,0.0001679187001800362,0.00027987174994458446,0.0005083151964564726,0.00043179475473084053,0.0019550031400889564,0.00136702663173274,0.0004321640128196805,0.0002752019676444176,0.00020222554386170385,0.00021132753783167124,0.0009785904004616151,0.0021619159404501352,0.0007988072398802917,0.0003245636816473816,0.00037593556664900575,0.0005876344601012079,0.0028566674064041194,0.0014514315065206518,0.0007288900817369138,0.0003848033805924768,0.0007338939340296853,0.0029776984535697442,0.0010240758767769316,0.0007025610281478006,0.0006307574480911483,0.0006612184685131697,0.0018207114921472533,0.0023988855854198644,LC_V20_H2p5_T7,0.0029776984535697442
15,"(15, 1)",42,2,thin,,K,0.0016287053552584416,0.0005114401433698202,0.0009026220339766747,0.0005211754355161842,0.00010634203708982629,0.00011613908921405388,0.0012449503223337446,0.0009749553424441802,0.00019623793926631684,0.0016500137763446074,0.0001803865010948547,0.0003679907843888122,0.00024926237825533107,0.002633080432630348,0.0011500804711686086,0.0007541558279238089,0.0036243267628589225,0.00019373465872741513,0.001278139518042578,0.00034861693891312845,0.0036183004366719014,0.0008685671779324191,0.0023303178196120338,0.005183774318411652,0.0036021700341597007,0.0004014103422575534,0.0007191826862561599,0.0004363437583106865,0.024627992828153047,0.0030402876779103217,0.0266471750435245,0.033040034865772665,0.05316642923141238,0.015135495184750495,0.00452689676922437,0.03053238731475559,0.05158876182328408,0.04681119076898712,0.12950326349307478,0.05725301719105019,0.012019915181617484,0.013720847893128574,0.022779835457394374,0.041612481442884694,0.03531158403652477,0.16066108841108076,0.11253939259976514,0.035730267728144534,0.02272658897958007,0.016770602650963008,0.01625110401176185,0.07539021667690618,0.1672398616884769,0.06213532825281918,0.02523928986835524,0.02940720717799762,0.04430826234124849,0.21633149942441307,0.11023885903244486,0.05557017912754274,0.029459356759730184,0.054457602737011584,0.2215057599363402,0.07625499426974461,0.05251532895377955,0.0454688537441312,0.04782319797993209,0.13215991008952152,0.1712998081096961,LC_V20_H2p5_T7,0.2215057599363402
15,"(15, 1)",42,2,thick,,Y,0.00010120757658243994,1.44269988654889e-05,2.5410340267707788e-05,1.4680710860686773e-05,2.9808611315981737e-06,3.245959789939523e-06,5.8416271958189304e-05,4.567510068805567e-05,9.00558781367298e-06,7.604010194206728e-05,8.316146807546845e-06,1.659659344978333e-05,1.1249770944279048e-05,0.00023153937367473805,0.0001013902332024551,6.29359677394489e-05,0.0003053183440070951,1.6489897536250756e-05,0.00010207503912014106,2.8029952017413045e-05,0.00044910090290593054,0.00010798698706323625,0.00027657594644401066,0.0006213232339599685,0.0004066590574234544,4.607442030796053e-05,7.680994968940244e-05,4.711861787511486e-05,0.0028915403196149024,0.00035769081334518615,0.003067913332394128,0.003819048348754245,0.005993230751818774,0.0016668150696571404,0.0005019795229883054,0.002857261468849259,0.004767051215457951,0.004330603810702836,0.011774674347934338,0.005102951423526394,0.0010432509545724533,0.001194908585374652,0.0020788579029626868,0.003725390889658036,0.00316405676581465,0.014066071352588614,0.009670463605945031,0.002994201175733393,0.0019204648378921168,0.001378935558564511,0.0018760248569853581,0.00859087139177241,0.018725902674577907,0.0067789747815969244,0.00275457842224077,0.003126945801490632,0.005496602720650566,0.026353433807838524,0.01316252338073031,0.006491694141156875,0.003354916621979026,0.007294722462881808,0.029023491312934357,0.009807055731028426,0.006578994898276777,0.006871991991445423,0.007101582277563923,0.019195966930044796,0.02636847077452258,LC_V20_H2p5_T7,0.029023491312934357
15,"(15, 1)",42,2,thin,,Y,0.007098885489501204,0.00121692028172099,0.0021458156412656544,0.0012386906434585826,0.0002519822903274016,0.00027443455797531395,0.004382491407048733,0.003425706415908486,0.0006798705061280941,0.005735579387868631,0.0006275681680377311,0.0012597413392214252,0.0008538546584904115,0.015087872425701214,0.006601063180629441,0.004145045832405342,0.020067149843717987,0.0010793931050053346,0.006785179654082195,0.0018541976413783755,0.0275076682859569,0.006615192549438847,0.017048684654005598,0.03825681203544639,0.02524943065836868,0.002848070133706724,0.004812555012358904,0.002948761704552663,0.17780805987605497,0.021982562482886832,0.18904858220882803,0.23522231592246504,0.37137768016148054,0.10379904165689291,0.031207591301432316,0.1797410549123924,0.30046001271323636,0.2727822031675554,0.7434717189613095,0.3236028051780286,0.06647948353032941,0.07607714446341461,0.12698390150604844,0.22802151936622786,0.19367579764670897,0.8630361932492892,0.5945152188777394,0.18464880633889275,0.11817397516509709,0.08493619241155656,0.10596157399555793,0.48707910865462983,1.0654248321566029,0.3875032890140456,0.15757883833571681,0.1796019196477172,0.2974777874325585,1.430064236864882,0.7155065763184335,0.35374187592961426,0.1830061409105345,0.37431698928901336,1.4963747841406654,0.5079678531823564,0.3418706975238925,0.34489597785403026,0.356017492770795,0.963198744609659,1.2244054942157143,LC_V20_H2p5_T7,1.4963747841406654
15,"(15, 0)",50,2,thick,,K,4.522649552973799e-05,1.0906203644285586e-06,1.9200528498046864e-06,1.4726338530343067e-06,2.9427503743454803e-07,4.891216013106408e-07,5.5543086070627735e-06,4.329459138303872e-06,1.071853527118264e-06,8.92591054331534e-06,9.640475725872992e-07,2.6621351956395287e-06,1.7684684722537385e-06,3.0469783365484198e-05,1.3373251098070219e-05,9.615734612233119e-06,4.7062112470480884e-05,2.510764680938883e-06,1.9750443122468422e-05,5.328315660794811e-06,3.4243723756409924e-05,8.188119208547488e-06,2.4409686884097875e-05,5.452424051914197e-05,4.412340691871492e-05,4.791847002319338e-06,1.0647387982370884e-05,6.328931841518575e-06,0.000674455203532494,8.339168925019696e-05,0.0007313850072664075,0.0009093758029855477,0.001489170687231147,0.00043753676876364604,0.00013005657688652675,0.0005453477786756896,0.0009346585755378167,0.0008468866519973108,0.0024041248530195943,0.0010969860540358527,0.00024151429778237403,0.00027269019812523786,0.00037198053219824424,0.0006823815932326177,0.0005780857138680646,0.00267016113527207,0.0019219087325512522,0.0006347472107758238,0.00040176431930653514,0.0003102106285646446,0.000285523408920671,0.0013599942001645304,0.0031105242878271093,0.0011998094406129617,0.00048018496342840003,0.0005886586785164241,0.000922991111615683,0.0045701349858420295,0.0023881087035900386,0.0012319009114433483,0.0006785119729664708,0.0010888674290145401,0.004551025875557974,0.001611924646682815,0.0011548381732821476,0.0009096467264196261,0.0009826414731904233,0.002831767064331076,0.003415459442022337,LC_V18_H2p0_T7,0.0045701349858420295
15,"(15, 0)",50,2,thin,,K,0.0020773219168351434,1.642440241531888e-05,2.9601822226502003e-05,2.7582583740051432e-05,5.6280459181841425e-06,1.1715751373570429e-05,6.575845625358707e-05,5.1234614133248505e-05,1.3765656921797888e-05,0.00011881513760827972,1.3017365948806174e-05,4.3070281554250494e-05,2.955122313115394e-05,0.0005917598736960199,0.00026136151886556016,0.00019113691418394605,0.000956525516710525,5.2197120448611515e-05,0.000434926918157544,0.00011944700957118608,0.0007370519745085944,0.00017702917949525434,0.0005144604159662361,0.0011705834906621017,0.0009592008420934987,0.00011415311716685798,0.0002552490178354439,0.0001610118732142648,0.014725472936056102,0.0018225067046602668,0.0159609794256166,0.019919038442903058,0.032843504654928725,0.00989119848419717,0.002985886261062399,0.011872388483764474,0.020263352114760762,0.018487348847793163,0.052762171684237386,0.024744322307800624,0.005544287775288353,0.006412259315257863,0.00912970605917963,0.016803854811949365,0.014272399504423477,0.0662698171976899,0.048587329636229915,0.016273587748329293,0.010443949084370924,0.00825826818961978,0.00854598920412542,0.04055725762035091,0.09398569340625705,0.03632297195315273,0.015033720476257322,0.01859400477870778,0.025321423611793927,0.12653373298581047,0.06635175193677005,0.03509194368154104,0.01954039233440307,0.03334706672421372,0.13999594782356745,0.050567046613267046,0.0365469892481842,0.030813006011288557,0.03410814926063758,0.09937451306762253,0.13750314816512416,LC_V20_H2p5_T7,0.13999594782356745
15,"(15, 0)",50,2,thick,,Y,0.0008812882319312427,4.889990348726384e-06,8.825329356480093e-06,1.1612945931004768e-05,2.3661669406558765e-06,6.706781415977191e-06,3.7484594615272705e-05,2.9551896063736322e-05,8.694624462185791e-06,7.953379662009232e-05,8.837138437887813e-06,3.169589192949496e-05,2.2201063174724397e-05,0.0004056656864664136,0.00017983661712346827,0.0001342691109307216,0.000680130744180935,3.7600773812218e-05,0.0003280431750060158,9.11999753029145e-05,0.0005619503036946271,0.00013522866641715522,0.0004033213502324709,0.0009228874613082288,0.0007868985653711433,9.238415084271072e-05,0.00021564977565325793,0.00013423951861049466,0.011721550931770845,0.001451303666964215,0.012735897488290399,0.0159415542050709,0.026430674413726565,0.008074300137281878,0.0024380216613604966,0.008852205056504506,0.015170185801011331,0.013818457921829373,0.039612923252451145,0.01877332492149615,0.004260536612105127,0.004934866344747034,0.006053107230192672,0.011160884739103216,0.009470863082928646,0.044255078707103886,0.032684053163847995,0.011099258180113716,0.007133991490886879,0.005744623353417148,0.005086467351474283,0.02451262161848287,0.05773832629163569,0.02281230783397404,0.009361016991627143,0.01189346349689525,0.015982523627232993,0.08045152877065477,0.04278440602235065,0.02292676829099962,0.013035486384476368,0.019043272461576315,0.08106524443398488,0.02972175069340469,0.02195755813754729,0.01706767421964351,0.01926993469506681,0.05734858130048818,0.06909039788436157,LC_V20_H2p5_T7,0.08106524443398488
15,"(15, 0)",50,2,thin,,Y,0.04481457582420421,0.0002544901450748493,0.0004605189946251447,0.0005873893052931689,0.00012008751384231106,0.00033157566607180705,0.0018634220384415898,0.0014675994962975972,0.0004299742106773429,0.003905580531118646,0.00043326605685102266,0.0015430775973003204,0.0010791009353863952,0.019829991533561072,0.008786746622470231,0.006550814210870191,0.03312799271493199,0.001828965239005686,0.015903427175326328,0.00441444818601311,0.0272664589487988,0.0065560515545079355,0.01948572557286219,0.04459454878933147,0.03785492691966163,0.004446955382425564,0.010355731523417505,0.0064506067656221276,0.5619002132680165,0.06958873107859802,0.6100812311765799,0.7633422050117452,1.2617459275423326,0.38121040806203893,0.11494038751272836,0.42390657436509555,0.7229959079752132,0.6592824141671378,1.8772818416866048,0.8789356242495746,0.1963131104811153,0.2257923887110398,0.28023668798270357,0.5129089465698496,0.43666328529211773,2.017796756264578,1.4772870425791367,0.4905805222631461,0.3154026750184384,0.24631247351025098,0.22606409139659428,1.079382003119028,2.503295366213165,0.9686871269500631,0.3957266273001669,0.48652774933648985,0.6442775960256681,3.1978608261671226,1.657642468608837,0.8610109073683057,0.4681020832646462,0.7366583938870871,3.0535805590450824,1.080683681410887,0.7621043416126702,0.6478899299101384,0.7001456902407024,1.9957865197722044,2.248132254442523,LC_V18_H2p0_T7,3.1978608261671226
15,"(15, 1)",59,1,thick,,K,2.726090287185425e-05,2.7262262055257567e-06,4.80830573569723e-06,2.7253309924489484e-06,5.555664664038051e-07,6.071464021362888e-07,6.541477323735335e-06,5.116074989205801e-06,1.0143275060573145e-06,8.456010511878159e-06,9.222069433305948e-07,1.8198545476386604e-06,1.239653846219556e-06,1.3316492892703412e-05,5.806395451456212e-06,3.7502232214400526e-06,1.788833462582467e-05,9.544822169081866e-07,6.3970139997537e-06,1.849119101153653e-06,2.000496588272818e-05,4.792512680475664e-06,1.2638095262383483e-05,2.805409848042622e-05,1.8821281711411863e-05,2.106843190341404e-06,3.835199555782617e-06,2.558796862219224e-06,0.00012320460658834473,1.5280167127501298e-05,0.0001322567532595098,0.00016646126050137356,0.0002720130331669086,8.514337092007289e-05,2.6614695348486577e-05,0.0001479582583135132,0.00024929890998547126,0.00022591200137955363,0.0006243427457343609,0.0002793156677166292,6.175119812704878e-05,7.438727383823879e-05,0.00011232753902654569,0.0002035985120782381,0.0001725547006019186,0.0007777180778013669,0.0005438033566837039,0.00017602650881408554,0.00011660912015004633,9.167963371992095e-05,8.440239152640316e-05,0.0003951706337134167,0.0009099539410657271,0.0003452104568822101,0.00014682783855019647,0.00018302131832480711,0.0002323626944584752,0.0011767928650455327,0.0006183844654956331,0.0003363523491352409,0.0001894293288579352,0.0003089615332078537,0.0012942391890776435,0.0004816499688008362,0.0003532604089964405,0.0002709021738756788,0.00031004726569830416,0.0009193329809129776,0.0012567778233404739,LC_V20_H2p5_T7,0.0012942391890776435
15,"(15, 1)",59,1,thin,,K,0.0007338483091360338,0.00033089163724691457,0.0005835083744065311,0.0003298481786000429,6.714576899701365e-05,7.033074215805577e-05,0.0007130842216780312,0.0005575379079265414,0.0001107715409107763,0.0009223472592372936,0.00010051889011477635,0.00019842544555855225,0.0001331152178488437,0.0012678751587149209,0.0005522122568774873,0.0003607967389738223,0.0017156604795546696,9.078400508023673e-05,0.0005792979654808268,0.00015617586814367784,0.0017465024268464768,0.0004184485090808698,0.0011142533421884945,0.0024649833792322415,0.0016766630839957445,0.00018386099386886976,0.00032110844370473454,0.00019238047439821315,0.010313556552474979,0.0012720487124142806,0.011135422411376536,0.013742381067656023,0.021903628177028477,0.006109671172472306,0.001815910009039468,0.013863760564897661,0.023392313816749933,0.02115068723401934,0.05812448880029281,0.02524942810503465,0.005212271232037101,0.00589345511460432,0.010532257446795933,0.019229316596625357,0.016301773720588844,0.07390808308686311,0.05135481907050748,0.016161502383469292,0.010209452799891319,0.007419839600791434,0.006939109973556283,0.032147164930244686,0.0706025049544998,0.025891890790250335,0.01043621822641533,0.011992293976257356,0.018927243712678146,0.09102840921235834,0.04584401682935745,0.022681153675343055,0.011850782524493304,0.022216640766402996,0.08997021130667161,0.030642200896932596,0.02088401982198831,0.017639724111367574,0.018319091462807077,0.05018512192117085,0.06625385726759098,LC_V18_H2p0_T7,0.09102840921235834
15,"(15, 1)",59,1,thick,,Y,2.726090287185425e-05,2.5014316396256693e-06,4.38902620667195e-06,2.5026665991938056e-06,5.068865535022047e-07,5.450818620590954e-07,1.2464088341820802e-05,9.751133817648564e-06,1.8874344328162593e-06,1.5984012783101287e-05,1.7488177960530938e-06,3.3914270765187816e-06,2.2995725759760984e-06,5.9509179652716933e-05,2.6056575824372785e-05,1.581736785052816e-05,7.676429516452542e-05,4.167263938875289e-06,2.484654166924437e-05,6.860827824041942e-06,0.0001325979747716261,3.1889340972370746e-05,8.039067734968892e-05,0.00018092886129491382,0.00011615402512421106,1.3230108681209825e-05,2.1514742516659063e-05,1.3246124702652254e-05,0.0007510410964744588,9.300024959679588e-05,0.0007948416606200257,0.0009910066524837064,0.0015449476608134349,0.0004258772160536546,0.0001285661479902258,0.0007204348540704929,0.001195065191043876,0.0010867376011835842,0.002928665164375315,0.001253154759555713,0.0002520907274894126,0.00028979838891694094,0.0005201086319178889,0.000929321258595097,0.0007889622966440118,0.0034856822731763335,0.0023836499098831123,0.0007319636596182561,0.00047009821379634636,0.0003341838939152785,0.0004847231565757276,0.0022163731695530467,0.004812662776699083,0.0017177640197032114,0.0006987060577115083,0.0007854106856487033,0.0014395853291479706,0.0068758239876792575,0.0034074382562320473,0.0016722734282059678,0.000856743850106106,0.001940765434973518,0.007676862075128845,0.002582406036328396,0.0017183034335719347,0.0018873650460846114,0.001941282776840044,0.005221062529823209,0.00717619039490983,LC_V20_H2p5_T7,0.007676862075128845
15,"(15, 1)",59,1,thin,,Y,0.0015238329735426256,0.0002605372726631023,0.00045820184758298864,0.00026047364807789614,5.288839232927331e-05,5.597323846096974e-05,0.0010439379199539192,0.0008165409872986658,0.00015942192924817348,0.001342628686430266,0.000146716889524752,0.00028642615904801526,0.00019367011628613467,0.0039307734016565,0.0017191577761498829,0.0010583737199307039,0.005111209552773993,0.00027602022530174447,0.0016735312401078535,0.00045973797597926355,0.007992517808866477,0.0019233831000013287,0.004886761265754884,0.010984811443122603,0.007116441270846341,0.0008060835233233263,0.0013260434060098196,0.000812894127002277,0.04514052278000729,0.005589123416904573,0.047854666708249935,0.05957959451398215,0.09328313681455172,0.02576685288771656,0.007743600671305248,0.046417157640289364,0.07739497987894639,0.07025231944218797,0.19035650564620965,0.08182085368733977,0.016630363419071283,0.01906324792852436,0.03414873529115972,0.061071535539785074,0.05183478400369408,0.23006894962330146,0.15793708682456822,0.04870403366084116,0.031198934352044138,0.022287086142213128,0.029854151931689433,0.13695461967675518,0.29816182625450605,0.10699320579735531,0.04338267026563981,0.0489646507272346,0.08392319761679856,0.4025881825754514,0.20048280878828276,0.09882395246232586,0.05088880833638318,0.10996999628503458,0.4375775651371263,0.14789943404735076,0.09895939405616805,0.10458479577819008,0.10776453935404533,0.2901834721338102,0.38331388012783196,LC_V20_H2p5_T7,0.4375775651371263
15,"(15, 0)",67,1,thick,,K,2.6437053366722233e-05,7.811561830966302e-07,1.365794238270314e-06,1.0093147778114348e-06,1.9524768061351558e-07,3.0653028411218814e-07,3.067454646661967e-06,2.3698980823147955e-06,6.298633941327512e-07,4.888728715877955e-06,5.069640269892954e-07,1.4904258392321378e-06,9.192523151286056e-07,1.4486804227105704e-05,6.313475727688462e-06,4.871351954641814e-06,2.337552469357781e-05,1.186632589497854e-06,9.910362871982903e-06,2.550136006252549e-06,1.368141089507243e-05,3.274754716074185e-06,1.015313638765432e-05,2.2536754383609697e-05,1.9351042318270427e-05,1.9919476107380296e-06,4.815908675246951e-06,2.704799937779799e-06,0.00031412841106308277,3.884314238309299e-05,0.00034271002653861313,0.0004257254975868346,0.0007040170743701099,0.00020660852174127277,6.0547851805171254e-05,0.00026337044442541365,0.0004523986913223713,0.0004086561705712312,0.0011693475898782468,0.0005307565507123304,0.00011748217876484938,0.00012990744105651609,0.00018269404092120448,0.00033804792667113155,0.0002848648342140818,0.0013302542327688362,0.0009556513495156591,0.00031915363510117865,0.00019793297185078973,0.00015352723403865037,0.00013832098462458303,0.0006656343285821707,0.001526427740281784,0.0006008682879733002,0.0002331358787267028,0.00028812315878703733,0.0004563834517978831,0.00226188726472201,0.0011963988631018756,0.000609290994566574,0.00033739656808521863,0.0005441259707022218,0.0022938977494877284,0.0007975055045712627,0.0005728940380604863,0.00042431795108587386,0.00045048639024821536,0.0013072634583988956,0.0015154552221257687,LC_V20_H2p5_T7,0.0022938977494877284
15,"(15, 0)",67,1,thin,,K,0.001756536077554093,3.7513762411307594e-05,6.515539044701789e-05,5.1911190772340374e-05,9.985598195230033e-06,1.645377874886808e-05,0.00012745701078744674,9.939444364134864e-05,2.5288356952034255e-05,0.00020695334878057523,2.1867029301007525e-05,6.296592207365673e-05,4.012230781043771e-05,0.0007685447778985312,0.00033702230361071906,0.00024723023399905535,0.0012084078071145348,6.29228444851826e-05,0.0005067817093935632,0.00013288716143218396,0.000657555505523968,0.00015878652726574404,0.0004853275336896393,0.0010965625852268149,0.0009425401292608113,9.849924318765755e-05,0.00023518353380089764,0.00013384594923321477,0.01648907566642442,0.00203931778431899,0.0179608053657494,0.022339525130882016,0.03677387109580593,0.010774796948310045,0.0031676548947009537,0.01414080357954883,0.0241135430786494,0.021906869255027175,0.06216465453674841,0.028302876898112412,0.006207912135987631,0.006947194802863872,0.009529831859242178,0.01757608868475714,0.01490192725722634,0.06938023234850449,0.050204041321082644,0.016698015402758788,0.01044794415707226,0.008088407069413371,0.007269737593561518,0.03510736106588391,0.08053705008381556,0.031272552124230156,0.012206157727175274,0.0150212173785243,0.023590106528727832,0.11653968955109031,0.06149529995351735,0.03129852857625082,0.01725254692322162,0.02825523228424553,0.11899870570728795,0.041406076134777994,0.02963285922025883,0.020815616101767492,0.022342072264396447,0.06481459657848766,0.07936288527484583,LC_V20_H2p5_T7,0.11899870570728795
15,"(15, 0)",67,1,thick,,Y,0.00036709779603447416,4.705580294844546e-06,8.256287535175672e-06,8.7554662351914e-06,1.64861772173149e-06,3.7388867243627753e-06,3.102498988363201e-05,2.4061030062449128e-05,7.092579126110788e-06,5.742992315203256e-05,6.011656594008655e-06,2.0723095585004306e-05,1.2953862600761554e-05,0.0002478743915461425,0.0001090116546339532,8.49498684542239e-05,0.0004175358569240418,2.1470523442270894e-05,0.00018929237518014165,4.918835148318963e-05,0.00028496905994810316,6.853690952065766e-05,0.00021664862660214043,0.00048819112198326595,0.00043404021675448227,4.525436946876607e-05,0.00011239683323198912,6.402440180322515e-05,0.0064035283172275085,0.0007916588985062965,0.00702720241188563,0.008748817009608344,0.014630518566568352,0.004381066354144619,0.0012830487186692894,0.004917985667172042,0.008490629517514869,0.007689331360153198,0.02218434297116707,0.010281648145140933,0.002329669047759955,0.0025772167497095234,0.003182274283365111,0.005923874246879737,0.0050065162614767065,0.02361315442219757,0.017268870010192516,0.005874039399733002,0.0036449703011530465,0.0028981822270316183,0.002441573239348263,0.011946619653838154,0.02787562948204771,0.011121324428467834,0.0043262899900837195,0.005470887970363999,0.008196949189808785,0.0409972242461996,0.021981763688722785,0.011358900389955491,0.0064035323434533265,0.009386914528339623,0.04008901902814338,0.014205709053558974,0.010422847085350823,0.007662230864442463,0.008356211623070148,0.02471558014982198,0.027740680076438744,LC_V18_H2p0_T7,0.0409972242461996
15,"(15, 0)",67,1,thin,,Y,0.019736775910261593,0.0002775002911502958,0.0004862041937967216,0.0004934163889412844,9.312384295575508e-05,0.00020158488282392528,0.0016890701231627022,0.0013109661754974525,0.00037865851667605516,0.0030665144505029316,0.0003211846070292491,0.0010824432998875991,0.0006784761304755994,0.012927797474854787,0.005685523218627717,0.004393949391099295,0.021605544346401113,0.0011122434991893122,0.009694894243476488,0.002518834361674274,0.014317186353645947,0.003445544345822394,0.01086339730639464,0.024514282527209486,0.021722958683108497,0.0022633830776313457,0.005603484534854635,0.003190225151185732,0.3278751866906963,0.04052688718610324,0.3590421462764272,0.4466718437449152,0.744367918179366,0.2217519844201021,0.06511232687383123,0.25340577195733055,0.43656855931015265,0.3955655524099206,1.1341275647487925,0.5218305828500301,0.11686294846401786,0.12968991637659172,0.15737130865374138,0.2908245518079732,0.24639039631916576,1.150776124547268,0.8372158604005258,0.28132595129709415,0.17539198318421487,0.13732468338759063,0.11979296215157823,0.5803662824638188,1.3391394606650753,0.523109119977599,0.20576082157551925,0.2544613443326079,0.3626765347865045,1.7934797554792627,0.9402116618607368,0.4788865514058526,0.2617284700221991,0.4078820443116603,1.7103727936084843,0.5957303126433393,0.424252685045463,0.32660088882613575,0.34909248567382867,1.0072981528002354,1.1022691585916982,LC_V18_H2p0_T7,1.7934797554792627
18,"(18, 1)",35,2,single,,TY,1.694454828943768e-05,9.36460494883198e-08,1.6929607966181676e-07,2.2380671785192593e-07,4.9271802086060224e-08,1.4455554535439038e-07,7.147719974553264e-07,5.650367538847567e-07,1.5892671790428643e-07,1.5484043974504496e-06,1.809182280137329e-07,6.202268588723414e-07,4.7195458709037837e-07,8.169258763908707e-06,3.6276313019731394e-06,2.6315665971453176e-06,1.3439737586542446e-05,7.749541998240173e-07,6.5780617085561485e-06,1.9166275756613783e-06,1.2060340139017329e-05,2.9003448887279407e-06,8.540976412766119e-06,1.9542472916894193e-05,1.6343924693198547e-05,2.0276467780958536e-06,4.5253342151604406e-06,2.9755527786369437e-06,0.0002535252660161738,3.140508178812284e-05,0.000273852549482607,0.0003432826523646049,0.0005629924423481953,0.0001721967000042124,5.310188721616508e-05,0.00019145224500252458,0.00032654853648325985,0.0002973492978476803,0.0008470914408165119,0.0004011327877026792,9.075571506348844e-05,0.00010731483284187997,0.00012645054201571086,0.00023138939337863344,0.0001963370559669636,0.000909155600198903,0.000672783607666015,0.00022769119407441116,0.00015017028005770482,0.00012178583610760061,0.00010394620289172985,0.0005003724714256275,0.001176971460405317,0.00044115810193737904,0.00018348690149195488,0.0002331213079731666,0.00031641868950283504,0.0015840142224892966,0.00083422997214293,0.00045065838310500746,0.0002552127667648427,0.00036857041667541897,0.0015557695805424794,0.0005750628348856483,0.00042390356760976653,0.0003209252950691289,0.00036672372282560195,0.0010884039671448364,0.0013143633039820017,LC_V18_H2p0_T7,0.0015840142224892966
18,"(18, 0)",36,1,single,,TY,1.702147571613858e-06,9.048093906308952e-08,1.5951472257943727e-07,9.299969459466467e-08,1.8855362679308653e-08,2.085876071883507e-08,5.375829406595158e-07,4.203165159224758e-07,8.272208306310014e-08,6.961915090552056e-07,7.617177209572945e-08,1.509133111773826e-07,1.0201508229038747e-07,3.2565245431784523e-06,1.4292449996213678e-06,8.659688895905686e-07,4.227059152616136e-06,2.295322177612516e-07,1.3906795746969704e-06,3.826412722440545e-07,6.337371587200239e-06,1.5247391070809334e-06,3.882778703576537e-06,8.727886214757511e-06,5.659577667713757e-06,6.488076722927447e-07,1.0648968355712952e-06,6.6028640565394e-07,4.90549029343965e-05,6.0638550444630836e-06,5.2054791641437035e-05,6.465302973891666e-05,0.00010103744284066522,2.779870360884624e-05,8.399011140135478e-06,4.148734709961712e-05,6.88831370014006e-05,6.265114888128034e-05,0.0001693583111625094,7.2890793818057e-05,1.477692419929357e-05,1.6921940732620335e-05,3.0078999630882724e-05,5.422504741747952e-05,4.5985996811993924e-05,0.00020501688076198044,0.00014083777482350212,4.352125769556499e-05,2.7786878803605537e-05,1.9874054264232166e-05,2.688581797367195e-05,0.00012236048496703866,0.00026472951010205446,9.564957892210399e-05,3.867198572107814e-05,4.370047974880536e-05,8.341832329211024e-05,0.0003969513131301005,0.00019654909382367197,9.669168812624237e-05,4.964340207415897e-05,0.00010904674929303975,0.0004328113447936428,0.0001465122301956148,9.805722184791549e-05,9.669533512187092e-05,9.883333466195362e-05,0.00026501285771687806,0.0003485122983079511,LC_V20_H2p5_T7,0.0004328113447936428
19,"(19, 1)",39,1,single,,TY,7.234853580593337e-06,2.2286585262566644e-07,3.9128653334617774e-07,2.246768919078912e-07,4.5223239241863946e-08,5.2602479509809637e-08,2.0226079297654177e-06,1.5816648947463535e-06,3.037989787576514e-07,2.566748626300734e-06,2.8051676959335204e-07,5.392876755061085e-07,3.6544815569558e-07,1.599080421817821e-05,7.020669467697921e-06,4.174345808285068e-06,2.0404819036266715e-05,1.1118427503949865e-06,6.56384564830758e-06,1.8146919810448633e-06,3.532688656279087e-05,8.496563200185656e-06,2.139433444021726e-05,4.8293973482662875e-05,3.085894359541957e-05,3.6962058451710238e-06,5.938546898091712e-06,3.979474446793642e-06,0.0002488451656826663,3.077620912954131e-05,0.00026201751656055753,0.00032628000758204033,0.0005052362143461326,0.00013961898029175477,4.350933646564367e-05,0.00022599340096419418,0.00037330836866513795,0.0003405908959610205,0.0009165201685956808,0.0004035360999991298,8.278261283380598e-05,0.00010048060114469239,0.00014203413082819707,0.00025437347365510425,0.00021615046670986744,0.0009571810183878032,0.0006572935496406993,0.00020238395834140145,0.00013303040800957265,9.635228357672615e-05,0.00013532866563136168,0.0006119786037117777,0.0013134215649737552,0.0004698105041317309,0.0001898594468975081,0.00021189016991955128,0.00043541391720321464,0.00205894356374205,0.0010123636403845248,0.0004936333892546839,0.0002506489006033124,0.0005963282533083936,0.0023506845415027745,0.0007885259621464272,0.0005227792949551893,0.0005234184525515299,0.0005312054488266863,0.0014118045968131198,0.0019043209849782681,LC_V20_H2p5_T7,0.0023506845415027745
19,"(19, 0)",49,1,single,,TY,0.00014221551496588128,1.0349624100387774e-06,1.8566649581003866e-06,2.2554227408287412e-06,4.6609883078020164e-07,1.2649479352022101e-06,7.58850839733595e-06,5.9879573026455725e-06,1.704298008320395e-06,1.5798303306811392e-05,1.7718201095791773e-06,6.114965541523879e-06,4.336310928939406e-06,7.382846164559383e-05,3.2707772124260196e-05,2.424953914540722e-05,0.00012283514341888586,6.8557107274078336e-06,5.9265147370146355e-05,1.6648151820603643e-05,9.370305275599847e-05,2.25433349806134e-05,6.840285276546385e-05,0.0001564448887618389,0.00013538017064332428,1.591924096270688e-05,3.737856948673212e-05,2.342533785040088e-05,0.002086146469122725,0.00025845447416319355,0.002268744205614748,0.002842503229152523,0.00470696076313844,0.001439988094221165,0.0004355881714244867,0.0016191067300151342,0.0027805531839632173,0.002527672325768971,0.007252838376556888,0.0034223413872616908,0.0007769278995528687,0.0008972012528659284,0.0010788388316013097,0.001979277861250073,0.001679517724280787,0.007819599744593933,0.00575801897604233,0.0019516885213797933,0.0012587043704891218,0.0010142184422141205,0.0008590559960202002,0.004148077608750868,0.00973749144040097,0.0038471786366892765,0.0015704037673362797,0.0020012213242262844,0.002717295060745241,0.013666445709126836,0.007283247411007313,0.003918951866169957,0.0022336333885761726,0.0031658035874318055,0.013472763001971264,0.004958256431357464,0.003680087453058835,0.0027136553078130217,0.003067037288725889,0.009147743558038043,0.010708405826009805,LC_V18_H2p0_T7,0.013666445709126836
20,"(20, 0)",38,2,thick,,K,2.1586406129728676e-05,4.943793170556655e-06,8.731016413589522e-06,5.073513738040249e-06,1.0357187254523596e-06,1.1442995948210964e-06,1.4161358054198428e-05,1.1073719019369672e-05,2.2610989809160906e-06,1.881915148829468e-05,2.0572455055139006e-06,4.249773481403676e-06,2.8709513074587698e-06,3.530235017327185e-05,1.5435281095628982e-05,1.0063244726124541e-05,4.851746549760675e-05,2.6038912998255035e-06,1.7195721662667694e-05,4.694340744030701e-06,4.613262361682353e-05,1.1110188946933708e-05,2.9792864036516843e-05,6.676306698455797e-05,4.6512333916000866e-05,5.174442244635313e-06,9.340217418749015e-06,5.665276812197214e-06,0.0003721536359252665,4.5888076476509314e-05,0.000402980507752211,0.0004981478257281991,0.0008011511118723514,0.00022669961939627672,6.724362910132784e-05,0.00036544492650731486,0.0006126634977311584,0.0005577653396423016,0.0015381630724613411,0.0006817945413501947,0.00014307572235068268,0.00016352541368956695,0.00023628397275741726,0.00043051298578866747,0.0003671856736841332,0.0016689672393857106,0.0011835513433576565,0.00038018491349002976,0.00024231483261315077,0.00018088513579561522,0.00016155956357068781,0.0007524367287356666,0.0016759182845265965,0.0006223938917640698,0.0002510100735928303,0.00029490496488497224,0.0004912752670548489,0.002381405558283716,0.0012132605555131451,0.0006092268653672703,0.00032370981120880606,0.0005876550012297276,0.002392176017342993,0.0008194703325523793,0.000566021515600268,0.00044137793173630585,0.0004621016160987563,0.0012883931475589502,0.0016592897173520016,LC_V20_H2p5_T7,0.002392176017342993
20,"(20, 0)",38,2,thin,,K,0.001886678433653919,0.0004956223586768821,0.000875794321833334,0.0005083920893722277,0.00010382522142433892,0.00011463877477956464,0.0012973095094889417,0.0010145983795322798,0.00020736658101723195,0.0017280058434900904,0.00018913516999140433,0.0003925033705315559,0.0002646111844706391,0.0029239263806099627,0.0012776024634693975,0.0008402282088860547,0.00404829628013756,0.0002169304197559763,0.0014500513327800255,0.0003957483902011078,0.0035581657736941472,0.000855893547774616,0.002328346449708898,0.005219058108831355,0.0036902119938439677,0.00041049736341533126,0.0007495983228741113,0.000454249313211928,0.02932690391218269,0.0036121742332629833,0.031858644160390415,0.03934909272550498,0.06366270291328902,0.01811394843274033,0.005362289569828279,0.03028008458337622,0.05093374945099373,0.046332537898351296,0.12799315797460384,0.056851025866242855,0.011999074866443067,0.01369439904698215,0.019828111254457045,0.03630096091327629,0.030966754795350313,0.14185033367794334,0.1007905020339762,0.03253327161406414,0.02070258626769419,0.015525994413240415,0.012914242363871717,0.06056715479555882,0.1360980479400302,0.0508435334027925,0.020518216017392548,0.0242462224853836,0.03832704162077604,0.1866021521397547,0.09542315278035658,0.04809196131924947,0.025633858839578638,0.04453915580934845,0.18231770748739792,0.06281524174820428,0.04358982912021869,0.03345778367991214,0.03521021515869665,0.09871219058638098,0.12451573264619056,LC_V18_H2p0_T7,0.1866021521397547
20,"(20, 0)",38,2,thick,,Y,0.00011404389710518955,1.2998672876219509e-05,2.2893324936060767e-05,1.3344600580825584e-05,2.708223319173523e-06,3.0002585609018647e-06,6.102465189884541e-05,4.763923880067654e-05,9.596766611268031e-06,7.984692098505857e-05,8.705368183712848e-06,1.757232713728432e-05,1.18416856578195e-05,0.00024377593512448748,0.00010668268059703413,6.68024542066407e-05,0.00032398947940361403,1.7495498588385985e-05,0.00010968116277507027,3.0060036490163986e-05,0.0004391053921938134,0.00010544986687576639,0.00027063071637650586,0.000607589266012845,0.0004009536944623533,4.526348225273955e-05,7.644276677214895e-05,4.685779880826447e-05,0.0032175640242903774,0.0003974510928667454,0.0034131113202550308,0.0042408222862937725,0.006650792960548073,0.0018413334306425812,0.0005515633071727743,0.0025652057516826945,0.004263717591433179,0.0038823479678176407,0.01055038480833479,0.004588591080837855,0.0009401322542211464,0.0010802061991653873,0.0016251330392564422,0.0029279735536252628,0.0024944130867151056,0.011171797278352496,0.007769384594326477,0.002428383626518533,0.0015525372153162103,0.0011242089975088342,0.0013175189680527122,0.006039390822194222,0.013187557625677452,0.004795395097075225,0.0019333812963590069,0.0022146702442961464,0.004307908085104181,0.0204552359523414,0.01020486808501796,0.005015290501455298,0.002594906790209336,0.0054606136137539014,0.02183346754803481,0.007341713994981082,0.004961324330403634,0.004381977898652228,0.004515804931627658,0.012267898803428696,0.0165955375996002,LC_V20_H2p5_T7,0.02183346754803481
20,"(20, 0)",38,2,thin,,Y,0.008085884981191253,0.0011179784743226555,0.001970945489391188,0.0011482588522139818,0.00023339236571518472,0.00025853995462004747,0.00456496655190218,0.003564670669818468,0.0007214831721609657,0.006009620426114677,0.0006552438354482734,0.0013304524467447182,0.0008982193212097602,0.016111895795381206,0.007054743016820195,0.004454419379428899,0.021581475523996817,0.0011642720566152494,0.007391591778366019,0.002023606668220282,0.02686297204458211,0.006445642363179668,0.016679534723325302,0.03745124240671623,0.025060332559954362,0.002819842495728878,0.004847644842223796,0.0029627779305323567,0.20020412833973486,0.02472687234910533,0.21322875316711445,0.26465096389356907,0.41679763459680064,0.11591402434449702,0.034689166647147524,0.16482484159865968,0.2746252834528364,0.2500501626377158,0.6810344386317776,0.2971503510838903,0.061130323946313146,0.07015757291120456,0.09991533798419322,0.180631660273034,0.15389015466539158,0.6914873448240869,0.48220803231219805,0.15111981444899067,0.09652023721966764,0.07005201772294588,0.07639721555447869,0.35159180508550747,0.7711677684642274,0.2813433786958208,0.11361947161377453,0.13058786685936455,0.235686871968241,1.1248407201199737,0.5620816935567529,0.27719725791456984,0.14364234798195946,0.2849460299266916,1.1416773424596118,0.38680520751268815,0.2618466808625105,0.22823076048562,0.23541291675845574,0.6401600151535373,0.832230948942045,LC_V20_H2p5_T7,1.1416773424596118
20,"(20, 1)",52,2,thick,,K,4.1262807754284405e-05,6.392299302908643e-07,1.1257951662368585e-06,9.398745014207949e-07,1.8657333899764226e-07,3.41714567042402e-07,3.6696232545915723e-06,2.853537206592765e-06,7.357840927023125e-07,6.089224432236348e-06,6.552942749094233e-07,1.91302071846848e-06,1.2608471249067053e-06,2.2257918757745986e-05,9.771324872993565e-06,7.170074857212975e-06,3.513779018443092e-05,1.8666948164735303e-06,1.5082804652431857e-05,4.057069125490528e-06,2.495408300815011e-05,5.983186601020002e-06,1.808971535747972e-05,4.055597528373368e-05,3.371868056910662e-05,3.6675644021433367e-06,8.36291218760355e-06,4.961214311934934e-06,0.0005210095820230475,6.438702630334816e-05,0.0005675019594413539,0.0007054813273967102,0.0011615053869692632,0.00034395072822268114,0.000102129150261407,0.0004125066099664354,0.0007068030093522603,0.0006392969540724616,0.0018170425126444209,0.0008330006189673659,0.00018467498191398026,0.00020815228029276846,0.0002633408533466958,0.00048454835109839033,0.00040926869924933764,0.0019023105770586818,0.0013758488070028225,0.00045901774302047857,0.0002890702215276018,0.00022622883382572874,0.00020040244042111117,0.0009617164917581267,0.002216244451903447,0.0008614083617596054,0.00034269598487308967,0.0004245587392902082,0.0006702361544924018,0.0033235411840956456,0.0017477386676113002,0.0009026009499537008,0.0005008612269230258,0.000783147798863667,0.003304767446715787,0.0011730492838482678,0.0008501609256868737,0.0006388466794457923,0.000695455884505955,0.0020263382521916646,0.00242955712994167,LC_V18_H2p0_T7,0.0033235411840956456
20,"(20, 1)",52,2,thin,,K,0.0022121698559381905,1.3962912426949147e-05,2.48425639477429e-05,2.5091018049378423e-05,5.1213737118113236e-06,1.1383801632433944e-05,7.11497167909776e-05,5.567534578255688e-05,1.554725984220629e-05,0.00013497637896737563,1.4809906332157526e-05,4.889214307632644e-05,3.352925524466256e-05,0.0006272024519635727,0.00027632843486089794,0.00020150997479389567,0.0010087381329863681,5.575853722145676e-05,0.00046386068191911717,0.0001285284936415984,0.0007666777278385611,0.00018514861944249653,0.0005445266306221123,0.0012487518456907791,0.0010412183379399536,0.00012355546169997547,0.00027886171436081175,0.00017299114078350697,0.014363320396055368,0.0017802563731997045,0.01545992882813341,0.019395269326200653,0.03173044099187149,0.009597080935662198,0.0029107289819360954,0.011685960723316168,0.020012977274238137,0.018120129074094545,0.051947343591176615,0.02440791328556299,0.005532195248275587,0.006319056469988514,0.008470518106205372,0.015591906143781278,0.013212750622263306,0.061513765131635416,0.04504520374207307,0.01523896736408649,0.00972769393938741,0.0077635293321708316,0.0071371061352873445,0.0342919204382633,0.07992759273396376,0.031053682790235463,0.012646749285213402,0.01587100635050872,0.022916280406023937,0.1147441455046628,0.060607927730593265,0.03193187246624574,0.017885720197364337,0.027843715242635677,0.11739593171155345,0.04231089174106056,0.030778364691263185,0.02335201002688152,0.026059110548579543,0.0768744065987226,0.09854848976232299,LC_V20_H2p5_T7,0.11739593171155345
20,"(20, 1)",52,2,thick,,Y,0.0009408255974660553,4.886922535724496e-06,8.788618168752694e-06,1.1693083730340247e-05,2.3882532354412207e-06,6.7699908419136535e-06,3.814258496498763e-05,3.001838698293829e-05,8.941146875095705e-06,8.1715297845984e-05,9.066460868301173e-06,3.2779157016057226e-05,2.28128376098244e-05,0.00041094069951541195,0.0001821862923746854,0.00013595066341454923,0.0006901795191151376,3.819751459647731e-05,0.0003328823113922386,9.278996728346129e-05,0.0005523762532298036,0.00013388748934885212,0.0004002050506754111,0.0009282959572446654,0.0007973837144420803,9.458354575075447e-05,0.0002206834834800216,0.00013697157814344057,0.011940013820482225,0.0014788608279462888,0.012951855754626315,0.01622839613304778,0.0267873703958392,0.008183343425742753,0.002472863698679014,0.008739400506045302,0.014978630584612814,0.013612122643961793,0.03909520140463127,0.018499682512920255,0.004224229814190018,0.004853324334432299,0.005585631071531722,0.010286212826018559,0.00872734177881145,0.040999961095948646,0.030404445158421892,0.010402221691537665,0.006656019489975313,0.005408103524921286,0.00441488776194675,0.021509971328020683,0.05082867392130775,0.020222457792681073,0.008186908159034676,0.01049798136645186,0.01496865332619965,0.07523393165234964,0.040176592880650966,0.02148206145644386,0.012264178048525769,0.01699585106157586,0.07249377786887608,0.0266118454024533,0.01978725529937264,0.014126677443424086,0.016018666816707328,0.048237541935522224,0.055880268803371956,LC_V18_H2p0_T7,0.07523393165234964
20,"(20, 1)",52,2,thin,,Y,0.04831386302947458,0.0002542651611010762,0.00045681316783363775,0.0005929354550752569,0.00012106209327051543,0.00033554052114656097,0.0019064960055747324,0.0015023851336753472,0.00044542302496675845,0.004047449547502419,0.0004487396262555098,0.0016084819641615097,0.0011181925740089088,0.020118818471529985,0.008912861899856449,0.006641026984422674,0.03366813522144399,0.0018629111551293155,0.016172794868831532,0.004503904828726198,0.026833763305621854,0.006507844121157634,0.019382699873776818,0.04504427579606421,0.03854230171674875,0.004582514571000542,0.010642639487157173,0.006606492369051045,0.5698154322056782,0.07058959505589125,0.6168342678325724,0.7727822312935282,1.270524467883414,0.3849351483813362,0.11625528362510033,0.4168743313658987,0.7135826807708556,0.6483661364882349,1.849473137952304,0.8641884137916063,0.19410751141101568,0.22205722321440663,0.25939963017850176,0.47581035816304906,0.4045033061326203,1.880269910791948,1.3798611008266402,0.46209250423463366,0.2960974675455682,0.23269389655788847,0.2000936648168203,0.9626410644525062,2.2370515930468526,0.8703949487190278,0.35268785816592935,0.43729894905216293,0.5924657658938122,2.9332331583717806,1.5267484990532143,0.795046738984233,0.4346926036253859,0.6587082688792767,2.745229019662286,0.974550364743012,0.6927779606407416,0.5478103179717173,0.5955094179076522,1.71584806262185,1.9016740163102395,LC_V18_H2p0_T7,2.9332331583717806
20,"(20, 0)",55,1,thick,,K,2.200682078869143e-05,2.6169958289695772e-06,4.620467565493574e-06,2.611874134458445e-06,5.325726951045215e-07,5.698575240544871e-07,6.9302621510742644e-06,5.414792449999449e-06,1.0794240858340801e-06,8.93663205588384e-06,9.750791526022438e-07,1.9196211403478055e-06,1.2855508455322415e-06,1.5249625297101735e-05,6.665228839252132e-06,4.243303790755613e-06,2.0310174498959177e-05,1.0835172072762703e-06,6.778802862026212e-06,1.8478275962636266e-06,2.109748426937197e-05,5.07556613382875e-06,1.3193341328542488e-05,2.950233970896677e-05,1.966692602618008e-05,2.20273686719117e-06,3.82559681936885e-06,2.4499253110115066e-06,0.00013618831029977235,1.6783269220283038e-05,0.00014647546999280623,0.0001806779723385002,0.00028919922157724106,8.508569756430588e-05,2.614678379444943e-05,0.00014548378066053992,0.00024411835978043928,0.0002215039460977244,0.0006055970998952575,0.00026275772687525494,5.4821783057061924e-05,6.388575576874482e-05,0.0001052281242101314,0.00019102328455326115,0.00016201264731206181,0.0007272386516303859,0.0005027149482820419,0.00015726238064541905,0.00010135643762273813,7.496896743767701e-05,7.086215370364198e-05,0.000324167808922123,0.0007041431412645044,0.0002545173670107373,0.00010257201493783071,0.00011789562122507997,0.00021463702880051484,0.0010263716233065428,0.0005170537836439645,0.0002599414007426345,0.00013907194233852085,0.0002541777557371489,0.0010171109205496791,0.00034968757569484314,0.00023922796708085765,0.0001975068164183896,0.0002038960829318044,0.0005658020884261825,0.0007173450846970028,LC_V18_H2p0_T7,0.0010263716233065428
20,"(20, 0)",55,1,thin,,K,0.0006072574243339947,0.00032057942134706985,0.0005668041883518254,0.0003195337286699812,6.523414937975748e-05,6.809645464326879e-05,0.0007613535250573596,0.0005949311644421905,0.00011859701724737976,0.0009832432574039369,0.0001071834345174912,0.0002111468992753266,0.0001414157597786193,0.0014595761112815386,0.0006371993981719045,0.00041214724338222683,0.0019649212636360432,0.00010391734715966903,0.0006579988500044002,0.00017749480864561894,0.0018736653175107241,0.00045038634894678395,0.0011874874846048075,0.002648140493752883,0.0017949949283420366,0.00019754010127912895,0.0003427994111774657,0.00020520452099582958,0.01212340075391755,0.0014934474355989382,0.01313358986914836,0.016166857439053432,0.025900233723405722,0.0072294776117446296,0.0021378107600833556,0.013964356313871216,0.023559380801335156,0.02132394819320097,0.05849398108489169,0.02531773877592314,0.005218374088141127,0.00589153709254979,0.01025141230430569,0.018694420727118227,0.01582823747744576,0.07151413487223761,0.04947314266131265,0.015466419819090069,0.009806263040203508,0.00707618043020561,0.006420305306377865,0.029524302183952744,0.06441828969057023,0.023424807224324516,0.009417572058056281,0.01075149592088126,0.01845150210508517,0.08835706043199185,0.04430719106875583,0.021738887587925675,0.011268212592586133,0.0213701300051101,0.08567689186855074,0.028887997763205095,0.019446713618245164,0.016610449604685735,0.01698855676207953,0.046396327109101014,0.05995673742850617,LC_V18_H2p0_T7,0.08835706043199185
20,"(20, 0)",55,1,thick,,Y,2.200682078869143e-05,2.1522703548821263e-06,3.7778463062970846e-06,2.162697564509772e-06,4.3775589756849947e-07,4.7302642806399896e-07,1.3305308998714173e-05,1.037659108199786e-05,2.048481271790986e-06,1.705636950023186e-05,1.8573735652226184e-06,3.634287481058211e-06,2.4395184605409798e-06,6.268144435267327e-05,2.7433279198030085e-05,1.672009530375659e-05,8.115608396650562e-05,4.397684477940811e-06,2.634244408328811e-05,7.253835503743385e-06,0.00013607532431047527,3.271737818462024e-05,8.263676920768981e-05,0.00018552845004620607,0.00011867605407740518,1.3481610455016842e-05,2.1810070206133163e-05,1.3388935326550719e-05,0.0008311650361193354,0.0001027792750560856,0.0008754391374029632,0.0010887782352577019,0.0016877677584686641,0.00046052353332191816,0.00013875157576546615,0.0006469829027951935,0.0010697006594947614,0.0009731599493751383,0.0026162442752282427,0.0011201712307507049,0.00022520426135160576,0.00025844270755272393,0.00042961703641267775,0.0007689026967559379,0.0006532617367867438,0.0028891413847560773,0.0019757610658928224,0.0006058461232526285,0.00038814193634528575,0.00027481505302079845,0.00038632642609124046,0.0017507510536225847,0.003771018289484844,0.0013350657803183029,0.0005432240667680929,0.0006054621180137926,0.0013075892084472174,0.006187397259770317,0.0030444767430562645,0.0014852095114288348,0.0007548561813730157,0.001745873790735418,0.006885611944290113,0.0023089709440989883,0.0015317224788844027,0.0014441020509785465,0.0014665746373362972,0.003915427356604953,0.005328846368275224,LC_V20_H2p5_T7,0.006885611944290113
20,"(20, 0)",55,1,thin,,Y,0.0013102218336543217,0.0002327846292237016,0.00040962399314767545,0.00023400154106624637,4.7499916459619924e-05,5.053025978390631e-05,0.0011041229326784674,0.0008615862651416771,0.000170950092527702,0.001418574636206684,0.0001544388610518908,0.000303069171308817,0.00020313489867841776,0.004250484125254579,0.0018595390651924741,0.001143265357263564,0.005536983909265664,0.000298903997805647,0.0018091015312795113,0.0004963909873541004,0.008207963395665159,0.001973659726275696,0.005018203772933983,0.01125496202066766,0.0072658922304427755,0.0008205880094992216,0.0013435785529520056,0.0008204118124379484,0.050853991577545735,0.006282227660442266,0.05382829238588882,0.06679385971996893,0.10422404235755497,0.028600950798762473,0.008579401550074632,0.0424286855848299,0.07040613737029948,0.0640271406891222,0.17276010986974963,0.07418761457078854,0.014992974272085567,0.017151390681616387,0.028734412977544192,0.05166957715969354,0.04380536298554768,0.19448052952043424,0.13337429050426522,0.041060083891741525,0.026266344993171858,0.018657775515574713,0.02410329159865345,0.10949398181410508,0.23609004661168706,0.08384977343052541,0.03401951377649017,0.038115865435487166,0.07587866687646382,0.36021109459707173,0.1782121656640008,0.08703054917693527,0.044464857086293365,0.09813120629419302,0.38854085725690596,0.1305557733594462,0.08680699366608201,0.08356435755308843,0.0852053570523631,0.2281519140902765,0.30125557995598834,LC_V20_H2p5_T7,0.38854085725690596
20,"(20, 1)",65,1,thick,,K,2.747011612735894e-05,1.1743230948202752e-06,2.0467423705854145e-06,1.4813354914466657e-06,2.869743557503987e-07,4.28704445768503e-07,4.642794467332958e-06,3.580267545912496e-06,9.237088049736424e-07,7.141360886016149e-06,7.470391916315812e-07,2.077532806761332e-06,1.2958305033130134e-06,2.1753176117876772e-05,9.49852109094844e-06,7.101639780141606e-06,3.388195137380689e-05,1.7355376355954097e-06,1.3757174393389851e-05,3.574215130131108e-06,1.6506955054324004e-05,3.951341069205508e-06,1.248705501236261e-05,2.729724848726621e-05,2.3429816023602547e-05,2.339672655390172e-06,5.565800058007298e-06,3.106829061340458e-06,0.00043769066485654023,5.39600359712769e-05,0.00048162104237467365,0.0005935770943786803,0.0009818067404432035,0.0002847837142684844,8.291798273671336e-05,0.0003527587588379794,0.0006069878830596786,0.000545135325425733,0.001552040083644431,0.0006982811792599655,0.0001537349777574996,0.00016846079277739435,0.00022121208161096997,0.0004117277059708302,0.0003458749475714134,0.00161673487626674,0.0011565638460680552,0.0003854525966299148,0.00023736755378182323,0.00018401952317004564,0.0001669903665055161,0.0007978543725012297,0.0018216072640561995,0.0007074297135008243,0.000280142422260634,0.0003436074136619226,0.0005544624262189095,0.0027318652110938195,0.001429208000835323,0.000727742807151307,0.00039990058914730957,0.000684245197480377,0.0028753160866237795,0.000998987418614502,0.0007149464823861983,0.0005376893908837228,0.0005766836367379793,0.0016694229994189931,0.002169928579624464,LC_V20_H2p5_T7,0.0028753160866237795
20,"(20, 1)",65,1,thin,,K,0.0015585455003468214,3.591405412187036e-05,6.401260025893621e-05,4.8101009619796454e-05,9.412211555706705e-06,1.5264486129208226e-05,0.00016545425686719962,0.00012912410429840882,3.1816163490506176e-05,0.00026493820591185835,2.8084058849758492e-05,7.95185864260179e-05,5.1180341723006115e-05,0.0008755721620756873,0.00038320777021139384,0.0002795427395775539,0.0013576098930768734,7.093452226490902e-05,0.0005666312005163517,0.0001497101224831458,0.0009034321081044747,0.00021628641388269027,0.0006502807167945177,0.0014499426998557576,0.0011870330460973292,0.0001253107995078028,0.0002869775889028112,0.00016579179638270353,0.014686179499813353,0.0018168848604378056,0.016093847589287284,0.020053029551764887,0.03335609363560978,0.00994496133356995,0.0029229025996332456,0.014488258138912925,0.024965386607247668,0.022574968348699855,0.0646199061281296,0.029503141080187947,0.006549051907268154,0.007272240003986478,0.011802430058400952,0.02171425661973671,0.018382736508631172,0.08522982836570261,0.06127167452601296,0.02033874117952051,0.012681178329680404,0.009806915879400208,0.00961691355548633,0.04561351145522081,0.10419280748360388,0.04002092021274599,0.016032841027069106,0.019501330896195455,0.02774754616213822,0.13780142069575063,0.07222136792638133,0.037123637181807535,0.020519930906321728,0.03585181156197628,0.1499465495632817,0.0527112752032161,0.03764507955517596,0.03181806618570762,0.03408817019663135,0.0981140160741229,0.13211247698419376,LC_V20_H2p5_T7,0.1499465495632817
20,"(20, 1)",65,1,thick,,Y,0.0003648361360866797,4.699719240973309e-06,8.27006483820827e-06,8.592803238373169e-06,1.6178104406038032e-06,3.6557023244638848e-06,3.28605534901541e-05,2.5579294741359818e-05,7.503745641399892e-06,6.1030395581486896e-05,6.424862090606201e-06,2.1878785549557653e-05,1.3838998762631901e-05,0.0002562272859029015,0.00011241999332724668,8.766659790961682e-05,0.0004286521988565161,2.2160312633183374e-05,0.0001947388152698918,5.085356824992313e-05,0.0003011353263704939,7.195785494342739e-05,0.00022776709568677396,0.0005075395714188259,0.000448305362693348,4.6980761164060615e-05,0.00011589418822391392,6.64252891198e-05,0.006143321696536549,0.0007594788130376726,0.006761203061759298,0.008413031216263503,0.014106996759565432,0.004240316982655235,0.0012423712217242769,0.004914632404294092,0.008534048449536773,0.007710567080131125,0.02235173237417979,0.010386996312822448,0.0023589196693874197,0.0026134544625112006,0.0033898392869647583,0.006299278092404367,0.005326926639722983,0.02507873281519041,0.018298942513454774,0.006216779600583807,0.003858955797771851,0.00306764116286268,0.002639131151334184,0.012762336277271176,0.029649001031143183,0.01182645553584204,0.004677404705813826,0.005892638462512555,0.008482610878690308,0.0425169841801573,0.022720875082392507,0.01185773678186179,0.0067092673429506875,0.00999628436381951,0.042491733893853634,0.015190629814419394,0.011163228489132962,0.008750942325181964,0.00956486360704359,0.028318449985653645,0.03305983760377771,LC_V18_H2p0_T7,0.0425169841801573
20,"(20, 1)",65,1,thin,,Y,0.019418258468988144,0.0002761231069307514,0.0004864594982533876,0.00048194052690820477,9.116416402791024e-05,0.00019693118606913375,0.0018290588759858803,0.0014257930669774373,0.0004079537550343243,0.003328999398819556,0.0003508437460598434,0.0011659616101997539,0.0007394291895247915,0.013481913460778866,0.00591507788569915,0.004577800793983158,0.022339207815965902,0.001158196644713549,0.01006802804921558,0.002633519760634844,0.015525719637116325,0.003709898760172384,0.01167708322180054,0.026040644493673458,0.022835315251004695,0.002393187922950998,0.005862417939923229,0.003361259490452251,0.3110376026541491,0.03844549588118037,0.3415362519696626,0.4250796399463704,0.7106021471109096,0.21267629408111666,0.06251298238522564,0.25405022905582825,0.4391445825290359,0.3973001660872467,1.1448540811127645,0.5281055248401073,0.11837953407706428,0.13136400130610945,0.17127370133984723,0.31580669400080164,0.26773506570278444,1.2477585858769384,0.90450818926782,0.3026176641888183,0.1890996934557328,0.14726809838779018,0.13232118917050134,0.6341270662501077,1.4559228785241747,0.5689812981156096,0.22589425388893164,0.27830029634046477,0.3896865217361552,1.9318889233651446,1.0110411543517988,0.5183846081464777,0.283487609013366,0.4438346677768055,1.8531611225810793,0.6485262163043684,0.4601164327633803,0.3824366452792682,0.40808042145258644,1.1728288195202037,1.3026958316333643,LC_V18_H2p0_T7,1.9318889233651446
21,"(21, 0)",56,2,single,,K,2.6905550459501586e-05,8.561656152251673e-06,1.504871733766142e-05,8.60583906949557e-06,1.7480920294060513e-06,1.861731752491334e-06,2.1843263249660146e-05,1.70080559498227e-05,3.373613503803572e-06,2.7897520094844247e-05,3.047611184636446e-06,5.9046329018817105e-06,3.987624576155628e-06,5.656780151112498e-05,2.4771559110145674e-05,1.5266250961596498e-05,7.376528388897179e-05,3.99693634544518e-06,2.4092016291190906e-05,6.629554284530579e-06,0.00010665114466231496,2.5671414176137928e-05,6.536843784653523e-05,0.00014674525858825077,9.436609439067691e-05,1.0778064042043117e-05,1.736868861453347e-05,1.0729081371771317e-05,0.0004959935924111403,6.125335133581609e-05,0.0005299335562485909,0.0006565059666216475,0.0010309554351216916,0.00028416815424288984,8.572713138919572e-05,0.0005827517449572948,0.0009736658468048341,0.0008851331609747073,0.0024030430000531295,0.0010375694585425413,0.00021053646957449918,0.0002413279739833558,0.0004915090070383064,0.000891918266256617,0.0007585850948075329,0.003400991104301299,0.0023491889979099273,0.0007275215048459337,0.0004651113159467788,0.000332342718961059,0.0003157793816937895,0.0014518086838719421,0.003176945081635188,0.0011260196847654785,0.0004580537946705923,0.0005165066516889954,0.0009467003749170416,0.004525542928377805,0.0022440113672712488,0.0011026450032576107,0.0005634912973562033,0.0010777331406905113,0.004292570296652381,0.0014535160860155419,0.0009708526580941185,0.0008948912867982307,0.0009166683837960278,0.0024645020687853693,0.003209012198004037,LC_V18_H2p0_T7,0.004525542928377805
21,"(21, 0)",56,2,single,,Y,9.19223435008348e-05,9.302990648622765e-06,1.6282426368139448e-05,9.418581889359476e-06,1.9104561048977513e-06,2.082340635246727e-06,6.401655157503306e-05,4.9900899165045074e-05,9.606080570364929e-06,8.046307514520491e-05,8.800538854915052e-06,1.66083236801506e-05,1.1254717219678141e-05,0.00033341955536814877,0.00014621959139908766,8.664817260524504e-05,0.0004220044488730757,2.310844640612298e-05,0.00013357092877899922,3.713381278973891e-05,0.0008983647641290295,0.000216194480571828,0.0005403380615123552,0.0012171917775644523,0.0007637109877940808,8.803465597561423e-05,0.0001377936341210917,8.571758138424204e-05,0.004394737311882277,0.0005435202573396562,0.004615815776776323,0.005746895162173719,0.008844906340336835,0.002404456043358189,0.0007306186542779586,0.003642758656439448,0.006004021572283307,0.005473571436511035,0.014623723749220384,0.006216236576643696,0.0012336273894577611,0.0014236232192876052,0.0026208586789759677,0.0046897660720359,0.003990977412765335,0.01761590024643658,0.012024835173036581,0.003659408126136513,0.0023601950590704077,0.00165855115625298,0.002234761993190447,0.010172114443452071,0.021971782058305703,0.007778004523570055,0.0031670646848033198,0.0035297923927015934,0.007556283610731313,0.03587182425424349,0.017651895328410105,0.008627536001145387,0.004370934100162775,0.009723747386489153,0.038351539525392206,0.01290972846304545,0.008548068245916007,0.008534658184308534,0.008690739252859037,0.023109421169292255,0.03097526193988799,LC_V20_H2p5_T7,0.038351539525392206
21,"(21, 1)",64,2,single,,K,0.00011856127833851767,1.73719933904894e-06,3.0228513994484877e-06,2.4222721442734005e-06,4.6790625271333634e-07,8.511737899381508e-07,5.641461002192594e-06,4.437005392198305e-06,1.1849781580588079e-06,9.282109320826682e-06,9.833759468166814e-07,3.3976499741617754e-06,2.0134638333900695e-06,4.9452064614206896e-05,2.1785248530204015e-05,1.5348611219633865e-05,7.413934683061421e-05,3.963666170082738e-06,3.1437160020045673e-05,8.219939954982401e-06,5.609151562838915e-05,1.3338743906744947e-05,4.8602919011357845e-05,0.0001046569323031046,0.0001047778840911245,9.860572397353401e-06,2.8054514191041216e-05,1.4875526595193556e-05,0.0014457814407219736,0.0001787176075471448,0.001555029132261919,0.0019343378466485023,0.0031077237487051232,0.0008881412261628993,0.0002657534392478338,0.0010786668232976757,0.001816551545852269,0.0016483826508147546,0.004580925192714471,0.00206293327976245,0.00045930605041201444,0.0005031080235942525,0.0007458532141567714,0.0013511877883763256,0.0011474918377645982,0.005243661752255297,0.0037475736163402797,0.0012503023057203282,0.0007743448519638788,0.0006046901619254747,0.0005157217493548611,0.002480883040076017,0.0057214792781631945,0.0022590751630589094,0.000888544469448901,0.001108796316939897,0.0018301436662261764,0.009111080262634715,0.004823549212797321,0.0024960465470401025,0.0014019468465662406,0.002077380737786667,0.008831628196489317,0.0031200315078544635,0.002296266513584116,0.0016241252428088847,0.0017554039242674408,0.005347890374517895,0.006183711522972341,LC_V18_H2p0_T7,0.009111080262634715
21,"(21, 1)",64,2,single,,Y,0.0019415608801786883,1.8404818615592233e-05,3.220465700889616e-05,3.44723839186627e-05,6.424329468131707e-06,1.5456861103175397e-05,0.00011154369896827451,8.748461291856129e-05,2.6653350228716752e-05,0.00021099415508172187,2.1817581942380804e-05,8.432354203885411e-05,5.0113773822051595e-05,0.0012148596003734057,0.0005361304455981336,0.0003931443475638698,0.0019197505641095748,0.00010192542185357158,0.0008515808200371863,0.00022256707414186145,0.0015657769771677908,0.0003757488096821241,0.0012777510092336758,0.00282119304064854,0.0026633666939644175,0.00026833790084215717,0.0007164212259227556,0.00039590057537106685,0.04222550727079211,0.005219165048166645,0.046212647934013626,0.05734917252562534,0.0942123733227934,0.027477333289155467,0.008132032583361122,0.02962817786183281,0.05064345736598871,0.04577509048582987,0.1301558455222737,0.059331944628251,0.013354070990408156,0.014594787194726233,0.019394029275713823,0.035436564801635845,0.030068188056715676,0.1392940068935932,0.1006853600420657,0.03399587349673292,0.02101391041392853,0.016548974991557712,0.013527534531163014,0.06513308001207539,0.15073779367215773,0.06024767809935686,0.023633635892169373,0.02978903973795731,0.04832277407565444,0.24104017824922433,0.1279868230035681,0.06608089202380261,0.03704353572503291,0.05353029335560055,0.22690508599668696,0.08014255521554706,0.05854850197076017,0.04297030348560721,0.04650725018843075,0.13982933977479622,0.15165958235047625,LC_V18_H2p0_T7,0.24104017824922433
21,"(21, 0)",69,1,single,,K,0.00012638087227785842,4.015858549749181e-06,7.018582291463119e-06,4.15624703899389e-06,8.262915969404743e-07,1.0746139000566429e-06,8.643370755927329e-06,6.6953687152887624e-06,1.3886508446594932e-06,1.1116203026592881e-05,1.2084549656667095e-06,3.050615433885835e-06,1.7713076087261723e-06,1.665486929975056e-05,7.198019856630166e-06,4.8633699136841615e-06,2.27598970990306e-05,1.1932879794578404e-06,1.04709268470238e-05,2.2814507539467483e-06,3.3831897055028595e-05,8.154197049948804e-06,2.1275938767929863e-05,4.755051202386637e-05,3.6809985809908476e-05,3.5989016336078684e-06,1.2116233516211334e-05,5.4985533258315045e-06,0.0001214873886941725,1.5010156070352275e-05,0.00013248407188183643,0.00016447812924952115,0.00026514375822819336,8.030647006509842e-05,2.254172124826611e-05,0.00017563014516322212,0.0002975533546379231,0.0002709397723216721,0.0007484503821287991,0.00032797376275468023,6.866076141643311e-05,7.70869863450904e-05,0.00013496180318806948,0.00024551625593416404,0.00020739153749619945,0.0009349341754397173,0.0006489545266245079,0.00020341029371218533,0.00012974834907351982,0.00010004258079361324,9.375484523148787e-05,0.0004408127394337658,0.0009807420202681454,0.00036213616989932,0.00014610568610952913,0.00016871258345839632,0.00024636746982127964,0.0011962180999406534,0.0006044975783146899,0.0003064330240149752,0.00018607437860616063,0.00030441201786762085,0.001242583242372907,0.00042921486305043366,0.0003193810763719679,0.00023702981841121942,0.0002458852270306887,0.0007502012995811866,0.0009734029228197016,LC_V20_H2p5_T7,0.001242583242372907
21,"(21, 0)",69,1,single,,Y,0.00012638087227785842,4.46384006139873e-06,7.772514731973673e-06,4.540939583795135e-06,9.062512721213082e-07,1.0921555635504295e-06,2.8294901375228747e-05,2.199986414533811e-05,4.313898361543552e-06,3.574333113962852e-05,3.9053166194238866e-06,7.5366508342562575e-06,5.057748678292685e-06,0.00012708357570078249,5.5426709509620544e-05,3.443265218397449e-05,0.00016563569833171637,8.954329096190733e-06,5.390797287134059e-05,1.4832366770268e-05,0.00035511683636610164,8.533038267231719e-05,0.00021644984965128646,0.0004849074559389178,0.0003091634666895134,3.546545786312793e-05,5.665094278019726e-05,3.511077034524459e-05,0.0015034190610473223,0.00018605959265260698,0.0015928455240886684,0.001981997922043182,0.0030849194170414324,0.0008499822034067847,0.00025778277718534214,0.0013823198090640865,0.0022888945372946264,0.002090331895102995,0.005627338987475659,0.002420812991140509,0.0004868638161778119,0.0005602932832149678,0.000996378811088074,0.0017870247741034035,0.0015171569159550247,0.006733787868435077,0.0046322946698595935,0.0014233933882937158,0.0009165130437860553,0.0006511402764171181,0.0008684855255983606,0.003991259657663788,0.008697016585699468,0.003140448351048293,0.0012728898146751036,0.0014372467248953526,0.0028491899827316875,0.01361011005657247,0.0067511922799677266,0.003340046987298304,0.0017094609612227927,0.003927224074550057,0.015709417820012516,0.00533964696828745,0.003586501641425815,0.003277615951782566,0.003346215915732771,0.008981488659331559,0.012664297086002542,LC_V20_H2p5_T7,0.015709417820012516
21,"(21, 1)",77,1,single,,K,2.303739549063521e-05,1.3855692563186366e-06,2.279838858596222e-06,1.511034921960029e-06,2.7905860187380524e-07,3.573273487666155e-07,4.224341700075668e-06,3.2052183394593332e-06,8.766439446255182e-07,5.837403864058717e-06,6.003688123704427e-07,1.5371303104770182e-06,9.07077527222456e-07,2.655551414590008e-05,1.1374675209238815e-05,8.82829462285135e-06,3.8863331687095884e-05,1.892371017203373e-06,1.382256005882195e-05,3.4654426204693582e-06,3.374311573952914e-05,7.94106473516833e-06,2.4936979060435358e-05,5.145005284557699e-05,4.001544394551158e-05,3.7166954651053496e-06,7.711206473123405e-06,4.153291084027061e-06,0.0006253545217982477,7.665113878840284e-05,0.0007004029985074086,0.0008441161341158017,0.0013907738809660285,0.00038334544729244017,0.00011022464021872735,0.0004938005293880123,0.0008667654919110588,0.0007650874243155877,0.002182930757925765,0.0009463305809512027,0.00020298660248496364,0.00021763953343742313,0.00039229510314240865,0.0007254326161473228,0.00060498780198007,0.0027757807117210175,0.00190988340400277,0.0006113658000699015,0.0003746712345253532,0.0002745837979886851,0.0002655291444918897,0.0012438716402124012,0.0027344479344909,0.0010232130026250736,0.00039702991166156007,0.0004650301454550895,0.0008532300934014112,0.0040988538768877885,0.0021085866078299417,0.0010278295182784456,0.0005449091676795503,0.0009800396125124221,0.00405828208662299,0.0013587343559980755,0.0009423321705437592,0.0007909138659346189,0.0008026118110693919,0.002249576379611653,0.0027859481079050034,LC_V18_H2p0_T7,0.0040988538768877885
21,"(21, 1)",77,1,single,,Y,0.00011050258890420983,1.0088278874592758e-05,1.6791579205671407e-05,1.0960431744645403e-05,2.052113652455174e-06,2.6001520636096096e-06,6.20884371337231e-05,4.746135599700689e-05,1.1613255172704888e-05,8.326222471536419e-05,8.743080875214651e-06,2.0342868734635213e-05,1.256202176597038e-05,0.000533321962259471,0.00023094571880949885,0.00015903188147970345,0.0007309429791425812,3.7713338304699965e-05,0.0002490575812461346,6.531815152518145e-05,0.0007528040452911436,0.00017912012037853153,0.0005134858357408973,0.0011030659764175196,0.0007946503160737409,8.09940782990619e-05,0.0001511988380860282,8.66339603418613e-05,0.0161319723771455,0.0019844023035852157,0.017593646627168384,0.02147710069619121,0.034331955522696696,0.009370774733667276,0.0027578338768681127,0.011564045000920432,0.01964837785284443,0.017574554578739625,0.04842769787447436,0.020736700689179634,0.004290343009226178,0.0047541656768232176,0.008263512672129728,0.015018417616403663,0.01261786839486062,0.05659682992734692,0.03859261447230268,0.011995127233886616,0.007541611279182956,0.005393780437789594,0.0055581086291780655,0.025717874133626077,0.0561670170439114,0.02052051886142713,0.008139420371267086,0.009334126630566392,0.018775838981755822,0.08972233461805987,0.04513664548697406,0.022015590918750216,0.011427332025644171,0.020873888272195783,0.08453687549405067,0.028341376001688286,0.019230292642144993,0.01651662067537474,0.0167959599460136,0.04614778064617737,0.05285094864380224,LC_V18_H2p0_T7,0.08972233461805987
22,"(22, 0)",72,2,single,,K,0.003800650170138857,0.002999330065954284,0.005256367140520823,0.0029544948288986327,0.000600565120746002,0.0006181710062418461,0.00680670059779781,0.005325089091125179,0.001011419132635645,0.008574143916802827,0.0009419465811649461,0.0017530298145379147,0.001196452801757234,0.010388304784237943,0.004553586835055639,0.0027825758142080046,0.013488928576939768,0.000737132581959826,0.0043675606956269045,0.0012108096989911774,0.011075272458476209,0.0026663204218393133,0.006751960484830433,0.01514846163447094,0.009656554768015684,0.001103046010646004,0.00175856198549343,0.001086907219196851,0.018319815104518133,0.0022646747003685222,0.01962784199813784,0.024369488252808345,0.03827738198992625,0.01057619588291708,0.0031994925084207967,0.01858668444654211,0.031058191706176456,0.028284675849617528,0.07664457578901798,0.03299926178886953,0.006646374758466828,0.007650923343911073,0.012025190983263068,0.021748362768114076,0.018500413739862998,0.08263323033942793,0.05701642586686629,0.01754863817432401,0.011306053011741406,0.008034094107182104,0.007149846399125153,0.033218842020592144,0.07315006687288857,0.026628060193346237,0.01084499953891538,0.012319987052179035,0.01586317445023734,0.076708894611625,0.03832783056845348,0.019038210968440845,0.00979097263600849,0.017213682263560612,0.06918248309321162,0.023672269240454243,0.015947430994095672,0.01562312039155163,0.016155415903045516,0.04377288060421546,0.05147004795155869,LC_V14_H1p5_T6,0.08263323033942793
22,"(22, 0)",72,2,single,,Y,0.005481066647151021,0.0025955565536146764,0.004542460416208972,0.0025485784252785655,0.0005171969764511161,0.0005315703948589748,0.008274152919472793,0.006478410260934583,0.0012149751347749291,0.01037450980724534,0.0011412570118059205,0.0021029529201685437,0.0014402976093236823,0.020881670712281558,0.009172287185078487,0.005474035442254303,0.02676151182871059,0.0014732893533167318,0.008570253303274038,0.0023909392870232176,0.03021819981988789,0.00728087376121094,0.018174851041807834,0.04103063735666925,0.02578359681311234,0.0029836889643250386,0.0046722066480813255,0.002912616682719037,0.06258155154790589,0.007750024558653441,0.06613047333178772,0.08252790140188851,0.12796015849221803,0.03514622708792614,0.010700861429472854,0.04776059129850658,0.07913870528942812,0.07224397667497973,0.19412403239670356,0.08315291164722582,0.016597102918208498,0.019194178951760406,0.02888775128598484,0.05179469734740482,0.044128264820046115,0.19541035464711112,0.13409232910141905,0.040928671288827045,0.026471067554552183,0.018664630298083885,0.020632331442985784,0.09518028268310803,0.20829077496578546,0.07505191689553656,0.030682302220946155,0.03453908447592416,0.0486158599475381,0.23377068089031192,0.11591934886186028,0.05736713834199663,0.029295958323712797,0.05407479538189412,0.2155695660363596,0.07336978229729813,0.04906081690254862,0.05016531854889767,0.05168674494099951,0.138965254131976,0.16116593254239656,LC_V18_H2p0_T7,0.23377068089031192
22,"(22, 1)",80,2,single,,K,0.004721329700946519,0.0005989478666937607,0.0010246445897862263,0.0006544558868179538,0.0001262927358030138,0.0001539652040363152,0.0010842455325220674,0.0008439420195616874,0.00018448874851204205,0.0014260317096661884,0.0001532420435243442,0.0003552247965260153,0.0002208418815449018,0.005702425167099319,0.0025016496181812205,0.0015209213669897747,0.007411852021434305,0.00040488584792420764,0.00241103541261179,0.0006677206385893987,0.006838855849754997,0.0016451717553108037,0.00417328584251588,0.009370808743550875,0.0060055367768713066,0.0006838947766127795,0.001106514663185514,0.0006792867570754898,0.03266095178644649,0.004043316804740731,0.034560221289367074,0.04309560428472829,0.06694472997448152,0.01837545213994361,0.005577221607793118,0.024270396953073817,0.040307329910512564,0.03669520551125641,0.0988120461269415,0.04229843865014788,0.008465478706660728,0.009747281046874931,0.01605232387897737,0.028806171400682475,0.024477255908115753,0.10846691590854214,0.07427294847383416,0.02268669902720659,0.014631496545407937,0.010317446545782928,0.011226360488624893,0.051912769060811055,0.11383912867863438,0.04089401434671797,0.01669254014951844,0.01882394196056585,0.025864323101688153,0.12471184856084384,0.062178507783133136,0.030800790113154706,0.015801714459961588,0.027449715522877043,0.11028110636684937,0.03753767031661426,0.025228583025140968,0.023395302785167042,0.024148975175947295,0.06534127083873412,0.07470311424060688,LC_V18_H2p0_T7,0.12471184856084384
22,"(22, 1)",80,2,single,,Y,0.00758488096528167,0.001572573256709113,0.0026919160787542817,0.001676131988469754,0.0003250019915138563,0.0003845917939215929,0.0054782961068909584,0.004290487462065378,0.0008662801925072136,0.006966772074978183,0.0007565855214316525,0.001576514977726249,0.001024265056060015,0.031645811513367525,0.013923692256980086,0.008187271619812057,0.04022607437682631,0.0022248078327983165,0.012798153473697284,0.0035825472529562624,0.03652711372585809,0.008798238360380326,0.02191546694571723,0.04945342290907377,0.030972688370973372,0.0035811734451739767,0.005609618670894313,0.0034832207537084338,0.21024143384668945,0.02603118617745987,0.22128067400322612,0.2761714387348325,0.42598631702602646,0.1162426720662523,0.03538102697530221,0.14340679562627937,0.23706025538885855,0.21602736220804342,0.5780811703715113,0.24627377838707293,0.04887814069774886,0.056508692111447524,0.08588012694844598,0.15314694522936562,0.13040644388002967,0.5739355682228313,0.3913264447421668,0.11860854689588736,0.07676860180957448,0.05374128947256827,0.05779247319534845,0.26595407801321896,0.5804152811652645,0.2072044933777658,0.08478851314306216,0.09496531681650128,0.13691907855205362,0.6570334097154875,0.32509019507386916,0.1603532969656172,0.08160654347236507,0.13866327328495395,0.5528560689336898,0.18746694372946723,0.12509507615048435,0.11635340527110925,0.11964722960811733,0.3213715784201099,0.3410484583495013,LC_V18_H2p0_T7,0.6570334097154875
22,"(22, 0)",85,1,single,,K,0.003904082050596732,0.002792331186822537,0.004890902169464065,0.002744467783161112,0.000557880595579236,0.0005730309394097076,0.0062417836477805305,0.004879959423478556,0.0009282556765279529,0.007843025352955862,0.0008617676887610276,0.0015996158710220756,0.0010919517271033771,0.00925879689730981,0.004051185696015794,0.0024947326249086443,0.012014912023024491,0.0006546491639730184,0.003878436670160664,0.0010738347438161646,0.010190252048810616,0.002451960429418934,0.00620224350806981,0.013885479513352918,0.008822586865890302,0.0010076413103168242,0.001597761528276323,0.0009878931930053585,0.016788435520090603,0.002074036338302232,0.018018696806575855,0.02231825607215468,0.03506479409263667,0.009659578253595003,0.0029201982074914036,0.018075106206021402,0.030172084087842912,0.027467157419093575,0.07431612093021661,0.03193462600259638,0.0064158342965899085,0.007388947378761406,0.011670548890685481,0.021070636821942133,0.017911710335030247,0.07985759873920258,0.05502047830792175,0.0168941056552611,0.010902703992659732,0.007725655703461631,0.007257718604401675,0.03366563798293747,0.07396692896123544,0.02666176605969024,0.010875479629517907,0.012293454853302766,0.015414376365729367,0.07444427228487438,0.03715144110883711,0.01844528549561824,0.009471803987189163,0.017042853442380355,0.06846210390997065,0.02334085728445351,0.015693025711691042,0.015011941586208236,0.015499891216738051,0.041946898136856536,0.04996481889363558,LC_V14_H1p5_T6,0.07985759873920258
22,"(22, 0)",85,1,single,,Y,0.007331114097275614,0.0038611313957004896,0.006758626177217271,0.0037872981653306694,0.0007693405703510136,0.000789096137966346,0.01064908496697932,0.008328012039426734,0.0015743098549862386,0.013344463111699656,0.0014670003141821605,0.0027099936354205607,0.0018526026291660574,0.021550298378123212,0.009440412237513365,0.005725441748259667,0.027756579795457117,0.0015184590625499732,0.00890405258103953,0.0024737665155067385,0.02961404076408379,0.00713389699884702,0.01784871659630564,0.04018256360625222,0.025282431595284968,0.0029155713994096673,0.00456854909371565,0.002842504918301889,0.05781298437603392,0.007152867556280197,0.06140792195568247,0.07641405611154693,0.1189416880584486,0.03266803213785159,0.009925422257926525,0.04955844024776264,0.0822667373698497,0.07503568889775475,0.20193449981373487,0.08651930541868887,0.017288634571034772,0.019967306708712638,0.030799447339505955,0.05540594550559316,0.04711604450718568,0.20922409397500724,0.14365633897287816,0.04392646784181372,0.028375499878131535,0.02003185302521073,0.021433691833439104,0.09905157557063601,0.21698522121439995,0.07780780495679214,0.03178804497921429,0.03578973544854114,0.04852234610308816,0.23350003664990926,0.11600476991515261,0.057425757032474094,0.02936184435057093,0.05473751934868942,0.21872034357634995,0.07438314971226759,0.049790470362250705,0.04901943700171659,0.05050301485381789,0.13597287912401995,0.15998039317381457,LC_V18_H2p0_T7,0.23350003664990926
22,"(22, 1)",93,1,single,,K,0.0036022884380933805,0.0007061424286870122,0.001218102597021848,0.0007100758944884341,0.00014112720684712206,0.00015284707077364485,0.0015132010866855115,0.001170394683424448,0.00024133894732645864,0.001935850174610683,0.00020945270554301363,0.0004177143377119266,0.000276542938905378,0.006476722775813567,0.002826143969082749,0.0017758041508973172,0.008491982278755982,0.0004569375854465257,0.0027715372988093667,0.0007587547500528978,0.006368008844289303,0.0015270895183924446,0.003988639131490744,0.008828058574450494,0.005803242583674949,0.0006420599814516938,0.0010686807951851487,0.0006461012055635968,0.0345776065404577,0.00427499061157699,0.03685520826176608,0.045726053999885365,0.07150347927097282,0.019603701793697317,0.005911490010507576,0.02531806520484274,0.042344211484009533,0.03839753776618851,0.10404222321603723,0.04453554976326059,0.00896604435041923,0.010243808914599938,0.016602865909263836,0.02996919070183522,0.025385659900151247,0.11303637591563057,0.07738879842103218,0.023743050502203676,0.01522291657675469,0.010768315217514745,0.011068274592465803,0.05118359754061967,0.11204766135573456,0.04037243041824439,0.016399744776974517,0.01851911149748291,0.02530824194138613,0.12171129464767487,0.060754170237276556,0.02998341935984192,0.015400769123562865,0.026743452854772563,0.1075067613952362,0.036481872076547954,0.024537791168621856,0.022332347195950543,0.022998459694976332,0.062379531530319256,0.07110314504849956,LC_V18_H2p0_T7,0.12171129464767487
22,"(22, 1)",93,1,single,,Y,0.006554924479473048,0.0018475308093591943,0.003202137920998505,0.0018170907590024194,0.0003645777596448991,0.0003816405051497563,0.005923289013420429,0.004613322019234916,0.000891903881524065,0.007431813485738679,0.0008132108201111245,0.0015288059988920232,0.0010361973215197572,0.029317664246178907,0.012857831231621559,0.00773341057314721,0.037609065976110044,0.0020607634792101357,0.012037974285514515,0.0033460688683131503,0.030397190225122824,0.007309990195178339,0.01846802492777605,0.04139702886527892,0.026269137029492094,0.002997434102903365,0.0047614390775812965,0.002940664462945041,0.18061495785406176,0.02235124965519719,0.19069304708451315,0.2375233018711706,0.36751364030356415,0.10030309172954789,0.030451208327522735,0.12427381261843125,0.2060686806225354,0.18747852462974654,0.5032056945842487,0.21448435269194743,0.042704960696856246,0.049202934489598144,0.07562773671911036,0.1353836380311135,0.11502678766251913,0.5079443390059482,0.34648844852382993,0.1053467007425218,0.06797747541557637,0.047705021185997114,0.050113718516862624,0.2307280049586718,0.5033482194457664,0.18028590184675553,0.07358471739203994,0.08252743663226202,0.11752029312336548,0.5636348960916088,0.27933424250992617,0.13764690703317037,0.07016832765042821,0.12031552990897634,0.4803906721098287,0.16269520096148293,0.10869305099190264,0.09936831786279235,0.10212720637729507,0.27467905095360884,0.29706246378548284,LC_V18_H2p0_T7,0.5636348960916088
23,"(23, 0)",88,2,single,,TY,1.1368670078590857e-05,2.793685906844936e-06,4.8998767534011795e-06,2.7373513763634517e-06,5.558572714153066e-07,5.699965751634853e-07,1.0982194690914155e-05,8.554913835383743e-06,1.6439873383969561e-06,1.3727677454669542e-05,1.5041882269401903e-06,2.8008883335512343e-06,1.904359356269968e-06,6.00764841680389e-05,2.636051829443234e-05,1.5568364686150345e-05,7.610929061013864e-05,4.1863280813351216e-06,2.4077271131183572e-05,6.720164164843909e-06,0.00020185193012027257,4.860909255487721e-05,0.00012094442742685837,0.0002730313354177852,0.00017063796395297705,1.9776886385647056e-05,3.0765423929785496e-05,1.9213361629449825e-05,0.0008207507369743612,0.00010158042555945664,0.0008620594809102116,0.0010751892732226854,0.0016554117292128382,0.0004512587746040576,0.00013745627532888666,0.000636976842744535,0.0010478534637380595,0.0009562635789449902,0.0025506477596828137,0.0010835356814905511,0.00021453301319352542,0.00024811073357290956,0.00048663662150882507,0.0008687816357445985,0.0007394416909100884,0.0032586669165459298,0.002224540559405034,0.0006754405749475663,0.00043694048127561656,0.0003064815422581755,0.0004405241515444999,0.002011972236653079,0.004364065965701492,0.0015505011695579015,0.0006336885862711575,0.0007068217139646676,0.0015298839144145331,0.007288556350892323,0.0035925052686056475,0.001765947880580416,0.0008951823369965137,0.0020824763332783678,0.008254536515370269,0.0027897564779279134,0.0018556232587902985,0.0018885525074353094,0.001929711992388722,0.00515089437338242,0.007069022861415053,LC_V20_H2p5_T7,0.008254536515370269
23,"(23, 1)",96,2,single,,TY,1.0707629740959797e-05,4.297992175559751e-06,7.5245000774528745e-06,4.1532738847112165e-06,8.41937388160025e-07,8.53978308530677e-07,4.0207841039120424e-05,3.132671783714813e-05,5.956772711714385e-06,5.003132935473867e-05,5.490070120659906e-06,1.0141971226093227e-05,6.917481826765363e-06,0.00030363120576067565,0.00013343420274087293,7.86597724634724e-05,0.0003846215917967473,2.1179856609976398e-05,0.00012168483082017176,3.393170454647875e-05,0.00048396798292241444,0.00011634130500723876,0.00029213896949643707,0.0006561251858561892,0.0004124749673623516,4.721942952721703e-05,7.417847471693424e-05,4.593589190395176e-05,0.008518488976766912,0.0010534177619146267,0.008932885684180136,0.011114694633528599,0.01705823141106741,0.004599261931309461,0.0013918914342805227,0.006156620263012355,0.010125601365850757,0.009200725485432402,0.024463847279641283,0.010330408912937438,0.002036657952432203,0.002347973190249642,0.004409209094740462,0.00782664971202046,0.006645172346514652,0.029069415082356026,0.019648495486874626,0.005917437287158322,0.0038218336871114313,0.002657830756015,0.0029283134138086944,0.013344615867478149,0.02880660260891674,0.010283225644663649,0.004191364335425571,0.004659970128501821,0.009824024573289682,0.046688503710571365,0.022949131243352048,0.01120675448147065,0.005660039667702908,0.010583993337282506,0.04190163286204549,0.01404054999598844,0.00930527331286817,0.008455838510812663,0.008621170384207705,0.02302550343908913,0.026293139867411375,LC_V18_H2p0_T7,0.046688503710571365
25,"(25, 1)",60,2,single,,K,3.022215031515931e-05,8.656201789919787e-06,1.534917367593634e-05,8.608938195528939e-06,1.7704800971499025e-06,1.8568341314259945e-06,2.4357427503421874e-05,1.9091269444376513e-05,3.6290716497648602e-06,3.084119935823826e-05,3.3963961592481463e-06,6.388282098607007e-06,4.371867883953474e-06,5.993517562818575e-05,2.625990520804357e-05,1.596906467354255e-05,7.75010063441497e-05,4.217060247059471e-06,2.511131964806977e-05,6.927388840781672e-06,0.00010891591499877797,2.6214735267991793e-05,6.635525975628165e-05,0.000148944261118328,9.533501156340795e-05,1.0956927886211285e-05,1.759064512312674e-05,1.0931215236836642e-05,0.0005788309762360419,7.151651505193357e-05,0.0006153032667081027,0.0007622838122417627,0.0011887064929290286,0.0003255289150255225,9.844327137556875e-05,0.0005699291984295884,0.0009456398593035967,0.0008606197362864004,0.0023181336053830484,0.0009935682699010618,0.00019960618978058454,0.00022954053265038514,0.00045264174620183274,0.0008154246017676696,0.0006929464323061334,0.0030814695078872616,0.0021151728222702174,0.000649486301795826,0.00041803199625362395,0.0002965723818511096,0.0002819568361797491,0.0012937054181874454,0.0028170330824324533,0.001032536589388607,0.00042172319564111023,0.000479043423243845,0.0008689304617537952,0.00414444384156989,0.0020539700299786654,0.0010098123267828923,0.0005165456228869928,0.001010733909318034,0.004031723004151796,0.0013599963409157976,0.0009111833656982723,0.0007875904125354024,0.0008101444196210105,0.002189120031957367,0.0030678116199990093,LC_V18_H2p0_T7,0.00414444384156989
25,"(25, 1)",60,2,single,,Y,8.481201074101072e-05,1.0749430011238893e-05,1.8925399779870255e-05,1.0748649454888067e-05,2.194858693996797e-06,2.3368328612474847e-06,5.978038422826359e-05,4.6866318034143185e-05,8.730329314893352e-06,7.478088109394483e-05,8.231933596152088e-06,1.5338098263812466e-05,1.0509734547729573e-05,0.0003285157939951424,0.00014418748520285938,8.489858503414262e-05,0.0004146724499097667,2.276517753316426e-05,0.00013063095785161754,3.636101698031739e-05,0.0008523440421804279,0.00020524778867368849,0.0005108041375533598,0.001151887536975288,0.0007202582002483808,8.316978704614866e-05,0.00012963845137503862,8.071893178171772e-05,0.004709601283080403,0.0005824958147933702,0.0049400792868156025,0.006148822606742402,0.009446592229002165,0.002563539914384653,0.0007794605865663456,0.0037363167156043327,0.006149612738430796,0.005605665490545542,0.01495439357759913,0.006342850724171974,0.001255592208312286,0.001447553388523972,0.002656492626912311,0.00474106796669502,0.004031195873422497,0.017736699857508822,0.012071464032496527,0.0036611927992322127,0.0023627482975453946,0.0016545370237971903,0.002252026567469366,0.010269045756789682,0.022206107948004657,0.00792599057157977,0.0032370295146024034,0.0036195723927759807,0.00724212553498152,0.03430930716048833,0.016865384137566115,0.008223522645716802,0.004156467403993519,0.00954642442002283,0.037702854420908975,0.012606291278593612,0.008359861342687345,0.008629725193151104,0.008850170466431467,0.023709608422254638,0.03327429732119629,LC_V20_H2p5_T7,0.037702854420908975
25,"(25, 0)",62,2,single,,K,0.00012663887930561588,1.3683991259889963e-06,2.4156925904024e-06,2.0721917866430334e-06,3.931334390109311e-07,8.087752738461556e-07,8.416893594458092e-06,6.654777715560012e-06,1.4572638147892054e-06,1.3012454968637197e-05,1.4392896734746248e-06,3.8035382158376113e-06,2.4963069526283696e-06,5.6331394108954076e-05,2.49112952229732e-05,1.6981238862997363e-05,8.304900212659215e-05,4.485056371062022e-06,3.3837556249217614e-05,9.094097481039848e-06,6.576234309046967e-05,1.5918067304895726e-05,4.9408074131342956e-05,0.00010902138966556076,0.00010297802535765149,9.97589730469383e-06,2.7294210816664025e-05,1.4108750390941094e-05,0.0013379709585913998,0.0001654392699622237,0.0014378752839136978,0.0017918256638962923,0.002871637315489669,0.0008289425928635225,0.0002508976828997102,0.0011193845180958626,0.0018789993582898326,0.0017052914490710803,0.004714945349425676,0.0021052489186696786,0.00044729424899251356,0.0005129693931401806,0.0008886324761850346,0.0016144712002062933,0.001372488865234309,0.006230399138622588,0.0044171921603260314,0.0014136393776361925,0.0009081757951966572,0.0006786402095296471,0.0006591709001148489,0.0030753430344732375,0.006891900764426686,0.0025807320342672337,0.0010483705530974854,0.0012440712824851323,0.0019915659858353077,0.009789873121121865,0.005005265012067647,0.0025766421825732747,0.001383431069912271,0.0023320928113040617,0.009602380554884434,0.0033927547164942957,0.002378849933204529,0.0019526526443525035,0.002075560769296658,0.005882932639604491,0.007134703645109211,LC_V18_H2p0_T7,0.009789873121121865
25,"(25, 0)",62,2,single,,Y,0.0020131933355202344,1.6642658082197152e-05,2.9118286529668303e-05,3.159594514182306e-05,5.8667877388108245e-06,1.4866740099878975e-05,0.0001309138560704286,0.00010309815869162934,2.8161012154405192e-05,0.00023915216868437532,2.5474917655975798e-05,8.53087982659239e-05,5.36125873762716e-05,0.0012500907782123627,0.000553341270433259,0.00040155123454684445,0.0019740316648426694,0.00010487869938904702,0.0008618976714293317,0.00022878662310439583,0.0016337324665812079,0.00039599853558572404,0.0012476328944469133,0.002811599961393159,0.002570798523166647,0.0002634199803193065,0.0006862768397208617,0.00037460389463507673,0.040333218070804394,0.004986052178171271,0.044151449193085786,0.05481657496609716,0.09009108582718302,0.02642928976396937,0.007874075223079365,0.029953936014690652,0.05110007651430658,0.046207087642054966,0.1308463720171361,0.05944450063969683,0.013080392500248728,0.014661546808538456,0.02143438360663169,0.03932906361099779,0.03332594583269933,0.15352069760142179,0.11009298953028827,0.036179684959175513,0.022873888253898588,0.017562271625616514,0.015167964045703758,0.07230571737386232,0.16538929056191784,0.06393009920529642,0.02551639959356684,0.03129928344736625,0.049917405218332725,0.24818445943497636,0.12954228067201803,0.06697256091403612,0.03678475727625991,0.05599547508453604,0.23443664002393913,0.0829983226549925,0.0593098356690932,0.04665923004516612,0.05000747357759582,0.14510800240576852,0.15947282628848347,LC_V18_H2p0_T7,0.24818445943497636
25,"(25, 1)",73,1,single,,K,0.00011296518884696461,4.2534537493701854e-06,7.5071690946420575e-06,4.332656725794357e-06,8.746879865836208e-07,1.0901293228663514e-06,9.93674492034382e-06,7.790552881593152e-06,1.497759825965805e-06,1.2786053385187558e-05,1.4043602238219492e-06,3.082605139189243e-06,1.8851284069335767e-06,1.900064831293367e-05,8.354334311640879e-06,5.123147045815175e-06,2.498214513566319e-05,1.3763007070563097e-06,8.65966679356385e-06,2.3164358745665603e-06,3.713371692212205e-05,8.952647007771383e-06,2.284150461640087e-05,5.1516461173766526e-05,3.507943701532936e-05,3.862189810839989e-06,1.051932173634019e-05,4.920921812168883e-06,0.0001275767524712223,1.5814496029935145e-05,0.0001375135556470573,0.00017150025901342745,0.0002735421027877728,7.745632274670127e-05,2.3334141816359722e-05,0.0001853680000009595,0.0003098295632608006,0.0002834349158199315,0.0007723125949627711,0.0003379973729040075,6.962902147624925e-05,8.000199640035446e-05,0.00014392438395318552,0.00025961340856316963,0.00022139220064813298,0.000992535421120458,0.0006925135159900177,0.00021628675864360746,0.00013890559139773874,0.00010044460012805157,0.00010569112901512629,0.0004943476527106324,0.0011003338765401733,0.00040281853090789067,0.0001636881078496871,0.00018819579484625012,0.0002788921567922152,0.001349270857051935,0.0006772107383139934,0.0003380142864716206,0.00018704261683409943,0.0003508025705031692,0.0014152705323725665,0.0004869498238445518,0.00033844670016217445,0.00032525137669463494,0.0003368579868713636,0.0009427471153007076,0.0013259480750252544,LC_V20_H2p5_T7,0.0014152705323725665
25,"(25, 1)",73,1,single,,Y,0.00011296518884696461,5.296605735068873e-06,9.304047811099488e-06,5.3052703552986104e-06,1.0739345865634678e-06,1.2196850160748042e-06,2.7604885480447086e-05,2.1686340735431907e-05,4.066358135199032e-06,3.5277467130390496e-05,3.880709959905642e-06,7.341932987606548e-06,5.025490983560831e-06,0.00013028771728398094,5.72896462966632e-05,3.401372653998066e-05,0.00016723360665497065,9.224942471086812e-06,5.422519564351357e-05,1.5127879232902997e-05,0.00033257298105056983,8.031002218741782e-05,0.00019947025261432213,0.00045327549643575264,0.0002869223579026103,3.347772262537568e-05,5.3117192965813514e-05,3.322737257316436e-05,0.0014690269304027902,0.0001817905544365562,0.0015452771994028593,0.001926721258956682,0.0029746938834913196,0.000816612667664464,0.0002490005697076985,0.0014443615135992444,0.002381245412451348,0.002173592414785237,0.005824395529835066,0.002500914522041154,0.0005008259879569903,0.0005794464666777863,0.0011021695853981309,0.001971513010831643,0.001677874286029618,0.00742665288028333,0.00511429038434829,0.0015674059647666795,0.0010135035576799398,0.0007193000930748113,0.000985979249483665,0.004552307668469493,0.010001430588745901,0.003611860232952388,0.0014726024916832097,0.001663179244461463,0.003170071190209429,0.015166660728010466,0.007515315554125912,0.0037093085820412448,0.0018977210014476168,0.004461472512777182,0.017737342662335714,0.006024035083368653,0.004027056628582885,0.004314881640767066,0.004424008147456882,0.01190238482493326,0.016789559972826187,LC_V20_H2p5_T7,0.017737342662335714
25,"(25, 0)",79,1,single,,K,1.412081627957577e-05,1.0336489906529362e-06,1.75842464136668e-06,1.112955005223476e-06,2.112832840756932e-07,2.5823384221082165e-07,6.77300405258585e-06,5.151236770474439e-06,1.294538142887486e-06,9.042433839553464e-06,9.462765064053589e-07,2.212107655978937e-06,1.3533362190559766e-06,3.4007351505965334e-05,1.4662037145604343e-05,1.0603467274190337e-05,4.792808611951328e-05,2.4148648499273904e-06,1.652782458278863e-05,4.258484840499778e-06,4.851801044563354e-05,1.1512863796549187e-05,3.452488484506386e-05,7.236597181316105e-05,5.4281923390961754e-05,5.236926389186587e-06,1.0314010743351263e-05,5.689521757602107e-06,0.0006453062016550044,7.917517435835046e-05,0.0007221486303140256,0.0008721199637332984,0.0014318673654957403,0.0003937561748045187,0.00011382849515387444,0.0005328625016325601,0.0009253374939337027,0.0008184911202126159,0.0023037589879871035,0.0009875577557877503,0.00020817112896652523,0.00022567263025297527,0.00042037486066330766,0.0007825950133683587,0.0006510430865491436,0.0029941748281566067,0.0020553289897846756,0.0006546652055599831,0.0004021158213317419,0.0002928832763021448,0.0003059477921148949,0.001427476385807462,0.003119192771532866,0.0011578948298722677,0.0004546887502474545,0.000523944350742769,0.0009747718416924513,0.004668773572025046,0.002365174268110869,0.0011546842937745435,0.0006031502261645823,0.0010995548929709112,0.004495967793325796,0.001509710792429124,0.0010330866379321588,0.0009052421476048211,0.0009223676004789147,0.0025509500493555615,0.003168298990864794,LC_V18_H2p0_T7,0.004668773572025046
25,"(25, 0)",79,1,single,,Y,8.086807180190456e-05,8.82976202852841e-06,1.4873909692981225e-05,9.507681070788183e-06,1.7987216213650142e-06,2.2256837602187425e-06,7.65392598736015e-05,5.872091055866605e-05,1.3809252254394522e-05,0.00010171595104674011,1.0748141942185955e-05,2.4157935361539453e-05,1.5112146418516504e-05,0.0005761289954371927,0.00025068352869179474,0.0001672080164379454,0.0007807183744941361,4.0805859727778816e-05,0.0002626113727455024,6.970227447287548e-05,0.0008604010330834558,0.00020502281201260214,0.0005783302733553598,0.0012483030543648749,0.0008865351898936814,9.177372171620458e-05,0.00016848835912695566,9.736312085862794e-05,0.016043599988831307,0.00197581132831306,0.017426254725229077,0.02133861267789957,0.03398943453885115,0.009279355801661853,0.002739657797564199,0.011869026297853674,0.02007295437525335,0.01797143029829272,0.04937433519994581,0.02106813078493266,0.004335704657165983,0.004811046657326555,0.008651806940559382,0.015766721484986545,0.013247336821947335,0.05959997510264454,0.04067640503766402,0.012649603540258366,0.007945360450781133,0.005679331117584624,0.0059163668412608094,0.027294874475433856,0.05942776525703529,0.021712270448325976,0.008637501934704311,0.009848481160746433,0.019892595879074288,0.09525063775666351,0.047779283959260004,0.02339099495553989,0.012092364568323312,0.021804600159138647,0.0880402472010606,0.02959118499930439,0.02003848569019301,0.01768221601871362,0.01799302504902974,0.049165459858376344,0.05609041079762915,LC_V18_H2p0_T7,0.09525063775666351
26,"(26, 1)",76,2,single,,K,0.003660302761411626,0.0029584019102656747,0.005199077521418677,0.0029124103959796296,0.0005933059870939984,0.0006090886457299064,0.007102632048597969,0.005556279765628031,0.0010605641411329928,0.0089510824565633,0.0009831245243329357,0.0018349428567447702,0.001249954256234283,0.010760171117469337,0.004705461623728411,0.0029270471596797897,0.014064724216191345,0.0007632989837952882,0.004572677389691461,0.0012607006448239972,0.011062523374178243,0.0026563228971032567,0.006841117992043492,0.015226196965039716,0.00982979834139198,0.0011063323815848956,0.0017918829487158776,0.0010972522602310168,0.019988505610577727,0.0024671883920047376,0.021568948805508834,0.02664796098266372,0.04214033570716529,0.011636652750857455,0.0035011515253267887,0.018868506278042905,0.03163312652730054,0.028745464985122,0.07807433070613527,0.0335783240037517,0.006782504518176361,0.007774300632405387,0.012015070432145756,0.021734862593042293,0.018478265329649038,0.08259547899371446,0.05699405722305112,0.017580906433730795,0.01129753082423261,0.008037747026727847,0.007171272356930194,0.033378357015944264,0.07352453458963458,0.026616041750164965,0.01080521454264404,0.012277020969582234,0.01593688323514386,0.07690477451889717,0.03844893322351452,0.019045078767958357,0.009790912802274622,0.017342297822628708,0.06970201024866134,0.023749310453719644,0.01599185085385722,0.015393766224827845,0.015913508887655383,0.04310896259320335,0.050940587572247474,LC_V14_H1p5_T6,0.08259547899371446
26,"(26, 1)",76,2,single,,Y,0.00538579447083538,0.0026185070152387577,0.00459744617539422,0.002568499853136736,0.0005227555309874369,0.0005350416966078433,0.008095969035801506,0.006342540731193458,0.0011909279173835,0.010148880196164752,0.0011164325539843878,0.0020583909912326327,0.0014082465464811667,0.02073989950628178,0.009094147170549023,0.005488071998554672,0.02669341283557935,0.0014625069744342793,0.0085700474754548,0.0023822048983683465,0.02821174729446021,0.006793484468064447,0.017065831146353624,0.038408092319772914,0.02425899138631647,0.002790718830718273,0.004397246988746,0.0027306441291751592,0.06616196462114673,0.00818592871849964,0.07014046336912153,0.08732527067688103,0.13571564579704257,0.03724282811343633,0.01131536010681379,0.04878124374596157,0.0809957344962803,0.0738422733336246,0.19877166198517482,0.08509804219577295,0.017008625511603925,0.01961558733756776,0.028872285228261782,0.051825241064641786,0.04411367257374103,0.1955405669077768,0.13421030146442545,0.04102623170965735,0.026485033862320227,0.01869118302274593,0.020391135641730933,0.09414288094637636,0.206065802760111,0.07390239844652735,0.030145905703695113,0.03394382393530187,0.048767718637405026,0.23384432065077412,0.11594836433842974,0.05717175554688233,0.02916768002494419,0.05466513856078901,0.21786646297707404,0.07386155179466328,0.04934238338270053,0.04970446824232498,0.05118086514625263,0.1376255189829087,0.1615816102948732,LC_V18_H2p0_T7,0.23384432065077412
26,"(26, 0)",78,2,single,,K,0.004151972893854337,0.00046975443572915573,0.0008154107748708114,0.0005183650806932033,0.0001007953319920577,0.00012547072456657233,0.0015804932095280463,0.001219094784846011,0.0002827929462713851,0.0021759193492931726,0.00023033574353847468,0.0005319022978833704,0.0003369184136787245,0.005892204134073663,0.0025682470958691174,0.0017058553400305886,0.008061031913963838,0.00042463657854984295,0.002809353239363352,0.0007440972092331849,0.006014124950937098,0.0014463210286486028,0.003697336840832809,0.008278882281376566,0.005706201763811562,0.0006066142576242093,0.0011322595829321707,0.0006522474421832353,0.03243669797069644,0.004015886677566347,0.034273104595485285,0.042740363165828264,0.06632556697915956,0.01819512159813256,0.0055192885260612395,0.023118264842807327,0.03846180796337056,0.035006946655405054,0.09444701349162994,0.0404808008749973,0.008119602128107906,0.009328037119601259,0.01496155665082653,0.026882279993088724,0.022841760985068366,0.10139430620214558,0.06949763518579094,0.02127253637113059,0.01369457775881129,0.009672567830433437,0.010330608855259948,0.04775338040045658,0.10466180454843671,0.037740199784555326,0.015378661759560697,0.017351887843358827,0.0238517529618726,0.11473174023074871,0.05712135931681301,0.028231187351953662,0.014511043023636542,0.025436533740649567,0.10209828878081337,0.034706678426433414,0.023313806993270094,0.02091390877263142,0.0215844497478866,0.0584165184922376,0.06881475661823838,LC_V18_H2p0_T7,0.11473174023074871
26,"(26, 0)",78,2,single,,Y,0.00670106660541028,0.0013585520590578583,0.0023522163871069163,0.0014348056402096077,0.0002802167694004719,0.00033398819197132617,0.006624468161686785,0.0051419479439899565,0.0010831731785573184,0.008695820553569066,0.0009365875292404806,0.001951302446993957,0.0012771279120469012,0.031703049502402894,0.013891798652694319,0.008598526964051053,0.041505774670670174,0.002248786495314838,0.013754084382339453,0.003749561711032686,0.03326922453132632,0.008014451542717552,0.019997141366669285,0.045079623107863,0.02939402900536638,0.0032754902437308287,0.005545590414012095,0.00332913425824179,0.210223466785838,0.026026852217736304,0.22109276480035447,0.2759181213876823,0.42524050453304313,0.11592672463460837,0.03528116186795243,0.13969303789410198,0.2308404551625084,0.21034465589693696,0.5626992139066042,0.2395842411079145,0.04752803774967982,0.05492728054770973,0.08199228991582531,0.14621610812376917,0.12447926836403932,0.5477929179222399,0.3733681494944,0.11312802833574846,0.07320818792292105,0.05122486189524454,0.05492084617666522,0.25262804585710197,0.5508809288024406,0.1969476794066314,0.08049811039885835,0.09015428627574476,0.13009748213442865,0.6233173502950649,0.3084107445754527,0.1518996769497862,0.0773616922980572,0.13216857292667142,0.5266223435563948,0.17830260933336667,0.11891114795904995,0.10780619590577763,0.11077750359354664,0.2973033758995662,0.3201541750716596,LC_V18_H2p0_T7,0.6233173502950649
26,"(26, 1)",89,1,single,,K,0.0033995915782209516,0.002779684329267637,0.0048837389972738445,0.0027287572998490554,0.0005564148931494402,0.0005687864489919787,0.006842053015215604,0.005353919163942495,0.0010132605331072129,0.008594317071479302,0.000945171263745286,0.0017487807204427787,0.0011956796737647387,0.010347238467295076,0.004532351028440426,0.0027786386885098988,0.013422451062113872,0.0007330880051162106,0.004333502438433765,0.0012020893612477125,0.01083232619970517,0.002607680042490525,0.006590713054325142,0.01476718097367584,0.009380755402953031,0.0010729355283596342,0.0017004146890835963,0.0010521562806729595,0.017432654584140485,0.0021533470223255033,0.018730674877612638,0.023186292685572436,0.03647387679529165,0.010050578307528623,0.003035885863528889,0.018560489918600816,0.031062700074343284,0.028249472661271025,0.07656145080108087,0.03290248652117535,0.006619557283352026,0.007612476135186817,0.011615208406380039,0.020924687520592122,0.017799116785927032,0.0791784112835465,0.05446188693289739,0.016705453879064826,0.010776842416308505,0.0076288602532856055,0.007446457236558204,0.03459300837392268,0.076141077774795,0.027503478995625674,0.011229847355352662,0.012703620562473365,0.016158095571265015,0.07796538739635336,0.03883094815449417,0.01925598656345184,0.009870792677972619,0.017817294776892898,0.07133243021086316,0.024335606834576275,0.016339281301582298,0.016379891514118006,0.01692730745794676,0.04574941779195734,0.05561097660957075,LC_V14_H1p5_T6,0.0791784112835465
26,"(26, 1)",89,1,single,,Y,0.00646680612357595,0.0039025663420196414,0.006853273608173086,0.0038222483602176767,0.000779080993315515,0.0007947923769994461,0.011338124949511065,0.008877142571644757,0.001666641282868421,0.014203856367072967,0.0015633363912941262,0.002875471272615144,0.0019702066056612308,0.023405514070186526,0.010266927703245166,0.006186656483092195,0.0300965650987815,0.0016523929835575756,0.009653586135972645,0.002689022348273179,0.0296434858750219,0.0071413559147712295,0.01786942316983831,0.04024982988588144,0.025323390818998558,0.002923527602607888,0.004580235501254259,0.0028515574956133652,0.059077891462224,0.007309297703309652,0.06274433521714211,0.07806692926874557,0.12149764040527253,0.03336416775615462,0.010137072429428141,0.05075866358737243,0.08442740735981023,0.07693978474588621,0.207387260634953,0.08887501601318831,0.017774428338712265,0.020511838241045625,0.03097882515303652,0.05562248171165174,0.04734036418954891,0.20984313449326572,0.1440362946029547,0.04398916358290365,0.028440848840339226,0.020057263998017993,0.021700742379527276,0.10036777758982454,0.2201421221088924,0.07911745417465545,0.03235280314787007,0.036442474734552276,0.05046454168443742,0.2424855330956665,0.12019776257576187,0.05940646488371471,0.030322155403835493,0.056685182335094154,0.22600727594923273,0.07681039734857663,0.051351224797719794,0.05249582320649041,0.05411771948655986,0.14568994283627285,0.174506178455255,LC_V18_H2p0_T7,0.2424855330956665
26,"(26, 0)",95,1,single,,K,0.002974624252169988,0.000559932470576755,0.0009722558034474387,0.000562648604184639,0.00011261341054986792,0.00012117709764981392,0.00234089105730272,0.0018249489531830241,0.00035710222470215807,0.0029757697870297266,0.0003249332682235295,0.0006234894849818318,0.0004205389650097641,0.008218193124845757,0.003599917225534639,0.002212405941372401,0.010719006712940465,0.0005828030845284812,0.0034891001821616492,0.0009627096573849964,0.008490053648795303,0.002037295229382235,0.0052529429507315525,0.01170417275345998,0.007583942075708057,0.0008521061592538368,0.001393443229376592,0.0008513743524838651,0.03730357520951639,0.004615204638233307,0.039591312059023734,0.049259074220706536,0.07677571239569307,0.02107911955407624,0.006374900826167705,0.027009654665162353,0.04503532653635449,0.040930677502356065,0.1106658364359607,0.04743365112125123,0.009535892645907615,0.010930893170879275,0.01730869381615572,0.03114724549880469,0.02642533026800014,0.11740385474080649,0.08042843173184046,0.024646587207572575,0.015841705120369764,0.011201085986871301,0.012104086343518948,0.05602913396923328,0.1228833589006046,0.04444323910626449,0.018090499895995198,0.020429066557017185,0.02808606218061859,0.1352389016665492,0.0674362674803477,0.03334627420228643,0.017110773741081435,0.0295612502942131,0.11874992099294553,0.0403703960102466,0.027146490894751754,0.024870727211482205,0.025649549536029975,0.06948415051884378,0.08034750687843428,LC_V18_H2p0_T7,0.1352389016665492
26,"(26, 0)",95,1,single,,Y,0.005370759349034944,0.0015301655568184473,0.0026649728714405333,0.0015020133991123514,0.0003029443602039413,0.0003146043293614191,0.007823828720196113,0.006117636039577763,0.001155776695165163,0.009813779646409547,0.001078244200036553,0.0019989593167227663,0.001365181038060295,0.0335143905284125,0.01472368772213008,0.00877571134852208,0.04292863009666373,0.0023626460719508645,0.01374811484557619,0.0038333802347071573,0.03554359363702259,0.00855090080132987,0.021499192567764457,0.04832972341937917,0.03052925232851237,0.0035022026979308904,0.005530559611510979,0.003428387964403022,0.18870633474066484,0.02336018281561261,0.198858218551581,0.248005382201762,0.3831287302405086,0.10460653807058662,0.03179886438277232,0.12866450991703965,0.21309786267438857,0.19403722022481934,0.5204166873549857,0.22195373465896923,0.04416897146376601,0.050957786367484756,0.07720733442275639,0.1379972603302023,0.1173728179798431,0.5177158328312671,0.3532669052307604,0.10732506781560738,0.06934553906899077,0.04864813129677814,0.05229945299365313,0.240946849241537,0.5262819797862414,0.18887126820432332,0.07717667227125975,0.08660163201603693,0.12412553996391038,0.5956810878440802,0.29508596432870393,0.14553431967757116,0.0741603236854818,0.12639483589169848,0.5044608792883147,0.17105887720278093,0.11429006437767744,0.10484960037101362,0.10786542025225075,0.29018578874490386,0.3161066952184621,LC_V18_H2p0_T7,0.5956810878440802
27,"(27, 1)",92,2,single,,TY,1.4341520132531943e-05,2.917869883749059e-06,5.1084316908675765e-06,2.858797058851546e-06,5.800469436330905e-07,5.953544624589828e-07,1.0223655895013178e-05,7.965498540792722e-06,1.5299817986737076e-06,1.2765847450343843e-05,1.3988128595341854e-06,2.604195301603875e-06,1.7694757457708423e-06,5.038681488882868e-05,2.2127813329780048e-05,1.302312697694121e-05,6.378215627419319e-05,3.5135504909199056e-06,2.0176082077495694e-05,5.63405275868847e-06,0.00016780271655526737,4.042044402549518e-05,0.00010045734302156839,0.0002268732038696562,0.0001416774451456195,1.6423490688340558e-05,2.552936952214314e-05,1.5941303328137705e-05,0.0007663570791287801,9.485642050148941e-05,0.0008054629671788183,0.0010045808660564494,0.0015473207680695461,0.0004222895776233509,0.00012876005068995493,0.0006437687897065959,0.0010618317435251998,0.0009677036806443717,0.002585830103417193,0.0010982778387844784,0.00021767295602237398,0.0002512826038687111,0.0005061527549271058,0.0009046077175162097,0.0007687884141661249,0.0033901729903635645,0.0023110501677593848,0.0007015198736777062,0.00045328008552144287,0.0003176969821402077,0.00048337601590495545,0.002211161006037444,0.004800351857696251,0.0017021430065763802,0.0006967374853117924,0.0007775937076442801,0.0015524961704256573,0.007385223366715612,0.0036382410147061026,0.001780677682300895,0.0009026997697952138,0.00218626621737028,0.00867464021397003,0.0029212011429316912,0.001939630060402796,0.0020946050917677694,0.002140592121296698,0.0057205524975781855,0.008145600047576395,LC_V20_H2p5_T7,0.00867464021397003
27,"(27, 0)",94,2,single,,TY,1.2883156597868802e-05,4.60409813362575e-06,8.022126830430332e-06,4.452989090774728e-06,8.984047161130147e-07,9.175223368321179e-07,3.5991475807350844e-05,2.798135737256477e-05,5.387071402528124e-06,4.4832532284108446e-05,4.907259303112425e-06,9.137677447963206e-06,6.207008805656891e-06,0.0002866832025433188,0.00012584949271746048,7.462426826278855e-05,0.0003638252266927983,1.9972079893540007e-05,0.00011516264635453244,3.204854053115121e-05,0.0004548512131297105,0.00010926829707015478,0.00027520594638050423,0.0006158812385489707,0.00038766621477854776,4.421211277250318e-05,6.9528419203608e-05,4.2988123554011236e-05,0.00833118679655168,0.0010300438501368858,0.008751237762989755,0.010880216305568428,0.01672254195175224,0.004509305147958604,0.0013633473541462757,0.00606473946901595,0.009980441901316077,0.009065502200874086,0.024115381306963772,0.010182905940887329,0.0020085575327465893,0.002314557111253344,0.00444378261839505,0.007892783338825753,0.006699254171088572,0.029329021690082828,0.019826994137581107,0.005975367586629442,0.003856929244367149,0.002683604436106609,0.0029130701649407635,0.013268611502545867,0.028635483911810162,0.010218305686886732,0.004164533281326085,0.004629944889088872,0.009700917799060047,0.046105256495134715,0.02267225359257561,0.011067086808444093,0.005593995002584704,0.010540795853724024,0.041759565380735844,0.01399766200651269,0.009278235531324456,0.008480025042992412,0.008644737188945218,0.0231001781811092,0.026299119399366074,LC_V18_H2p0_T7,0.046105256495134715
29,"(29, 1)",58,2,single,,K,2.9386189527802472e-05,1.0749439344189101e-05,1.8949265410767634e-05,1.0612452389515268e-05,2.167671793374468e-06,2.2426532159139883e-06,2.6718409489905486e-05,2.0910283266573898e-05,4.012520973445717e-06,3.388348981140451e-05,3.713891407270364e-06,7.04018607309273e-06,4.788984019290501e-06,5.43347264738218e-05,2.3781460710736838e-05,1.4734433957056133e-05,7.10777899337354e-05,3.834501002978966e-06,2.3173092824404077e-05,6.356625253586448e-06,0.00010844789093795273,2.6122760449525844e-05,6.583222917529474e-05,0.00014810923745555324,9.447455267482633e-05,1.0791329310785969e-05,1.731468707089121e-05,1.0695911493880123e-05,0.0004631881049612736,5.726791044608478e-05,0.0004934689626518192,0.0006128083467759241,0.000960705443748409,0.0002660737054074828,8.033337972614945e-05,0.0006071908456055613,0.0010109195134202404,0.0009192738009264145,0.002486805508367362,0.001071853665032811,0.00021653694354559162,0.0002495482849057375,0.00046172568504544226,0.0008313009780634185,0.0007068279099724148,0.0031460703747569953,0.0021669270615384735,0.0006676064753035614,0.00043007205149909745,0.00030686837891677005,0.00033712415686748814,0.0015496577534517154,0.0033917103156425902,0.0012066312764888979,0.0004916365565474788,0.0005545077142394809,0.0008676469205093207,0.0041617922059668045,0.0020715097511408358,0.001022781993842056,0.0005251012048675302,0.0010837432961879727,0.004323502731120566,0.0014630940262805052,0.0009803553283779453,0.0009789281803527325,0.0010089813484928315,0.0027144723920383487,0.0037023388957625226,LC_V20_H2p5_T7,0.004323502731120566
29,"(29, 1)",58,2,single,,Y,0.00010612547368400975,1.3152168590096147e-05,2.309008399782513e-05,1.2863454990447308e-05,2.6157747201950634e-06,2.6801055225172655e-06,6.975696226955772e-05,5.454581472099053e-05,1.0184575713110886e-05,8.654046884187894e-05,9.507200606837982e-06,1.7430751598536105e-05,1.1904822627797234e-05,0.0003266929372302151,0.00014328964672208556,8.500804144673093e-05,0.0004141617325331328,2.2671896318050736e-05,0.0001318229363411573,3.66062081164023e-05,0.0008781834534846262,0.0002117128763735148,0.0005229385402561997,0.0011819030986353677,0.000735395114239075,8.538354800281543e-05,0.00013231013388673878,8.262417621823225e-05,0.004254538445371454,0.0005263536305349034,0.004470816997133635,0.005568269761905223,0.00857448899687354,0.002333377759951507,0.0007094019285237704,0.0038822861624651307,0.006392806658105429,0.005829021227235411,0.015567265209636149,0.006614473873129377,0.0013123365332945861,0.0015140626067810957,0.002756418557939962,0.004911654986677886,0.004178893399253431,0.018378779662286637,0.012512832656349416,0.0037936501684024816,0.002449368051250849,0.0017152915396754524,0.0024707642440345984,0.01128914258857147,0.024505966616125446,0.00869100314916732,0.003545641650840348,0.003958212255944895,0.007765575653420679,0.03685380021444555,0.01810694921296098,0.008836025700671522,0.004471816952482487,0.010518134155993127,0.0414179658699537,0.0139237009105188,0.009200074387242789,0.01023722917754556,0.010451204132458612,0.027828303442050825,0.03837662316970677,LC_V20_H2p5_T7,0.0414179658699537
29,"(29, 0)",66,2,single,,K,0.00011462496567170556,1.8254993895013672e-06,3.196618579621829e-06,2.5213104892698263e-06,4.918445524908778e-07,8.651030826768921e-07,7.420053195647645e-06,5.822174180322562e-06,1.3559972532726543e-06,1.1515309471230388e-05,1.2602120966980482e-06,3.5036702838673786e-06,2.2036898672672723e-06,4.712287650394799e-05,2.0782369013280526e-05,1.4805415219577567e-05,7.209954068609444e-05,3.8107910424718447e-06,3.0274654164525038e-05,7.985859481953975e-06,4.5824747053043226e-05,1.0875692484621076e-05,4.049529057936302e-05,8.422144905431533e-05,8.642273829973818e-05,7.585290194984851e-06,2.2551602507000608e-05,1.1563552481152306e-05,0.001097478209468871,0.00013574222797728405,0.0011715608568399953,0.0014612172373245403,0.002336676005234077,0.0006729798456575271,0.00020230323478403242,0.0008958733388183583,0.0015032953716711817,0.0013686774250318585,0.003791341051924129,0.0017044449864799733,0.00036637929801175856,0.00041739730550006976,0.000587252286027065,0.001065255474253402,0.0009061320051607821,0.004154263281704648,0.0029847387608851624,0.0009972691379110225,0.0006226875281153749,0.00048610831530512024,0.0004380254445967621,0.002076888533275809,0.004752615419764987,0.001885767443255244,0.0007375271969247577,0.0009261444429673814,0.0014629199437420505,0.007210329684064206,0.003780931820892115,0.0019419175986537564,0.0010783151295238513,0.0017194404788760328,0.007204300076925083,0.0025366341990942665,0.0018333679474391558,0.0014354475969639666,0.0015605717954752995,0.004707653796545532,0.0059359640594033,LC_V18_H2p0_T7,0.007210329684064206
29,"(29, 0)",66,2,single,,Y,0.0018895412341316188,1.9971604122170406e-05,3.5090969047068566e-05,3.620816670494852e-05,6.820410724660198e-06,1.5774488309545195e-05,0.0001392317210063403,0.00010821391317351883,3.040792665822614e-05,0.000247497638253779,2.6245765651054785e-05,8.809015623903036e-05,5.429032034875397e-05,0.0011593025763809361,0.0005099134775241976,0.0003894514905166409,0.0019000768097604418,9.818778571084305e-05,0.0008462576885650806,0.00022044820512451038,0.0013782515057425293,0.00032914754308168364,0.0011177859171896496,0.0024220574892407434,0.00231438474746892,0.00022369256807755722,0.0006048527664941445,0.000328348007726089,0.03039886361238513,0.003758799337920096,0.0330362253428082,0.04114656285769873,0.06763490276208808,0.01993389363380763,0.005903459828256901,0.022940582919961126,0.03925921991952132,0.03554829494644214,0.10124300311523278,0.046398072501519706,0.010331689296472896,0.011546924594815369,0.014600841852769837,0.026952309592666916,0.022821217950542007,0.10668318687487233,0.07761491487214418,0.026441379351471027,0.01635035298012641,0.013038843125060604,0.011134124210492886,0.05393047319491369,0.12541613327125098,0.050524932123547736,0.019708037921369603,0.024946326943259673,0.038012367055861924,0.18934230802197136,0.10064263544637744,0.052110226498706315,0.029371188060721386,0.04356637827915546,0.18449305782571618,0.06532570959789642,0.04761393812286229,0.037279978054393904,0.040802149457168764,0.12256554788071124,0.14009790352082133,LC_V18_H2p0_T7,0.18934230802197136
29,"(29, 1)",75,1,single,,K,0.00012009698675003358,3.69627252061235e-06,6.483704888446287e-06,3.8049259577342673e-06,7.58930846796096e-07,9.954147193492897e-07,8.065600328912029e-06,6.2700676304118935e-06,1.2692129168380806e-06,1.0330162856862108e-05,1.1238692854433e-06,2.9585167350940596e-06,1.6964111666667134e-06,1.5424220476131096e-05,6.740418473108753e-06,4.254388002605993e-06,2.039550782941285e-05,1.1135719269441868e-06,1.0239344939661078e-05,2.1685601296023696e-06,3.093120382482528e-05,7.449239968902593e-06,1.9037812853727037e-05,4.243718268287861e-05,3.3145713476020366e-05,3.249660766496637e-06,1.1598372632184652e-05,5.366743565717719e-06,0.00011957271117612239,1.4764924910564749e-05,0.00013127511253320336,0.0001626124098738615,0.0002630767118597444,8.79474734357929e-05,2.2889752535929944e-05,0.0001586012056125531,0.00026662898367173135,0.00024237076635766062,0.0006640958341551979,0.0002900342083903772,6.424133575229177e-05,6.940332836140657e-05,0.00013888637273663774,0.00024962986227837876,0.00021154355925956638,0.0009429379237986281,0.0006533079060483623,0.00020418718425234902,0.00013030418741374948,9.920022752623634e-05,8.682403752036069e-05,0.00040766013608034405,0.0009088236191289635,0.00033355703995287315,0.00013530917528827946,0.000158823432789338,0.0002273904110768747,0.0011029019984236659,0.0005588584615028952,0.00028260196472993797,0.00017392858893166223,0.00027710401710557967,0.001123101217518022,0.0003854763216456407,0.00028758361756687275,0.00023927213265338858,0.00024944488860762995,0.0007859916929720142,0.0010209924937032162,LC_V20_H2p5_T7,0.001123101217518022
29,"(29, 1)",75,1,single,,Y,0.00012009698675003358,4.011491613003564e-06,6.982817126931421e-06,4.023269893582672e-06,8.045331974477628e-07,9.621815356512725e-07,2.2879085050081665e-05,1.7835155072759048e-05,3.430281969761338e-06,2.8611269409007277e-05,3.1331630779874796e-06,6.04629450533248e-06,4.013132854982248e-06,0.00011691604312707055,5.1314581965813576e-05,3.090275012693312e-05,0.00015039720134570338,8.230976822426041e-06,4.8597410388737596e-05,1.3474164854486099e-05,0.0003139522822140712,7.546647291934679e-05,0.00018943940631493004,0.00042581865951649345,0.0002690746697026136,3.086382460071713e-05,4.9019283772570234e-05,3.033422902679783e-05,0.001509621617582545,0.00018700356578971213,0.0015991191314328641,0.0019960730441884907,0.0031120631345408776,0.000858446417850377,0.0002595984589327729,0.0013477812329674137,0.0022237923404234954,0.0020301243189607184,0.005443513927659539,0.002332478707036695,0.0004664990516036466,0.0005386503397863684,0.0010364797165906996,0.0018550635510357718,0.0015777310958144844,0.006990198167281108,0.004807910962240452,0.0014730076836083276,0.0009507281247044027,0.0006733204189702166,0.0008913232682403723,0.004093067337391841,0.008930287357041086,0.003207632012298587,0.0013064836684643438,0.0014720845535608853,0.0027993001476180075,0.013303223784219437,0.006587207728495159,0.003229291458313419,0.0016516476996178006,0.0038104556395776434,0.015181287097710926,0.005133426250744418,0.0034376227833697705,0.003562849795161388,0.003648456434060898,0.009788742992036465,0.013966159993459062,LC_V20_H2p5_T7,0.015181287097710926
29,"(29, 0)",83,1,single,,K,1.8455146708059602e-05,1.6046261753277395e-06,2.681078936991378e-06,1.719838687336863e-06,3.236310230158629e-07,3.9745896861061015e-07,6.3822890102715855e-06,4.80128210559584e-06,1.271277555196813e-06,8.555385544805319e-06,8.850784679355173e-07,2.1306736995331486e-06,1.2861371396146132e-06,2.685193700509765e-05,1.1412848247552211e-05,9.081782300387498e-06,3.9472862451085914e-05,1.8981351570167501e-06,1.3880880934799167e-05,3.470419618551197e-06,3.5484286310821705e-05,8.346302316263355e-06,2.6261627615394105e-05,5.3920422376144584e-05,4.195378101216034e-05,3.89705286774722e-06,8.06925595082795e-06,4.340899614414707e-06,0.00046392106507593515,5.687897305355007e-05,0.0005175325396815384,0.0006242415948445714,0.0010225531608991244,0.000280796004095157,8.104431617482542e-05,0.0004224970170834581,0.0007368664745725493,0.0006509127332922409,0.0018377783160773609,0.0007881132117697002,0.0001668505459968729,0.0001800151082226879,0.00031533876627132094,0.0005876911772892926,0.000488328229926265,0.002257003981561532,0.001551219024587569,0.0004987960617340262,0.00030365190509388276,0.00022308125800222446,0.00024096024649978003,0.0011333291053895829,0.0024842725381075516,0.0009332325987122523,0.00035848387896273613,0.0004196752980483912,0.0007236085066622251,0.0034723722216565447,0.0017899718469811228,0.0008692502637055727,0.0004598834621082015,0.0008654843307884711,0.0035718443240412455,0.00119332050546441,0.0008233654532866801,0.0006782693038624649,0.0006916201354953703,0.0019196002181502312,0.0023752961716383123,LC_V20_H2p5_T7,0.0035718443240412455
29,"(29, 0)",83,1,single,,Y,9.351664340174793e-05,1.2384948793356903e-05,2.0853520409324343e-05,1.3246089435395558e-05,2.515693118418038e-06,3.070300487316098e-06,8.612985197275343e-05,6.539055991854548e-05,1.5891896897031363e-05,0.00011373148712286673,1.1952054606156292e-05,2.7150820039415593e-05,1.6884715917088158e-05,0.0005226762452414316,0.00022507493639433557,0.00015982568584764508,0.0007316421576072364,3.7070173658874426e-05,0.0002506284057342181,6.526112179624487e-05,0.0007506773788168508,0.0001784003607605726,0.0005081547156385881,0.0010882473352602307,0.0007771898633419093,7.905007206688508e-05,0.00014719608195824514,8.399928614192188e-05,0.01139258099578122,0.0014036318653923021,0.012306327172939254,0.015101186733188138,0.02398071757198338,0.00654553869428866,0.0019281932897024846,0.00901866110836463,0.015325229205380698,0.013697813241100058,0.03770599602835496,0.016089261890186203,0.003310689234903111,0.0036724675628181584,0.0062916978308013094,0.011448623703192318,0.0096015185650125,0.043360467444530114,0.029619694723533728,0.009287670171351526,0.005787227779847737,0.004166491677063258,0.004744716197794245,0.022016723462587557,0.04793132211149534,0.017568506251194695,0.006909007254858498,0.00792745314576919,0.015136495140038227,0.07234982505899457,0.03658578005914237,0.01780372468364766,0.009251589058615428,0.017347211765022505,0.07011309990094167,0.023422281983074368,0.015891472088572754,0.013935809918105207,0.014252270871499944,0.03893302339814387,0.045520308585783924,LC_V18_H2p0_T7,0.07234982505899457
30,"(30, 1)",74,2,single,,K,0.003973885301588084,0.003123723990885929,0.005479841507607126,0.0030760848720676457,0.0006257566221587383,0.0006436503619977978,0.007444577618008165,0.005820620701236707,0.0011129249257203246,0.00938156665891301,0.0010297408213602761,0.0019233321239855398,0.0013096901153033323,0.010791884818514674,0.004718170731601813,0.002940813065559453,0.01411208662705255,0.0007650935241683225,0.004584360084242704,0.0012639296911946096,0.011641522606864489,0.0028000869150158715,0.007130262644545485,0.01594889161447947,0.010216074099915078,0.001160167132728946,0.0018607111813196164,0.0011448339744959183,0.018590209277327047,0.0022948089213200118,0.020124809040846146,0.02486150141389609,0.03942654763497849,0.010907486368176917,0.003281461059544007,0.0198080725202287,0.033286883013355945,0.03020611659227266,0.08224618654538238,0.03540212116160736,0.007163186747205215,0.008202268306247568,0.012499266957422043,0.02259914432263129,0.019204058145381297,0.08581831375055093,0.059209007083436745,0.01826056963683788,0.01173957609693582,0.008354377554487275,0.007870478139547816,0.036624965968487716,0.08071194520667824,0.029380156335804264,0.01195186417843852,0.013582616005036486,0.01698012193426751,0.08227050110321765,0.04124910416825561,0.020495588028373857,0.010578518776165191,0.018822270278269233,0.07583009112236173,0.025924429098812273,0.017507200733140178,0.01747590181416341,0.018073305839433784,0.04904552978756839,0.05719735990168657,LC_V14_H1p5_T6,0.08581831375055093
30,"(30, 1)",74,2,single,,Y,0.005650810129703539,0.002757502780787766,0.004830848521420215,0.002705089816629703,0.0005492848535096045,0.0005636170002270879,0.008920385401329025,0.006980735175153185,0.001315704096602226,0.011180963812073293,0.0012292462622662675,0.002270276639747696,0.0015520792537981089,0.021050119243665014,0.009232465653363744,0.005571646396088723,0.02708107101191607,0.0014844188523050964,0.008690575543619128,0.002416660454000757,0.03022755437614931,0.007282183416522908,0.018208577810759293,0.04104586229606068,0.02582836096815125,0.0029811938335237128,0.0046755181961227205,0.0029093669060096037,0.06232988833786184,0.0077136203496123755,0.06610793030683296,0.08234779673363823,0.12807030666558453,0.035190161615488436,0.010697226291969068,0.050333247577688756,0.08360188124343006,0.07621585159630097,0.20526438686638931,0.08791767369366008,0.017583334805122038,0.0202827277939275,0.03040640245597386,0.0545613631197596,0.04643083212488527,0.20577645896411262,0.14116787484231938,0.043127402899420415,0.027855608359502723,0.01965251776862785,0.022109843856044187,0.10218778627649068,0.2240534728411824,0.080772195095895,0.03300517145285717,0.03719462192620135,0.052083463579859116,0.25050518171117503,0.1243755222628023,0.061472035354615394,0.031427808466190595,0.059266231478531425,0.23643896529148078,0.08037882657380949,0.053779787570992034,0.056208075910293205,0.05795323003157642,0.15601396946484722,0.18074677577267836,LC_V18_H2p0_T7,0.25050518171117503
30,"(30, 0)",82,2,single,,K,0.004774009240476885,0.000598496341691429,0.001020566964117579,0.0006570777348815942,0.00012622243927759078,0.0001562115338216269,0.0012525682207232467,0.0009645240839260503,0.0002273601578608526,0.0017020609668640357,0.000179909507164751,0.00042361314788805503,0.0002637469208192264,0.0050224994133463135,0.002203051503255017,0.001439109857554408,0.006732626166709267,0.0003556195309185627,0.0023551552611458674,0.0006194893679503793,0.005963608716484715,0.0014347358226708515,0.0036648635066424693,0.008227226802233565,0.0053188951419507495,0.0006021503776478886,0.0009966713201032254,0.0006021579485896184,0.0259205979332981,0.0032082598704023324,0.027458549969449998,0.03421160443370405,0.05323506524289278,0.0146298401215045,0.00443414988190917,0.019954879391512772,0.03328026134640973,0.030230478494642072,0.08170516422635654,0.03500358553275985,0.007032830769763777,0.008067429754722723,0.013060227962178688,0.02353756952855019,0.01996020173251922,0.08879639921352196,0.0608469661938493,0.01865182685558345,0.01198347187990628,0.008473690450607906,0.009550847422153058,0.044180459303928346,0.09681775579061727,0.034859300129727606,0.014184256803010086,0.01601195607848785,0.02119406637791662,0.10203990957166482,0.05092013403502592,0.02518563528075016,0.012936556930124212,0.02405555970336326,0.09682979949216966,0.032986432707506085,0.022213664139136263,0.020548888410526638,0.021195705145477504,0.05738180633279985,0.06867913474792949,LC_V18_H2p0_T7,0.10203990957166482
30,"(30, 0)",82,2,single,,Y,0.007423084725419634,0.0015875192525626764,0.002717495289686263,0.001695701604039103,0.0003282004411197015,0.00039152190802516784,0.006044271377791871,0.004663040861203818,0.0010122239142136209,0.007943397086665008,0.0008507292236846131,0.0018037611469606215,0.0011700167035175598,0.028444917697380074,0.012508297687185891,0.007694653541292134,0.03693068323823793,0.001996157136327705,0.012240371869027997,0.0033274892019460544,0.03376002990327468,0.008129600471647246,0.020285976945437337,0.04575513385278201,0.028741289662710206,0.003313504809178771,0.005247116662698535,0.0032307371589824388,0.16839860504190604,0.020856855309781104,0.1768456776833864,0.22083535148036967,0.3399745883917933,0.09266241502882681,0.028222124491206025,0.11849939520419533,0.19585108321749511,0.17833480367438526,0.4769130374356246,0.20287774066741063,0.040227719780901984,0.046469855852470716,0.0696075337841783,0.1240744660640118,0.10559380855265166,0.4644365412931884,0.3162491935793509,0.09577465410184374,0.061958325222210474,0.043329962681412974,0.049207989054024126,0.22622664508367846,0.4931575882480524,0.17596594975149557,0.07197682833153185,0.08054639596041571,0.1133192125822472,0.5427225054099752,0.2681793566986996,0.13204486848017272,0.06708711881945496,0.11930184813805449,0.47494389361046957,0.16088007652403816,0.10726136790896856,0.10150529663018103,0.1042671051275599,0.2797074969776156,0.3063773342057007,LC_V18_H2p0_T7,0.5427225054099752
30,"(30, 1)",91,1,single,,K,0.003974286277586712,0.0024991554962001533,0.004366224877644683,0.0024578719632829204,0.000498289864016308,0.0005137780699882791,0.00544246102972228,0.0042514773301894505,0.0008131719050728162,0.006840165190747593,0.0007509741851558468,0.001398301651219732,0.0009528484799216767,0.008440514500341348,0.003687757280151434,0.0022898651314905236,0.010984359745615145,0.0005962274357543347,0.003549860878622326,0.00098025918254091,0.008798766793692498,0.0021149580670568576,0.005400157270257702,0.012041518187691277,0.0077025725755365555,0.0008728763668522126,0.0013951403960028453,0.0008588508192547129,0.015538707572872651,0.001918343717829058,0.016719414658427165,0.02066113568939356,0.032533888991851105,0.008952850912159015,0.002700751420825277,0.016180127858564212,0.027091433433723826,0.024621363822709696,0.06676520248052191,0.028681160214491196,0.005769477802725982,0.006632277184967608,0.010697960196541543,0.01929796798043616,0.01640374572014628,0.07304600628978335,0.050246246838134355,0.015413271737674908,0.00994088476178162,0.007034669528967583,0.006519114396899365,0.030243678714656292,0.06643984333380662,0.024006368450915985,0.009766607969984721,0.011057432459600778,0.014038162944186876,0.06767060051072175,0.03379201942840507,0.016723663404615126,0.0085841405332775,0.015595350157444782,0.06263023598717168,0.02132085798636077,0.014330662509388577,0.014018719692463788,0.014464347308998924,0.03908121717643941,0.04683771816272788,LC_V14_H1p5_T6,0.07304600628978335
30,"(30, 1)",91,1,single,,Y,0.007445049219871776,0.003338163153109379,0.005817393466927835,0.0032763010428447266,0.0006625475026028173,0.0006838730693250365,0.008638015504947163,0.00675128732507551,0.0012797402061560162,0.010820724597532775,0.0011887570965411194,0.0021996458940800067,0.0015018596828849258,0.019692974348434526,0.00862600048808498,0.0052328016817938024,0.02535968285041272,0.001386676578203939,0.008131341203110171,0.002258445426589141,0.025399688889480073,0.006114155150624467,0.015374008581737042,0.03454579168552485,0.021812918008260688,0.0025063039505676494,0.003944622336528495,0.0024490656703809676,0.05321723416378716,0.006584518695395096,0.05648699824369507,0.07028735550243471,0.10933832374223586,0.030010706988171498,0.009118886815313176,0.04537474181047767,0.07545209544938812,0.06873431558599606,0.18523710253208778,0.07932384504197312,0.015863810565741602,0.01829197872968676,0.028425981286379815,0.05105381705044858,0.04344303988827272,0.19256104266671623,0.13210049066983112,0.04033386567716804,0.0260710620837549,0.018378396933871225,0.019843507644526,0.09163783613948681,0.20062099197312822,0.07202656606580349,0.02939097332696075,0.03310210517514314,0.04513306406349637,0.21673382039636724,0.10762694870896242,0.05311724190853164,0.027141667308222095,0.0511111443365416,0.20412214829881029,0.06927199205192554,0.04632977050238277,0.047168274089531045,0.048559927869460576,0.13057463735744598,0.1549305219566034,LC_V18_H2p0_T7,0.21673382039636724
30,"(30, 0)",99,1,single,,K,0.0033408969132611766,0.0007008201830984243,0.0012116746837275362,0.0007030569282776212,0.00014022874406679654,0.00015107321954566528,0.0018596023875286848,0.0014472052104944663,0.0002875328399678557,0.0023747263429279744,0.0002586515080529715,0.0005026602938129998,0.0003374140950273551,0.0062708470345443565,0.002745821351355664,0.0016923817325147558,0.008168079910377024,0.0004433872138218126,0.002658591600913153,0.0007319588161094715,0.006846739829819769,0.0016430401943711523,0.004245729535194418,0.009451538881948357,0.006146115950536256,0.0006877776021380572,0.001129856997172767,0.0006883055707193599,0.029180599258647067,0.003609849163004972,0.030994513335157296,0.038532405838574604,0.06009416024579692,0.016498922563628452,0.004987418095698154,0.022553270805571988,0.03761773837582356,0.03417198904073068,0.09238199507490964,0.03955660767635065,0.00794991544807772,0.009102288922715997,0.014457359043460618,0.02605808314595117,0.022076086057050946,0.09821815956580489,0.06725376538388311,0.020630999200531176,0.013236527896041456,0.009364797478722662,0.010123465724342796,0.046775141925488525,0.1023836669634411,0.03686548466958639,0.014984886035489264,0.016919277462695857,0.0228195700775834,0.1096921557866191,0.0546941754639405,0.027002580065042206,0.013855204720254742,0.025211766396983543,0.10132159215886288,0.03439614912953408,0.02314167741873354,0.021000024424143428,0.021618569056569767,0.0585385729626439,0.0672246287955024,LC_V18_H2p0_T7,0.1096921557866191
30,"(30, 0)",99,1,single,,Y,0.005943694882497578,0.0018773234743100554,0.0032578599505271406,0.0018435119231952433,0.00037059876009908516,0.0003863119955116896,0.006950980308829404,0.005430754573938724,0.00103110095586412,0.008723879430846609,0.0009574771449111023,0.0017812491943724736,0.0012147956452360292,0.027784459673803902,0.012207055620642948,0.0072609797665952455,0.0354818487285605,0.0019527095852526423,0.011327567588129462,0.003158043061432712,0.0315676553632373,0.007594833340231636,0.019093934423125753,0.04291085491842438,0.02710579597024417,0.0031083198543309875,0.0049063856687935874,0.003040740520031935,0.14955597483825864,0.01851573071312035,0.15749894596362574,0.19638652749788754,0.3032071237419787,0.08273371664337402,0.0251540260112545,0.10738293541405321,0.17782674721749686,0.16183229022264253,0.4338090702709609,0.18477843722756043,0.03675219863048878,0.04235765769175396,0.06406436010911003,0.11456495610013784,0.09736097766392969,0.42955497438643914,0.2928619483448424,0.088980400659896,0.05743064468531911,0.04028039741707764,0.04451913352194594,0.20480993432976294,0.44666591540777834,0.15988511342934933,0.06528207281000448,0.07319488738654842,0.10294385320740693,0.4933497488012195,0.24430593297879505,0.12032563621910944,0.06125557017251936,0.10928018210568916,0.43621643878310395,0.14771065347705534,0.0987279112552095,0.09089242748765228,0.09336483836365884,0.2508126538913436,0.27328602565699395,LC_V18_H2p0_T7,0.4933497488012195
31,"(31, 1)",90,2,single,,TY,1.276479486609673e-05,4.5512566580071965e-06,8.022614708056598e-06,4.453454616973363e-06,9.105679201110694e-07,9.239271582747653e-07,1.352610064919454e-05,1.0556773465223776e-05,2.008745274075559e-06,1.6889887336099892e-05,1.853556601048817e-06,3.4311662971727065e-06,2.3382821809571526e-06,5.774931165273466e-05,2.5375826501464985e-05,1.4891848863314635e-05,7.30219338506046e-05,4.02823134536801e-06,2.3080906908035163e-05,6.451793704907038e-06,0.00017527117782679648,4.227012502684397e-05,0.00010446895093285824,0.0002365504302963993,0.00014725967329405496,1.715808137132509e-05,2.6557987705951807e-05,1.6631130660330483e-05,0.0008297990824766552,0.00010271294405450912,0.0008718080672287723,0.001087332673968756,0.0016739966274681036,0.0004567545105279897,0.00013926879364644471,0.0006973402474536791,0.001147824277866553,0.0010469776264105887,0.0027935428864650337,0.0011860469850648952,0.0002348367829854406,0.0002713801713598617,0.0005336094750533625,0.0009539491303098173,0.0008111094342664661,0.0035787524785854305,0.0024419106866538118,0.000741629185375677,0.0004792691178107743,0.00033615591889848745,0.00048507007223078157,0.002220574710337312,0.004833994919561554,0.001723833269862556,0.0007047673338437756,0.000788007631512073,0.0016775622785548047,0.007979824934585182,0.003925329363605828,0.0019206717352487327,0.0009731573096736007,0.002345927114357885,0.009283016830698779,0.003127817950381723,0.0020733488143287347,0.002227943858167274,0.0022780070984068077,0.00609795793269041,0.008579487645688152,LC_V20_H2p5_T7,0.009283016830698779
31,"(31, 0)",98,2,single,,TY,1.2261610995871956e-05,6.3679414580386915e-06,1.1152406130863405e-05,6.171595816821859e-06,1.2552816355552223e-06,1.2740230611573441e-06,4.904129830993788e-05,3.8267458031144627e-05,7.266080110798639e-06,6.106592435529048e-05,6.703233223232004e-06,1.2372915360153392e-05,8.43695570018118e-06,0.0002845897475889539,0.0001249664641093679,7.384423353158087e-05,0.00036017335013526305,1.9813414054000933e-05,0.00011382199306446484,3.173852841689387e-05,0.00045536731665907286,0.0001095268903855488,0.0002746284703396144,0.00061637152036664,0.000387110420838041,4.437491893770007e-05,6.950469573949429e-05,4.309976336672587e-05,0.005982784797184775,0.0007403685914539722,0.006263559627651929,0.007798550137435099,0.011955732365129026,0.0032269005336309792,0.0009784561287765924,0.004745269548275377,0.007811757909367744,0.007091606156007331,0.0188662392826626,0.007954868314194832,0.0015695624602971277,0.001804218549537588,0.003379580109533506,0.006002571014366655,0.005095450847173531,0.02230841807011722,0.015082324714376844,0.00454785724830746,0.002932022678311716,0.0020406794297236847,0.0024761031143095674,0.011281090057645991,0.02436402182648721,0.008693629159845064,0.0035418242269557414,0.003940306518923481,0.007823275900583078,0.03712839721914001,0.018231199023232513,0.008893868912514053,0.004487867339987844,0.009051059394626375,0.035815377811457653,0.01200648625366989,0.007961263993720333,0.007262205310288935,0.007412518260212553,0.019781440352937864,0.023801800508135677,LC_V18_H2p0_T7,0.03712839721914001
33,"(33, 0)",54,2,single,,K,3.046197675399813e-05,1.0336682728459788e-05,1.8253815480840864e-05,1.0149619000726594e-05,2.078466608167151e-06,2.127522278256082e-06,2.8610394781731288e-05,2.2361597390103864e-05,4.310209626043207e-06,3.6083230103948773e-05,3.956498840821165e-06,7.457872847309974e-06,5.055315153719165e-06,6.165951858200352e-05,2.6926323542404747e-05,1.6800580655686316e-05,8.062994965012337e-05,4.348699519000294e-06,2.615852510360982e-05,7.187526764052176e-06,0.0001180705067957931,2.8393995515174772e-05,7.150826172209356e-05,0.0001602728742087217,0.00010191150956178038,1.1647762029491758e-05,1.853523143408671e-05,1.1454615468874708e-05,0.0005268753696949225,6.510661346167455e-05,0.0005598315129037978,0.0006944683078349521,0.001083624031421553,0.0002972274586794326,8.961750625159996e-05,0.0005801608023619573,0.0009674266790433009,0.0008796569828206249,0.0023776050131384353,0.001021013149162868,0.0002058394687438187,0.0002357757975662688,0.00040008655317221546,0.0007202655101014381,0.0006129745584689984,0.0027308657456778336,0.0018774196979209237,0.0005778555700207459,0.0003702546387613745,0.0002629408403985036,0.0002877895259361451,0.001321910968962174,0.002882296131328205,0.001049002125323069,0.0004264797336037291,0.00048247499948489035,0.0007850210285229427,0.003760283132394991,0.0018739674675299699,0.000923133032027656,0.0004746114232315627,0.0009604409342041203,0.0038367736823610404,0.0012965260446213304,0.0008706553646323387,0.000786048024396458,0.000807171796898686,0.0021856902679865007,0.0028903683682530274,LC_V20_H2p5_T7,0.0038367736823610404
33,"(33, 0)",54,2,single,,Y,7.563642043352683e-05,1.1533011660383726e-05,2.0261262512914504e-05,1.1212936263377793e-05,2.2826447737605323e-06,2.328752458021375e-06,7.487808049959778e-05,5.835804244107626e-05,1.109630041751167e-05,9.292454974171961e-05,1.0174325441951334e-05,1.8822307518336164e-05,1.2786319889060754e-05,0.00034093932398404744,0.00014917361449467306,8.944222722498313e-05,0.0004336098156144499,2.3656926706485707e-05,0.00013780433353497223,3.824727537806639e-05,0.0009198499119194201,0.00022141033388176003,0.0005508844479672736,0.0012410664616540772,0.000775222975497232,8.942460364028717e-05,0.00013923222120629323,8.666504665616196e-05,0.004483288166721118,0.0005549027513925454,0.00469737468657112,0.005855188555621083,0.00899113102898566,0.002440124725582307,0.0007416677810478145,0.0035910436453057415,0.005922778914618232,0.0053961918767176775,0.014421942624530674,0.006124680789002617,0.0012159824724994209,0.001399003817553174,0.0023823189810035852,0.00425056376662754,0.003616630651529313,0.0159607004927978,0.010913089680010408,0.003323377777378591,0.002144821435199492,0.001508758458779466,0.00209947137191704,0.009568868202294453,0.020701226362146694,0.00737300754322359,0.002998859760794107,0.003345635493321689,0.0069383794489496125,0.03297916000482569,0.016233029534493872,0.007964372432290976,0.0040431246114621885,0.00945649265043993,0.03737100476852926,0.012547001718193769,0.008332555019092476,0.007991588176573087,0.008139640130095898,0.021713191292731682,0.03018398697796072,LC_V20_H2p5_T7,0.03737100476852926
33,"(33, 1)",68,2,single,,K,0.00012370264236499776,1.7482518887166763e-06,3.1214758478093652e-06,2.292903657705805e-06,4.563895859705376e-07,7.882157932392628e-07,9.180011177497697e-06,7.1965968304950675e-06,1.6319459437555812e-06,1.4013537287631642e-05,1.5266571185404788e-06,4.169726529206704e-06,2.6208587869891528e-06,5.2576038815550864e-05,2.3103259897372208e-05,1.570325757503029e-05,7.70906708152366e-05,4.182906452185995e-06,3.19895182022439e-05,8.454966354546648e-06,5.694127108283894e-05,1.357966693783978e-05,4.5679093359810816e-05,9.73584847728091e-05,9.855087808694618e-05,8.977929150580313e-06,2.5865089625367414e-05,1.346337092436345e-05,0.0010054877767617803,0.0001243655932999553,0.001078256301743517,0.001347247220921904,0.0021737257634698477,0.0006313861632154542,0.00018865813778212777,0.0009210059284322403,0.0015555617684818238,0.0014123003581011909,0.003934949860045391,0.0017696117410465704,0.0003818654094974901,0.00043283489715839136,0.0007126938676227886,0.0012917458197709434,0.0010955536635150656,0.004980054750491968,0.0035229995414534435,0.0011364714739702758,0.0007217315700120747,0.0005435501573411477,0.0005696967477050776,0.002667874737927113,0.00603131333917437,0.002276700761210931,0.0009264468553325365,0.001104575170391294,0.0016587953358457716,0.0081527068758409,0.004194352785403029,0.0021462224768016803,0.0011620442945164612,0.0020796327553398897,0.008564917428317017,0.002993802866847517,0.0021002667668347384,0.001779583266810144,0.00190412826212322,0.005387490932922103,0.007121580837813775,LC_V20_H2p5_T7,0.008564917428317017
33,"(33, 1)",68,2,single,,Y,0.00198088923992173,2.0254993851955892e-05,3.566646508365156e-05,3.5338493973348336e-05,6.689213867446865e-06,1.555081512306574e-05,0.00014481692508801585,0.00011289260955102085,3.11805796207085e-05,0.0002584879626018508,2.7502652216535823e-05,9.225763282517229e-05,5.6889867844291354e-05,0.001180591359672258,0.0005188568828444167,0.0003876096659083725,0.0019060291777362826,0.00010011581522399883,0.00085155720988974,0.00022171446564642813,0.0014339523507143485,0.00034191501481831875,0.0011363417970179023,0.0024882228819538953,0.002377568924641216,0.0002315961392255286,0.0006286228837857299,0.0003405897274213464,0.028770753433428185,0.00355879592832708,0.03136720550976848,0.03909118329196035,0.06465613932475862,0.019200075000702376,0.005657651713845479,0.023148806548081234,0.03981061719380808,0.03605106212338372,0.1031940393144913,0.04742053247087597,0.010580815675644752,0.011801029654852111,0.016214554272990563,0.029884153528517643,0.02527454803050501,0.11752353561683727,0.08481628296006982,0.028327268518678065,0.01764613302987646,0.01377354528654779,0.012743156907125006,0.06101863216458309,0.14015401892744936,0.05471340344202786,0.021785664064257474,0.026928419337327685,0.04002859255569682,0.19880382897029125,0.10472763178751057,0.05424619554380778,0.030140428128450483,0.04714948325760837,0.19755072089135048,0.06996725768091845,0.05041607234602907,0.040927376317255605,0.04435041698538953,0.12903109947774305,0.15160898591520242,LC_V18_H2p0_T7,0.19880382897029125
33,"(33, 0)",71,1,single,,K,0.00011151191345474527,3.4712840171004145e-06,6.118522599473888e-06,3.5647711647220238e-06,7.147752656923477e-07,9.42673071871737e-07,9.044364222863268e-06,7.036389358530567e-06,1.4176747468226347e-06,1.1653154864324447e-05,1.271529345879603e-06,2.9557538670355184e-06,1.7688473066037911e-06,1.9544777740972093e-05,8.545667277384611e-06,5.4892704694955825e-06,2.637871355142932e-05,1.4127123376255432e-06,9.213753242856246e-06,2.435095628424867e-06,4.068170161624383e-05,9.75472235870415e-06,2.5700537898492994e-05,5.731567288921457e-05,4.1053262469547766e-05,4.2430874713170496e-06,1.1492493932803684e-05,5.428489161022974e-06,0.00012821056929041404,1.5865447991227246e-05,0.00013837415329720888,0.00017239405665604095,0.0002774025685624027,8.019088337258026e-05,2.3674444426800283e-05,0.0001718611820389443,0.0002896728283567041,0.00026342580977548453,0.000722495433353562,0.0003143455446200795,6.528374831568343e-05,7.350686987294688e-05,0.00013512682011015522,0.00024520680126968443,0.00020753961004166483,0.0009314637751924998,0.0006469791125036428,0.00020201178086771908,0.0001302388309118814,9.751432667466688e-05,9.700065328346094e-05,0.0004553510827563768,0.0010164010662208323,0.0003727926183042517,0.0001507298667452917,0.00017388238833408026,0.000267313197124332,0.0012947590301353286,0.0006514280627205622,0.0003275764470182278,0.0001920719842473362,0.0003330967079444196,0.0013409707822766037,0.00046258932937480235,0.0003325972775004649,0.0002687575903423637,0.00028109136106830023,0.0008151755736935712,0.00108454478991597,LC_V20_H2p5_T7,0.0013409707822766037
33,"(33, 0)",71,1,single,,Y,0.00011151191345474527,3.394489454394847e-06,5.95777693142317e-06,3.4013140950871325e-06,6.839020691189406e-07,8.518041456382422e-07,2.758489837331973e-05,2.149240019087116e-05,4.1484762404704e-06,3.478617700477395e-05,3.816982862809153e-06,7.2633469936834235e-06,4.929789044793314e-06,0.0001363559538374974,5.9696234287647936e-05,3.6127531842930584e-05,0.00017575041255747133,9.588692654974044e-06,5.697209744844569e-05,1.5793786708593516e-05,0.00037922116647674765,9.126451814784986e-05,0.00023051920435188266,0.0005189477932321892,0.00033095423471806937,3.775133077678912e-05,6.096353335706496e-05,3.758226107367044e-05,0.001538114794359648,0.00019041876378279805,0.0016252616510894395,0.0020270123871728523,0.0031470483012600702,0.0008655400671342927,0.0002623928077237248,0.0014002974293552536,0.0023115113129464947,0.002108013364278598,0.005653968823065358,0.002417936685734172,0.0004834907930834599,0.0005570308762011545,0.001032244868983082,0.0018553055544678493,0.0015743034228688434,0.006986486673333428,0.004793375067276015,0.0014689356290194695,0.0009485381493610248,0.0006724500787238978,0.0009194860161402455,0.004243492105637721,0.009294963307338418,0.0033508670152823357,0.0013626141465353729,0.0015382981694967836,0.0030906115798549757,0.014784250267098958,0.007315636156740341,0.0036167699152609366,0.0018471455032974156,0.004048336850002163,0.01607376211167916,0.005449093032550212,0.0036415801450683572,0.0036637257915884134,0.0037515487325110535,0.010064471873432205,0.013653415552765969,LC_V20_H2p5_T7,0.01607376211167916
33,"(33, 1)",81,1,single,,K,1.685467108284865e-05,1.5520149610348523e-06,2.6489383394549092e-06,1.644443708912021e-06,3.163517931559949e-07,3.7696348337418955e-07,8.039893160080011e-06,6.0942284497187695e-06,1.5462074044403977e-06,1.0788276938734985e-05,1.1208425898305844e-06,2.657717350407835e-06,1.6169378977395939e-06,3.35331468088635e-05,1.4251057771100949e-05,1.1119890073801467e-05,4.8956625770482744e-05,2.3706910808096867e-06,1.7179633909755528e-05,4.325186141814581e-06,4.369982082806237e-05,1.0291237906644973e-05,3.150546987133176e-05,6.543451961134295e-05,5.019993192079756e-05,4.729412619106284e-06,9.710732623162925e-06,5.256884965820193e-06,0.00047644618385497297,5.858610663750626e-05,0.0005348518317243742,0.0006472322212776449,0.0010760853495586382,0.00029978792847288764,8.600464911315865e-05,0.00043942121711578597,0.0007725991977310407,0.0006821183092982541,0.0019468384535888652,0.0008431311271608773,0.0001807698732516438,0.00019422408545151915,0.00033968271190488016,0.000631942027533864,0.0005262526872949597,0.00242967377743485,0.0016760284937138068,0.0005414112504589416,0.0003295236611375783,0.00024346255822493094,0.0002662505747253503,0.0012445229880468024,0.002731560098091478,0.001024906423749581,0.0004001938277103629,0.00046540479701331157,0.0007970910041839061,0.0038542861614664207,0.0019863818676524947,0.0009752323044100659,0.000519664296903272,0.0009975687209786122,0.004100189927945397,0.0013833484473088828,0.0009557776031604441,0.0008460704069096728,0.0008646009905487899,0.002404275312266583,0.0032751403430438166,LC_V20_H2p5_T7,0.004100189927945397
33,"(33, 1)",81,1,single,,Y,9.337973381508272e-05,1.2526314877553098e-05,2.1244481016851694e-05,1.3246309423362056e-05,2.5376443745497226e-06,3.061598629308279e-06,9.246526671043727e-05,7.026828977360871e-05,1.7057756650266862e-05,0.00012215280407407313,1.2830088834961076e-05,2.917241010538431e-05,1.816541018282257e-05,0.0005622105891115094,0.00024168653320591835,0.00017298489258372616,0.0007867563095417044,3.9725391835949514e-05,0.00026933230186222397,6.999724286296691e-05,0.0007910998724995281,0.00018728280514943534,0.000537902978548969,0.0011447253700515839,0.0008175317118134264,8.303098311662389e-05,0.0001545303370561654,8.83472204033692e-05,0.011262528016318551,0.0013884051859298766,0.012216613914505436,0.014979560100385038,0.023946240980938574,0.006567080030950879,0.0019309768713587881,0.009161203161762187,0.015620303274846873,0.013939787795184327,0.038552357778598834,0.016495135205165875,0.0034176751810912447,0.003773410284380092,0.006576850563235703,0.011995206138219552,0.010053161471697008,0.04543237000114246,0.031068098399820564,0.009758952620357541,0.006079021180380137,0.004384793574418266,0.0050405850021231465,0.023293988566088632,0.05070944473874155,0.01859405131483039,0.007368274708036331,0.008432198379588892,0.015881770293398635,0.0759629224057346,0.03833432074828446,0.018739808715441147,0.009750331303951181,0.018663509764541973,0.07516935130649806,0.025220619898692714,0.017079588019152155,0.01537831125202209,0.015753345012521958,0.04305986171262387,0.05331013841338913,LC_V18_H2p0_T7,0.0759629224057346
34,"(34, 0)",70,2,single,,K,0.0035367028123490687,0.0030950524114960218,0.005435392622032975,0.0030478740545706335,0.0006206998467538781,0.0006372285448375179,0.007603252490571903,0.005954181303468498,0.0011251576365056172,0.009576871856818929,0.0010529254058423449,0.0019539627498039425,0.0013354449292526031,0.011249695822501795,0.004932764466354622,0.003008748508459235,0.014601363877191485,0.0007983429534307551,0.004725468237218689,0.0013108841856253228,0.012208785310499693,0.002937156774666161,0.0074361577078196186,0.016691312617607302,0.01062643587545383,0.0012146912019726517,0.001934016630805889,0.001195236393458389,0.02001639411602026,0.0024756165786053333,0.021424266100699033,0.026623951656873084,0.041822485247207546,0.011554824331004526,0.0034947151394422006,0.019827800579336485,0.03309436621743877,0.030157312979815786,0.08169052181090117,0.0351726234877837,0.007083844012201663,0.008146237836222397,0.012187134414655108,0.021980057231833626,0.018726363447269172,0.08354427271973514,0.05770705863480554,0.01776706159587084,0.011458016621277557,0.008145719977224982,0.0075873131703589934,0.03528072109554636,0.07772792248368027,0.02804816191637139,0.011440159655988538,0.012961916384801441,0.016287567300167467,0.07875111920415336,0.039315877461354204,0.01954791344524765,0.010049155437921875,0.017903190996551428,0.07182413241340398,0.02453311761125001,0.016504776675972686,0.01557835256986216,0.016112109599496077,0.04364578704493416,0.05157033104938304,LC_V14_H1p5_T6,0.08354427271973514
34,"(34, 0)",70,2,single,,Y,0.0052756410247741335,0.002694730845970903,0.004721837596885747,0.0026467999063133074,0.0005378799403993679,0.0005520940229318825,0.009107300472698471,0.007132601194996449,0.0013360417917679447,0.011417574824571666,0.0012560856841801406,0.0023134122411962972,0.0015845593867979686,0.0213257915155315,0.009362446466248283,0.0056062901843557545,0.027378005009820617,0.0015048471543316884,0.00877625778740224,0.0024460133193884856,0.03139382037356989,0.007567556154343075,0.01884568427476289,0.0425540606623769,0.026707294502334434,0.003091660908367159,0.004833213196726047,0.0030134688720184887,0.06515137930821147,0.008068176649198252,0.06882514143259147,0.0858872765931901,0.13310779004075773,0.03652657097539778,0.011116136944233527,0.04817556891245466,0.07987397057136893,0.0728842611330842,0.19598146500659597,0.08392230893313596,0.016760279054708147,0.0193500690025222,0.028274036293774382,0.05070611491328431,0.04319878966704525,0.19146867255298985,0.13151306930905524,0.040185567185396856,0.02597617463174687,0.01833365953253247,0.02035250866673538,0.09394851403603645,0.2057394811540358,0.07374632930357712,0.03013832030986541,0.03389759393384722,0.047716434149204436,0.2292592124284712,0.11370502073390804,0.05625134910420743,0.028719824892077726,0.05391867399138097,0.21488143392021952,0.07303069082098992,0.04881355313159922,0.04801940702868887,0.04946107455951093,0.13298047527169368,0.15505854389328644,LC_V18_H2p0_T7,0.2292592124284712
34,"(34, 1)",84,2,single,,K,0.004052928648070752,0.000536495888196295,0.0009241928406412248,0.0005968762061282147,0.00011537484886101162,0.00014333822719321673,0.0015190255369409203,0.0011740145315062966,0.00026663058305356584,0.0020831334490916346,0.00022113873257553185,0.0005037615829371665,0.0003209900206587378,0.005365611282195956,0.0023343549841481986,0.0015816970018568634,0.007477848501811422,0.00038947196441861654,0.0026211756212485182,0.0006940288928182816,0.006337859964144354,0.0015232599198470535,0.0038826852521944965,0.008702674059217791,0.005614754654265317,0.0006352673746750599,0.0010562293914222606,0.0006349132627610371,0.026797290725703478,0.0033173897099023075,0.02834947692610824,0.03534039387252275,0.05491490007988937,0.015076646266901,0.0045712907701404674,0.019745293625178684,0.03285400183170518,0.029870058172686405,0.0805380808999477,0.0344602125035891,0.006944612184899984,0.007941257006415457,0.012598108211860932,0.022634542686306568,0.01922293651467498,0.08529499552048314,0.05842884328031155,0.017873158055497364,0.011505164628139487,0.008120746332875507,0.009085780150761653,0.04194377240287371,0.09179659589327926,0.033060288010127094,0.013476666015621802,0.01518269228047262,0.020685074697205052,0.0994445098709701,0.04948923851900122,0.02445509450966549,0.012521708776145663,0.022867989953565388,0.09177901911524468,0.031183807017509314,0.02095938799534241,0.019223884649407046,0.01981527747541036,0.05360353987246902,0.06263558213189357,LC_V18_H2p0_T7,0.0994445098709701
34,"(34, 1)",84,2,single,,Y,0.0066788234941724785,0.001606548150785513,0.002772144267423813,0.0017067476841693,0.00033358503268167883,0.0003906082574466278,0.006548041819648801,0.005083841770795628,0.0010608563218859352,0.00857410553184603,0.000923555722049808,0.0019121052729691433,0.00125437728610125,0.029009452199165273,0.012689341941713854,0.007982251734608689,0.03843269924718123,0.002062002331590165,0.012784777418624453,0.0034772553965329,0.03388549181409318,0.008156177409027368,0.020362493612984506,0.045877054422326265,0.028834959140290467,0.0033184548204841786,0.005286639354603504,0.003238015963645402,0.1710506234915765,0.021180767757942198,0.17967020197567654,0.22425351839602042,0.3452746062252015,0.094054143914469,0.028627413440023983,0.11687201255730285,0.1931429829532218,0.17589590895184484,0.4704095933620818,0.20009437099362518,0.03972893377486571,0.04581236870357325,0.06740566182190207,0.1202239572687898,0.10227566287553531,0.45007539234161764,0.3064651218601314,0.09285252584295829,0.060025639676362506,0.04199303680170752,0.04716622589573266,0.21676130244585462,0.47223967505162506,0.16885410212097676,0.06898785751804831,0.07722588664722009,0.11023643451008351,0.5274537476029125,0.26065875902592034,0.1282008114837255,0.06511966137172812,0.11507614559726427,0.45835261862915183,0.1549858198267398,0.1033779067743188,0.09518447616725688,0.09770678847730062,0.2619706364525022,0.28204643414925257,LC_V18_H2p0_T7,0.5274537476029125
34,"(34, 0)",87,1,single,,K,0.0033800478218041774,0.002370636154539503,0.004159276007269472,0.002329077529840974,0.0004741397566511744,0.00048603273100342604,0.006359519178686075,0.004974242890247354,0.0009437719429988141,0.00798916660181459,0.0008782604319519288,0.0016276666951678081,0.0011120189931233177,0.009865083335838545,0.004318917797353711,0.002649263192840495,0.012789265724234155,0.0006980717012973565,0.004127754662629251,0.0011443306426667057,0.010496420946312163,0.0025231494976620085,0.006413044586776093,0.01434180439132814,0.009129797740305895,0.001041310728433467,0.0016550660326198328,0.0010230192273311734,0.01665522517155988,0.0020580374006810946,0.017843271381958306,0.022113590595846853,0.03469515659827628,0.009551182214500466,0.0028892150838684162,0.0168004619594512,0.028068942380888525,0.0255428423273169,0.0691381078204123,0.029697819498742374,0.00596591066476353,0.006870319069339342,0.010658202419014556,0.01921697650018989,0.01634378327643437,0.07277493801412795,0.05010082937859792,0.015374938458900545,0.009919708584619217,0.007026700222090461,0.006652329814931906,0.030863912251465144,0.06783090166045655,0.024493910872982763,0.009986810949679827,0.011295733725236254,0.014228562860802896,0.06866047440697004,0.0342344527199929,0.016975379099164387,0.008708090765097532,0.015889675659723705,0.0636243273364471,0.021710739909526912,0.014574254478038357,0.014309087380869306,0.014774332621538554,0.0398956762936132,0.04841699492599272,LC_V14_H1p5_T6,0.07277493801412795
34,"(34, 0)",87,1,single,,Y,0.00647719279761714,0.0030547860842423074,0.005353333393420964,0.0029943812531204824,0.0006087385029619061,0.0006235141499491502,0.010440836222209367,0.008168719153891613,0.0015383507561283615,0.013078322307711839,0.0014384397019446785,0.0026506060156597103,0.0018144921135037888,0.02250207277399033,0.009864720028322185,0.0059579577943085745,0.028945521642306175,0.0015868038723108506,0.009282028470772375,0.0025827273195704174,0.02949260868424311,0.007100323923043072,0.01782901047073476,0.04009803908626924,0.025288617602866114,0.002910884259690732,0.00457491895334487,0.0028438901667216278,0.05566065197139965,0.006887899814854088,0.05900197135755975,0.07346628279897367,0.11416199602445964,0.03132499927097109,0.00951994027109706,0.045371508053914704,0.07535700941994854,0.06870566434305382,0.18495853769518583,0.07920915507294495,0.01582704484174642,0.018275900968462055,0.027582719936191866,0.04953152470966863,0.04216176443513827,0.1869317862079285,0.12830333188712123,0.03919338477314419,0.02533150051572561,0.01786772096284595,0.0193234410200421,0.08922754902865285,0.19531957211111964,0.07015577695655581,0.02864237783258338,0.032251803917427956,0.04380707401134925,0.21054083864031187,0.10445306080309676,0.051670693218523724,0.02637842796216847,0.049729868394639457,0.19820520472428868,0.06742487002437292,0.045084080453368994,0.04534248244935948,0.0467113982715683,0.125589218776649,0.14958490932230495,LC_V18_H2p0_T7,0.21054083864031187
34,"(34, 1)",97,1,single,,K,0.003241172685189132,0.0007016873707853585,0.0012190818024656075,0.0007020715419087204,0.00014069175563126922,0.00015023670597370288,0.002310624336167509,0.0018010149743200633,0.0003547393265821346,0.002938300991729633,0.00032078590173348944,0.0006180526278485865,0.0004157595993089812,0.007545100940368434,0.003304491638004294,0.0020331670905737098,0.009816460576743975,0.0005341105856198079,0.0031907402736083812,0.0008807212169262724,0.007872927666631366,0.001889199347280272,0.0049039725458730294,0.01089083026112424,0.007107502033034663,0.0007935291399242522,0.0013072761007724028,0.0007949328244483521,0.031023280719428288,0.0038376810578000715,0.03297096316499908,0.040958188661595334,0.06391513440434242,0.01754056688934721,0.0053002044862766485,0.023365425165672013,0.03899673646913004,0.035378224384165546,0.0956717591779501,0.040920816443226586,0.008225887537320679,0.009411277572103496,0.014820462405538717,0.02674140981540807,0.022659122054363223,0.10092223993930853,0.06916146603424661,0.021240829560742504,0.013617490992809579,0.009643905583184089,0.010666763156248076,0.04939295481933916,0.10830805585447927,0.0392442983144012,0.015922233027278684,0.018003691734093562,0.02404508563604756,0.11563774484559612,0.057698818506467825,0.028481467756932145,0.014618485570840585,0.026714699253527784,0.10739292124328341,0.03650722254236443,0.024576898096500495,0.02259886235999144,0.02329422739562947,0.0630720669904014,0.07523244761155484,LC_V18_H2p0_T7,0.11563774484559612
34,"(34, 1)",97,1,single,,Y,0.005928672128717346,0.001922368746392928,0.0033504550042065847,0.0018869663366677932,0.0003809131390913429,0.00039477988792685265,0.00782406965517127,0.0061135990281115426,0.0011634582835774615,0.009819720124168993,0.0010778692268751898,0.0020065845552230265,0.0013674847579727902,0.030704247427984808,0.01348687136011449,0.008042525698615884,0.039248445189499694,0.002160308582884217,0.01254631065357292,0.003498426466707055,0.03359382544766229,0.008079828282877254,0.020401366213992217,0.04577464788240309,0.02901686689068966,0.003317736325507062,0.0052566283561721015,0.0032516662081879225,0.15463260171638082,0.019142731308386198,0.16293916554500273,0.20307195151073984,0.3136997312839735,0.08559166307362784,0.02600922185930262,0.10902379999485659,0.18063192633696462,0.16428144064934636,0.44048376276558066,0.18752857247878352,0.03730425438094383,0.04297422912600114,0.06437543355116658,0.11517598005476687,0.09787741406303167,0.432071365651609,0.294692778588403,0.08959319426424063,0.05780477995048123,0.0405664583048801,0.045273029623719804,0.20855958795518711,0.4552895899318056,0.16346806368689798,0.06667215854685514,0.07482995365604068,0.10472231300362489,0.5018384588856757,0.24847870597004543,0.12237031315647237,0.062307658608120674,0.11151488746549813,0.44494390143068935,0.1507943281768379,0.10077927307807269,0.09339378551588683,0.09599729664926429,0.25811432667523077,0.2889782962802408,LC_V18_H2p0_T7,0.5018384588856757
35,"(35, 0)",86,2,single,,TY,1.2800274076408803e-05,4.391252705537223e-06,7.744530208076316e-06,4.296847982993709e-06,8.786259621325778e-07,8.918264992761305e-07,1.4316379802103884e-05,1.117687311601353e-05,2.1413613726443807e-06,1.7899628498241795e-05,1.9644747623824906e-06,3.6497888117679806e-06,2.4825020034895106e-06,5.8405327917469864e-05,2.5602480091302718e-05,1.5221010739335186e-05,7.422386650657152e-05,4.069221220731036e-06,2.3516014315382904e-05,6.54646120217002e-06,0.00019727352467961197,4.754487468679539e-05,0.00011806313703894479,0.0002667782343836663,0.00016662571816852722,1.934051236938494e-05,3.0059400256164466e-05,1.8786373413767297e-05,0.000837719979821295,0.00010375133297362746,0.0008789724615360504,0.0010978090172662817,0.0016894637908229943,0.000461275656807396,0.00014074138214405037,0.0006962480887520919,0.0011476125291549272,0.0010465732388327245,0.0027957966521262195,0.0011890878590168762,0.00023573007301347728,0.0002725113087152742,0.0005288237926903838,0.0009451132427803563,0.0008037537783666546,0.0035455403850646076,0.002419652825227278,0.0007346230170647935,0.0004752269310832586,0.00033333837024656385,0.00048408080411780545,0.002214955260172419,0.004814312140594648,0.0017098481179565596,0.0006979303020290887,0.0007801922581436345,0.001619351133719085,0.007725145000953822,0.0038115165723557262,0.0018730154158659643,0.0009514543989135485,0.0022511047503270027,0.008938854684675781,0.0030168187563382495,0.002006328982131703,0.0020035213595377185,0.002047918410193471,0.0054677399171462705,0.007513089615325974,LC_V20_H2p5_T7,0.008938854684675781
35,"(35, 1)",100,2,single,,TY,1.1419186846343473e-05,6.254145140672466e-06,1.0931785703496333e-05,6.072541901903993e-06,1.2314015851835678e-06,1.254524690695486e-06,4.658823109925132e-05,3.636665348952634e-05,6.875707753835227e-06,5.7966257079211563e-05,6.365862146124049e-06,1.1717445155695942e-05,8.003443991447041e-06,0.0002683644081140677,0.00011793935843034978,6.936712765586132e-05,0.00033891925071832764,1.867797231858984e-05,0.00010698391630336606,2.9854944214055503e-05,0.0004421867188930763,0.00010636500387332553,0.00026582500121771335,0.0005978577545579548,0.0003744431748855693,4.303035608228417e-05,6.724163140462776e-05,4.1749219477506125e-05,0.005862272587607483,0.0007252642997270592,0.006136431688287982,0.007640211743135912,0.011706505051723565,0.0031582596219540946,0.0009580629073845526,0.004713076429298127,0.007755362940896116,0.007042014016370421,0.018729348960937798,0.007899747567527229,0.0015579231785168102,0.001791969758799266,0.003408775375725024,0.006050657385939554,0.005138046076169023,0.022483765740200872,0.01519596144204916,0.0045775094969043185,0.002952969647559625,0.0020532776063377474,0.00247852453444253,0.011290276990484039,0.024372490677576356,0.008692840868327638,0.0035411524438960485,0.0039390960907799465,0.007747669405338378,0.036748434381946235,0.018027495716585993,0.008793585156923196,0.0044339113701982,0.008958464769160577,0.03547232184212758,0.011882566378585679,0.007880591747190625,0.00728433322903372,0.00743503231241454,0.01981891486830696,0.02335192809484483,LC_V18_H2p0_T7,0.036748434381946235
37,"(37,)",37,2,single,B_as_chord,X,4.1851349923349075e-05,1.2830408352608159e-06,2.2304059202249577e-06,1.2985032217671214e-06,2.589666820548094e-07,2.838600751293646e-07,1.023635318506097e-05,7.970013451934992e-06,1.5640895603680365e-06,1.3012921334786118e-05,1.412723829386102e-06,2.7606284685289096e-06,1.8477162783242424e-06,7.369095665153552e-05,3.222212100159176e-05,1.950393651256523e-05,9.455141954936566e-05,5.101189218974898e-06,3.044760536991911e-05,8.341884092566557e-06,0.00015544893842509664,3.741526045769848e-05,9.371920556640991e-05,0.00021069086222338473,0.00013372566457830155,1.527767331061151e-05,2.4502544537199847e-05,1.5098407266009212e-05,0.0011883870764377348,0.00014693944189563872,0.0012441054644935074,0.0015471702363739257,0.0023798944331394874,0.000645328269231918,0.00019490233533118458,0.0008254714557363865,0.0013572386022583003,0.0012357537295704971,0.0033018623399305347,0.0014042495031900124,0.0002805054092290246,0.0003215528562048536,0.0005148226029631599,0.0009162868337871841,0.0007783612532198276,0.0034321728209896003,0.002335841220024868,0.0007137012281904304,0.00045607588772177474,0.00032211005887406927,0.000487626590158728,0.002210779742882801,0.0047552060132540885,0.001696952785432405,0.0006846542371145731,0.0007664368139553989,0.0016828950550873338,0.007905852872553206,0.0038790909924717515,0.0018800377461499788,0.0009522533964693364,0.0023447469945556106,0.009235763105235927,0.003064379363745388,0.002028725342620412,0.0018619104124305832,0.0018854027338278043,0.005012771513193256,0.007330123826074123,LC_V20_H2p5_T7,0.009235763105235927
37,"(37,)",39,2,single,A_as_chord,X,3.566968632538505e-05,9.871630818844585e-07,1.7321160784156344e-06,9.871877843194856e-07,1.9875769306876408e-07,2.1317335385360405e-07,9.39133581023045e-06,7.344543408294635e-06,1.3986120281140746e-06,1.1851448717806553e-05,1.2982136952744174e-06,2.4679166457334647e-06,1.6756817625216588e-06,7.92038226448707e-05,3.476715976572034e-05,2.0562800057376164e-05,0.00010052632230679703,5.4847511171001905e-06,3.2106186497133906e-05,8.872575740582838e-06,0.0001721836630728885,4.1431234007906657e-05,0.00010387225679627726,0.0002342343837281571,0.00014854159792486633,1.7102503644576307e-05,2.7291801132823705e-05,1.69361110465435e-05,0.0012397453779538475,0.00015324722669728073,0.0013018993647082877,0.0016200311294007487,0.0024989274139922877,0.0006799193965630061,0.00020590851622789003,0.0009704797278239991,0.0015971385957479307,0.0014538405516388907,0.0038835454393712837,0.001650116318617896,0.0003291623812402531,0.00037784966069993257,0.000680617482875123,0.0012164173785279367,0.0010326317802269213,0.0045597131760247,0.0031038777410104194,0.0009472881304860474,0.0006064168369044342,0.00042746016277463823,0.00067639648765744,0.00305128947624206,0.006534971532558692,0.0023111528195120345,0.0009353643661777272,0.0010399253870098364,0.00215731536521353,0.010177584141835044,0.004990914515561299,0.002427168407928606,0.001228242274081405,0.0030092626270383825,0.011841509405368583,0.003958681762096438,0.002617457266878241,0.0026141156191825552,0.0026483962980750272,0.007022251650352975,0.009631149825101727,LC_V20_H2p5_T7,0.011841509405368583
38,"(38,)",41,2,single,B_as_chord,X,3.761083187533315e-05,1.6072979718076305e-06,2.816001497375104e-06,1.6011029175730526e-06,3.2254284324616526e-07,3.424933008968554e-07,9.922167979524126e-06,7.748929862428819e-06,1.475343696573462e-06,1.2469066672734655e-05,1.3631112171676156e-06,2.600053636101392e-06,1.760267137855506e-06,7.634791357515508e-05,3.349865337672609e-05,1.985535653261808e-05,9.695414635436783e-05,5.285922877594576e-06,3.090465179031192e-05,8.537284293200331e-06,0.00016197962443637414,3.8974933010753275e-05,9.734185384683379e-05,0.0002189974801309226,0.0001383262284680731,1.5878998279301904e-05,2.5192484324413544e-05,1.560771626802289e-05,0.0011235390682540344,0.0001390257439300749,0.0011772461923378508,0.0014673265895665329,0.0022626272339400736,0.0006170922957894966,0.00018677017564047387,0.0009634519739198533,0.0015873785097281932,0.001443364058381732,0.0038591979484401597,0.0016380294695083457,0.00032663757121015617,0.0003746003430717008,0.0006648594874442854,0.0011803722676378514,0.0010018422226516347,0.004396423961153679,0.00297721273619612,0.0009036950614492038,0.0005794240387630503,0.0004064948852087395,0.0006884948005009415,0.0031151964769693436,0.006698377538272085,0.0023714186515136357,0.0009629202183168475,0.0010699116741103118,0.0021647076371471945,0.010216406471418043,0.005013185292400635,0.0024285834678750644,0.0012288784070082926,0.003021714230386919,0.011854580107102634,0.003950703063897316,0.002603363944483286,0.002921777034185291,0.0029709678445845886,0.007893980937885615,0.01144038721998906,LC_V20_H2p5_T7,0.011854580107102634
38,"(38,)",43,2,single,A_as_chord,X,4.5368079007577746e-05,1.2311893754079157e-06,2.1188451018505807e-06,1.2484914375619862e-06,2.477377339930749e-07,2.756984293893246e-07,7.796102086685774e-06,6.0872138167859806e-06,1.168508325812536e-06,9.824559103069422e-06,1.0702025677591402e-06,2.0649667329114068e-06,1.3868190802485254e-06,7.699366588899905e-05,3.377161334721774e-05,2.016309441129507e-05,9.839710696512079e-05,5.353436186314253e-06,3.161580642566127e-05,8.707825920307645e-06,0.00014855963058473123,3.5800929940808945e-05,9.02261795224859e-05,0.000203867839698644,0.00013059102015989423,1.4994885902272885e-05,2.4220361787649245e-05,1.4970266721167183e-05,0.001377627685767961,0.00017019505398696244,0.0014459482038969575,0.0017956994468341664,0.002768193205826431,0.0007530881865587465,0.00022768540049010382,0.000986018013428884,0.0016227039546938844,0.001476361597756716,0.00394769981015191,0.0016758285088189849,0.0003340352324031449,0.00038223381408822847,0.0006288560839226257,0.0011208493571283824,0.0009508625497932412,0.004185756008774223,0.002846175346188256,0.0008676535505311396,0.0005559520208492945,0.00039162377386077143,0.0005717814421756711,0.0025821239008789122,0.005540097721555273,0.001970331639728026,0.0007978300110294218,0.0008911710145644327,0.001996964994516869,0.00939087840638484,0.004609611280310765,0.0022317245828921525,0.001130548781526697,0.002695169340121269,0.010617277280903314,0.0035271947955594673,0.0023363944067600847,0.002238920951432428,0.0022679072316370277,0.006039224769467479,0.008982227995215282,LC_V20_H2p5_T7,0.010617277280903314
39,"(39,)",45,2,single,B_as_chord,X,0.0007624175025277923,6.023068915052252e-06,1.078985333510484e-05,1.2628315141377827e-05,2.6386105872934046e-06,6.722913004412541e-06,3.875888437349686e-05,3.078483160502269e-05,8.650196700421994e-06,7.996997652196188e-05,8.925618966526908e-06,3.0986191880602395e-05,2.186042996058331e-05,0.00041110425050072983,0.00018307463235244523,0.00012925152703810436,0.0006564874862650012,3.745752669065865e-05,0.0003062605006323772,8.730308501151591e-05,0.0004958510315371744,0.00012066826869204164,0.0003616861302799973,0.000838757051961457,0.0007143047968687376,8.82113819820047e-05,0.00020015522754186142,0.00012954163902745457,0.014773613039423174,0.0018293273648150356,0.01613117054296061,0.020128075990239695,0.03315316452224064,0.009940780412828235,0.003011069134191714,0.010303032123052754,0.01754158826350521,0.01592615794859298,0.045283392066807523,0.02106887669027769,0.004711337041908131,0.005427747752526233,0.006485821389568949,0.011838802346021388,0.01008299863226765,0.04657141367578384,0.034282799022743234,0.011490449720121147,0.007450596439144395,0.005922404146828916,0.0046411711054366415,0.02223492793826464,0.05190029971416946,0.020411402645531446,0.00830607315107871,0.01053222538450895,0.0161290064152815,0.08117760536704956,0.04295877837636114,0.022996213602806338,0.012959233075444263,0.017995468703149782,0.07613699631487875,0.0279124951909034,0.02048039679113428,0.013728980293430521,0.015279540622595808,0.0455502777926118,0.05056517902257668,LC_V18_H2p0_T7,0.08117760536704956
39,"(39,)",47,2,single,A_as_chord,X,0.0007309946172812292,5.691275203044386e-06,1.0253693582109274e-05,1.1813167433301119e-05,2.493154975787173e-06,6.4101924129078246e-06,4.25183529457587e-05,3.382271245992656e-05,9.364864003235887e-06,8.69155699855112e-05,9.762778647737762e-06,3.325339024170035e-05,2.3516101671737632e-05,0.000419123498502443,0.00018654459408276936,0.00013237409178816162,0.0006714086910456575,3.822648640860406e-05,0.00031416952406285376,8.9699263636828e-05,0.0005443745373570972,0.00013250175074145165,0.00039309402510564204,0.0009115940046156354,0.0007709047803895813,9.586715610498183e-05,0.00021562629190800773,0.00013950957578755808,0.014123252123429462,0.001747722649817021,0.015473909757092586,0.01928709486427343,0.03190166532857128,0.009626315355826656,0.002918903093525931,0.010364252228028037,0.01767253719426257,0.016062178623759613,0.04569518813856923,0.02129880295264173,0.004782940759739453,0.005511172741959932,0.007027533976610894,0.012863241772295433,0.010942763447964604,0.05065705779743458,0.037293889439952314,0.012485415740081234,0.008075463938889436,0.006402989152768173,0.005148390664763149,0.024617535711059242,0.05733171213976432,0.02254233989892429,0.00915165574297174,0.011546962169376675,0.01691824144833331,0.08540790022567349,0.04520443412600073,0.024366002279054163,0.01375097242276339,0.01890947156997565,0.0802445415350079,0.02946802129759438,0.02159078558773577,0.015529854859958109,0.017234401330401508,0.051177190804369964,0.05656728586999384,LC_V18_H2p0_T7,0.08540790022567349
40,"(40,)",49,2,single,B_as_chord,X,0.0007194780009606597,6.7238316366234805e-06,1.2029835740161327e-05,1.3282374073623827e-05,2.7619513686875584e-06,6.912759573528872e-06,4.6110503578469286e-05,3.6316541379928554e-05,9.963402740578179e-06,9.1464880789484e-05,1.0274494300472395e-05,3.3778479406428917e-05,2.4053841472508723e-05,0.00039105772108379846,0.00017294020359398402,0.00012714848831719335,0.0006421310630337453,3.587383793020846e-05,0.0003057190114258886,8.611531018599485e-05,0.0004738945965800246,0.00011389011482590688,0.00034436763011853416,0.0007880060271971499,0.0006783802924483571,7.990479490062403e-05,0.0001862570686840749,0.00011712608555887692,0.010564985555924375,0.0013086726061310732,0.011486288252336928,0.0143831925705928,0.023782878267225208,0.00726051121633134,0.002196410095001161,0.008236124889030859,0.014135959471536138,0.01285046716762759,0.036826284097747464,0.01734709250238961,0.003928592842796672,0.004542438343549049,0.005473199189719796,0.010039355728850567,0.008522595063618436,0.03960829125023316,0.029123611447806876,0.009840759349527422,0.006352540890320359,0.005107123145875705,0.004304070609333137,0.02075071433641969,0.04870531263996692,0.01932259315600262,0.007897631041759999,0.010050967686447804,0.013703975582197844,0.06896968941222904,0.03673905303667445,0.019777998388652133,0.01126393078931744,0.015974702294625342,0.06796545227919519,0.025016654841823874,0.018541186984451438,0.013496777242174365,0.015242567553322508,0.045421989320998404,0.05311461769908496,LC_V18_H2p0_T7,0.06896968941222904
40,"(40,)",51,2,single,A_as_chord,X,0.0007552535188455011,6.6446203608084015e-06,1.188733823591249e-05,1.3429583781207543e-05,2.79836222098972e-06,7.034143015973009e-06,4.484216820602679e-05,3.5266762162917885e-05,9.79116407095881e-06,8.870966380169451e-05,9.908915552418024e-06,3.3002110355957655e-05,2.3322083278771948e-05,0.00039177025222823314,0.00017334035205088046,0.00012787163457228314,0.0006450784253054499,3.5936699000644194e-05,0.0003060865705833404,8.605243771024904e-05,0.0004503813547592235,0.0001086886634818767,0.00033081491914733655,0.0007605454346558066,0.0006593480645348301,7.776135385986112e-05,0.00018210903092012094,0.00011440598218718082,0.01110400044768591,0.0013744670455379379,0.012049073176344833,0.015056455582973366,0.02485457136306921,0.007549273430589485,0.002284252849697754,0.00816254541210039,0.01398050884884281,0.012702721251027067,0.03634308064429658,0.017087886277326436,0.0038691288081091706,0.004473486229495568,0.0050191761983015845,0.009229131602029938,0.007827513156819748,0.03649367008984225,0.02704079158308962,0.00919625930373655,0.0059332614754325965,0.004808321462959044,0.0038384950510877112,0.0186691643381945,0.04403066930505121,0.017565839534114648,0.007097204389127854,0.009108957554358615,0.013068141092301035,0.06563814741451313,0.03501426944732201,0.018730268986138145,0.010675198458090868,0.014706251707008622,0.06281591518594075,0.02304119450103063,0.01714999390244209,0.01172262188098512,0.013287634806762871,0.03996828937156838,0.04539383510214875,LC_V18_H2p0_T7,0.06563814741451313
41,"(41,)",53,2,single,B_as_chord,X,5.2242964293932185e-05,6.1625064400004425e-06,1.0761871721295702e-05,6.043665832258214e-06,1.2214410673679476e-06,1.269508824385308e-06,2.4435959889921463e-05,1.9000820592910223e-05,3.701051635807157e-06,3.0517547360990245e-05,3.3261128261772895e-06,6.293181143236047e-06,4.230158313699869e-06,9.066902254795242e-05,3.9527168151813026e-05,2.4371827904902455e-05,0.00011686279348377217,6.2689221005507564e-06,3.744260890140011e-05,1.0265601162190585e-05,0.00017199115577595642,4.1381504822903704e-05,0.0001036784447050605,0.00023240025948566032,0.0001467955302829485,1.674885585292083e-05,2.6839462695725838e-05,1.6613488728444672e-05,0.0010256565381539233,0.00012666477777557807,0.0010792402334210771,0.0013382426333986787,0.0020693779566713128,0.0005628610187297808,0.00016990576721901342,0.0009530526675573932,0.0015766675709541211,0.0014336722135083369,0.0038512991958723646,0.0016472962307309642,0.00033118373147235424,0.00037998860778152465,0.000670495723181525,0.0012015990040401463,0.0010207209513233668,0.004550601717897739,0.0031288749622153966,0.0009672026740477965,0.0006174765103877692,0.00044121480925486483,0.0005575996204557437,0.00253162260484242,0.005447038778699099,0.0019437574605807978,0.0007852576868082475,0.0008784191745485335,0.0018173140764356757,0.00860618699304598,0.0042472596079958895,0.0020685715558316567,0.0010523637925157479,0.0023615505492365356,0.00935249959834591,0.0031072454849959156,0.0020623425478074812,0.001835406858199295,0.0018604056066390288,0.00497533005172971,0.007161146263547312,LC_V20_H2p5_T7,0.00935249959834591
41,"(41,)",55,2,single,A_as_chord,X,4.2076240645628114e-05,5.2200638544598895e-06,9.223957058943657e-06,5.244758009529358e-06,1.0698887232244633e-06,1.1356323335916458e-06,2.488718891312985e-05,1.9436329085788725e-05,3.7730074315132745e-06,3.1524292547491405e-05,3.446947458309492e-06,6.564112416275012e-06,4.4415673402744536e-06,0.00010692094705761014,4.6852156562293794e-05,2.8105747847222025e-05,0.00013632909764289708,7.409094784113657e-06,4.34006755471697e-05,1.1966037013973882e-05,0.00020159268310327423,4.852085021293924e-05,0.00012196207589528132,0.0002742909300909724,0.00017361714600530763,1.988593535745739e-05,3.150186868018702e-05,1.9496152470549964e-05,0.0010579517870393852,0.00013069630389080848,0.0011141801427741664,0.00138268503674539,0.0021374957605476337,0.0005812144088267963,0.00017575654949405389,0.0010529316728702866,0.0017379445517534625,0.0015828307768172274,0.00424055258563868,0.0018050270938690148,0.00036005076455963023,0.00041382292154496913,0.0008205558593512873,0.0014741237619715583,0.0012501856479959358,0.0055402664270995826,0.003773213296813231,0.0011529128043661569,0.0007380445207238929,0.0005201501048786399,0.0007287272948759176,0.0032984634545085486,0.007076320195983927,0.002496883470548219,0.0010128959292380678,0.0011259661488882806,0.0022188354128838653,0.010501373075092376,0.0051549453234928655,0.0025089639005320915,0.0012684126506857117,0.0029396143349190184,0.01157115300587822,0.003870794932070274,0.002558915162455574,0.0025007913350055555,0.0025358642387286272,0.006742381959570273,0.009232924488138734,LC_V20_H2p5_T7,0.01157115300587822
42,"(42,)",57,2,single,B_as_chord,X,4.385893865297931e-05,7.052066532645857e-06,1.2433791942941312e-05,6.884288475202519e-06,1.4056351098519668e-06,1.4272820875611295e-06,2.7071409763980273e-05,2.1171561798707867e-05,4.012789626214695e-06,3.385250667588001e-05,3.7094714751993198e-06,6.911251996195916e-06,4.692043090885763e-06,0.00010212246531179628,4.468180514592133e-05,2.702364763607634e-05,0.00013059301414665455,7.0721506950164005e-06,4.156134065087228e-05,1.143368930994947e-05,0.0001879907284294524,4.526278499870333e-05,0.000113236121964794,0.00025455640753373416,0.00016054219781300595,1.840366884300537e-05,2.9047270220091215e-05,1.797444525332575e-05,0.001048542432694088,0.00012950534433014426,0.0011156692987943292,0.0013838316313337564,0.0021637347171161864,0.0005955609096951388,0.0001795762151565517,0.0010824977351777164,0.0017943256387448392,0.0016283107953799641,0.0043716849652579715,0.0018544672948906358,0.00036986617848996456,0.0004232056940357146,0.0008077089829493581,0.0014380799216574232,0.001220803544699624,0.005371508094827931,0.0036435155499310993,0.0011057807995909091,0.0007101948475247033,0.0004974324125795632,0.0007579401865280094,0.0034470078197082277,0.007437827099832646,0.0026297269904951444,0.0010695562854795833,0.0011890189124040239,0.0021782024474180576,0.010315975494713702,0.005063036479499069,0.0024635949670387763,0.0012473865642321238,0.0030232199066496162,0.011884699726196548,0.003975589976159187,0.002623723805962529,0.0028347463768160237,0.002880560628656963,0.007666283848491177,0.011356781535806961,LC_V20_H2p5_T7,0.011884699726196548
42,"(42,)",59,2,single,A_as_chord,X,5.7167742690960594e-05,5.668575754967042e-06,9.933027856532232e-06,5.693690235951434e-06,1.1532654119341431e-06,1.2453114158797896e-06,2.022117978554949e-05,1.584350556003122e-05,3.06540206971894e-06,2.5935205378255914e-05,2.8406461007528873e-06,5.518459962116244e-06,3.744385805199218e-06,8.881952411445227e-05,3.886376874629888e-05,2.3660817262467208e-05,0.00011438837702953157,6.19431795197581e-06,3.7056992142000804e-05,1.0160539706699841e-05,0.00014859166675935273,3.577220513334016e-05,9.051270717492789e-05,0.0002028178829338702,0.00012936469702815221,1.46800133994782e-05,2.36685600314808e-05,1.4518861957486625e-05,0.001121198399874486,0.00013837689368628842,0.0011811253064676888,0.0014620629202341108,0.002254426986606133,0.0006097628624847024,0.0001841107072480667,0.00098692686720128,0.001630809814266778,0.0014810006912972355,0.0039637507516750645,0.001678501816053863,0.00033367675364400954,0.0003815355862741065,0.0007598855796435043,0.0013594958630105622,0.0011534256865199037,0.005089171916911693,0.003457883625855964,0.0010509231454931363,0.0006746394042808176,0.00047292953512280417,0.0006195706319258282,0.002809359855676515,0.006047350045646558,0.0021519117246191757,0.0008751770146942281,0.000978220829008086,0.0019037685306571058,0.008953964556078596,0.0043994206471145774,0.002130630707136943,0.0010784627938585183,0.002469037353843225,0.009742591368791938,0.003231096816134735,0.002137311283277387,0.0020243529329839007,0.0020503893868285715,0.0054583876900368145,0.008342099602792604,LC_V20_H2p5_T7,0.009742591368791938
43,"(43,)",61,2,single,B_as_chord,X,0.0006289018908597122,1.0724412462607171e-05,1.8847682060673417e-05,1.757394418526205e-05,3.408629433272535e-06,6.779495461124966e-06,4.848207388956403e-05,3.8031119312310556e-05,1.050327744569576e-05,8.833376032411257e-05,9.371946607524083e-06,3.0957357981798917e-05,1.988830136366334e-05,0.000381739073031999,0.0001685927928248404,0.00012295028702449576,0.0006098589453121672,3.275137221089035e-05,0.00027027944519247577,7.246357616070556e-05,0.00040315720089426294,9.799042003260747e-05,0.0003001330809883328,0.0006859684967083496,0.0005928777004886187,6.618846686605621e-05,0.00015697372322622094,9.423430159935075e-05,0.011451845238448393,0.0014152095560163698,0.012605334813955142,0.015648026144288646,0.02599811089718519,0.007704852590648469,0.0022825269134594045,0.008400547903083987,0.014438899355030533,0.013059888302608624,0.037475203270787495,0.017289720946035224,0.00386498899735425,0.0043090217080426485,0.005638076894673689,0.010357263210298093,0.008794307651798474,0.04084633341950592,0.02969843861720602,0.00990571007705578,0.006264668595882087,0.004900932712947259,0.0038963746666487117,0.018747695004028318,0.04343517347724353,0.017110836218093728,0.0068101447352019485,0.00854249358972324,0.01339918462971528,0.06688043090877974,0.03539477768806106,0.01844620161861755,0.010312117292952564,0.01510814001718185,0.06412089374893501,0.022881456528288442,0.016651399365388977,0.011523257244995406,0.012439932833398674,0.036732207345928754,0.04142401736159484,LC_V18_H2p0_T7,0.06688043090877974
43,"(43,)",63,2,single,A_as_chord,X,0.0005272062105934484,9.570915198663962e-06,1.7033130109558118e-05,1.5470931938461114e-05,3.040278691043893e-06,6.0013213256906315e-06,6.144884685610828e-05,4.830282566045049e-05,1.2769811772486332e-05,0.00010839499622915424,1.1569486864115286e-05,3.6228102677544546e-05,2.348213016489014e-05,0.00041733265553432514,0.00018439235892970016,0.00013331179332502224,0.0006604747119896639,3.530714506833456e-05,0.0002868573982218819,7.702207274324866e-05,0.0004939406109309099,0.00011974788158790473,0.0003604633760436304,0.0008240386195301964,0.0006938822207360269,7.916185618207825e-05,0.0001801023500966776,0.00010866352489801474,0.011074642378749722,0.0013678330064323576,0.012207963970986493,0.015133650016739242,0.025202915811256596,0.007481898151567288,0.0022158060436047082,0.00856048950158267,0.014726445392094795,0.013303350789166668,0.03813546603690488,0.01753835732952708,0.003928859649688467,0.004355932746107445,0.006196579308233515,0.011436260925204299,0.009711065579198475,0.04519942907891584,0.03284944372186057,0.01092884362966653,0.006888289941859503,0.005356600338293233,0.0043940937655662805,0.021089420389175526,0.04866159921430473,0.01907983608719351,0.007592966066955975,0.009415870960284654,0.014268785740871691,0.07150739200792222,0.03776131757023809,0.019742308686811805,0.010998425558160172,0.016233497780772623,0.06880836650889292,0.02464851087864996,0.017878512745517224,0.013460704222541486,0.014496746493568816,0.04249126209709739,0.047440344192733526,LC_V18_H2p0_T7,0.07150739200792222
44,"(44,)",65,2,single,B_as_chord,X,0.0005497400543959217,1.226396202627634e-05,2.1723429377004264e-05,1.8757291745823463e-05,3.6648626339222394e-06,6.928691853889298e-06,6.915260010836719e-05,5.39883057801113e-05,1.4281220299840008e-05,0.00011940626808634827,1.2750793827878682e-05,3.889013633657092e-05,2.5310950023129317e-05,0.00039744074495349385,0.00017439276875661245,0.00013165545355459484,0.0006443691838792786,3.3921754408217045e-05,0.0002866330821148557,7.624991930533362e-05,0.0004359664582801277,0.0001044455672919129,0.0003234086817769079,0.000725237259645792,0.000622526705527983,6.668685625518118e-05,0.00015938246321544136,9.305724466938604e-05,0.00821502428552602,0.0010152193499214765,0.009013872687189629,0.011233061832030308,0.01878695100485199,0.005649443689993627,0.0016644710191933642,0.006873177925372143,0.011905611918787947,0.01075859231633709,0.031100734738715417,0.014476195825455047,0.003272756606672601,0.003649949684556434,0.0048443670687099314,0.008968748861973496,0.0076067126420655586,0.035655428701498244,0.026059484292408872,0.008812599103733987,0.005518889543305148,0.004369847427530671,0.003737208056649077,0.017998091817847863,0.041798447619725336,0.016541158519453703,0.006597778429033168,0.008267934076147326,0.01173316753282382,0.058983006369966284,0.031443210065750064,0.01647058164885592,0.009280541037330631,0.014045176568572272,0.05959578078346498,0.021361482325332887,0.01562739667700532,0.012073262990966786,0.013231999240573614,0.03897680837653311,0.04688119176942438,LC_V20_H2p5_T7,0.05959578078346498
44,"(44,)",67,2,single,A_as_chord,X,0.0005884151743311527,1.2459396381772715e-05,2.1885311238525422e-05,1.9352802379196987e-05,3.767192105295565e-06,7.197898256085548e-06,6.159283222084224e-05,4.7875566282906334e-05,1.2857313346787544e-05,0.0001062185624929885,1.1307797145100776e-05,3.511574793511983e-05,2.2704093396312702e-05,0.0003724128451358249,0.00016405653177539926,0.0001242564751372269,0.0006130982794725324,3.218273602032626e-05,0.0002735426426893141,7.224833918143145e-05,0.0003828199291587688,9.210690169707748e-05,0.0002880874383414074,0.0006529718120501832,0.0005721679710869479,6.0938774018958524e-05,0.00014863354829025146,8.626309991524223e-05,0.008571093118077872,0.0010597227523774957,0.009380904556937748,0.011690439215652113,0.019513216570262924,0.005858916259547162,0.0017236356132648782,0.006815322603485473,0.011710085672011143,0.010631130419727953,0.030492081975735472,0.014147229613824098,0.003189575612388323,0.0035710195974245577,0.00441318607914745,0.008182707109843762,0.0069259924745446125,0.03260079660447396,0.02388824278175145,0.008109836762243434,0.005079105096705107,0.004037162161697093,0.0033200245073923126,0.016181795689936825,0.037688762165728,0.015022408248243137,0.0058802987983758775,0.007428391742847106,0.011098023439119127,0.05558688203556157,0.029741171322838773,0.015442967256570041,0.008704183663343001,0.01279073535979258,0.054564991675038,0.01942586774595992,0.01424708450131718,0.01004545237572417,0.010998378410160391,0.03251414796084902,0.03693028081133463,LC_V18_H2p0_T7,0.05558688203556157
45,"(45,)",69,2,single,B_as_chord,X,0.002236589025561853,0.00047297251977978063,0.0008233255401249696,0.00047066787719987716,9.408367711190665e-05,0.00010295008531419396,0.001754025793032609,0.0013708706006323862,0.00025763538631017735,0.0021869305512159628,0.0002403700276739291,0.00044443497730729434,0.00030229368537445096,0.005650105352804877,0.002478136937981812,0.001478896909966949,0.007207543348104892,0.000395551482835854,0.0022937997922593957,0.0006388113730517786,0.008650738657377345,0.002083438535048866,0.005197476223818852,0.011718735038871211,0.007347749196026486,0.0008495130826675288,0.001334176733771389,0.000826964678526953,0.021056153359327413,0.00260598437587146,0.022175370193844086,0.02763992511087783,0.04266113868428743,0.011649827375901294,0.003546135284163856,0.014402603956300492,0.02378608168933803,0.02169335944402054,0.05806978524357704,0.024741785379187368,0.004915412310183216,0.005675747656292406,0.008460399221211308,0.01515404683772313,0.012882639948734542,0.05693480108176283,0.038895906487536464,0.01183868981944454,0.007643339801968365,0.005371216563273019,0.006557090035133367,0.03009974435951792,0.06553888224243372,0.023408575873742034,0.009552588437366144,0.010703431059336787,0.01541539196339883,0.07359920266661013,0.03635276812767624,0.01788250106425908,0.00909083770260791,0.017883587803469398,0.07107428993470945,0.024032773681359903,0.016007166772351058,0.015461144240854308,0.0158519009438997,0.04248164375550506,0.05107220690542303,LC_V18_H2p0_T7,0.07359920266661013
45,"(45,)",71,2,single,A_as_chord,X,0.0021686183017257357,0.0003796047664412935,0.0006643731802079061,0.00037561471394732376,7.553401352912384e-05,8.275275218857854e-05,0.0018027646695511798,0.0014120191981645419,0.0002621741254083469,0.0022451066534660605,0.0002472688578845001,0.0004514725295275096,0.00030978913513616667,0.006125959629716853,0.0026883283012864934,0.0015972900955014606,0.00780124995871914,0.00042904585474950796,0.0024838151912961715,0.0006930265986570512,0.00906370960414619,0.0021830003734523377,0.0054373356282093905,0.012267264808113973,0.007679194883596987,0.0008885566047447614,0.0013878880546696888,0.0008640757742206499,0.021091290155298627,0.002611476952657065,0.02221902232458198,0.0277248802228277,0.042824230639285685,0.011716684930628654,0.0035692903048329394,0.015309004287752373,0.025304614048540886,0.023077894492622715,0.06181730720889121,0.026361118674096004,0.00524091936898062,0.00605669594546543,0.00939044076696134,0.016797997713338786,0.014292541960130096,0.06310904342890211,0.04312667628978712,0.0131146339503437,0.008480761549726983,0.00595706398012521,0.007361031199757995,0.033838551023867236,0.07377959410150706,0.026424326057569204,0.010797456972901536,0.012098425167226009,0.017134160386044685,0.08209023720350458,0.04058285953622364,0.02002075890892669,0.010191799218897148,0.019598273179401677,0.07788961644423427,0.02641746190652559,0.01760542101580139,0.017811770642517082,0.018288189148862818,0.04898703067777238,0.05779825760638593,LC_V18_H2p0_T7,0.08209023720350458
46,"(46,)",73,2,single,B_as_chord,X,0.002224080058043939,0.0005065970001422687,0.0008864633759759254,0.000495994388289551,0.00010019696337416924,0.00010611355933458611,0.0017912769991956304,0.001403079133372728,0.00026033483021527644,0.0022315079736234364,0.0002457557783317156,0.0004499612784741482,0.0003079347373352548,0.005988031515810293,0.002631062751164687,0.0015545598972836994,0.007612047718675373,0.00041979778140346284,0.0024187758182706368,0.0006760379878772603,0.008562779903145063,0.0020637658421499747,0.0051260208019320045,0.011582569060666466,0.007239950223884838,0.00084021096254258,0.0013084786654141746,0.0008165725710093961,0.020309058730509453,0.0025144825881814902,0.021397037470004564,0.026699561640608025,0.041240514519698006,0.011290329525509284,0.0034423581439563364,0.015525925314767536,0.02566041201101974,0.023409071747838673,0.06270422498392744,0.026742468704123785,0.0053159000963916535,0.00614578451690406,0.009510012064373125,0.017027685500812642,0.014482415968149276,0.0639908672906437,0.04375104423872997,0.013312343614986724,0.008607964938495765,0.006049236891177025,0.007465588656363463,0.03433186699528127,0.07490554264584474,0.026811406050642132,0.010961387983084337,0.012282092920471046,0.017579555684038704,0.08416420388293526,0.041582535100938955,0.020483977118024573,0.010424652546363572,0.0206225075611471,0.08193610935795205,0.027760114143974047,0.01849291668893762,0.019153215307396162,0.019676764794578066,0.052756726204392174,0.06357028399923598,LC_V18_H2p0_T7,0.08416420388293526
46,"(46,)",75,2,single,A_as_chord,X,0.0022578080732120766,0.0004486301397681776,0.0007794763318817931,0.00044599872148587297,8.899410198386295e-05,9.757070301268882e-05,0.0014219937242159841,0.001112279824518383,0.00020936717616670591,0.0017812269083136451,0.00019571602470276294,0.0003677868943697902,0.00024825821493815794,0.0055548592395918295,0.0024373424715012546,0.0014526752059878642,0.007080932680138299,0.0003889311757350917,0.0022559346105071685,0.0006281331708650314,0.007612131286393094,0.0018328697938816594,0.004572369815529108,0.010304958975820275,0.006456737982194211,0.0007457213522434355,0.0011688781787951288,0.0007256381309398455,0.021752533211448682,0.002691839308733571,0.0229122891966196,0.028556428240596468,0.044081538054484296,0.01203621436061861,0.003663001477894234,0.01512055756903377,0.02499810618256658,0.022794357875767543,0.06107638014489748,0.026038627948200624,0.005177587000694689,0.00597598899722325,0.008974946123266655,0.016050552477018802,0.013656753396680843,0.060287890849750767,0.04120383571988503,0.012529314499526129,0.008098867781474608,0.005686124258491963,0.006808265301604539,0.03125516258518074,0.0680733830466284,0.02429845286187092,0.00992258655079198,0.011117391006234566,0.016168036321724026,0.07709898918727556,0.03804889538155193,0.01867654093513764,0.009489679880213339,0.018637835745846234,0.07400751683629218,0.024973129772635924,0.01661611473144698,0.016572223831903283,0.016994975276150757,0.04555955609848825,0.05481377531548623,LC_V18_H2p0_T7,0.07709898918727556
47,"(47,)",77,2,single,B_as_chord,X,0.00347886114203682,0.001012829708949344,0.001732810867178166,0.0010621168614609114,0.0002071306008084083,0.00024070142232642628,0.0036570285601463266,0.0028325928950570247,0.0006036607547146082,0.004777586420245688,0.0005138109340629694,0.0010689077122077377,0.0006977463310241522,0.01517935364968134,0.006638057194517024,0.004217794413287878,0.020173378630969928,0.0010806131490075667,0.006699343681706745,0.0018209898330265371,0.014013309549905349,0.0033577510621347288,0.00900112736116615,0.019836971558288643,0.013444626898148508,0.0014570013168288493,0.002525012281157418,0.0015029675641094363,0.08893228141792393,0.010989471003357787,0.0951429848164325,0.11784725685140282,0.18530257247700466,0.0509653677850782,0.015303755816361637,0.059459124192257004,0.09962415961437357,0.09021962257834758,0.24544179722934512,0.10537941308672392,0.02139380941847995,0.024292393154924295,0.03434996745722005,0.06191337798165166,0.05248235959732812,0.23388578035539548,0.16040287843512138,0.04946745514334998,0.031584565416897456,0.022468072306352276,0.022782614827118765,0.10569956844225911,0.23193275771432298,0.08416016527322137,0.03391688130657536,0.038625056538926644,0.05389853412757496,0.2591517409287273,0.12973798141559564,0.0639501044412241,0.032979947380897746,0.05432648097226713,0.21896613911105148,0.07420551214432378,0.050130510222459866,0.04459782415638691,0.045853794923847634,0.12495919876370803,0.130270534013136,LC_V18_H2p0_T7,0.2591517409287273
47,"(47,)",79,2,single,A_as_chord,X,0.003035575425865313,0.0009368565040905309,0.0016109413945019546,0.0009813854819038404,0.00019209655716950964,0.00022186322896155424,0.0041649128726503355,0.003231778392568156,0.0006772637953040238,0.005419041740603693,0.0005844613564766623,0.0011995531876866298,0.0007870151671312954,0.015973777572634292,0.006991240858440667,0.004409343572904589,0.0211648694244666,0.001137245152390857,0.00700940778740393,0.0019084780985151155,0.01550921298286624,0.003716140540434922,0.009910281919237271,0.021867090745789488,0.014752344742200526,0.0016072850821207605,0.0027697171376566826,0.0016540058885117068,0.08794261611715612,0.010868775911165867,0.09416532540407434,0.11666778261399995,0.18360052631204482,0.0505271503655612,0.015173456378725633,0.060453026085553294,0.10129254590703328,0.09174439645409391,0.2497353780549525,0.10722100284433198,0.021764537999545305,0.02472430089381466,0.0356805990989552,0.06435017359635685,0.054542571647771015,0.2432483749390662,0.16684955649092775,0.05145935887465595,0.03285304640919044,0.023374678742831223,0.0239877087086917,0.11121080633735776,0.24403403606282234,0.08881812546529938,0.035825427874150335,0.04077553047238028,0.05658125422272553,0.2723060172130551,0.1362159470765214,0.067252777069458,0.034671747511731986,0.0571512955697221,0.2303584686038373,0.07818604692527185,0.05283017580279908,0.04811786570392289,0.04947756032201604,0.13474201801735242,0.1412498462090446,LC_V18_H2p0_T7,0.2723060172130551
48,"(48,)",81,2,single,B_as_chord,X,0.00307455838769546,0.0011040451018478378,0.001903912468654535,0.0011468889009547646,0.00022570136910165882,0.00025687254839079485,0.00436649728895067,0.003379217783334501,0.0007110976437469925,0.005657435582020852,0.0006099102134832087,0.0012484261235645915,0.0008195044155475537,0.0151350172415827,0.006601779928706838,0.004241443043629913,0.02020923565072884,0.0010755311789625672,0.0067175314745969265,0.0018190975370893734,0.014974013275707944,0.0035801853222305518,0.009597452092667404,0.02109092675519966,0.01423747499049007,0.0015380115174193027,0.0026601439135858717,0.0015812348180945647,0.07345352775724759,0.009080909679319472,0.07855785131167241,0.09736586342113024,0.15328464806610442,0.04220563451241385,0.012664902430144596,0.05247821368607534,0.08809013947334866,0.07971168991084762,0.21718161833069125,0.0932326785611815,0.018944209141339863,0.02148591913706241,0.03029019595686127,0.05461430740382168,0.04628092833560346,0.20652206797098702,0.14163359479871984,0.043775727193141364,0.027875661643450976,0.0198739802100263,0.02114516840987549,0.09797561728151076,0.2147764022651043,0.07818749254311694,0.031518817819396784,0.03588467821264917,0.049325499732749,0.23751514991824108,0.119116811270021,0.0587506947079352,0.0303484934318676,0.0513353718687671,0.20663583333349742,0.07009515547760872,0.047342005274406754,0.04393588938323579,0.04522686930605282,0.12310779876981827,0.13162992211187358,LC_V18_H2p0_T7,0.23751514991824108
48,"(48,)",83,2,single,A_as_chord,X,0.0033998193054485385,0.0011143983328012986,0.001912893163457499,0.0011642930639753557,0.00022786863566626753,0.00026220116758041265,0.00412742078958185,0.0031896972117434765,0.0006790798534257888,0.005354348986757544,0.0005761916205766823,0.00119117061233638,0.0007781854874846224,0.014648134697877766,0.006386242098839723,0.004127793365976104,0.019634933758316354,0.00104271305814099,0.006553198890318605,0.0017710844437570524,0.014315674023141201,0.0034240552609857843,0.00920645625027907,0.02021783832389051,0.01372905985088586,0.0014779264578513142,0.0025766547045408257,0.0015263347078428274,0.07463475212954111,0.009223204153676416,0.0798778300185126,0.09894864812064752,0.15577884402750267,0.04287358208817257,0.012850054615994477,0.051571475719859185,0.08657282922294475,0.07834184988874977,0.21348327968796557,0.09165141120837014,0.018640385579047177,0.021111929129434628,0.029110680894671184,0.052626950875456956,0.04454321057012533,0.19926015869295877,0.1367778094210809,0.04239561389349957,0.02693747721101169,0.019243865006534983,0.020194787562167336,0.0938132898956352,0.20576407866237048,0.07492905118434222,0.030065667834000675,0.03431141064509511,0.04737429905649975,0.22779091284903535,0.11433825923862091,0.056299950160958914,0.029095635002820898,0.048947754641325655,0.19750298794723198,0.06685011038609208,0.04523033706700047,0.04040144778390024,0.04154164417129874,0.11313314245508829,0.11940998689159563,LC_V18_H2p0_T7,0.22779091284903535
49,"(49,)",85,2,single,B_as_chord,X,7.957684550008121e-05,3.685454063789298e-05,6.47247223880241e-05,3.619238158989455e-05,7.370748051792231e-06,7.548293974857525e-06,7.413399952945367e-05,5.778258975341085e-05,1.121576338343224e-05,9.301378735805092e-05,1.0188044526644067e-05,1.9107947786816683e-05,1.2951131691231252e-05,0.0001358330661657749,5.902410839591121e-05,3.749557198781876e-05,0.00017784528834394615,9.515923293382539e-06,5.745408353259222e-05,1.571921542958172e-05,0.00031253396288277415,7.537648877375711e-05,0.00018813783118887847,0.0004229778267352336,0.00026622438664509655,3.0624597440569974e-05,4.7989459900906824e-05,2.9783346537124055e-05,0.0010585408039131673,0.00013069304633009395,0.0011335812312583669,0.0014038291632743815,0.0021990632588650178,0.0006040816821477038,0.00018280409492516146,0.001655881045948775,0.002746226660784597,0.0025043939643427235,0.006741169551541662,0.0028878505505491427,0.0005776027958945518,0.0006664659707851082,0.0013493458846661323,0.0024350787274611684,0.0020680927238951163,0.009209551230221423,0.006328584288117381,0.0019407830746173706,0.001250900748592334,0.000885137435948009,0.0008887482616192199,0.0041048739129161144,0.00897709724751159,0.003223971676914125,0.0013162473727420171,0.0014811908229958115,0.002132193831876404,0.010251706527646214,0.005109863187644949,0.0025274566867894486,0.0012947545800876203,0.0026111586526574985,0.01046692020182866,0.003546537977629474,0.002375125031229936,0.002193731299824899,0.002253012743553968,0.0060814502226108425,0.008468829897292713,LC_V20_H2p5_T7,0.01046692020182866
49,"(49,)",87,2,single,A_as_chord,X,5.9975187944573933e-05,2.6012590434407557e-05,4.596152547453997e-05,2.548336381352676e-05,5.2168874697001805e-06,5.296905003504907e-06,7.4496943808336e-05,5.805212611367725e-05,1.1233914850483191e-05,9.346214782129181e-05,1.0238032612271923e-05,1.9172650222391502e-05,1.3012239874816338e-05,0.00016083189538169875,7.028795923895673e-05,4.3304450310311904e-05,0.0002079550513415789,1.130230653112032e-05,6.6893360400169e-05,1.8479666887303942e-05,0.00034034464330416115,8.174604980556453e-05,0.00020790099581374503,0.0004645157773051854,0.00029559348710942216,3.3652103381711146e-05,5.354270219839868e-05,3.305437695684346e-05,0.0011011752330876774,0.00013606461081094935,0.0011741522148226763,0.0014560699653959825,0.0022749618042728977,0.0006242509385290116,0.00018895741424355579,0.001387484898111707,0.002310570213171039,0.0021040956130902086,0.005680703645194788,0.0024350881769990137,0.0004881344692249282,0.000562155761193269,0.0011894681467127608,0.0021457598206945042,0.0018239331513276395,0.008113910303382349,0.005574217806068685,0.0017088661762297683,0.0011013872656192786,0.0007790913311771898,0.0007626330536396255,0.003518077553426894,0.0076845696315375606,0.0027649512093982087,0.001125310437628211,0.001267773989619277,0.0019647329689123456,0.009443317118781498,0.0046925537254901934,0.0023214545524052844,0.0011856535757205054,0.0024563738251260833,0.009807818540923914,0.003334284138594107,0.0022292467490702046,0.001943115811445406,0.001997005639813112,0.005374915744378836,0.007673206497455633,LC_V20_H2p5_T7,0.009807818540923914
50,"(50,)",89,2,single,B_as_chord,X,6.408767139415723e-05,3.881561731272386e-05,6.874254507907766e-05,3.793699455155379e-05,7.799524173757751e-06,7.860871628661303e-06,8.779528154912284e-05,6.873887052774239e-05,1.3056194647529104e-05,0.00011002457766201096,1.2102802984707158e-05,2.239605513233778e-05,1.527544309137206e-05,0.00016969414526067157,7.425325481739288e-05,4.570498118716342e-05,0.00021958484016847436,1.1949963482119591e-05,7.066686629695135e-05,1.953739653370604e-05,0.00034810300455611877,8.385129918021788e-05,0.00021071978452843576,0.0004733489383604319,0.0002987815716144325,3.4344058087705444e-05,5.4022456102964755e-05,3.354403188088111e-05,0.0010630613278421093,0.00013116730224188233,0.0011432723687299028,0.0014130231582343343,0.0022195992339355923,0.0006096221897044247,0.00018399595231541758,0.0016908333765675509,0.0028358398594334005,0.0025737646196036666,0.006981028736949987,0.002993728872256046,0.0006018040388070767,0.0006909057703640797,0.001340630884357859,0.0024075877069443625,0.00204809265754733,0.009081788890478754,0.006232057805974642,0.0019047102835128321,0.0012304322871102388,0.0008681075519261327,0.0009171647574530374,0.0042468712356117325,0.009321022226405242,0.0033580123591545326,0.0013701993734855917,0.001547147357652766,0.002366130041913607,0.011361173425216102,0.0056340220306457765,0.002781724042940181,0.0014218890964098599,0.0027722425619196136,0.01103454210536687,0.0037466284653965656,0.002502377279314167,0.002504145632554457,0.0025767443444378716,0.006943410241908647,0.010019470844097971,LC_V18_H2p0_T7,0.011361173425216102
50,"(50,)",91,2,single,A_as_chord,X,8.682708568167451e-05,2.810598612828503e-05,4.8996449086806116e-05,2.767396137710775e-05,5.593824636782582e-06,5.799640037464789e-06,5.356423919289954e-05,4.163282124284106e-05,8.157292771058394e-06,6.72132193507249e-05,7.344318776234162e-06,1.3867251742092819e-05,9.368636338091196e-06,0.00011433141068489431,4.988310484458529e-05,3.10822746813514e-05,0.00014833351689524316,8.018160460998096e-06,4.773822848289691e-05,1.3138200338050625e-05,0.0002517776848937831,6.052736827958896e-05,0.00015518882888299155,0.00034539513815820273,0.0002212473800776269,2.502417628938708e-05,4.003496577538837e-05,2.4634826445569347e-05,0.0009655045350646392,0.0001192758994551582,0.001031266544001545,0.001277790219206626,0.0019985106675084953,0.0005484040986830522,0.00016592740119914868,0.00127455706442456,0.00213661111158374,0.0019367918153219263,0.005251513627822171,0.0022479975357718555,0.00045157025482568853,0.0005177385797881825,0.0012354494965947289,0.002232302381221742,0.0018948200227779319,0.008437965406432072,0.005794403973470102,0.0017767245715574985,0.0011445324567294396,0.0008093159373754558,0.0007341004895457147,0.003384915168108254,0.00740245461793934,0.0026583880101706168,0.0010840386023505898,0.001220642432759858,0.0019205349770194614,0.009223198020192629,0.004604574888552735,0.0022679021978717086,0.001163805795370749,0.002282716655291309,0.009168930459172666,0.003104469705714864,0.0020828480290309382,0.0019619814144705896,0.002014717463499442,0.005418982270774574,0.007929824019217118,LC_V18_H2p0_T7,0.009223198020192629
51,"(51,)",93,2,single,B_as_chord,X,6.628282894787885e-05,8.818313159970013e-06,1.5220223466557148e-05,8.65805130508198e-06,1.7309255148152942e-06,1.8141761741478404e-06,2.7460683965459076e-05,2.1256786909456695e-05,4.218504274281722e-06,3.431591888712576e-05,3.742156272314332e-06,7.0983106387107e-06,4.778806916487287e-06,0.00015879787673472756,6.940760314810525e-05,4.228522471209456e-05,0.0002034686031441643,1.1056806982796632e-05,6.475743849971278e-05,1.7901207085174025e-05,0.00023041124761821226,5.530102354833923e-05,0.0001405383442011415,0.00031328628819224776,0.0001989000971674127,2.2506914048242177e-05,3.575053828818916e-05,2.1991174778929573e-05,0.003473234666324145,0.0004289861786819811,0.003669138855334006,0.004548691922300749,0.007026978616581417,0.0018978118307172932,0.0005723280237929505,0.002916467154324019,0.004828889893913866,0.004376705744858344,0.011711290790481457,0.0049570409429251575,0.000983530463742424,0.0011286347641084559,0.0025244363914959256,0.004521325920526625,0.0038265599992957245,0.016876383721711973,0.011443654489082189,0.0034704064795755087,0.0022325875880684935,0.0015610047926932534,0.0016442377680094755,0.007510021258093415,0.016248427301654603,0.0057985037061524265,0.002360439661489216,0.002631246157482595,0.005136491119159405,0.024470344477094483,0.01210589413622,0.005921539900126525,0.0030091379755215445,0.005867999355642602,0.02341113020306236,0.00786177438779048,0.005236868119948122,0.004761710514172175,0.0048630158753622315,0.013066608941623835,0.016554349354448,LC_V18_H2p0_T7,0.024470344477094483
51,"(51,)",95,2,single,A_as_chord,X,4.39615587671332e-05,6.8325037482512645e-06,1.2032423342166982e-05,6.650035170851022e-06,1.3583372365778986e-06,1.3766515295458449e-06,4.669101447049816e-05,3.640082459450444e-05,6.960312233347547e-06,5.841501048451594e-05,6.4077312791049e-06,1.190463255234872e-05,8.111951305080589e-06,0.00022234506967617126,9.744343963208855e-05,5.852862933921346e-05,0.0002842416683323441,1.5558985444669455e-05,9.05231065879064e-05,2.515583997167431e-05,0.00034026841032381314,8.174625097772456e-05,0.0002064156222951658,0.000462483196012523,0.00029206562639291355,3.33458638603893e-05,5.260282005917303e-05,3.252528224758539e-05,0.003913225196517502,0.0004838138030816312,0.00411918645452686,0.005118930595817139,0.007884844966144954,0.00213184018088426,0.0006449711789773727,0.0032388893605509155,0.005353389717669726,0.004859165656631213,0.012984631017242265,0.005500669211760786,0.0010895500784124143,0.001254233949567396,0.002553781489800089,0.004568079320461494,0.003869255958539552,0.0170447349644354,0.011555875129598183,0.0035012504911266858,0.0022541422319717983,0.0015754253884732805,0.0018311930040234535,0.00837768686887294,0.01816067347645778,0.006453839326773403,0.002633807511793248,0.0029378231108957028,0.005758047906999735,0.027449331343425473,0.01354993197941065,0.006634228251407202,0.0033638266297470487,0.006429743309249149,0.025585121942537366,0.008618523767136605,0.005735537162933018,0.005103344859060395,0.005220095988285933,0.01400993808521733,0.01838433666820796,LC_V18_H2p0_T7,0.027449331343425473
52,"(52,)",97,2,single,B_as_chord,X,5.469352611849059e-05,1.0738779530930001e-05,1.8912383641073795e-05,1.0458001955959292e-05,2.139703689482582e-06,2.164073336233735e-06,5.288415126784852e-05,4.136302121153117e-05,7.815551670572743e-06,6.59830752888724e-05,7.2574803000932554e-06,1.3364131425097696e-05,9.130770036148514e-06,0.00020650303337055905,9.050836120678842e-05,5.44420339842598e-05,0.00026355350931108563,1.4434978237717852e-05,8.385779984830187e-05,2.33104642344162e-05,0.00030653783342671345,7.369123393134489e-05,0.00018591307791466927,0.00041641939750519945,0.0002629368002244808,3.0057324492171367e-05,4.7345501244994636e-05,2.9305721858494415e-05,0.0029051713195289187,0.0003595348628978906,0.00305090317146798,0.0037955803602283925,0.0058378762531681614,0.0015803682256876814,0.0004791274601264319,0.0026770799489473237,0.0044377625231285635,0.004019831141910677,0.010766348483849842,0.004553595688642552,0.0009036158345977297,0.0010364979182962096,0.0021080148751566703,0.003775597955833057,0.003197555548682796,0.014103619773377497,0.009573456695299925,0.0029051148181289746,0.001867963644740898,0.0013072594746993006,0.001624821324399445,0.007434567553498904,0.016130871767724816,0.005740409271404006,0.0023411372290774364,0.0026125148509778765,0.004649691191693,0.022152673615975237,0.01093667774554933,0.005354220817691838,0.0027186143767568035,0.00580216004081375,0.023074921122693406,0.007784232139553567,0.005184103965875019,0.004735895764457624,0.004850332093313148,0.013020376272289816,0.018190193157742722,LC_V20_H2p5_T7,0.023074921122693406
52,"(52,)",99,2,single,A_as_chord,X,5.4855187755084845e-05,1.0573138502630097e-05,1.8369793069655506e-05,1.0365532854161795e-05,2.089797596874697e-06,2.1659565262382493e-06,4.044964427196973e-05,3.149441901514852e-05,6.066174874392302e-06,5.057277493771967e-05,5.5378672728686406e-06,1.0326667392961282e-05,7.019724726674199e-06,0.0001536006977180767,6.72313586429185e-05,4.0546244919975754e-05,0.00019598471955202074,1.069953018858011e-05,6.224765464209202e-05,1.7265818481993462e-05,0.00023918713847976273,5.75379205581887e-05,0.0001446360278232957,0.00032379054922255135,0.00020424546708160756,2.3331251174639658e-05,3.673752890974874e-05,2.273519640264202e-05,0.002586816568137493,0.00031986139384833855,0.002721367612870951,0.0033812098161485732,0.005206448248477819,0.001408551901632052,0.00042666579051768924,0.002548015539756341,0.004210098808696458,0.003823342530780899,0.010217791748403584,0.0043269421893063,0.0008573130953087518,0.0009851514574648835,0.0020497191302607308,0.0036664380425226258,0.003105312198503528,0.013685291193582763,0.009282383392477351,0.0028128675660439254,0.0018106840620592402,0.0012652319876953336,0.0014656718770576296,0.0067002530365407025,0.014512101551781304,0.005184970589209446,0.0021104634700289263,0.0023553445464902585,0.004281889220769901,0.020372327304935718,0.010059085506011114,0.0049156952361145345,0.002492263987239418,0.005255484924948155,0.020972826187527122,0.007043485341102515,0.004695067468534097,0.00420298263623402,0.0042936394959830855,0.011489952554924241,0.014641253894203007,LC_V20_H2p5_T7,0.020972826187527122
