node,sub_joint_id,brace_member,brace_end,chord_t_scenario,direction,treatment,LC_V26_H3p5_T8,LC_V2_H0p5_T5,LC_V2_H0p5_T6,LC_V2_H1p0_T7,LC_V2_H1p0_T8,LC_V2_H1p5_T8,LC_V4_H0p5_T5,LC_V4_H0p5_T6,LC_V4_H1p0_T5,LC_V4_H1p0_T7,LC_V4_H1p0_T8,LC_V4_H1p5_T7,LC_V4_H1p5_T8,LC_V6_H0p5_T5,LC_V6_H0p5_T6,LC_V6_H1p0_T5,LC_V6_H1p0_T6,LC_V6_H1p0_T8,LC_V6_H1p5_T7,LC_V6_H1p5_T8,LC_V8_H0p5_T5,LC_V8_H0p5_T6,LC_V8_H1p0_T5,LC_V8_H1p0_T6,LC_V8_H1p5_T6,LC_V8_H1p5_T8,LC_V8_H2p0_T7,LC_V8_H2p0_T8,LC_V10_H0p5_T5,LC_V10_H0p5_T6,LC_V10_H1p0_T5,LC_V10_H1p0_T6,LC_V10_H1p5_T6,LC_V10_H2p0_T7,LC_V10_H2p0_T8,LC_V12_H0p5_T5,LC_V12_H1p0_T5,LC_V12_H1p0_T6,LC_V12_H1p5_T6,LC_V12_H2p0_T7,LC_V12_H2p5_T7,LC_V12_H2p5_T8,LC_V14_H0p5_T5,LC_V14_H1p0_T5,LC_V14_H1p0_T6,LC_V14_H1p5_T6,LC_V14_H2p0_T7,LC_V14_H2p5_T7,LC_V14_H2p5_T8,LC_V14_H3p0_T8,LC_V16_H1p0_T5,LC_V16_H1p5_T6,LC_V16_H2p0_T7,LC_V16_H2p5_T7,LC_V16_H2p5_T8,LC_V16_H3p0_T8,LC_V18_H1p5_T6,LC_V18_H2p0_T7,LC_V18_H2p5_T7,LC_V18_H3p0_T8,LC_V18_H3p5_T8,LC_V20_H2p0_T7,LC_V20_H2p5_T7,LC_V20_H3p0_T8,LC_V20_H3p5_T8,LC_V22_H2p5_T7,LC_V22_H3p0_T8,LC_V22_H3p5_T8,LC_V24_H3p5_T8,worst_bin,worst_bin_damage
3,"(3, 1)",33,2,single,,TY,5.291622293339487e-09,1.1606674600514253e-11,1.1899794658535717e-11,2.8504349141038768e-11,3.108179685117427e-11,8.841156023600758e-11,5.5160290705733334e-11,5.6189589870120906e-11,8.636925564100186e-11,9.759815630521087e-11,1.029537036886838e-10,1.981668807064634e-10,2.163992687032844e-10,4.4316699761680446e-10,4.4743762311507477e-10,5.267644574387556e-10,5.45156491518572e-10,5.764792870226387e-10,8.066277808671423e-10,8.448325022688839e-10,8.47655595627892e-10,8.551488522443072e-10,9.954933089410178e-10,1.0259213234228475e-09,1.3468954566991608e-09,1.5022788330686582e-09,2.08048847790227e-09,2.2385412334443436e-09,2.9859154304557994e-08,2.982296662986823e-08,3.053428843648872e-08,3.04928085003916e-08,3.204340972615118e-08,3.4861023991651813e-08,3.5085856039643135e-08,4.024557155838708e-08,4.0999138358578494e-08,4.073788836763361e-08,4.267323222650494e-08,4.614725602631872e-08,5.137818603792377e-08,5.2072828103290404e-08,5.757609742061651e-08,5.828322373743226e-08,5.802082861458248e-08,5.996907222346841e-08,6.372557960833731e-08,6.967872331151149e-08,7.068223538236657e-08,7.983151921261555e-08,6.907831909992438e-08,7.053837306685771e-08,7.426564443310042e-08,8.433813893655608e-08,8.471333044534591e-08,9.551234547441694e-08,1.6837113828792258e-07,1.7514002339735263e-07,1.8566990658654808e-07,2.0363210275277454e-07,2.256580882798932e-07,2.105008687472418e-07,2.212088266943265e-07,2.397854296193451e-07,2.624478827158327e-07,1.827896872028382e-07,1.9935827040397098e-07,2.208347221445819e-07,2.851503709130496e-07,LC_V24_H3p5_T8,2.851503709130496e-07
3,"(3, 0)",36,2,single,,TY,4.5015991434002775e-10,1.4669690667549706e-11,1.4679040823225862e-11,1.5290530159278272e-11,1.513309825943358e-11,1.6431600410575405e-11,5.2290738597093825e-11,5.1800558887424626e-11,5.703957246581149e-11,5.395555581450578e-11,5.3100426313470384e-11,5.882793777594624e-11,5.695660601446785e-11,1.5590597456854778e-10,1.547720626240926e-10,1.6224587790356725e-10,1.593315373049015e-10,1.543643047707601e-10,1.6443671996273972e-10,1.6000450382284775e-10,3.5566750880200724e-10,3.5420351074794555e-10,3.637621225897268e-10,3.602887361817632e-10,3.7525040132480605e-10,3.6358542621427914e-10,3.8949059769377527e-10,3.8011103664046004e-10,3.983910891576557e-09,3.967943652275926e-09,3.967385956946156e-09,3.930613640330351e-09,3.933323959114431e-09,3.899100662262161e-09,3.826237444144776e-09,5.737810246499429e-09,5.71356954268537e-09,5.681136595618418e-09,5.685110920729762e-09,5.6834077339352985e-09,5.763432468715314e-09,5.689282006875641e-09,7.869606321838611e-09,7.857367190522894e-09,7.827018994420279e-09,7.853703617015593e-09,7.83583164779219e-09,7.936129163757904e-09,7.805259263418238e-09,7.919968705105727e-09,1.1022786178200424e-08,1.0756057704678296e-08,1.0500784065933824e-08,1.0640487065572718e-08,1.0414102644147633e-08,1.0457281933846379e-08,2.5977332352620112e-08,2.5212625836491174e-08,2.4934171202451434e-08,2.429928154231137e-08,2.4218683384628028e-08,3.9697904911885474e-08,3.904815587160713e-08,3.802627289229914e-08,3.766049017924873e-08,3.4810071414206435e-08,3.3968532269087664e-08,3.364176318770189e-08,5.389691693823233e-08,LC_V24_H3p5_T8,5.389691693823233e-08
4,"(4, 0)",37,1,single,,TY,2.407542410548383e-09,3.6085399689412326e-11,3.582434718178799e-11,3.716578261342048e-11,3.671989572426609e-11,5.170090878483e-11,1.827727504726378e-10,1.8084278229009238e-10,1.951948480466656e-10,1.8521781566957186e-10,1.8233429134355776e-10,1.9800722838305897e-10,2.0516152812598462e-10,7.258493083902519e-10,7.203859051661247e-10,7.417527987108192e-10,7.282139885701257e-10,7.102613802452077e-10,7.388914398475905e-10,7.384700130736643e-10,2.1492919696864084e-09,2.1495158824101194e-09,2.161987284934099e-09,2.1780835068396242e-09,2.255082187945046e-09,2.4789285071480273e-09,2.558112078623576e-09,2.8219553188329117e-09,2.237516397424754e-08,2.2315102391936304e-08,2.2121836365077925e-08,2.202635118054035e-08,2.1939192552218607e-08,2.239098302814672e-08,2.3096998800503857e-08,4.059818261547145e-08,4.030248104542172e-08,4.020013728685374e-08,4.014412687141572e-08,4.108496686189929e-08,4.225926671662524e-08,4.439779874460112e-08,4.6071787527774165e-08,4.557024353178363e-08,4.5493249244337744e-08,4.5263339061236914e-08,4.6106708619065276e-08,4.7111896928449495e-08,4.930511168890836e-08,5.2058845933230617e-08,5.8219919012183515e-08,5.6634014640675016e-08,5.584583570381758e-08,5.652978951058217e-08,5.833619046742219e-08,6.08832276084488e-08,1.3162532244836066e-07,1.2783629005397434e-07,1.2621318778591275e-07,1.2597507645988981e-07,1.2833800570135438e-07,2.042793654809788e-07,2.0166373327773348e-07,1.9891709438369995e-07,1.9907615338423723e-07,1.753304683364383e-07,1.7621589907590093e-07,1.785073561175315e-07,2.900446502619299e-07,LC_V24_H3p5_T8,2.900446502619299e-07
4,"(4, 1)",45,1,single,,TY,3.2982879049796554e-08,1.1764421035644594e-10,1.2006706214599032e-10,2.731605387936518e-10,2.7767544432572056e-10,7.411957829212388e-10,5.218487074769714e-10,5.277323473229442e-10,8.425236710311671e-10,8.961098337288173e-10,9.004766115268909e-10,1.8110045638976991e-09,1.8308330131425712e-09,3.808958462111991e-09,3.8482427950021305e-09,4.6383922862783666e-09,4.776731230441778e-09,4.8821631233184905e-09,6.991717511883506e-09,7.0530249477292974e-09,5.8903622054734986e-09,5.942831588682616e-09,7.211071898578897e-09,7.377056222117868e-09,1.0132576507714996e-08,1.0671440767054242e-08,1.5744018161134367e-08,1.6143676523207518e-08,2.4554235933917523e-07,2.4525951153538977e-07,2.5286933672776895e-07,2.520995343011607e-07,2.6695403247331323e-07,2.893826403113152e-07,2.864108332074158e-07,3.276724370394068e-07,3.353687675227973e-07,3.327937324601516e-07,3.5092232003030744e-07,3.7869260739872535e-07,4.2392366981932806e-07,4.195726680814799e-07,4.549243535928805e-07,4.6170102273336797e-07,4.607073028120129e-07,4.794803663519886e-07,5.113295439082963e-07,5.616465069098242e-07,5.594969226244597e-07,6.300784972263728e-07,5.314969819734962e-07,5.46145800863441e-07,5.76309192734521e-07,6.314700863759126e-07,6.244411709925444e-07,7.008676949263981e-07,1.2707784123529036e-06,1.3161729445916137e-06,1.3964114802842336e-06,1.4950115291758973e-06,1.6438819328751e-06,1.5937802973177372e-06,1.6792526296578991e-06,1.7875266801333334e-06,1.949467483586291e-06,1.329948654057612e-06,1.4207075310425947e-06,1.5678800930813988e-06,1.9888793214912613e-06,LC_V24_H3p5_T8,1.9888793214912613e-06
5,"(5, 0)",40,2,thick,,K,4.308568512689367e-09,5.403283533461121e-10,5.435854907459648e-10,5.687571405444205e-10,5.697372662207322e-10,6.217924744365829e-10,9.87139920180723e-10,9.823544194192965e-10,1.0869129943965315e-09,1.0429380442435202e-09,1.0358579582389184e-09,1.1678501097526055e-09,1.1485691234639771e-09,1.7576090260205605e-09,1.750384020119321e-09,1.8960551967457953e-09,1.8637134806242697e-09,1.8082127265638188e-09,2.019465504902219e-09,1.96658209985133e-09,3.0688878835323774e-09,3.0673420840107838e-09,3.2369534280122307e-09,3.207273684925136e-09,3.507256581847211e-09,3.4577381316405893e-09,3.9195283395620336e-09,3.8704424737017716e-09,3.212366477500175e-08,3.198187685257671e-08,3.295397089940475e-08,3.2488547152434774e-08,3.370763492367048e-08,3.456973511978298e-08,3.390207142822853e-08,6.94410410594882e-08,7.012942604921557e-08,6.969869366388438e-08,7.128331866767717e-08,7.30964819288634e-08,7.635921488095378e-08,7.500122026632921e-08,1.2064352047551835e-07,1.22144684909884e-07,1.215496379947428e-07,1.2413230667230955e-07,1.2607890819676566e-07,1.3059816301765238e-07,1.2802435688016586e-07,1.3299567278655393e-07,1.3762278011432503e-07,1.358867765238924e-07,1.3550917836773328e-07,1.3899706578276462e-07,1.3654486999871194e-07,1.3997294482672813e-07,2.6957072128885006e-07,2.6699496865062894e-07,2.6881567034923355e-07,2.685474680048207e-07,2.74794357928108e-07,3.4716760303415395e-07,3.483539903378536e-07,3.47160180512947e-07,3.5338642035860236e-07,3.180417238772818e-07,3.1707589342993355e-07,3.2261936301328675e-07,4.553670783648873e-07,LC_V24_H3p5_T8,4.553670783648873e-07
5,"(5, 0)",40,2,thin,,K,1.402320661908323e-07,2.033568548325928e-08,2.047628288385021e-08,2.1376171260248508e-08,2.14196703909352e-08,2.3309791592563307e-08,3.3749917080398995e-08,3.3573868843335646e-08,3.7287866540462415e-08,3.571634305319399e-08,3.5474570069752747e-08,4.0102126774459506e-08,3.94620444774764e-08,5.385037493160696e-08,5.355992565088068e-08,5.855449855626617e-08,5.7440196019727946e-08,5.551954956225209e-08,6.268360559724349e-08,6.091923135398655e-08,8.877000699566084e-08,8.859453654386659e-08,9.412880593387048e-08,9.298734997848462e-08,1.0293446308323328e-07,1.0132795869528902e-07,1.1619638612518321e-07,1.1462466270898054e-07,9.281673367279587e-07,9.235820194155479e-07,9.575628714523175e-07,9.423393119788049e-07,9.837049338975646e-07,1.0184947826207688e-06,9.948229679875745e-07,2.103545659970138e-06,2.127835538740542e-06,2.1127530948824256e-06,2.1658222162909653e-06,2.2265492510393394e-06,2.3372199524048904e-06,2.289388664562299e-06,3.6573126182614705e-06,3.7097524546140173e-06,3.6897584488586926e-06,3.780113923682216e-06,3.853009104603829e-06,4.010289808255996e-06,3.927959044192894e-06,4.099277739847841e-06,3.960705849828174e-06,3.936164088977797e-06,3.943384216142567e-06,4.0645384483323956e-06,3.995354162628612e-06,4.125484670704137e-06,7.560996237582182e-06,7.545276307692394e-06,7.640385136002921e-06,7.68510584904647e-06,7.889741884480778e-06,9.589906599371887e-06,9.68316734348649e-06,9.704604719982441e-06,9.910052129772575e-06,8.79965832460996e-06,8.802553912992124e-06,9.002385053516305e-06,1.261197324423447e-05,LC_V24_H3p5_T8,1.261197324423447e-05
5,"(5, 0)",40,2,thick,,Y,2.0932933078927832e-08,1.1842235775718127e-09,1.189524128746148e-09,1.2504353007917372e-09,1.2483459552698387e-09,1.3697101044788962e-09,3.7631345861242754e-09,3.743148750119316e-09,4.081302114947453e-09,3.930928488583933e-09,3.897613583510242e-09,4.32075187478355e-09,4.241107312848809e-09,1.1306083960994307e-08,1.1267605739338816e-08,1.1713148798944633e-08,1.1588709987679668e-08,1.1328542516136419e-08,1.2123057875263257e-08,1.1871833183518923e-08,2.6333450563914467e-08,2.628757977813934e-08,2.719790001396389e-08,2.701325191698022e-08,2.835372930724864e-08,2.8064521050702644e-08,3.0046198408673856e-08,2.985205779680168e-08,2.624364237485111e-07,2.615395808633233e-07,2.6414090294577626e-07,2.6172927177495167e-07,2.647454788192319e-07,2.654928601966275e-07,2.622713976137031e-07,4.647370620346235e-07,4.649445062231082e-07,4.63110798394788e-07,4.6607602634565084e-07,4.69865716094079e-07,4.803967789179559e-07,4.7457179028656276e-07,7.77298707156842e-07,7.822289621731493e-07,7.778197783409756e-07,7.84178066941958e-07,7.850823148411834e-07,7.989031317122963e-07,7.861643703252356e-07,8.018087557362612e-07,1.0405204974401689e-06,1.0202405090718242e-06,1.0036333229048431e-06,1.0098354409880833e-06,9.946453663036732e-07,9.995028336301736e-07,2.181782514988064e-06,2.14103013020715e-06,2.1319073697462024e-06,2.107050897022814e-06,2.1194426625758273e-06,3.0454189815830892e-06,3.0203515751504908e-06,2.9833648963508684e-06,2.978903411724302e-06,2.9241344585026488e-06,2.8759109708055923e-06,2.868125438512039e-06,4.1823736264643695e-06,LC_V24_H3p5_T8,4.1823736264643695e-06
5,"(5, 0)",40,2,thin,,Y,6.080392541044662e-07,4.093910281247439e-08,4.1124240959025746e-08,4.3228309965864004e-08,4.319327118211966e-08,4.737197721727831e-08,1.1462000642066348e-07,1.1406452750622755e-07,1.2485449886962675e-07,1.2011139371867723e-07,1.1917078067203428e-07,1.326921264925189e-07,1.3034780452480388e-07,3.1093934225473483e-07,3.100073660267009e-07,3.2424475533258885e-07,3.2052113839450556e-07,3.132203448628216e-07,3.3770942762047976e-07,3.3026393801388333e-07,6.851501800202627e-07,6.844608366497139e-07,7.098985244899376e-07,7.053948674616898e-07,7.441196730501304e-07,7.37826165006732e-07,7.968068307555782e-07,7.917772125475378e-07,6.915959225493586e-06,6.88858323040347e-06,6.982466521392853e-06,6.911899773704947e-06,7.016900486290095e-06,7.059711323986212e-06,6.962267103831303e-06,1.2266257426221675e-05,1.2281742795818064e-05,1.2220110900370208e-05,1.231970569274449e-05,1.2420164965033822e-05,1.27160426339641e-05,1.2565819183504998e-05,1.9841798656185936e-05,1.991760183805463e-05,1.9797482034700933e-05,1.992866424308103e-05,1.9888583383016208e-05,2.0203563841585353e-05,1.9863904860464036e-05,2.0221317649725586e-05,2.5036999438486285e-05,2.4647736704410332e-05,2.4345266982431966e-05,2.4611324379723584e-05,2.4233790584593186e-05,2.446844257491579e-05,4.9003369875633294e-05,4.829814275434525e-05,4.821867735901371e-05,4.780928404013521e-05,4.809856567150414e-05,6.610051389700399e-05,6.561478344511573e-05,6.478693660896293e-05,6.468972901656018e-05,6.458070859675914e-05,6.376110639258679e-05,6.364989079830232e-05,8.961308099033997e-05,LC_V24_H3p5_T8,8.961308099033997e-05
5,"(5, 1)",48,2,thick,,K,1.1429728878616359e-08,1.2134160389729398e-10,1.2232886894926508e-10,1.7827635944830183e-10,1.7533358182252681e-10,3.027125999792407e-10,4.424540066300024e-10,4.417667878734206e-10,6.040665198168697e-10,5.83420533472477e-10,5.718100090919084e-10,9.06901677815964e-10,8.736242862336716e-10,1.8237626516984067e-09,1.8254975803839186e-09,2.1591871139681976e-09,2.155208312799443e-09,2.1069054711459086e-09,2.7879064550006735e-09,2.7086328962795563e-09,2.6789318198657534e-09,2.691444786069896e-09,3.144182135262297e-09,3.1665160597673606e-09,4.0763698530020105e-09,4.0276747970034194e-09,5.5871515554981795e-09,5.460946642031357e-09,8.857265099882706e-08,8.823498450903389e-08,9.120620197720119e-08,9.019583140095549e-08,9.474156866247913e-08,9.980946953949934e-08,9.734532832745782e-08,1.299181651596453e-07,1.3276569307205983e-07,1.3136558444859774e-07,1.372580802197277e-07,1.4424990192009973e-07,1.575299163120432e-07,1.5266429516111092e-07,1.9964934714305995e-07,2.0278999201078435e-07,2.0174128464331986e-07,2.0894256801207092e-07,2.177503820923167e-07,2.3316050217212906e-07,2.2822024322127224e-07,2.474906716823305e-07,2.3263520397417684e-07,2.3621302637234466e-07,2.429337334749809e-07,2.578563048659066e-07,2.5198889118762814e-07,2.7158055912881763e-07,5.15623221346482e-07,5.245384807757566e-07,5.469752681065236e-07,5.658624646836994e-07,6.030705718142377e-07,6.556547348274279e-07,6.80802436789953e-07,7.048566903622293e-07,7.479230510033635e-07,5.852095419138425e-07,5.981143244352712e-07,6.367405991618223e-07,8.305175272926084e-07,LC_V24_H3p5_T8,8.305175272926084e-07
5,"(5, 1)",48,2,thin,,K,1.7049650123167866e-07,7.032147085274732e-10,7.106060726211112e-10,1.2601464139351312e-09,1.2563172533687193e-09,2.680953751598494e-09,1.745142841069727e-09,1.7469268464817282e-09,2.5898225942874324e-09,2.659194442862787e-09,2.6609052528698996e-09,5.060181927718552e-09,5.035000313867739e-09,1.2097444763057322e-08,1.216403775270784e-08,1.4529484222166976e-08,1.4840792829091193e-08,1.4981803590533618e-08,2.088218777892346e-08,2.0779723353215365e-08,2.2533033989235172e-08,2.2757896061790935e-08,2.6061184497691645e-08,2.682333331568393e-08,3.4771497656553777e-08,3.706169391177068e-08,5.153625168221097e-08,5.2688210581958e-08,6.4741256502442e-07,6.449571117052011e-07,6.675683353339579e-07,6.620363318044931e-07,6.997817734673461e-07,7.533180889483986e-07,7.42987718048047e-07,9.626955865575745e-07,9.842349839793789e-07,9.780974766431474e-07,1.02746861982412e-06,1.1090148863476044e-06,1.2343595145228888e-06,1.2248790081417842e-06,1.6998489277225544e-06,1.742175945539724e-06,1.7346334716668522e-06,1.809605931806183e-06,1.9083781526195976e-06,2.0669145754541855e-06,2.046083292225392e-06,2.2636576887581574e-06,2.325249707683263e-06,2.366161138371396e-06,2.452229224955033e-06,2.620953511227161e-06,2.5931111381314e-06,2.819651944175548e-06,5.071308084060319e-06,5.212461133411096e-06,5.4488618155018515e-06,5.768392683753787e-06,6.202425356344646e-06,7.082077713886191e-06,7.3373214218253274e-06,7.63870335043145e-06,8.124435550542077e-06,6.61747054036406e-06,6.933131907154374e-06,7.423843806208516e-06,1.0578700530063556e-05,LC_V24_H3p5_T8,1.0578700530063556e-05
5,"(5, 1)",48,2,thick,,Y,1.7133480776398855e-07,4.931567508349277e-10,5.051346964126523e-10,1.2206999077723262e-09,1.2394160402813074e-09,3.4733955183694722e-09,2.4668033714824546e-09,2.5095381245523954e-09,4.050705148224812e-09,4.321275272477928e-09,4.332752808795188e-09,8.88401635542488e-09,8.879267238483592e-09,1.8937416615904122e-08,1.9119046265804715e-08,2.3191700280266907e-08,2.395858502167332e-08,2.437074799361504e-08,3.535000883720644e-08,3.543373402339237e-08,3.6215746156128584e-08,3.652727529470279e-08,4.3241595412978687e-08,4.450082994718776e-08,5.96778633936961e-08,6.30546344396211e-08,9.202716763509735e-08,9.374509675878044e-08,1.1998764335562619e-06,1.1974266111024815e-06,1.2381197033623258e-06,1.2336162392580698e-06,1.3104145862494185e-06,1.4273569028728986e-06,1.4108912618489393e-06,1.6639022559709211e-06,1.7061352202936919e-06,1.6936261900252116e-06,1.7863638451387825e-06,1.9331613749601786e-06,2.1757515424825942e-06,2.1550550582845977e-06,2.5875173299891014e-06,2.6445124975995513e-06,2.6356290687359338e-06,2.753357077058087e-06,2.917792125539582e-06,3.1983085638628244e-06,3.161434601648319e-06,3.5518427953796926e-06,3.1831002411348773e-06,3.2719594774362974e-06,3.445395407164505e-06,3.7553780475355838e-06,3.703380071807815e-06,4.119326651411601e-06,7.26391815713843e-06,7.516782412035153e-06,7.928518187227307e-06,8.478093081934348e-06,9.258950384000227e-06,9.264634739014282e-06,9.73180711248615e-06,1.0276522761109204e-05,1.111048920373551e-05,8.531242933014419e-06,9.078976822359398e-06,9.91753441800503e-06,1.2686113568771217e-05,LC_V24_H3p5_T8,1.2686113568771217e-05
5,"(5, 1)",48,2,thin,,Y,3.853914132866123e-06,1.1257890114831972e-08,1.1516752280435905e-08,2.7411770255181464e-08,2.7794541099902988e-08,7.658437099246604e-08,5.3700573370920246e-08,5.460633390948299e-08,8.800337070474828e-08,9.354889344694508e-08,9.387623886545283e-08,1.9154199669169356e-07,1.9124794831676016e-07,4.111286321742305e-07,4.1489570518196097e-07,5.029200515582375e-07,5.191162469698502e-07,5.27899239334521e-07,7.639347949113314e-07,7.651625245551566e-07,7.891607216733148e-07,7.955402722572056e-07,9.391326146549826e-07,9.666209208682215e-07,1.2916273854821781e-06,1.3676888009145197e-06,1.9895018203324045e-06,2.0261637524653772e-06,2.529989699747821e-05,2.5263868901445713e-05,2.5925208250416172e-05,2.5871753651750965e-05,2.7228065010545078e-05,2.923683398603949e-05,2.8901808519385567e-05,3.4733162115091514e-05,3.5456723841250936e-05,3.519891899874336e-05,3.678504492262161e-05,3.934701569640048e-05,4.335734476755628e-05,4.3111381110361634e-05,5.1550845247430404e-05,5.224084083902534e-05,5.211268442328786e-05,5.382406857779901e-05,5.635744155943941e-05,6.0432133209457455e-05,5.978948813544592e-05,6.498105695403304e-05,6.264095513876762e-05,6.393262968993886e-05,6.635049268381402e-05,7.063076072541795e-05,6.970148621373869e-05,7.492820074427554e-05,0.00012482498336801172,0.00012682356068308232,0.00013092747833496417,0.00013520263768421716,0.00014198234397373968,0.00015467382353522778,0.00015876550795429367,0.0001624721419002885,0.00016902910222227655,0.00014263718490041763,0.00014674683965435682,0.00015361006726960199,0.00019028062612469715,LC_V24_H3p5_T8,0.00019028062612469715
5,"(5, 0)",53,1,thick,,K,6.193982845763067e-09,3.4667712180033925e-10,3.467581059392545e-10,3.5089659260627e-10,3.508461038658912e-10,3.7515040133424426e-10,5.194391464810853e-10,5.138801447922924e-10,5.645826166183209e-10,5.291467300539174e-10,5.207615466549921e-10,5.881128588654955e-10,6.005385837168053e-10,7.366040582999893e-10,7.335901293274358e-10,7.934347261254563e-10,7.814636656441354e-10,7.921252603394482e-10,9.924650276184769e-10,1.0432434142092894e-09,1.3121513129923076e-09,1.3077336690132565e-09,1.3760719328986256e-09,1.3489541791624997e-09,1.4639485331510823e-09,1.6648551176295272e-09,2.0441021399129368e-09,2.295506876450549e-09,1.5325642756701942e-08,1.5320351914982837e-08,1.5736106485045404e-08,1.580448950543284e-08,1.6769020334638556e-08,1.879748780013459e-08,1.9169991755168905e-08,3.1420460820998345e-08,3.178828328226197e-08,3.1971215488179394e-08,3.3308081330416375e-08,3.645503575119651e-08,4.038956361579553e-08,4.1446915656181723e-08,5.355961429916231e-08,5.416426763055911e-08,5.448581172291737e-08,5.633255336819194e-08,6.047381176612983e-08,6.555796443896138e-08,6.666032320091027e-08,7.427477161848572e-08,6.61102667605786e-08,6.642132232791393e-08,6.939670913690415e-08,7.318871660779794e-08,7.427477003761395e-08,8.10245274604805e-08,1.2629144732294291e-07,1.300227145430024e-07,1.3605219129479125e-07,1.4850553594028548e-07,1.6179289012926268e-07,1.7414131568346528e-07,1.8009076840443489e-07,1.9446886756674595e-07,2.0965220759166804e-07,1.6693649803949748e-07,1.7760830209577023e-07,1.912719778795887e-07,2.676821576213364e-07,LC_V24_H3p5_T8,2.676821576213364e-07
5,"(5, 0)",53,1,thin,,K,6.124163150525065e-08,1.5195208262099623e-08,1.5211558272330144e-08,1.530564515611157e-08,1.5259927827686307e-08,1.5553533852025553e-08,2.0565067427071227e-08,2.0348308704319304e-08,2.2413052765435097e-08,2.0980162004179064e-08,2.065574724486593e-08,2.2429041102613742e-08,2.1690062976685267e-08,2.5686768242254122e-08,2.547134990563984e-08,2.7902485324533702e-08,2.6932961902498754e-08,2.5685478850639665e-08,2.8059117535099675e-08,2.696393055586806e-08,4.248376820748721e-08,4.224826642261561e-08,4.4925567546743944e-08,4.365888323077574e-08,4.7541749276869884e-08,4.4922376974671466e-08,5.060781050484508e-08,4.8570279573428034e-08,3.7513132754188006e-07,3.7270332276591724e-07,3.871977386876586e-07,3.7933293835136103e-07,3.9358388672111e-07,3.967918650335902e-07,3.8352789593534887e-07,9.223123111754525e-07,9.348641273120903e-07,9.246057675762223e-07,9.442940149392287e-07,9.514938707599614e-07,9.837748162906582e-07,9.551233826970692e-07,1.687096934656377e-06,1.7171585988081222e-06,1.7031127320953953e-06,1.7388618470845453e-06,1.7512167246919e-06,1.803662222799373e-06,1.7542620374103654e-06,1.8025340373463315e-06,1.6542520628578395e-06,1.6379272693906122e-06,1.6216661068290976e-06,1.6464953192089282e-06,1.613293689894043e-06,1.6348334086411572e-06,3.1970716290865144e-06,3.1658604726272836e-06,3.1817793265286874e-06,3.1419232167309224e-06,3.172466055043326e-06,3.912168511169404e-06,3.927509115175873e-06,3.880532652718013e-06,3.9071573879283305e-06,3.395851992847296e-06,3.3521051110089867e-06,3.391623973308795e-06,4.812374120201926e-06,LC_V24_H3p5_T8,4.812374120201926e-06
5,"(5, 0)",53,1,thick,,Y,6.193982845763067e-09,2.7686123563092104e-10,2.758473685881215e-10,2.7576287759146243e-10,2.743411187716418e-10,2.845462701874944e-10,9.65113117907372e-10,9.569720822614177e-10,1.0220549037957878e-09,9.742482556635616e-10,9.608764110374646e-10,1.019882169609225e-09,9.938663273374266e-10,2.8820206757618815e-09,2.8649478907212817e-09,2.970520061440307e-09,2.9200351385450634e-09,2.839270388703439e-09,2.9575770625619018e-09,2.89325562913782e-09,7.81448273018478e-09,7.803994466735544e-09,8.010690035942867e-09,7.960284979644147e-09,8.242843147871602e-09,8.101539462803909e-09,8.47609580516436e-09,8.377198090275135e-09,6.707209791998586e-08,6.684590348463694e-08,6.712786585151877e-08,6.657993548308681e-08,6.672881306665372e-08,6.625191748976258e-08,6.54349734200318e-08,1.1432198654173951e-07,1.1388023242550462e-07,1.134592958358958e-07,1.1335274862883886e-07,1.1288877311494364e-07,1.1375081126167361e-07,1.1233597684190283e-07,1.8980007089018656e-07,1.9032622687109914e-07,1.8943471068390704e-07,1.9014479492253077e-07,1.8931584158714162e-07,1.90878593070609e-07,1.877870172119742e-07,1.89232945930498e-07,2.5951699381142377e-07,2.5352387935648657e-07,2.482137881218235e-07,2.453956323076225e-07,2.420416048924469e-07,2.404503431415939e-07,5.696529527096958e-07,5.582082070657269e-07,5.53370125503198e-07,5.430646823004253e-07,5.403379678068197e-07,8.038794562671475e-07,7.926856560719064e-07,7.80248550370963e-07,7.733002111343777e-07,7.740772302218672e-07,7.575762679654378e-07,7.488545174372303e-07,1.0969013182340756e-06,LC_V24_H3p5_T8,1.0969013182340756e-06
5,"(5, 0)",53,1,thin,,Y,1.215202014823722e-07,1.1197158032734305e-08,1.1161462937342535e-08,1.1178925639082585e-08,1.1125606145237125e-08,1.1266732954387226e-08,3.129087306012975e-08,3.102092062386856e-08,3.343586942446527e-08,3.1727816163089714e-08,3.127410116399322e-08,3.3403895100979505e-08,3.247397511112154e-08,8.01620723228562e-08,7.966569609742135e-08,8.333341312677047e-08,8.172532237088869e-08,7.92021197617493e-08,8.333926458182873e-08,8.124002122604484e-08,2.006582963301323e-07,2.0016504279128943e-07,2.061988499647485e-07,2.0436846697118129e-07,2.128796794844126e-07,2.0809279457892145e-07,2.196924105488393e-07,2.165271731105012e-07,1.7405377331935363e-06,1.7340796409833789e-06,1.7500607097441941e-06,1.732896328311799e-06,1.7464381056317328e-06,1.7378493894267918e-06,1.713266196208923e-06,3.1290394000772344e-06,3.126251785872798e-06,3.1110249188307635e-06,3.119397854743452e-06,3.11426759727242e-06,3.1531372843582772e-06,3.110247266307401e-06,5.33926954843329e-06,5.371529734764551e-06,5.345576844411735e-06,5.376559931219249e-06,5.354964231638521e-06,5.414759762281515e-06,5.320135779646908e-06,5.375741091447801e-06,6.848985875391331e-06,6.715537275847496e-06,6.593538620711549e-06,6.549108090540249e-06,6.455861897030314e-06,6.440196488579849e-06,1.4097773754330589e-05,1.3860999817993243e-05,1.3777534239544319e-05,1.3568629891980361e-05,1.3542814549433568e-05,1.9272499557141115e-05,1.9061456279880818e-05,1.8734554061423586e-05,1.859415881012342e-05,1.90808065216123e-05,1.8727600623739782e-05,1.8579433514013383e-05,2.6596326508790315e-05,LC_V24_H3p5_T8,2.6596326508790315e-05
5,"(5, 1)",61,1,thick,,K,6.6798904495537285e-09,1.0027385268000593e-10,9.972732317516359e-11,1.3615684349008432e-10,1.2899026569861615e-10,2.0233835567167674e-10,2.480307443108748e-10,2.4567068234728703e-10,3.567839301211253e-10,3.2306898796201335e-10,3.0542019783446393e-10,5.058218533605947e-10,4.523443065208002e-10,8.743734032938212e-10,8.681768909415989e-10,1.0975386766385301e-09,1.0701308820429511e-09,9.891153927522128e-10,1.3741946769186355e-09,1.2698910389776535e-09,1.0079291826855218e-09,1.008938878278445e-09,1.244931459919009e-09,1.227350185348724e-09,1.671299998430953e-09,1.5146452722090427e-09,2.28804142508755e-09,2.0944588685620242e-09,3.849482484296052e-08,3.831051312698976e-08,4.000307009446593e-08,3.9429567816792866e-08,4.184454459258309e-08,4.3773948040228925e-08,4.194050492853137e-08,5.9015565344744455e-08,6.108558918472923e-08,6.012861580777182e-08,6.370329087092849e-08,6.676533711999919e-08,7.384473287178684e-08,6.942266236523873e-08,9.505112454620436e-08,9.717413424591535e-08,9.616094915781947e-08,1.003877030295688e-07,1.0400539860383379e-07,1.1207862281951912e-07,1.072512056646864e-07,1.1613424462646602e-07,1.0760528975705079e-07,1.1003170621543719e-07,1.1295565432080835e-07,1.2253185846828266e-07,1.1689254862957873e-07,1.2630555279293481e-07,2.3681519802571856e-07,2.4005776339047613e-07,2.521454494147881e-07,2.5652670950179434e-07,2.749956085935731e-07,3.013432924016591e-07,3.155026755432334e-07,3.195415721522123e-07,3.4089995351915356e-07,2.666091157782912e-07,2.688382427784273e-07,2.8702694713907205e-07,3.7163253416701074e-07,LC_V24_H3p5_T8,3.7163253416701074e-07
5,"(5, 1)",61,1,thin,,K,1.697444197379395e-07,1.798977378895249e-09,1.7699116583568224e-09,2.576535522595912e-09,2.4227326881221562e-09,4.014961237363721e-09,3.0169269410426275e-09,3.0051715509541975e-09,4.3723041689409045e-09,4.128939772353869e-09,3.928920602232223e-09,6.783990859900443e-09,6.1778232927583976e-09,1.5360035457171096e-08,1.5315375508064737e-08,1.8745944627671607e-08,1.8610642402716268e-08,1.761572894019607e-08,2.4367885406598794e-08,2.2821789740230784e-08,1.5468717380745373e-08,1.5571931221306442e-08,1.9185115629140938e-08,1.9236971807119705e-08,2.6323479417608284e-08,2.449181932406069e-08,3.725629011409829e-08,3.4870548443086114e-08,7.102454123100141e-07,7.07758355519031e-07,7.322829044707723e-07,7.250366202815466e-07,7.662469550882323e-07,8.051798715455087e-07,7.767843023310704e-07,1.065394295963885e-06,1.0946956259827092e-06,1.0833037549321328e-06,1.1389428511014128e-06,1.2020125139821346e-06,1.3229118938780675e-06,1.2653237223967234e-06,1.6901782614357681e-06,1.7222529970223243e-06,1.708459302630743e-06,1.7756057005915953e-06,1.8428484917897009e-06,1.9792041064236362e-06,1.9174300491875717e-06,2.0820440344682335e-06,1.924628602223105e-06,1.9766641893224443e-06,2.0492289596826466e-06,2.192386267184757e-06,2.107882695507802e-06,2.287044972431278e-06,4.363751678938087e-06,4.415514662886254e-06,4.6360140416196035e-06,4.723661422997898e-06,5.060172046920752e-06,5.7487596120211576e-06,6.018128879495315e-06,6.096417317145216e-06,6.488340267251871e-06,4.5504058026088254e-06,4.641379323154646e-06,5.015863242503736e-06,7.2827692629751506e-06,LC_V24_H3p5_T8,7.2827692629751506e-06
5,"(5, 1)",61,1,thick,,Y,7.769119062729823e-08,4.877250198039379e-10,4.863816058042105e-10,9.494788102388103e-10,8.739843121833684e-10,1.9725033673518316e-09,1.8009561952618863e-09,1.7894566006067193e-09,2.989426264299407e-09,2.8173475515487175e-09,2.637594709429346e-09,5.396694702227071e-09,4.8191511689862065e-09,1.1342147110003005e-08,1.1351307132569666e-08,1.434661263206014e-08,1.4342776143863981e-08,1.3644837514005807e-08,1.998381453047782e-08,1.8756492315802636e-08,1.6263816590176304e-08,1.639272433157341e-08,2.0653976108485442e-08,2.0717550548892262e-08,2.9184003570896705e-08,2.7162424602620457e-08,4.2551118130485524e-08,3.982739026801169e-08,6.662557245230158e-07,6.64144603101728e-07,6.929841119081095e-07,6.865666014790431e-07,7.338463413140297e-07,7.837767478745002e-07,7.553342931559444e-07,9.170007345714108e-07,9.490784045739822e-07,9.36384039041219e-07,9.981931636876481e-07,1.0660055918969565e-06,1.1948626449807502e-06,1.1375593391527591e-06,1.3537987291536918e-06,1.3836555869460437e-06,1.375231598875544e-06,1.4407668549625378e-06,1.514762966814861e-06,1.655518921608753e-06,1.5994828843386853e-06,1.7700270521109864e-06,1.5373234360908311e-06,1.5912604249558798e-06,1.6650729928877287e-06,1.8159907961658155e-06,1.7436441953897718e-06,1.9316605196126866e-06,3.630895419013362e-06,3.730740317095224e-06,3.96358676771399e-06,4.105959648817572e-06,4.461411364820007e-06,4.595626179232407e-06,4.8520396509331355e-06,4.998037857799406e-06,5.397442884909141e-06,3.8977099607095244e-06,4.0243516987404456e-06,4.389473013049018e-06,5.5669894276389255e-06,LC_V24_H3p5_T8,5.5669894276389255e-06
5,"(5, 1)",61,1,thin,,Y,1.8453646556082615e-06,1.2389958319001964e-08,1.2358507549542102e-08,2.329585843367694e-08,2.14967905125292e-08,4.689074194564347e-08,4.205877137182494e-08,4.1803896906864696e-08,6.889805730413331e-08,6.493911496006311e-08,6.088430725459254e-08,1.2259997846034433e-07,1.0969700433855193e-07,2.595796911716519e-07,2.598064321751506e-07,3.27028708590513e-07,3.26958299661882e-07,3.109510194102082e-07,4.5274893227370124e-07,4.247987531215172e-07,3.59302962820455e-07,3.619912321692391e-07,4.5506066762553297e-07,4.5649444249986665e-07,6.415225725920581e-07,5.97287387571276e-07,9.339175564287001e-07,8.740910698328706e-07,1.4899373230813076e-05,1.4856271372045118e-05,1.5409505064184998e-05,1.5290673013078648e-05,1.6241692268702333e-05,1.722854666053238e-05,1.6665231970718486e-05,2.049363112821495e-05,2.1091815109177496e-05,2.0830532831964425e-05,2.1980841255831963e-05,2.3249593760668556e-05,2.5671902352057348e-05,2.4576210250333385e-05,2.9099197012189833e-05,2.9509011023909926e-05,2.9364149022374087e-05,3.042298016524746e-05,3.175106047677415e-05,3.421717971994382e-05,3.318811520668629e-05,3.6088991326546856e-05,3.3119728298602476e-05,3.407497455364115e-05,3.5227248331300266e-05,3.7762522474612655e-05,3.639674359369491e-05,3.942936398012346e-05,6.946776052630947e-05,7.03789927620644e-05,7.328334711406591e-05,7.44248959979936e-05,7.867950333035511e-05,8.502145201066083e-05,8.807405564077249e-05,8.90444838619869e-05,9.344035478674448e-05,7.306601728627848e-05,7.429774556510419e-05,7.874446293229939e-05,9.746002837914684e-05,LC_V24_H3p5_T8,9.746002837914684e-05
8,"(8, 0)",33,1,single,,TY,3.641138019252449e-09,1.0965379875563145e-11,1.1228882770646048e-11,2.7150225361958366e-11,2.940952548357233e-11,8.552699378585006e-11,5.919246270802326e-11,6.021840993690045e-11,9.281255536271204e-11,1.0420334547571735e-10,1.0958616104927737e-10,2.104095868840428e-10,2.279655957247806e-10,4.4908214569004426e-10,4.534807400591864e-10,5.409618425305391e-10,5.593133255377346e-10,5.896568097086415e-10,8.317316799097604e-10,8.701273399049406e-10,8.837474345538046e-10,8.899520880465284e-10,1.0408621711606283e-09,1.0670933547041715e-09,1.4063113860423997e-09,1.5563164319171971e-09,2.1695681452110223e-09,2.3190386365473308e-09,2.939082019510942e-08,2.9343287920058357e-08,3.0179847014878654e-08,3.007174746919792e-08,3.168237294128901e-08,3.4567021106303275e-08,3.473070736504922e-08,4.063143775575068e-08,4.1456307755308755e-08,4.118624580491956e-08,4.320717562223767e-08,4.688596751595681e-08,5.2463268033869894e-08,5.306766131894581e-08,6.066046653246963e-08,6.154015764996643e-08,6.133210782445159e-08,6.36466190212917e-08,6.778797012917354e-08,7.414982757223299e-08,7.492938763315342e-08,8.451776957910815e-08,7.456608807989692e-08,7.616810971975555e-08,8.006031421049845e-08,8.245515404871178e-08,8.264184098698018e-08,9.127781850114035e-08,1.638139380553036e-07,1.6910417945433398e-07,1.773863784631767e-07,1.9253734279912002e-07,2.1027040959857178e-07,2.0542233025283285e-07,2.1397718871308544e-07,2.2899957636652034e-07,2.4728857694566094e-07,1.8346905841064484e-07,1.970521846775704e-07,2.14666709914534e-07,2.793646068576122e-07,LC_V24_H3p5_T8,2.793646068576122e-07
8,"(8, 1)",34,2,single,,TY,3.771078771614416e-10,1.688573447218093e-11,1.6913381525937705e-11,1.7342672515117795e-11,1.7228824713238016e-11,1.8192656925064845e-11,5.103106634033939e-11,5.0698201708135136e-11,5.443636130331391e-11,5.225922065749944e-11,5.157756639467338e-11,5.61449758731138e-11,5.47912911175946e-11,1.5350197780796442e-10,1.5254218360508055e-10,1.5794944249225674e-10,1.553139325502645e-10,1.5074058536488455e-10,1.5790317667525472e-10,1.5412310104827323e-10,3.7599391062319054e-10,3.746135164226628e-10,3.837065553298443e-10,3.793168676225295e-10,3.927258979306382e-10,3.808462512888138e-10,4.022539242369959e-10,3.93678253746457e-10,3.664231309036845e-09,3.6563558782705418e-09,3.642680680737261e-09,3.624109022409774e-09,3.6189372738835658e-09,3.5952605096429647e-09,3.5463820120530705e-09,6.4461462657427945e-09,6.430819010284236e-09,6.38741814730632e-09,6.392999522303002e-09,6.356782293858512e-09,6.420204061788899e-09,6.323920848755384e-09,1.021252748165398e-08,1.0141913128748776e-08,1.0073149383868375e-08,1.0012361853869863e-08,9.881293129510448e-09,9.904175430827412e-09,9.758390162891555e-09,9.799581441463789e-09,1.5737177210594434e-08,1.5341909710823535e-08,1.497454411218812e-08,1.490186440431729e-08,1.470625975889212e-08,1.461469454218834e-08,3.241837670846213e-08,3.177513011191384e-08,3.1612985029724026e-08,3.095034472124214e-08,3.092896867731843e-08,4.915087837489759e-08,4.835920628503146e-08,4.712534090675924e-08,4.661436376894928e-08,5.088899932737674e-08,5.0060776256378386e-08,4.966853902898467e-08,7.941093602263266e-08,LC_V24_H3p5_T8,7.941093602263266e-08
9,"(9, 1)",41,1,single,,TY,1.754652585190462e-09,4.476019328432445e-11,4.4669611588175855e-11,4.553301327787804e-11,4.501047402201751e-11,4.9842086431706474e-11,1.757604288759815e-10,1.7450311662105871e-10,1.8368200913046383e-10,1.7721135043901811e-10,1.7476062607664124e-10,1.8607200449010242e-10,1.832607663979776e-10,7.417051107773826e-10,7.384556833395643e-10,7.466675556792017e-10,7.374485878545702e-10,7.206158139689315e-10,7.348573252083843e-10,7.240500842878145e-10,2.0680110149912615e-09,2.068131952904341e-09,2.083602389143721e-09,2.092449849689375e-09,2.151273982319418e-09,2.308534343328812e-09,2.374464107620161e-09,2.5762580909125084e-09,1.9768987507765308e-08,1.9716852998433998e-08,1.959911523975159e-08,1.9509912053386898e-08,1.9443392360332163e-08,1.9742154658566907e-08,2.0155659453136295e-08,4.050234303797715e-08,4.019105137762684e-08,4.005772351616365e-08,3.989619815409147e-08,4.046037813007054e-08,4.123088987546318e-08,4.297502892969102e-08,5.0217712499157324e-08,4.964196920183493e-08,4.939911378084494e-08,4.896344520001016e-08,4.8971636370882554e-08,4.955063442509084e-08,5.1225121912734586e-08,5.3246361914331586e-08,7.929238252555002e-08,7.701363622168098e-08,7.485772922641035e-08,7.409550581611235e-08,7.388507915767383e-08,7.409746157792266e-08,1.6915336947103147e-07,1.644873748385401e-07,1.621007042801387e-07,1.5800465150776242e-07,1.5745652503450233e-07,2.624186981623789e-07,2.5678435646574496e-07,2.5037538673743836e-07,2.4683567581250983e-07,2.777373549560693e-07,2.714623100342916e-07,2.672865695753932e-07,4.348462920095235e-07,LC_V24_H3p5_T8,4.348462920095235e-07
9,"(9, 0)",47,1,single,,TY,3.0054719025818795e-08,1.0967764289383277e-10,1.1247197605691632e-10,2.506752560693509e-10,2.578568299828941e-10,6.946987861168349e-10,5.73803352949957e-10,5.813275019988571e-10,9.113357146592081e-10,9.736858696641649e-10,9.828830609547666e-10,1.9318126347083883e-09,1.9536380174281414e-09,3.847606176417578e-09,3.886903220140598e-09,4.709020927841651e-09,4.843425208528785e-09,4.938850045144565e-09,7.100454733293214e-09,7.174493859813361e-09,6.472294662315147e-09,6.523935806248606e-09,7.828919779789664e-09,8.005912716403304e-09,1.0883343294423022e-08,1.1525551852133163e-08,1.680843856653783e-08,1.7235185328785005e-08,2.331988246288652e-07,2.3271617371939741e-07,2.410203503568313e-07,2.3991281601825735e-07,2.551133443318922e-07,2.781263231839078e-07,2.7560064236080597e-07,3.287082108726069e-07,3.371304701996138e-07,3.3480346235091047e-07,3.531991512131231e-07,3.820002156673645e-07,4.291103396253993e-07,4.248346172215816e-07,4.960869431060943e-07,5.049773506207021e-07,5.031331738370146e-07,5.240313113443039e-07,5.572853667396007e-07,6.104836890983738e-07,6.060859937993158e-07,6.801997373055383e-07,5.922612826072269e-07,6.07219576852919e-07,6.3891349312783e-07,6.919884653526304e-07,6.825204982964046e-07,7.597573261016968e-07,1.325382486076416e-06,1.375876377073826e-06,1.458410788454071e-06,1.5702563487812959e-06,1.7257899632717095e-06,1.6654953961060784e-06,1.7560304811561386e-06,1.8690514524861498e-06,2.0346517367367412e-06,1.4968959223999546e-06,1.591966214939573e-06,1.7437352026023526e-06,2.196677234338973e-06,LC_V24_H3p5_T8,2.196677234338973e-06
10,"(10, 1)",44,2,thick,,K,4.832480772389324e-09,5.486128810417682e-10,5.512104782941702e-10,5.823797607749938e-10,5.816545581236203e-10,6.435382737605745e-10,1.0704663335594296e-09,1.0641663682131224e-09,1.1838791902295653e-09,1.1332102887807878e-09,1.1200963384123698e-09,1.2751809739111745e-09,1.2451903243662186e-09,1.8400203296791745e-09,1.837164362178072e-09,1.9932515805678545e-09,1.9686954859111395e-09,1.9053125099288047e-09,2.148551819068073e-09,2.0877358174543823e-09,2.971652018265467e-09,2.968388772459961e-09,3.1749723182113516e-09,3.1430071231500153e-09,3.480464660804369e-09,3.433457849199155e-09,3.9551386353030354e-09,3.915109586257258e-09,3.96640241707619e-08,3.9423114127630665e-08,4.039119322438968e-08,3.984641164625224e-08,4.1025781979309655e-08,4.18279270241611e-08,4.090744496962531e-08,6.922024193513017e-08,6.975721531586712e-08,6.928112471888182e-08,7.058742206550976e-08,7.180149906237898e-08,7.487919332347626e-08,7.346440471199165e-08,1.0850143021956618e-07,1.0985457220462645e-07,1.094338200608727e-07,1.1152961957779913e-07,1.1345911085072326e-07,1.179354489600532e-07,1.1579836598137878e-07,1.2087996610089564e-07,1.1396046527746346e-07,1.1295641027206309e-07,1.1276704384189967e-07,1.1511676144085966e-07,1.132618863350038e-07,1.167012562236424e-07,2.4744259745524066e-07,2.4455950854468446e-07,2.4627906766305306e-07,2.4533824679908023e-07,2.50559353927188e-07,3.160613817941342e-07,3.176451484962626e-07,3.159765825147969e-07,3.214836541482871e-07,2.4306136309214493e-07,2.44337442125493e-07,2.507282334892591e-07,3.699549083661734e-07,LC_V24_H3p5_T8,3.699549083661734e-07
10,"(10, 1)",44,2,thin,,K,1.5587488609639848e-07,2.0523435589836605e-08,2.0656081735826378e-08,2.1743831090048316e-08,2.1754191606410847e-08,2.3980103595980515e-08,3.6891936622556335e-08,3.6674491085418696e-08,4.089547666649658e-08,3.917873142576431e-08,3.8748287075311313e-08,4.4213928948128816e-08,4.320253186219596e-08,5.701992326891455e-08,5.6920436358354794e-08,6.219219118096177e-08,6.143844306473203e-08,5.930020358536272e-08,6.773864980205744e-08,6.570340128607844e-08,8.762576899260441e-08,8.725222344398192e-08,9.387499187721429e-08,9.288797837209738e-08,1.0360985497202601e-07,1.0212266630485675e-07,1.1893127246174129e-07,1.1767768978092977e-07,1.1472943423392011e-06,1.1400937985927662e-06,1.1758229761203299e-06,1.1571352326499724e-06,1.1987487153042073e-06,1.2288307144488483e-06,1.200361197461433e-06,2.108583009737567e-06,2.1300882281784963e-06,2.113340548912608e-06,2.1587122392047984e-06,2.199868176041116e-06,2.303338400904719e-06,2.255642097505574e-06,3.339701965840828e-06,3.3913314939184643e-06,3.3759897227624505e-06,3.4550005123683087e-06,3.530059065054266e-06,3.687712735570807e-06,3.623339423003359e-06,3.801896993399852e-06,3.39077825881047e-06,3.3702725113516394e-06,3.3749447862727375e-06,3.460614470949536e-06,3.4047303335825876e-06,3.527757708992185e-06,7.131244291625827e-06,7.07372624180657e-06,7.149782270279958e-06,7.150527954053353e-06,7.3225627826802935e-06,8.964256945039944e-06,9.04623809293953e-06,9.023184569108227e-06,9.20847627922779e-06,6.848396941719972e-06,6.911424074874866e-06,7.135903254332145e-06,1.0312979663528143e-05,LC_V24_H3p5_T8,1.0312979663528143e-05
10,"(10, 1)",44,2,thick,,Y,2.3554631064379136e-08,1.248017253476807e-09,1.2455347026530412e-09,1.329989422926053e-09,1.3190320184172737e-09,1.4745005578228772e-09,3.861246621137574e-09,3.835947550364363e-09,4.173962800908926e-09,4.000110916227129e-09,3.945577995734205e-09,4.3897751303830505e-09,4.270992083514642e-09,1.1515889153608947e-08,1.1483666120410379e-08,1.1983931924255437e-08,1.1877134408316744e-08,1.1614976973179793e-08,1.246064404441213e-08,1.2189066140674355e-08,2.4116278029242242e-08,2.4107484166174045e-08,2.5106694447786604e-08,2.499752614974249e-08,2.666331008592823e-08,2.6392270246100806e-08,2.877278053698595e-08,2.849144169929375e-08,3.129926330751153e-07,3.116452039230487e-07,3.142285972925292e-07,3.1090120278308194e-07,3.135336226055913e-07,3.1332133782542787e-07,3.0851569677070884e-07,4.6370780687299837e-07,4.626547625792124e-07,4.6002898146036646e-07,4.6200482827489393e-07,4.6342456965220156e-07,4.7240090394283715e-07,4.64934112880225e-07,6.888759635547596e-07,6.883986064055433e-07,6.854381067439574e-07,6.887546682857394e-07,6.891682455544292e-07,7.002770383388291e-07,6.900962777178883e-07,7.030723170464124e-07,8.32964798969439e-07,8.171085812932901e-07,8.036236495427651e-07,8.060765899189006e-07,7.944106327355313e-07,8.005721912670479e-07,1.964771295416389e-06,1.9243952782790433e-06,1.9192652532725795e-06,1.8896167746774023e-06,1.8941498617033522e-06,2.702966819604046e-06,2.6844480051799408e-06,2.6323368439206165e-06,2.631288089770881e-06,2.271148537606526e-06,2.2401357583523325e-06,2.2435047890933834e-06,3.532509876495581e-06,LC_V24_H3p5_T8,3.532509876495581e-06
10,"(10, 1)",44,2,thin,,Y,6.852750271814071e-07,4.273138023712478e-08,4.2715156525948544e-08,4.553133594803284e-08,4.5249144508070753e-08,5.049124425050349e-08,1.1926423249667148e-07,1.1853248401294149e-07,1.2965038935109847e-07,1.2423521781014042e-07,1.2258216887957932e-07,1.372012618457827e-07,1.3351280758981818e-07,3.1753355125196263e-07,3.166842584525249e-07,3.3287150023560643e-07,3.296910719042793e-07,3.220684836637729e-07,3.490970240147536e-07,3.40809773540149e-07,6.31105099323281e-07,6.309467699479049e-07,6.61636730831774e-07,6.578815704907546e-07,7.072401555036176e-07,6.995575676756888e-07,7.710896392749073e-07,7.631492559654964e-07,8.303098848756156e-06,8.265971685935936e-06,8.35641160556239e-06,8.26274111980171e-06,8.353431986080487e-06,8.367566194768726e-06,8.234309083417358e-06,1.2440970669176335e-05,1.2437874078561744e-05,1.2366363520496213e-05,1.2443130406628229e-05,1.2485414755807906e-05,1.2755566509442016e-05,1.2551840518774512e-05,1.7676781539969346e-05,1.7658556494667197e-05,1.7578346743193426e-05,1.7639603415820574e-05,1.7644441337178428e-05,1.7920732037095486e-05,1.7656955797653133e-05,1.797050390567783e-05,2.0833757904724503e-05,2.0498315082323984e-05,2.0230512072230408e-05,2.0347338330898918e-05,2.0031141701323674e-05,2.024800331310306e-05,4.478880694884498e-05,4.393585989454236e-05,4.3838409738627666e-05,4.3109997359436816e-05,4.322356387555738e-05,5.937611441649709e-05,5.894403495440957e-05,5.7799990408432445e-05,5.770264280255915e-05,5.182037045459305e-05,5.119137901667383e-05,5.132202862351492e-05,7.58741187298876e-05,LC_V24_H3p5_T8,7.58741187298876e-05
10,"(10, 0)",46,2,thick,,K,9.700750696725578e-09,7.775972311063087e-11,7.834290598910795e-11,1.2306109221002115e-10,1.205281859120288e-10,2.2464412574531223e-10,3.0319090241829994e-10,3.019287855573738e-10,4.3103656395082266e-10,4.143241439198684e-10,4.028484686501081e-10,6.727723646573215e-10,6.385482186503952e-10,1.377694996742699e-09,1.3829782050238016e-09,1.639025344427797e-09,1.6437599059320828e-09,1.6059790875665496e-09,2.157676089456455e-09,2.090964437528474e-09,2.0209852149380057e-09,2.028749552686827e-09,2.403359641830388e-09,2.41485914232243e-09,3.141213554127101e-09,3.080511104577605e-09,4.330449930254433e-09,4.230207186132912e-09,7.121560438196948e-08,7.094291742464359e-08,7.350854492392265e-08,7.27767386852247e-08,7.688808163929946e-08,8.116697667619496e-08,7.894684052872302e-08,1.0106180798563521e-07,1.0339786102636889e-07,1.0234063930660703e-07,1.0735978563622146e-07,1.1268680069703083e-07,1.234251666903979e-07,1.1913970791376382e-07,1.4852254337665202e-07,1.5082814555638447e-07,1.500431579292409e-07,1.553951713955923e-07,1.6197951661979263e-07,1.7397577693721012e-07,1.7001783096309899e-07,1.8501751977918164e-07,1.673461572633275e-07,1.707060626541851e-07,1.764753905783752e-07,1.8818534142887068e-07,1.8339509040789813e-07,1.990405462850267e-07,3.9399534882628474e-07,4.019662808104919e-07,4.203413554954823e-07,4.3492786220449166e-07,4.659989435197121e-07,5.009384490411867e-07,5.203056658396735e-07,5.339782178932315e-07,5.67296510291737e-07,4.269817962169208e-07,4.393866953337772e-07,4.7080094348817567e-07,6.070666503943077e-07,LC_V24_H3p5_T8,6.070666503943077e-07
10,"(10, 0)",46,2,thin,,K,1.9592243596940008e-07,8.148163439628358e-10,8.256218799337967e-10,1.4283513131015414e-09,1.4354423260312313e-09,2.9397525137092153e-09,2.2127551136415605e-09,2.218636148370924e-09,3.3627754791227766e-09,3.4100878207884375e-09,3.404708726526711e-09,6.188089595392791e-09,6.1353786674524835e-09,1.3447825436343816e-08,1.3462605033735163e-08,1.6170658070816285e-08,1.6310702506806494e-08,1.6427099072452952e-08,2.254996915305259e-08,2.260883948682906e-08,2.0402568697711592e-08,2.0521102570458265e-08,2.4423440143833802e-08,2.4779096045038532e-08,3.2839102726795965e-08,3.379892087451631e-08,4.831972074491292e-08,4.8791740161590905e-08,6.382550252691242e-07,6.382523344783456e-07,6.537984467974694e-07,6.533457211884629e-07,6.894528867813014e-07,7.465650770091002e-07,7.407837178376855e-07,9.527274293922999e-07,9.782227728738136e-07,9.690693120817614e-07,1.0192846482728892e-06,1.0913609996349144e-06,1.2127195216545128e-06,1.197188431136172e-06,1.559502688785627e-06,1.588553118373792e-06,1.5788125633843393e-06,1.6405845938391235e-06,1.7243134390966339e-06,1.8765951889128932e-06,1.846229644188427e-06,2.042328602124588e-06,1.9441793423622614e-06,1.98531753708014e-06,2.0603215088131466e-06,2.199794508237135e-06,2.166013065258333e-06,2.3759329238266577e-06,4.5511446319144146e-06,4.639525470258889e-06,4.848911657145978e-06,5.103247994976847e-06,5.50631512544812e-06,5.966283014316544e-06,6.211457264513358e-06,6.497767581874199e-06,6.969255289980311e-06,5.171747985636858e-06,5.433140799134683e-06,5.879254364377765e-06,8.631269074620296e-06,LC_V24_H3p5_T8,8.631269074620296e-06
10,"(10, 0)",46,2,thick,,Y,1.8597707597177293e-07,5.690059741628551e-10,5.812939490552347e-10,1.3458287350612926e-09,1.3501105968432405e-09,3.6557191500750824e-09,2.6017639216552016e-09,2.635851654609261e-09,4.280416630658793e-09,4.517846629106434e-09,4.49946430738412e-09,9.20406681995092e-09,9.144442020107772e-09,1.938468186490652e-08,1.952929845351654e-08,2.3795174234941696e-08,2.4465740933774073e-08,2.469528899306036e-08,3.581299643783773e-08,3.5695138553140454e-08,3.310573984036605e-08,3.336555690744569e-08,4.033363077629098e-08,4.1226245271268016e-08,5.6150676870553736e-08,5.843532486775681e-08,8.581754440697861e-08,8.70079386775143e-08,1.226605120587048e-06,1.2262321222639887e-06,1.2620432191078177e-06,1.2618026369365889e-06,1.33770282796854e-06,1.4532676357362859e-06,1.439598872714903e-06,1.653278758568706e-06,1.6977021788058533e-06,1.6832147081621482e-06,1.7780771909386063e-06,1.918068094268487e-06,2.148568100713646e-06,2.1194353243685464e-06,2.3895824681272624e-06,2.431220364144008e-06,2.419110972989936e-06,2.5195315010786076e-06,2.6840015128587568e-06,2.9466935613910988e-06,2.9236769197331823e-06,3.286018587098993e-06,2.7982014815283973e-06,2.885539905991144e-06,3.044475272306352e-06,3.3199497339710865e-06,3.2796690006446894e-06,3.6700544364634834e-06,6.767166902489498e-06,6.9614425657728685e-06,7.343415233304616e-06,7.788496300217088e-06,8.502373068075309e-06,8.463473044441582e-06,8.887725608967883e-06,9.403569850666323e-06,1.019203986673013e-05,7.199650679945962e-06,7.67910490074502e-06,8.444866592159774e-06,1.102861934744119e-05,LC_V24_H3p5_T8,1.102861934744119e-05
10,"(10, 0)",46,2,thin,,Y,4.231207914727837e-06,1.3228058024509915e-08,1.3501673830210195e-08,3.04446150815969e-08,3.056262635623922e-08,8.093104589336686e-08,5.8058373767710435e-08,5.877312985066488e-08,9.505034310760151e-08,9.993634164893396e-08,9.951621615307862e-08,2.0173314488504666e-07,2.002093547448897e-07,4.2352948485305944e-07,4.2647789781861995e-07,5.199950610216412e-07,5.335609142631721e-07,5.376026497585426e-07,7.778353987885046e-07,7.750285753576962e-07,7.181962422890227e-07,7.237819863572732e-07,8.740180460605354e-07,8.92570791777041e-07,1.2134899528030864e-06,1.2622064565186847e-06,1.850605916063931e-06,1.8756082490456011e-06,2.582065950247639e-05,2.580580189733766e-05,2.6400402034089686e-05,2.6399545557345006e-05,2.7737957325649274e-05,2.973824787661749e-05,2.94358037641045e-05,3.4450766205652585e-05,3.522200110043922e-05,3.49390813396551e-05,3.6580555924439965e-05,3.9021147123369685e-05,4.2880951821334826e-05,4.247173564247088e-05,4.8092657444954935e-05,4.855721057646912e-05,4.840514853774383e-05,4.986667639006453e-05,5.216873940367953e-05,5.606149493965047e-05,5.549671857112215e-05,6.047909083801407e-05,5.58970065653757e-05,5.720156557697127e-05,5.948003374403811e-05,6.336884966043529e-05,6.258083307343031e-05,6.762674854092275e-05,0.00011611381677676812,0.00011769136390732674,0.0001216334979008053,0.00012518559661729904,0.00013156096434878612,0.00014053610687194404,0.00014434626620245695,0.00014762162142021128,0.00015396725618586337,0.00012296310762491646,0.00012663262017580668,0.00013336506771653768,0.00016644666836401168,LC_V24_H3p5_T8,0.00016644666836401168
10,"(10, 1)",57,1,thick,,K,5.802798839594842e-09,3.615794092551701e-10,3.6479783537053736e-10,3.6159548535730493e-10,3.639295746332691e-10,3.7255044613593207e-10,5.85578436281895e-10,5.831736200419508e-10,6.185596420648096e-10,5.947122835960099e-10,5.888477937909466e-10,6.245652637303393e-10,6.108667510355749e-10,8.119384556257429e-10,8.074284658743795e-10,8.589694151321184e-10,8.404791086286705e-10,8.115814885201322e-10,8.671789937412793e-10,8.599490115658182e-10,1.3551717289542206e-09,1.3519401983612953e-09,1.4148698389971484e-09,1.3985046609533147e-09,1.480740526888955e-09,1.435711092213975e-09,1.64070512671945e-09,1.74330939745266e-09,1.5712281608820547e-08,1.5679741018532964e-08,1.5917168065038462e-08,1.5915657857270897e-08,1.664194272879457e-08,1.8409542827217872e-08,1.8811745137875085e-08,2.7228611097173903e-08,2.736994212797164e-08,2.7238808167515325e-08,2.7730995879676833e-08,2.8602192704138676e-08,3.065472392743989e-08,3.181591301317155e-08,4.450543395610434e-08,4.493919035963034e-08,4.4722351629186156e-08,4.534855240275245e-08,4.569341278150581e-08,4.70407473224838e-08,4.7069684231835944e-08,5.112158114626817e-08,4.8059507407416025e-08,4.7291507765195194e-08,4.7542111997639616e-08,4.871768560158996e-08,4.9592560687463916e-08,5.318936021079876e-08,1.0233079280785032e-07,1.0169324043959904e-07,1.0304833668774038e-07,1.0599855728518571e-07,1.1358441432507624e-07,1.3213683570144683e-07,1.331388873491411e-07,1.3624158245374057e-07,1.4443081053354992e-07,1.0496254230680446e-07,1.08387509935754e-07,1.1583688741052982e-07,1.7049249999439836e-07,LC_V24_H3p5_T8,1.7049249999439836e-07
10,"(10, 1)",57,1,thin,,K,5.0936809984383155e-08,1.565633840331902e-08,1.579826466100918e-08,1.5675058410364754e-08,1.5771053133607006e-08,1.5773089461468013e-08,2.3374663863499365e-08,2.326796152341472e-08,2.4834047682256803e-08,2.3821452931222213e-08,2.3576902835486424e-08,2.5110278801154285e-08,2.4501768916301378e-08,2.8804086607070428e-08,2.863637391377853e-08,3.066489160423503e-08,2.999671263629911e-08,2.8863700743609582e-08,3.1106512059419624e-08,3.0015985083735825e-08,4.564802389690745e-08,4.5448568541251876e-08,4.790451806904386e-08,4.70679921426007e-08,5.021611360618036e-08,4.80498269668346e-08,5.2903600823807734e-08,5.147778653397737e-08,4.5515269868524017e-07,4.5198636729781325e-07,4.652519106041528e-07,4.56690859395482e-07,4.6980984607747733e-07,4.7010584276025693e-07,4.5595065065156266e-07,9.360485178597508e-07,9.425044014093638e-07,9.324605015875375e-07,9.432981383510427e-07,9.428063857676451e-07,9.647732189361917e-07,9.385558197751057e-07,1.5660236300202992e-06,1.5891657520770514e-06,1.5784309456537715e-06,1.6085911618617721e-06,1.6222798974987933e-06,1.666673911701396e-06,1.6297551737071096e-06,1.6705794708939772e-06,1.6003607808624208e-06,1.5786552387070282e-06,1.5565837196209808e-06,1.551263329164083e-06,1.528374602829968e-06,1.5296476749539457e-06,3.080677514746121e-06,3.025137317526132e-06,3.013531592123852e-06,2.9534999065840763e-06,2.958111150156495e-06,3.89474953255078e-06,3.873759456840268e-06,3.7982913218573747e-06,3.798472213882963e-06,3.1849673447120063e-06,3.125866879120898e-06,3.124515783230165e-06,5.1738043288596435e-06,LC_V24_H3p5_T8,5.1738043288596435e-06
10,"(10, 1)",57,1,thick,,Y,5.802798839594842e-09,3.231548206010842e-10,3.238043262282162e-10,3.2002232831768326e-10,3.205914710946741e-10,3.2096448747106856e-10,9.8406246590851e-10,9.80043579285317e-10,1.0075479136711596e-09,9.7796645795937e-10,9.721756360262149e-10,9.928634457141174e-10,9.789505250569793e-10,2.9707900019218415e-09,2.959864368312232e-09,3.010383563215938e-09,2.975228514070496e-09,2.9255402583087123e-09,2.9892499844620998e-09,2.943236869268584e-09,7.184577824572161e-09,7.184264519899455e-09,7.3314941862158565e-09,7.307549110519583e-09,7.572158393110068e-09,7.50305374221195e-09,7.88848034245586e-09,7.829799144309169e-09,7.721452499051421e-08,7.69648012541185e-08,7.693374758179812e-08,7.626790542491583e-08,7.619118221107754e-08,7.551684759510877e-08,7.480606865894324e-08,1.1326929147870652e-07,1.1237228549577292e-07,1.1172115539536326e-07,1.1121652377222087e-07,1.1029621852843995e-07,1.1094477241445646e-07,1.0934780459121706e-07,1.714284820727879e-07,1.7063821747620927e-07,1.6984006185737053e-07,1.694151555034238e-07,1.684684774313224e-07,1.6923982510373745e-07,1.6752727723492423e-07,1.6859594404616705e-07,2.3315713218084127e-07,2.2737461326408384e-07,2.2203836402812066e-07,2.193214448253803e-07,2.1725570975131357e-07,2.1503588400639989e-07,5.2057203417569e-07,5.066518400439352e-07,5.002672018775722e-07,4.880275402825699e-07,4.832552147819716e-07,7.68843295968136e-07,7.533096035783922e-07,7.331280935577562e-07,7.207622807891942e-07,7.526242377415764e-07,7.344964121544798e-07,7.22493080421256e-07,1.1724200860318057e-06,LC_V24_H3p5_T8,1.1724200860318057e-06
10,"(10, 1)",57,1,thin,,Y,1.1716769398620151e-07,1.2668818243137789e-08,1.2725864629457337e-08,1.2574813832896666e-08,1.2618481496302918e-08,1.2555884855943341e-08,3.29621465333437e-08,3.281157098015233e-08,3.401406063129407e-08,3.289645817683775e-08,3.266129668723735e-08,3.367838151055874e-08,3.311345223211915e-08,8.355092928865025e-08,8.319715648053064e-08,8.546881431813312e-08,8.428146767759991e-08,8.243284716475726e-08,8.5114922805692e-08,8.343768139641433e-08,1.8821120943701665e-07,1.8820924479626256e-07,1.926453039683325e-07,1.9176166435836817e-07,1.9859913003437534e-07,1.9590673534706926e-07,2.0780623964883247e-07,2.058180936903292e-07,2.0408956437142383e-06,2.0332380855224366e-06,2.0427303031693548e-06,2.023235239834492e-06,2.0279998649186325e-06,2.014166626076832e-06,1.9885030586150467e-06,3.1026505373488226e-06,3.084671284905673e-06,3.0637503999206714e-06,3.0551535075151205e-06,3.035733287680348e-06,3.0649548078989933e-06,3.01689769217828e-06,4.7774134495066335e-06,4.767775484677068e-06,4.741423713247863e-06,4.738664345171649e-06,4.7143169834875405e-06,4.749397400670036e-06,4.695613013343301e-06,4.742918597039795e-06,6.154319150879687e-06,6.0108514263362485e-06,5.8775317457285495e-06,5.814685779489987e-06,5.76255793998674e-06,5.716850350097327e-06,1.3124636188751131e-05,1.2799648333418766e-05,1.2668428818223158e-05,1.2382151263635792e-05,1.2289159671443262e-05,1.843253890181041e-05,1.8092754535712792e-05,1.7629028223863378e-05,1.7384825048916154e-05,1.806532140247919e-05,1.7661835999906975e-05,1.7405819456199393e-05,2.7150186275863786e-05,LC_V24_H3p5_T8,2.7150186275863786e-05
10,"(10, 0)",63,1,thick,,K,6.584498491997166e-09,1.4239402282878934e-10,1.4125385162913645e-10,1.89550030365476e-10,1.7895169140662476e-10,2.71878477142794e-10,3.673270392555615e-10,3.625449638733694e-10,5.177885057138536e-10,4.6263251344147367e-10,4.3726662980672823e-10,6.956779272401226e-10,6.221613972734336e-10,1.2351717983652768e-09,1.2260175791980766e-09,1.5144183608071878e-09,1.4656079159659832e-09,1.3659812033937356e-09,1.8427652249864088e-09,1.703470112157079e-09,1.2584164600152737e-09,1.2509567474623464e-09,1.5448589451641272e-09,1.5118234935528355e-09,2.0395624617617857e-09,1.8379653007606672e-09,2.7375710415436404e-09,2.4939927258971676e-09,5.46479994018813e-08,5.430190717087634e-08,5.673387929860137e-08,5.5667484728676815e-08,5.8978656775406085e-08,6.112663019536812e-08,5.8249185378886344e-08,7.848265360978914e-08,8.114860990832484e-08,7.972407008464205e-08,8.416723550229335e-08,8.732578084162911e-08,9.570886542688478e-08,8.975727347462712e-08,1.1431711488585474e-07,1.1727231978547709e-07,1.1563349056907729e-07,1.2054497551989137e-07,1.2399726558608865e-07,1.3319882688633184e-07,1.272491400670333e-07,1.372351125437365e-07,1.2300386250970807e-07,1.2476101127300542e-07,1.2766583068226873e-07,1.3665326150786411e-07,1.3129120940358375e-07,1.411262449534171e-07,2.9369045176775535e-07,2.9568286876088836e-07,3.065527821253232e-07,3.1112850548486896e-07,3.2942139820860773e-07,3.8312311223530614e-07,3.9714491054189557e-07,3.983093847993656e-07,4.190304005129711e-07,3.039825192717872e-07,3.064566164080681e-07,3.2608090425246576e-07,4.2570864876116973e-07,LC_V24_H3p5_T8,4.2570864876116973e-07
10,"(10, 0)",63,1,thin,,K,1.1545331408111517e-07,1.3590671395694374e-09,1.3827114321664537e-09,1.905062136918921e-09,1.8322584347123475e-09,2.9432930090745677e-09,4.896396372409685e-09,4.8983599107487555e-09,6.48121087483078e-09,6.283804524969778e-09,6.067318676826246e-09,9.351150796355355e-09,8.710447964582183e-09,1.8246963341776602e-08,1.8217642148724063e-08,2.1598154116558654e-08,2.1537657030219284e-08,2.0552997436163858e-08,2.7012165806645073e-08,2.5736136438287464e-08,2.5439084471677808e-08,2.547109103238701e-08,2.9787100489334212e-08,2.991428187920888e-08,3.81236182969907e-08,3.700491975713146e-08,5.117117601412958e-08,4.89530186730953e-08,6.461738681462206e-07,6.435430720677108e-07,6.69225428108996e-07,6.619999148314786e-07,7.021727151204643e-07,7.414805906392665e-07,7.165487464076018e-07,1.1168857488063944e-06,1.1461062295944816e-06,1.1333203038973387e-06,1.1908690545645645e-06,1.2506240437355065e-06,1.3674169105431848e-06,1.3106003530785567e-06,2.065622477607228e-06,2.1211518062923572e-06,2.1028051923545216e-06,2.1907024805768258e-06,2.2656212035302633e-06,2.420374558360995e-06,2.336214606154208e-06,2.5056771257980587e-06,2.5343734209725636e-06,2.5585068550657223e-06,2.6075280073342376e-06,2.7434628226978528e-06,2.6655712537403743e-06,2.8262074899751976e-06,5.127994911014816e-06,5.204274847192023e-06,5.4145170383526314e-06,5.551473703765816e-06,5.880426297702319e-06,7.004261669553657e-06,7.2717271654444165e-06,7.393486728895827e-06,7.772554063033849e-06,6.566452822413387e-06,6.661975260216388e-06,7.040340203986755e-06,9.919241916335432e-06,LC_V24_H3p5_T8,9.919241916335432e-06
10,"(10, 0)",63,1,thick,,Y,6.645634284219952e-08,4.3021717790435104e-10,4.3121759663958155e-10,8.292757675274044e-10,7.675065682729899e-10,1.7392638620752196e-09,2.2017009799152903e-09,2.1944705960778416e-09,3.5027154322562735e-09,3.321086523377745e-09,3.1365374483095998e-09,6.0459945843465374e-09,5.442582533566812e-09,1.1952765694598702e-08,1.1980193924529658e-08,1.4992548201239195e-08,1.4982342620438374e-08,1.4238190032128348e-08,2.052238151540972e-08,1.932720513277224e-08,1.8769537786579706e-08,1.8842826525957568e-08,2.3485399599990276e-08,2.3516857105454105e-08,3.240008352698859e-08,3.034898342377655e-08,4.635230276717146e-08,4.344186941054323e-08,6.46305029439301e-07,6.437800011963659e-07,6.736884166465241e-07,6.661664698247704e-07,7.134639359522456e-07,7.617456878034007e-07,7.334797794994326e-07,9.273981217817243e-07,9.599936997452709e-07,9.464241949575248e-07,1.0072316037559714e-06,1.0703478788771987e-06,1.1994781973729667e-06,1.1373384655786389e-06,1.4586717230044557e-06,1.4988168969749468e-06,1.4861001697948535e-06,1.5563787406903e-06,1.629091538820251e-06,1.7738012163110051e-06,1.7076387354894554e-06,1.8758132501887675e-06,1.6684999325691557e-06,1.7220390463773057e-06,1.7948149531970884e-06,1.9581449099269934e-06,1.8786187653912433e-06,2.064555428939534e-06,3.801041266208269e-06,3.920964246270505e-06,4.1575697424878244e-06,4.311921230895955e-06,4.668977049679235e-06,4.835956851877252e-06,5.099970664525164e-06,5.2587778411927855e-06,5.6485517183616754e-06,4.367644635026991e-06,4.487882647357736e-06,4.863229420258708e-06,6.068362681372924e-06,LC_V24_H3p5_T8,6.068362681372924e-06
10,"(10, 0)",63,1,thin,,Y,1.5315234334648382e-06,1.0673061537789156e-08,1.0725279460272467e-08,1.986976988225787e-08,1.8468062278288758e-08,4.038228873967956e-08,5.3358417207292544e-08,5.3212605222797886e-08,8.306905001629269e-08,7.895011055821632e-08,7.48101377667937e-08,1.4055349437890515e-07,1.270733252193784e-07,2.765508026970768e-07,2.771731871148006e-07,3.450918456893739e-07,3.444669443489949e-07,3.275214750532501e-07,4.678932205674466e-07,4.4115050133470493e-07,4.2877922297420445e-07,4.3042444279290593e-07,5.334427102451631e-07,5.347536958452969e-07,7.3161690399896e-07,6.877718961006784e-07,1.0404736993493717e-06,9.76751555273169e-07,1.4322501073614124e-05,1.426993222202363e-05,1.4842513593712274e-05,1.4695043181488955e-05,1.5645616475044143e-05,1.6609146829416613e-05,1.6018801525924603e-05,2.0719574573994204e-05,2.1350745998060204e-05,2.105343145794074e-05,2.2216340352893854e-05,2.3409387791395857e-05,2.5812996681666062e-05,2.470226907123344e-05,3.173242050930855e-05,3.2310360452441e-05,3.210597937509816e-05,3.326203044936322e-05,3.4473582276512854e-05,3.6881905991081116e-05,3.570686600874288e-05,3.8432313711091434e-05,3.6343349725094906e-05,3.730103928990154e-05,3.8528068788477214e-05,4.132211562724082e-05,3.9866926231254476e-05,4.279904421437605e-05,7.428605989583734e-05,7.538685865539933e-05,7.83183280925051e-05,7.962446892013205e-05,8.387216102969179e-05,9.185907834761621e-05,9.46710906488003e-05,9.561519124267113e-05,9.983439803722925e-05,8.322311663235177e-05,8.446851896483723e-05,8.886036660414614e-05,0.00010904188840198639,LC_V24_H3p5_T8,0.00010904188840198639
13,"(13, 1)",34,1,single,,TY,4.660230117129104e-10,1.2045131348489359e-11,1.195433182431186e-11,1.2757947791366084e-11,1.2580689875174422e-11,1.4033324694032209e-11,4.2457725808515676e-11,4.212688976436435e-11,4.55585139121985e-11,4.352454307246936e-11,4.285105014757084e-11,4.719182212490394e-11,4.5750476541659624e-11,1.6201340113500467e-10,1.613275049623836e-10,1.6666030789849723e-10,1.6463639268635694e-10,1.6082835491844908e-10,1.6906979114171957e-10,1.6534724209766178e-10,3.512708041111245e-10,3.5094040587094097e-10,3.61205387374937e-10,3.590131280456754e-10,3.764217510935846e-10,3.7082553710295917e-10,3.968171320305089e-10,3.914354314158468e-10,4.877515903310822e-09,4.85608848773352e-09,4.877650282404525e-09,4.827789552039709e-09,4.837116855968297e-09,4.7895550148594045e-09,4.717489278545256e-09,6.835374077580938e-09,6.798827292809904e-09,6.755671718270598e-09,6.75135014192147e-09,6.719790541962441e-09,6.787768424973983e-09,6.6785294863788114e-09,9.774910060738836e-09,9.740688136698706e-09,9.692179203044057e-09,9.692600578058036e-09,9.628389743625407e-09,9.700149858613357e-09,9.557630706787146e-09,9.656759471623999e-09,1.2843419717328245e-08,1.2524186295097482e-08,1.223590178039003e-08,1.2374409537277967e-08,1.2177764564476152e-08,1.2181136113318821e-08,3.123834537463115e-08,3.0469275529177294e-08,3.0197805790745005e-08,2.950505582839519e-08,2.9393528994857796e-08,4.438929744084172e-08,4.3839063250676724e-08,4.2685084646164254e-08,4.2415749453168275e-08,3.952637972433759e-08,3.864978686165567e-08,3.818033471750726e-08,6.19796058700574e-08,LC_V24_H3p5_T8,6.19796058700574e-08
13,"(13, 0)",35,1,single,,TY,5.0141165797613374e-09,1.1570917656075695e-11,1.1938908895568914e-11,2.829286537273492e-11,3.069055779056171e-11,8.76904358257708e-11,5.907437231959732e-11,5.942671777242577e-11,9.080378163355154e-11,1.0002423432279583e-10,1.0560736016815831e-10,1.9826425352900083e-10,2.1830365922355115e-10,4.1167885943422506e-10,4.1470948828312094e-10,5.037350802952111e-10,5.19989525377793e-10,5.39176568588722e-10,7.772251671086026e-10,8.078525133636133e-10,7.393484993638627e-10,7.379850982032965e-10,8.705977531744507e-10,8.803460200110965e-10,1.1679184944185752e-09,1.2461204793662933e-09,1.771739111320857e-09,1.8604896667842843e-09,2.2376126523494934e-08,2.2341101608775517e-08,2.2698427460270795e-08,2.2700456178366757e-08,2.383011019813509e-08,2.6132032859672008e-08,2.63652779793325e-08,3.1450384978049274e-08,3.2120688114987555e-08,3.2008566195009947e-08,3.3666034925996445e-08,3.677681482753912e-08,4.135995123166447e-08,4.21189224263145e-08,4.43136088311438e-08,4.509863013379008e-08,4.484847282707495e-08,4.67943992666797e-08,5.00775526158728e-08,5.5389242366132193e-08,5.5990044287655844e-08,6.403073841332456e-08,5.742026172039348e-08,5.932541245844487e-08,6.302292632444543e-08,7.259289866790118e-08,7.339594930195448e-08,8.37825522327051e-08,1.337868027861356e-07,1.3865078962551453e-07,1.4787212555931874e-07,1.6134464491722604e-07,1.8031401785603436e-07,1.7090885741038913e-07,1.8116205462059325e-07,1.9693139734012567e-07,2.1867217503247547e-07,1.574721983847715e-07,1.7471943785901792e-07,1.946180503003755e-07,2.6286153129077165e-07,LC_V24_H3p5_T8,2.6286153129077165e-07
14,"(14, 0)",43,1,single,,TY,2.3810571249842968e-09,3.235897546065259e-11,3.1802319387217466e-11,3.349181200855213e-11,3.322319058451308e-11,4.6388334391215906e-11,1.3938187281007375e-10,1.3834432167474114e-10,1.4603957498419497e-10,1.4050970619568163e-10,1.4043784212055112e-10,1.5222524788207392e-10,1.7107797528547902e-10,7.569956612800165e-10,7.538545097903237e-10,7.639082088383127e-10,7.553371185964471e-10,7.421128715000062e-10,7.627513105156147e-10,7.556866685700209e-10,2.141565330620295e-09,2.1410002076921246e-09,2.1662116875972037e-09,2.1716756929181374e-09,2.2478744836615697e-09,2.4591449163383997e-09,2.538579366639487e-09,2.794279680161173e-09,2.7170440645480295e-08,2.712910479545392e-08,2.696863104512553e-08,2.6896003039020438e-08,2.6860908822114706e-08,2.7607461327765227e-08,2.8549390286371763e-08,4.6392947299836194e-08,4.603279658939957e-08,4.585912658127421e-08,4.565814705482093e-08,4.632215628115257e-08,4.721240852934817e-08,4.902958423539899e-08,5.4572427625810316e-08,5.4105202456964017e-08,5.392292855110936e-08,5.367674436656631e-08,5.426265931673766e-08,5.512052251922023e-08,5.720332790068119e-08,5.975220348204187e-08,6.689341633037538e-08,6.509909577852358e-08,6.41204280180924e-08,6.39441182426798e-08,6.477309402155289e-08,6.687097020718071e-08,1.5796943997662413e-07,1.5361579134968093e-07,1.5178625523802635e-07,1.538333073036161e-07,1.5742103536254687e-07,2.3397138736065612e-07,2.2985464345325815e-07,2.256106725392215e-07,2.2497922630239753e-07,2.0999478503636954e-07,2.0961213374410962e-07,2.1101321430470435e-07,3.407526860659836e-07,LC_V24_H3p5_T8,3.407526860659836e-07
14,"(14, 1)",51,1,single,,TY,3.234067098896879e-08,1.2387954132282344e-10,1.2671045337367002e-10,2.817725621619242e-10,2.8713022721861864e-10,7.61906780094415e-10,5.995618840856042e-10,6.003366906713253e-10,9.461834103687385e-10,9.862921293376776e-10,9.937394811356233e-10,1.9180473810601986e-09,1.950021159334361e-09,3.595827590857955e-09,3.6139093937738916e-09,4.547304616618963e-09,4.661084598409746e-09,4.652765422697202e-09,6.952523139900589e-09,6.923162622618222e-09,5.363529344725674e-09,5.370578801850654e-09,6.591979906846235e-09,6.686406049730058e-09,9.321703293805569e-09,9.385353511479825e-09,1.4279177110005729e-08,1.4208726543088616e-08,1.8257689271622323e-07,1.822501578820305e-07,1.8684003181823195e-07,1.8640320902405523e-07,1.9791123772936677e-07,2.1731590904796822e-07,2.1480518933968313e-07,2.565765735546095e-07,2.640847891325825e-07,2.6219509916516943e-07,2.783225723085641e-07,3.0372235968597313e-07,3.441200533345368e-07,3.418718815058049e-07,3.4831847569504936e-07,3.566030655923757e-07,3.5401703368623944e-07,3.723005314171921e-07,4.000267921127741e-07,4.459746521263325e-07,4.418390864285669e-07,5.077282845739878e-07,4.3679716672905834e-07,4.564061659251145e-07,4.868055878347444e-07,5.413043624802292e-07,5.313152818345576e-07,6.034685142728428e-07,1.0182346392082975e-06,1.0528369946812125e-06,1.1266467794744555e-06,1.2048314605325714e-06,1.3398762608650478e-06,1.2848880455704393e-06,1.3659783569611319e-06,1.4558833128313962e-06,1.6109239566997864e-06,1.1238500979011894e-06,1.2238120071926617e-06,1.3630595863318972e-06,1.7668645252889847e-06,LC_V24_H3p5_T8,1.7668645252889847e-06
15,"(15, 1)",42,2,thick,,K,4.2668921648807375e-09,6.87953555198839e-10,6.915879494114942e-10,7.121684375433106e-10,7.127373967093747e-10,7.611544736418169e-10,1.1814710387651889e-09,1.1759092004832264e-09,1.2947978983148098e-09,1.2434725866621842e-09,1.2288182963135174e-09,1.3828129566792163e-09,1.3513118764960557e-09,1.6599142203461289e-09,1.6473532235669837e-09,1.8126937619658329e-09,1.7656776339424096e-09,1.698021308517209e-09,1.9173441769104853e-09,1.8594682325365454e-09,3.01060529769219e-09,2.992779517474612e-09,3.2139238725300854e-09,3.1566359219577425e-09,3.462005371059217e-09,3.307359005465659e-09,3.7662055174926405e-09,3.649571762505687e-09,2.7891793449600244e-08,2.778044715600516e-08,2.835209804818547e-08,2.8097751338546282e-08,2.896600032763186e-08,2.9656178583469998e-08,2.9034287454223144e-08,6.482264321342096e-08,6.56886045550684e-08,6.513711176014407e-08,6.659678370012254e-08,6.809650601687091e-08,7.110843715746979e-08,6.998511471276338e-08,1.0691972514055856e-07,1.079950397922284e-07,1.0744867672546532e-07,1.0954103033870487e-07,1.1087427899972592e-07,1.1455871875632142e-07,1.1228631684427318e-07,1.1669671318786903e-07,1.3022410092083464e-07,1.291237179986922e-07,1.2878524159180437e-07,1.3185429042892386e-07,1.3030162348955866e-07,1.332866713398693e-07,2.4623311106913923e-07,2.4601817591003915e-07,2.504402801536121e-07,2.514640050196182e-07,2.585898741576034e-07,3.448753616861254e-07,3.479010953028903e-07,3.4723977777192634e-07,3.537448834326603e-07,3.2064611454622395e-07,3.223653302465704e-07,3.279063853679837e-07,4.918091191827132e-07,LC_V24_H3p5_T8,4.918091191827132e-07
15,"(15, 1)",42,2,thin,,K,1.3839702789883903e-07,2.4997265050985736e-08,2.512652967103686e-08,2.5889044494555127e-08,2.592135238173184e-08,2.7688218114028452e-08,3.984858094769227e-08,3.967187223900848e-08,4.376590065864019e-08,4.205290732372556e-08,4.1571660270248615e-08,4.679969614902773e-08,4.578926452689062e-08,5.112317629038048e-08,5.0675111420983535e-08,5.628519591924168e-08,5.4765579842579205e-08,5.262069324321652e-08,5.99656468150236e-08,5.814212723019569e-08,8.688880730644663e-08,8.646041782211248e-08,9.347255152210455e-08,9.168217440554595e-08,1.0187806354497546e-07,9.722236566815364e-08,1.1207962680203817e-07,1.0844626925845066e-07,8.207684481210751e-07,8.170253250956814e-07,8.374195267190133e-07,8.287405220621498e-07,8.566487177508565e-07,8.800273404095157e-07,8.606922140893547e-07,1.966156756108895e-06,1.9956246773630723e-06,1.978908892184892e-06,2.0277755581331107e-06,2.0763818441981205e-06,2.176503587384426e-06,2.1382988504281593e-06,3.2564635775776388e-06,3.306883927578132e-06,3.2870205409112156e-06,3.3650516185300773e-06,3.411231396003671e-06,3.538199566838152e-06,3.4637057184686614e-06,3.613110455509819e-06,3.768046909753373e-06,3.7425145791798533e-06,3.7463409177193602e-06,3.8543877416551675e-06,3.8084992081532e-06,3.916741842753336e-06,6.991090993974344e-06,7.015912887711408e-06,7.159539495552802e-06,7.2119292124295965e-06,7.443274556389135e-06,9.654026840122665e-06,9.760037968263216e-06,9.746722506263965e-06,9.959762726004889e-06,8.754355626818846e-06,8.827722507587067e-06,9.006225454647159e-06,1.3307039906614158e-05,LC_V24_H3p5_T8,1.3307039906614158e-05
15,"(15, 1)",42,2,thick,,Y,2.0774868470019277e-08,1.7740363933510983e-09,1.7801615931014982e-09,1.8352917824767304e-09,1.8291824977724831e-09,1.9484768326910018e-09,4.584638381565698e-09,4.55696826290618e-09,4.931856581104067e-09,4.7585349320801234e-09,4.705806011432458e-09,5.190124115699082e-09,5.080987230326642e-09,1.0692020937632857e-08,1.0623350167327222e-08,1.1194591535175224e-08,1.099012252146939e-08,1.0662060278404899e-08,1.1434018108024741e-08,1.1152341515950377e-08,2.5320444966165223e-08,2.5238498445251168e-08,2.6082387401439565e-08,2.5833512454419337e-08,2.7074410797737426e-08,2.6243117233583847e-08,2.8232485338782944e-08,2.7595802029691417e-08,2.2639737705251973e-07,2.2580823397773866e-07,2.2658315525499164e-07,2.2507157526486285e-07,2.272406262245166e-07,2.283323289889117e-07,2.2468348240431162e-07,4.3650904890568127e-07,4.3781292088795706e-07,4.3466473702740605e-07,4.3818409948222884e-07,4.4030485274783376e-07,4.49953094061924e-07,4.4346822894980564e-07,7.067033261801947e-07,7.042420730579168e-07,7.007677238072215e-07,7.016138891997445e-07,6.98581509233752e-07,7.073967582045777e-07,6.98201526924491e-07,7.095813582601444e-07,1.0262844753020072e-06,1.006679102300914e-06,9.910320651482277e-07,9.941282616984014e-07,9.829197329535462e-07,9.859536802311804e-07,2.039609591582724e-06,2.0112553472101963e-06,2.0138060018319957e-06,1.9859193663059115e-06,2.000236877807911e-06,3.0331026159197864e-06,3.001574135178361e-06,2.9444008594003056e-06,2.9335922702635237e-06,3.093591459532808e-06,3.067335312805787e-06,3.062966321564477e-06,4.78888122557156e-06,LC_V24_H3p5_T8,4.78888122557156e-06
15,"(15, 1)",42,2,thin,,Y,6.032181634137656e-07,5.947847313601171e-08,5.973364082560137e-08,6.15311371145629e-08,6.142182264211414e-08,6.542675640621418e-08,1.4027552782907832e-07,1.3939529468043726e-07,1.5162789185000835e-07,1.4617925735156752e-07,1.446286197677738e-07,1.6020920741221789e-07,1.5685229796325717e-07,2.9294204320805885e-07,2.908575708928004e-07,3.0935876662712904e-07,3.032257213232726e-07,2.93176315690855e-07,3.183358944540691e-07,3.092419878134912e-07,6.605610924190072e-07,6.585009499895128e-07,6.838483752276167e-07,6.766243084264325e-07,7.141148465213431e-07,6.898081260948676e-07,7.500032746302008e-07,7.328676065608666e-07,5.925746624428972e-06,5.907437769626258e-06,5.941079081802659e-06,5.900062324092612e-06,5.983855190403739e-06,6.035216783551691e-06,5.933453361744679e-06,1.1574564603251665e-05,1.1622791374316934e-05,1.1531668359859187e-05,1.1641357439255356e-05,1.1736027590669498e-05,1.2037758353944969e-05,1.1856094595396306e-05,1.8152828670187965e-05,1.8120541515148165e-05,1.8028540562881808e-05,1.807632058057972e-05,1.802061423283327e-05,1.8284898718820182e-05,1.8010616283917306e-05,1.8298915742050972e-05,2.4568680451346093e-05,2.4179538747927194e-05,2.3866586608984144e-05,2.4037660523005775e-05,2.3777962222927933e-05,2.3921154751796992e-05,4.693694066831179e-05,4.637884975775865e-05,4.646907304230995e-05,4.5908820319277616e-05,4.623878801604975e-05,6.635742448600386e-05,6.593361144270871e-05,6.492717958324547e-05,6.483727890781308e-05,6.640462197231733e-05,6.571755480146427e-05,6.563855140118994e-05,9.511518403437075e-05,LC_V24_H3p5_T8,9.511518403437075e-05
15,"(15, 0)",50,2,thick,,K,1.1404512290712274e-08,1.5362028777647684e-10,1.5404604904514567e-10,2.1279416915037915e-10,2.085845690622757e-10,3.4295714999293086e-10,5.190325857047231e-10,5.143838027095859e-10,7.006923848582119e-10,6.675220105669402e-10,6.51997900608116e-10,9.993504548682594e-10,9.593299853915162e-10,1.754545460290255e-09,1.7478215217517005e-09,2.1313917537594426e-09,2.1129643575345403e-09,2.0271577815171695e-09,2.762483158186209e-09,2.6492486648926504e-09,2.445602182585818e-09,2.4242277629843725e-09,2.9146332934815183e-09,2.872112303373689e-09,3.723994658633812e-09,3.4670738399342415e-09,4.969892615539667e-09,4.712513109625995e-09,6.714337892327157e-08,6.694720962261183e-08,6.866845258172795e-08,6.815576366244276e-08,7.171502870015959e-08,7.611249595412374e-08,7.398440544787221e-08,1.0466846745704477e-07,1.077816769725624e-07,1.0671990672597878e-07,1.1225411496199232e-07,1.1872829480729691e-07,1.3059778943340092e-07,1.2692575851856122e-07,1.5833466831039298e-07,1.61464891240078e-07,1.602203223779135e-07,1.6657900001674592e-07,1.7359943495738483e-07,1.874579018147923e-07,1.8258103338321126e-07,1.9947366399361126e-07,1.9732563586844504e-07,2.013313021592293e-07,2.0787548438254065e-07,2.22221187604144e-07,2.163499657912589e-07,2.3427949922050175e-07,4.341911683219278e-07,4.4205656253549227e-07,4.627927666770322e-07,4.774008624478044e-07,5.123956873044379e-07,5.750823147697189e-07,5.97687762986189e-07,6.14567534830032e-07,6.537666203022126e-07,5.222118031113157e-07,5.412121741562875e-07,5.762348179328966e-07,7.910409959693599e-07,LC_V24_H3p5_T8,7.910409959693599e-07
15,"(15, 0)",50,2,thin,,K,1.7651761158081514e-07,8.027628370636101e-10,8.240337998553466e-10,1.3701465745670386e-09,1.3718616405908176e-09,2.793101630091762e-09,2.1048078144228767e-09,2.0847858128696855e-09,3.0700810230315092e-09,3.028169850536543e-09,2.9999668021317844e-09,5.477517849094479e-09,5.428531904880983e-09,1.1489449380136732e-08,1.1516171625983575e-08,1.426519329812773e-08,1.4453629041867291e-08,1.4177373740700411e-08,2.0405185503162845e-08,1.992130172849948e-08,1.7699350318963135e-08,1.7622145085312398e-08,2.0635780807569556e-08,2.070337810925761e-08,2.7128515149616335e-08,2.7648107014230813e-08,3.9778786680069776e-08,4.0016928451097405e-08,4.907506532874873e-07,4.89767512358426e-07,5.015929761687752e-07,4.996276300921351e-07,5.291938269283983e-07,5.751067268866605e-07,5.677021562594871e-07,7.645316623250697e-07,7.838537715798106e-07,7.81539166742577e-07,8.261555674312469e-07,8.973965758949606e-07,1.0039307307976259e-06,9.993060800076213e-07,1.3051259879077728e-06,1.335378123875221e-06,1.3285631788878562e-06,1.3880234338397422e-06,1.4727520779549062e-06,1.6114964925573883e-06,1.5917375986090251e-06,1.7791868164383468e-06,1.9815077294492904e-06,2.0133398553052865e-06,2.105373954111252e-06,2.2531918921722955e-06,2.2685231172533673e-06,2.4765329159040256e-06,3.995290431469306e-06,4.103654115777829e-06,4.309260752151053e-06,4.554252257797806e-06,4.9371242648224e-06,5.911635125578556e-06,6.16853379593245e-06,6.4633533320765095e-06,6.931296985345632e-06,5.93258880182226e-06,6.296050654049068e-06,6.772017842071377e-06,1.0681622472960705e-05,LC_V24_H3p5_T8,1.0681622472960705e-05
15,"(15, 0)",50,2,thick,,Y,1.692824060916395e-07,5.422944916127476e-10,5.580796599902308e-10,1.3025870891878445e-09,1.302945753005968e-09,3.5953498977830095e-09,2.701204511680816e-09,2.7068342337832452e-09,4.3610546715418356e-09,4.552193330897301e-09,4.572779024793527e-09,9.037577200710201e-09,9.140776804023574e-09,1.767137622629819e-08,1.7777256957941823e-08,2.247706588017778e-08,2.3042749221461998e-08,2.2893050165709265e-08,3.4479592979023005e-08,3.4063703427496716e-08,3.023594002813381e-08,3.015616865414612e-08,3.621598367992268e-08,3.65447947928651e-08,4.978238033185745e-08,5.0057826145190495e-08,7.515018269745497e-08,7.461380474966362e-08,8.74886751618424e-07,8.734918027195678e-07,8.96331018768186e-07,8.95422722923918e-07,9.536283369609504e-07,1.0507911872035995e-06,1.0375502578053484e-06,1.2772288456842107e-06,1.3146794199331022e-06,1.3086371459516373e-06,1.3893990794451219e-06,1.5249984967947239e-06,1.7274241130952028e-06,1.722179806851248e-06,1.942900496466927e-06,1.991623895535229e-06,1.9796727445305858e-06,2.0811529504677425e-06,2.2241961224457828e-06,2.467151596059426e-06,2.4400974675741456e-06,2.7765790378938488e-06,2.655134848727853e-06,2.738934324955811e-06,2.9101746997315594e-06,3.1825431179019275e-06,3.177238551293092e-06,3.5620422050487536e-06,5.666445718959966e-06,5.862867234273566e-06,6.236938695775995e-06,6.6809099467465614e-06,7.382011094650001e-06,7.603973234453607e-06,8.043306753022058e-06,8.550025888557526e-06,9.35087998260749e-06,7.411155971098203e-06,8.017022160255615e-06,8.79981761006909e-06,1.2091939012569468e-05,LC_V24_H3p5_T8,1.2091939012569468e-05
15,"(15, 0)",50,2,thin,,Y,3.8080577807352184e-06,1.2438518352087598e-08,1.2819589758456731e-08,2.9178174610818643e-08,2.927187449233515e-08,7.904952092899231e-08,5.964472847346861e-08,5.97180375146105e-08,9.589485428066692e-08,9.953917868754652e-08,9.984998440969647e-08,1.9624285648339808e-07,1.9822982725057898e-07,3.8501374300756734e-07,3.871636596604296e-07,4.889093840253819e-07,5.005822732779382e-07,4.967692380207311e-07,7.461308281935918e-07,7.362390619413908e-07,6.547687620186817e-07,6.526138346781627e-07,7.816017507252236e-07,7.887158947330237e-07,1.0706287081507351e-06,1.0770612432869042e-06,1.613868835537189e-06,1.6031952442572804e-06,1.87262506230589e-05,1.8700781523268915e-05,1.9172536489799365e-05,1.914685078461742e-05,2.032999105980755e-05,2.2164823644571925e-05,2.1853446557291117e-05,2.729779255564845e-05,2.796788340317658e-05,2.7870682424956e-05,2.9394674169757692e-05,3.187615364131488e-05,3.5547354765547136e-05,3.518817561253175e-05,4.006089373312124e-05,4.07601347699222e-05,4.0647318079311634e-05,4.2262817385871474e-05,4.477870214278977e-05,4.857987084164611e-05,4.806977633393464e-05,5.306632038719669e-05,5.241613741298009e-05,5.3582587519140824e-05,5.607633111447272e-05,6.008974109581665e-05,5.9713429124939016e-05,6.4800563411292e-05,0.00010165605828783158,0.00010371080052192098,0.00010765674488718816,0.00011174248153525032,0.00011827183989703654,0.00013059186503180722,0.00013454757205408878,0.00013813028327691943,0.0001445364347160599,0.00012474162831079002,0.00012924045503860944,0.00013600571719698246,0.00017464109245268774,LC_V24_H3p5_T8,0.00017464109245268774
15,"(15, 1)",59,1,thick,,K,6.454862789089684e-09,3.7218775632987457e-10,3.739208019815494e-10,3.7929389789994124e-10,3.798359914610924e-10,4.0917652702937204e-10,5.774853184699901e-10,5.741409528233381e-10,6.241887749535245e-10,5.944724751234068e-10,5.862446440598543e-10,6.482778674395812e-10,6.411539726696425e-10,7.020475949046899e-10,6.945880923892387e-10,7.621351141663177e-10,7.456746749107875e-10,7.470720674539089e-10,9.125815939038683e-10,9.577945177516074e-10,1.2916307528639e-09,1.2826555632189283e-09,1.3642176532320318e-09,1.3351663013560976e-09,1.4504419129042444e-09,1.435820900275684e-09,1.7999114753001804e-09,1.9475393216408244e-09,1.2684097503327927e-08,1.271171886471724e-08,1.2900802252305678e-08,1.3037706901535227e-08,1.379261296232029e-08,1.5514440868264864e-08,1.5830959447360453e-08,2.7280490645332662e-08,2.7665118600569155e-08,2.7741829335071156e-08,2.8968968397725934e-08,3.1767031863563294e-08,3.5192434893416387e-08,3.639508722621077e-08,4.5581553737680534e-08,4.601612019285516e-08,4.576801040476329e-08,4.700235637911475e-08,4.991437158131732e-08,5.4056732984478124e-08,5.551851782343373e-08,6.20084716397621e-08,5.961810628515445e-08,6.024466845383262e-08,6.358694875351499e-08,6.70313328084974e-08,6.921229990591808e-08,7.590532830763067e-08,1.1443365888477268e-07,1.195646868732434e-07,1.256750366853871e-07,1.3593282971836117e-07,1.4782785127022766e-07,1.690395811141186e-07,1.7562523456680693e-07,1.8895127513125474e-07,2.0373647353314238e-07,1.5991831038684037e-07,1.7325533035262938e-07,1.8770908929537387e-07,2.8519379313679786e-07,LC_V24_H3p5_T8,2.8519379313679786e-07
15,"(15, 1)",59,1,thin,,K,6.235776445697243e-08,1.617273510232603e-08,1.6243277840482085e-08,1.6384989756408615e-08,1.636708480244516e-08,1.6767248151952093e-08,2.282452064174943e-08,2.2686754653003194e-08,2.4704785799479035e-08,2.3507309071640984e-08,2.316546485036916e-08,2.5235008468483845e-08,2.4453140362769582e-08,2.461672057181576e-08,2.4331704038818442e-08,2.6927478895272457e-08,2.592457775570231e-08,2.4658041643643933e-08,2.7178548748641213e-08,2.6046919074574053e-08,4.193999793065425e-08,4.165392597299715e-08,4.469437690423324e-08,4.359661941278127e-08,4.742007917310323e-08,4.4531490338532865e-08,5.004252079643508e-08,4.781309307007943e-08,3.437162689322848e-07,3.418413396695931e-07,3.499440428608321e-07,3.4469903275387837e-07,3.5292411514551725e-07,3.5523632408833696e-07,3.4525629497290057e-07,8.927676116101244e-07,9.048924041487217e-07,8.941298513378534e-07,9.101192861021475e-07,9.157151302390256e-07,9.438109057790203e-07,9.184540485227201e-07,1.505626009867804e-06,1.5281260762824541e-06,1.517469876668148e-06,1.5480071563909002e-06,1.556638676489256e-06,1.6003972085437907e-06,1.5559985740575865e-06,1.5985531705556157e-06,1.6089301916579677e-06,1.5958467654543063e-06,1.5815670410994546e-06,1.6061295445990865e-06,1.5747799981191354e-06,1.5972519703451915e-06,2.9863974813852572e-06,2.95217012335274e-06,2.9773716092976943e-06,2.943572925820162e-06,2.994248270839363e-06,3.938477558257418e-06,3.9642882361982154e-06,3.916609423208538e-06,3.960746059026954e-06,3.3962681113291714e-06,3.381535799689273e-06,3.419936667517873e-06,5.146781729389736e-06,LC_V24_H3p5_T8,5.146781729389736e-06
15,"(15, 1)",59,1,thick,,Y,6.454862789089684e-09,3.2148684281470716e-10,3.214699399227791e-10,3.2683605148189e-10,3.250818578314783e-10,3.420780764476339e-10,1.0001126235722532e-09,9.944583509543418e-10,1.0570795723754145e-09,1.021800191221728e-09,1.0105235515085188e-09,1.0830872051432872e-09,1.0601058628882872e-09,2.750234872585853e-09,2.732355339663876e-09,2.816644069919187e-09,2.7649996265791384e-09,2.6954796910781075e-09,2.785165512278563e-09,2.7309029856472466e-09,7.4374554377147204e-09,7.414842392184626e-09,7.541595150239081e-09,7.485696616156823e-09,7.697548851078494e-09,7.504156104001575e-09,7.865404464893485e-09,7.716623406143232e-09,5.839907161102478e-08,5.831232724772113e-08,5.834009073214179e-08,5.803942651078812e-08,5.8175221828606094e-08,5.7891021534897576e-08,5.7123505436740676e-08,1.0987747699432527e-07,1.0959130606320178e-07,1.08886198840013e-07,1.087973106152759e-07,1.0792553729540651e-07,1.0853360523261752e-07,1.0733347551883914e-07,1.7681516029934926e-07,1.756792229540807e-07,1.74679303260947e-07,1.7374725470108768e-07,1.7217751680058575e-07,1.729158150969902e-07,1.7080377517585752e-07,1.7182330547279824e-07,2.646229342202402e-07,2.5919379793316555e-07,2.5401970032210897e-07,2.513104336635312e-07,2.485461756127303e-07,2.468301371320719e-07,5.31410305975156e-07,5.220391017562499e-07,5.183653886276346e-07,5.087184581698822e-07,5.079960219777117e-07,8.019093147392955e-07,7.891455454965635e-07,7.704348270881249e-07,7.613575801151481e-07,8.438485731478841e-07,8.326328710618069e-07,8.273223949471745e-07,1.2938988919891783e-06,LC_V24_H3p5_T8,1.2938988919891783e-06
15,"(15, 1)",59,1,thin,,Y,1.2948563954287796e-07,1.273407913878045e-08,1.2755086719847777e-08,1.2938855911481927e-08,1.2891784772867905e-08,1.3344337772439813e-08,3.341454189888335e-08,3.32258394982652e-08,3.5555022358930427e-08,3.4218768673380654e-08,3.381220130226564e-08,3.6426611157786744e-08,3.5577018271468025e-08,7.631883138855682e-08,7.574992710564293e-08,7.899000442133377e-08,7.723320030719137e-08,7.497045546694058e-08,7.851598504043198e-08,7.667482818039388e-08,1.919299825822933e-07,1.914607305953759e-07,1.9601534191827344e-07,1.9428149002616884e-07,2.0127013692580912e-07,1.9523499724212548e-07,2.0665465522058955e-07,2.0203184690162005e-07,1.5043823135748066e-06,1.501981345342623e-06,1.5038904604582927e-06,1.4944301500395547e-06,1.5030326598038601e-06,1.4981693522883079e-06,1.4722793884145653e-06,2.989068858356879e-06,2.993894916096509e-06,2.969865482098854e-06,2.980621947814102e-06,2.9673778502583544e-06,3.011339522301403e-06,2.97087479203124e-06,4.88169077884646e-06,4.8532669119054525e-06,4.825102141484302e-06,4.818801484292754e-06,4.78730102165532e-06,4.822930298569239e-06,4.754955854677511e-06,4.801598704543529e-06,6.922104790424903e-06,6.798689318309069e-06,6.679124453474425e-06,6.63701814188137e-06,6.546256499926937e-06,6.521595034793134e-06,1.3241654717254198e-05,1.3056460229261808e-05,1.3020495679083749e-05,1.282542832937449e-05,1.2857693241046633e-05,1.949504279266357e-05,1.9280643767574827e-05,1.8904135477261043e-05,1.876808360423909e-05,2.013625636029309e-05,1.9892342832753592e-05,1.9774966337969893e-05,2.9776875735632862e-05,LC_V24_H3p5_T8,2.9776875735632862e-05
15,"(15, 0)",67,1,thick,,K,5.995283628098924e-09,1.179881293921214e-10,1.172152236300589e-10,1.534525875282016e-10,1.4555909014226273e-10,2.1836480315241635e-10,2.9605646930190656e-10,2.9079849963536044e-10,4.246424225829504e-10,3.769556304788154e-10,3.535126435529899e-10,5.75666060275384e-10,5.130844443752094e-10,8.471131286293968e-10,8.369579453831711e-10,1.0978262296426516e-09,1.05713801017318e-09,9.606689474779162e-10,1.3814545812558061e-09,1.2595354038152088e-09,9.49259827031163e-10,9.405254783233717e-10,1.1849026435420224e-09,1.1514753036320824e-09,1.591151530792885e-09,1.3767920205682705e-09,2.1586715502075814e-09,1.9124539462289956e-09,3.022178341127951e-08,3.010412355891669e-08,3.140125148887333e-08,3.099184634357817e-08,3.3251464935703486e-08,3.5225134416515914e-08,3.337822345747671e-08,5.009667691039979e-08,5.2271460060822074e-08,5.138647423686316e-08,5.492816682902136e-08,5.780910509246711e-08,6.445429116306996e-08,6.05462880396838e-08,7.89576539725598e-08,8.140141136449011e-08,8.036364771274111e-08,8.445589816283631e-08,8.77268940042678e-08,9.572043274604548e-08,9.072825815235608e-08,9.928317199755385e-08,9.665212392920533e-08,9.944045113228584e-08,1.024077223467318e-07,1.1293325296006552e-07,1.0623051565081135e-07,1.1588068835781808e-07,2.0735659759723225e-07,2.1179394557421153e-07,2.252195486280839e-07,2.2923557477018034e-07,2.483889273513224e-07,2.81910615384119e-07,2.9619182267531803e-07,2.9799362184481043e-07,3.1859275399682715e-07,2.451455245469258e-07,2.490725619244542e-07,2.6680987142709334e-07,3.5674665790382276e-07,LC_V24_H3p5_T8,3.5674665790382276e-07
15,"(15, 0)",67,1,thin,,K,1.4925927009799528e-07,1.8335312044074042e-09,1.8137479362012702e-09,2.5786540118480434e-09,2.4340347114312175e-09,3.922674251034998e-09,4.07966560641035e-09,4.044455676832883e-09,5.639927336787596e-09,5.274495353538523e-09,5.039449779798331e-09,8.007771242654201e-09,7.3704302214414486e-09,1.4921857183188378e-08,1.4849954603155675e-08,1.8451627160537766e-08,1.825970961589678e-08,1.70906110418996e-08,2.3776350366154618e-08,2.216284232010572e-08,1.5790345388045495e-08,1.5806203412612355e-08,1.9467217096358714e-08,1.9394216647951208e-08,2.6657309974797578e-08,2.385670828850358e-08,3.6651720351622084e-08,3.3265272100817026e-08,5.495256207079667e-07,5.480317825883628e-07,5.644399117096357e-07,5.603405019032422e-07,5.925221982435658e-07,6.264820401401465e-07,6.022615588069347e-07,9.106080113592106e-07,9.327919478131583e-07,9.260968938526988e-07,9.73380621069429e-07,1.0264538466804435e-06,1.1240963708968691e-06,1.0826720605294226e-06,1.3623254833470538e-06,1.3967464367893286e-06,1.387163513905292e-06,1.4531711783313527e-06,1.521756942209586e-06,1.6535255575082138e-06,1.5923464781982034e-06,1.7425914118380749e-06,1.6855908530467672e-06,1.7427965645554314e-06,1.8041108326400909e-06,1.9399035129815387e-06,1.8418561806219909e-06,2.000673857923485e-06,3.7221180110769725e-06,3.779534242710061e-06,3.993855094948813e-06,4.06194070433091e-06,4.3590715368933025e-06,5.008975003238927e-06,5.243348462862102e-06,5.2924210148297684e-06,5.620001866248295e-06,4.007739165180293e-06,4.124141055504321e-06,4.416883070989199e-06,6.165127054784113e-06,LC_V24_H3p5_T8,6.165127054784113e-06
15,"(15, 0)",67,1,thick,,Y,7.131313278268997e-08,5.35921100068253e-10,5.354434796939021e-10,1.0040812742923605e-09,9.278790884258897e-10,2.0396162354566594e-09,2.278037419513015e-09,2.2463113738380365e-09,3.614350728644807e-09,3.344301029429551e-09,3.1659806050315122e-09,5.994695505729128e-09,5.41578894478423e-09,1.0942487078744237e-08,1.0921803640658197e-08,1.4392425724542461e-08,1.4323437619765303e-08,1.3241681225570991e-08,2.0121040271924716e-08,1.8586550371155837e-08,1.544431144868086e-08,1.5399386284193826e-08,1.9604397451770742e-08,1.9483956361602174e-08,2.7684749242194766e-08,2.4717064244126e-08,3.946961336405649e-08,3.585802264712821e-08,4.838935045019932e-07,4.82376298008468e-07,5.006127036988834e-07,4.974109220014152e-07,5.341575751571504e-07,5.768516081607487e-07,5.524908636224861e-07,7.190998547116299e-07,7.455121657746027e-07,7.380373282409724e-07,7.881147333324576e-07,8.455352456289253e-07,9.558153499134574e-07,9.102737688518434e-07,1.0320812975566508e-06,1.0678350684429835e-06,1.0572765470745895e-06,1.1216964630159674e-06,1.1868615164009434e-06,1.3183515777892729e-06,1.2592876279822822e-06,1.4148291394878712e-06,1.2833796536210963e-06,1.3444675123397393e-06,1.4151779003160412e-06,1.5624775967304627e-06,1.4786675608409705e-06,1.6496806794980507e-06,2.9329576647292927e-06,3.014152691855403e-06,3.237290592489478e-06,3.3398727383283824e-06,3.665173509223023e-06,3.77599777364815e-06,4.006923780145343e-06,4.116465448516593e-06,4.48164081155505e-06,3.336109927291331e-06,3.4870256928591958e-06,3.8056681904456235e-06,4.871867438593581e-06,LC_V24_H3p5_T8,4.871867438593581e-06
15,"(15, 0)",67,1,thin,,Y,1.677105756094339e-06,1.3563167497772506e-08,1.3534595480450657e-08,2.4510132245568882e-08,2.269935779355237e-08,4.805898033032186e-08,5.406404281498222e-08,5.334447677738038e-08,8.44501888184923e-08,7.815440685565065e-08,7.401982568768891e-08,1.3766110370787497e-07,1.246354272593238e-07,2.510026131989871e-07,2.505168375720634e-07,3.2793527965979233e-07,3.2647171222824806e-07,3.02098882910518e-07,4.548490958198743e-07,4.2008970758804187e-07,3.438087212560655e-07,3.42982340725291e-07,4.3574719975154287e-07,4.335687836763515e-07,6.143777068033007e-07,5.481957838530128e-07,8.732641475657059e-07,7.928794881356648e-07,1.0926980937313851e-05,1.0890907929180078e-05,1.128333129931721e-05,1.120383372715812e-05,1.199369285960017e-05,1.289338780777867e-05,1.2379710790522324e-05,1.6318261177373113e-05,1.688792208862367e-05,1.6722244750599802e-05,1.775828727069576e-05,1.892510824995441e-05,2.11609335607665e-05,2.0211272747879556e-05,2.2496823374564262e-05,2.3111407990386622e-05,2.2935541292813083e-05,2.4103042614558024e-05,2.537722092021012e-05,2.7858379528336093e-05,2.6731077667421673e-05,2.9585654115941268e-05,2.7775682225574564e-05,2.881049251647262e-05,2.999806927230841e-05,3.244958120098446e-05,3.104841420367522e-05,3.389167113619981e-05,5.72241952650746e-05,5.816488936560517e-05,6.106270135914697e-05,6.215016693749958e-05,6.612896803849745e-05,7.230770370860721e-05,7.536284117533022e-05,7.614475748781602e-05,8.04613845729169e-05,6.28821730345063e-05,6.443926218203839e-05,6.864376843192046e-05,8.562729779485075e-05,LC_V24_H3p5_T8,8.562729779485075e-05
18,"(18, 1)",35,2,single,,TY,3.728203186126796e-09,1.1836453057088436e-11,1.2187710354718427e-11,2.8792668551940713e-11,3.111294588735628e-11,8.938066932086795e-11,5.935679146855246e-11,5.96496261832033e-11,9.198914091067828e-11,1.0242840271186981e-10,1.082349066798566e-10,2.0480572454858947e-10,2.2513095784339615e-10,4.1156791703559194e-10,4.1477042947904435e-10,5.097113297383484e-10,5.270644433354853e-10,5.46323043952551e-10,8.011266005497073e-10,8.298729424213326e-10,7.519789869907797e-10,7.496659805530688e-10,8.89566352652975e-10,8.975542350018848e-10,1.2004955337356526e-09,1.275502184181009e-09,1.8317922938202373e-09,1.920831293282198e-09,2.194191241751856e-08,2.191725833464206e-08,2.235035584143161e-08,2.23626287614881e-08,2.355954980547257e-08,2.6004722173100587e-08,2.6222825256597342e-08,3.2003739303512696e-08,3.279122698020705e-08,3.2632278525401335e-08,3.443350221137045e-08,3.776892187448143e-08,4.266692464820529e-08,4.3421015685059605e-08,4.687748767852489e-08,4.76883238745295e-08,4.739691634868389e-08,4.9387297615598456e-08,5.289187521799007e-08,5.848291145189258e-08,5.93642500143075e-08,6.80618505294215e-08,6.245717963833694e-08,6.437554727960133e-08,6.83359513242976e-08,7.09364483662658e-08,7.176728235935734e-08,8.049131839715455e-08,1.2944029790458862e-07,1.3319349193001698e-07,1.4048421477901002e-07,1.5166505165056636e-07,1.6723355972595733e-07,1.6929175167009976e-07,1.7763840989179728e-07,1.904945387334639e-07,2.084044593168872e-07,1.600309237610712e-07,1.7534354024396922e-07,1.9215155717563466e-07,2.643394493833614e-07,LC_V24_H3p5_T8,2.643394493833614e-07
18,"(18, 0)",36,1,single,,TY,3.670420826680655e-10,1.099443474177225e-11,1.103765302935103e-11,1.1476684347815606e-11,1.1416981186774544e-11,1.2341873566097531e-11,4.338694703493177e-11,4.3123424698761896e-11,4.646982682674222e-11,4.4701481956386076e-11,4.422459784369953e-11,4.828414030113101e-11,4.7152704995638216e-11,1.610857467399797e-10,1.604627450443291e-10,1.6451837126582533e-10,1.6260513551910762e-10,1.587401369806934e-10,1.6591781377611597e-10,1.623051925908397e-10,3.9018907728564064e-10,3.8910695955248057e-10,3.9911495568212615e-10,3.955939288627962e-10,4.0989969178097437e-10,4.023948731627594e-10,4.244861938536136e-10,4.1971697364129824e-10,4.182806136768169e-09,4.1695662522686646e-09,4.183990421260936e-09,4.148062395972872e-09,4.162395170154312e-09,4.130761086166476e-09,4.081734008428403e-09,6.809438378695023e-09,6.7900691280258325e-09,6.74899877647654e-09,6.754564863783036e-09,6.7305468374467545e-09,6.80885208143039e-09,6.712127453391983e-09,1.093907372146942e-08,1.0960270862021732e-08,1.0888351486070365e-08,1.0920129904676273e-08,1.0852848681292603e-08,1.0951880882446977e-08,1.0762688145448158e-08,1.0875716148844552e-08,1.5906336636129156e-08,1.549528759366059e-08,1.512398183232244e-08,1.512612976633845e-08,1.4877179884721469e-08,1.4833208534103034e-08,3.363063967374267e-08,3.288645928171137e-08,3.2601205072594526e-08,3.203972096007296e-08,3.201312241093289e-08,4.947980176575895e-08,4.8801108357651816e-08,4.791097587508667e-08,4.756694678237359e-08,4.764423892138596e-08,4.6679988110909496e-08,4.6188470175634724e-08,6.932523658365263e-08,LC_V24_H3p5_T8,6.932523658365263e-08
19,"(19, 1)",39,1,single,,TY,1.7636645793030788e-09,2.739608365146553e-11,2.7397372843651797e-11,2.807525434874251e-11,2.7819228382870302e-11,3.311789486986158e-11,1.6140207314291296e-10,1.6044794696282258e-10,1.6901886698370467e-10,1.6313811209186672e-10,1.6120028980725303e-10,1.7112814429845012e-10,1.731126063706259e-10,7.698477921895417e-10,7.670288302504326e-10,7.727365003644531e-10,7.64721484046045e-10,7.492107202933169e-10,7.661598161085108e-10,7.581595093771669e-10,2.2367787226271536e-09,2.234058343425102e-09,2.257386401376099e-09,2.259414507063704e-09,2.3177501676658302e-09,2.5434593405485764e-09,2.6150074353424427e-09,2.8822239748360578e-09,2.278640630213359e-08,2.2740178800628615e-08,2.2615246780333434e-08,2.2553539378701638e-08,2.2515737680231888e-08,2.3195235887751878e-08,2.400185359307157e-08,4.2248803534316447e-08,4.1923162409432224e-08,4.179845271570521e-08,4.166325492723345e-08,4.246991975597575e-08,4.349342091089462e-08,4.538106657114738e-08,5.4319781676474286e-08,5.4009709749139307e-08,5.389586038000407e-08,5.3772922641830206e-08,5.423097405794827e-08,5.519250173411609e-08,5.7211839654898626e-08,5.991621827910924e-08,7.779756152712376e-08,7.535750378372047e-08,7.33069530362797e-08,7.261820196490671e-08,7.239346963831774e-08,7.296309850865058e-08,1.701830156920585e-07,1.6540962317726396e-07,1.6287465134366267e-07,1.6124131683221865e-07,1.6168069417037375e-07,2.6177094000021283e-07,2.564849802990039e-07,2.497918773730457e-07,2.477779270243251e-07,2.496152486351784e-07,2.444132598864224e-07,2.416087428640162e-07,3.6909003281293986e-07,LC_V24_H3p5_T8,3.6909003281293986e-07
19,"(19, 0)",49,1,single,,TY,2.995135900736218e-08,1.2646531613830394e-10,1.2918759808338112e-10,2.7906160790635867e-10,2.830133989965921e-10,7.491135563985954e-10,6.052907517393117e-10,6.071083283891392e-10,9.463026246216208e-10,1.001748704611223e-09,1.0157955019015155e-09,1.932053168170168e-09,1.9789853502417028e-09,3.5555698537460714e-09,3.5744598126573544e-09,4.488616850086286e-09,4.602262439824066e-09,4.616579742018754e-09,6.891587638354196e-09,6.881519810609089e-09,5.5670543569325414e-09,5.55134936982046e-09,6.78907376152628e-09,6.846074212326203e-09,9.47442428308532e-09,9.539595576964668e-09,1.4414329771302894e-08,1.4405440155107874e-08,1.7222469003048337e-07,1.720534324200755e-07,1.7662191256559384e-07,1.7661571344300214e-07,1.878611492338729e-07,2.073731880593163e-07,2.0511460115087624e-07,2.5847085566651963e-07,2.6665415048692635e-07,2.6489268572496707e-07,2.815203675307768e-07,3.0764028397443103e-07,3.4867706363654093e-07,3.4651287483807806e-07,3.8243141580426383e-07,3.9003688107038037e-07,3.8767554549958964e-07,4.060776976853109e-07,4.326696391753849e-07,4.790579833291638e-07,4.755100071170447e-07,5.415592188635031e-07,4.938056730241422e-07,5.104529111346248e-07,5.4063734469688e-07,5.913547616401047e-07,5.871903781471392e-07,6.603482675109804e-07,1.062396828394051e-06,1.0982212231211953e-06,1.1719898320183951e-06,1.2601069447215457e-06,1.3980935144291784e-06,1.3909984517071288e-06,1.4712413566220602e-06,1.5704527852372518e-06,1.7292937680271103e-06,1.2944241189869868e-06,1.4024302661142758e-06,1.5440327991135761e-06,2.060911060059965e-06,LC_V24_H3p5_T8,2.060911060059965e-06
20,"(20, 0)",38,2,thick,,K,4.942240284962218e-09,6.61110036231864e-10,6.650114983338105e-10,6.894655075037691e-10,6.907502314081472e-10,7.463479601811518e-10,1.2273581122239905e-09,1.2202257030560937e-09,1.3659118651726012e-09,1.299089698687008e-09,1.2843769346236921e-09,1.464727386226011e-09,1.4291431369853887e-09,1.835510407829698e-09,1.821123343394081e-09,2.013394198010112e-09,1.9649036300537506e-09,1.8951451648818677e-09,2.1651366308926436e-09,2.1007042691270724e-09,2.943075677335955e-09,2.9375815997729503e-09,3.177853963370635e-09,3.1402957554863973e-09,3.505123629237035e-09,3.3382934139718683e-09,3.883043401851846e-09,3.755090637916158e-09,3.303121093349034e-08,3.2840169944993055e-08,3.3742618980110304e-08,3.329209594834903e-08,3.4409474933834316e-08,3.5159737796210955e-08,3.40898358081122e-08,6.30148577319869e-08,6.347749682989077e-08,6.314663370311634e-08,6.452347257852788e-08,6.627227045328703e-08,6.946496878458442e-08,6.833193063528217e-08,9.057477920772299e-08,9.177051241690464e-08,9.168907041066616e-08,9.381076313484212e-08,9.634850444615507e-08,1.0115781927030608e-07,9.921700504508601e-08,1.047602085987597e-07,9.994244425374338e-08,9.970214426508125e-08,1.0029267889779012e-07,1.0322442648466404e-07,1.0128528757989802e-07,1.0509849764578683e-07,2.0633029874902188e-07,2.0570434485219678e-07,2.1001268417256047e-07,2.109107212213029e-07,2.1829793163975933e-07,2.768718524820975e-07,2.802882894660732e-07,2.786547616863682e-07,2.85759510103227e-07,2.2548786530905093e-07,2.2644600888648487e-07,2.3323886028203842e-07,3.419461420689429e-07,LC_V24_H3p5_T8,3.419461420689429e-07
20,"(20, 0)",38,2,thin,,K,1.603179402434681e-07,2.4224151400024462e-08,2.437971951152207e-08,2.5254040243477158e-08,2.5307867183118856e-08,2.7330534636545692e-08,4.152450268551556e-08,4.128498561359918e-08,4.624786225667327e-08,4.404064416488136e-08,4.35878681847921e-08,4.991711547574429e-08,4.8608825797564214e-08,5.677016241645606e-08,5.6294014906843074e-08,6.270906834230947e-08,6.117199349360099e-08,5.892094449224175e-08,6.803112246956176e-08,6.600268284712262e-08,8.544475111615465e-08,8.519883738641722e-08,9.339347691121278e-08,9.230621674000066e-08,1.0436810268201756e-07,9.942325986750857e-08,1.1681969252696885e-07,1.1289640883546602e-07,9.77367403838213e-07,9.70710057695068e-07,1.0011962120234898e-06,9.86990110043406e-07,1.025770840878681e-06,1.0532043827439774e-06,1.0195242166378202e-06,1.9499095260848433e-06,1.9702866229511756e-06,1.9586741917551265e-06,2.0041301689903032e-06,2.061802918417322e-06,2.1727299317426033e-06,2.1341769814481546e-06,2.834503446395055e-06,2.884785046153057e-06,2.8825769750910045e-06,2.971059760971177e-06,3.055105568056789e-06,3.2216161493253744e-06,3.1552322483120007e-06,3.344968210992987e-06,2.994348629839169e-06,3.006669430507915e-06,3.048733003434414e-06,3.1539334771481945e-06,3.096109671173097e-06,3.229351007812198e-06,6.04735598604694e-06,6.051751351769386e-06,6.1973231319462486e-06,6.241401884368304e-06,6.4767147103334756e-06,7.895724086429938e-06,8.033324947735492e-06,8.028886977787784e-06,8.26700249153121e-06,6.441801644426372e-06,6.499481882910481e-06,6.726882932508392e-06,9.67272433990759e-06,LC_V24_H3p5_T8,9.67272433990759e-06
20,"(20, 0)",38,2,thick,,Y,2.3468834116119125e-08,1.605810925991275e-09,1.6111929613328415e-09,1.6757787685615967e-09,1.6693014638109027e-09,1.8089986195103884e-09,4.786512829725988e-09,4.750007609141942e-09,5.251256064937083e-09,4.99312726089816e-09,4.92167510648561e-09,5.49133739622916e-09,5.347684983365862e-09,1.1288600853355095e-08,1.1213897102440772e-08,1.1916529856724801e-08,1.169901262785156e-08,1.135271732683748e-08,1.2327371217690924e-08,1.2004891731805825e-08,2.4735571393817255e-08,2.4619367151028964e-08,2.5514303371605123e-08,2.5246385571835288e-08,2.673094452995101e-08,2.5823935399077587e-08,2.8169105298966843e-08,2.7517554599423596e-08,2.5270185914841817e-07,2.517009465188227e-07,2.5306342215024283e-07,2.509625542138478e-07,2.5306721871693546e-07,2.531503841833325e-07,2.4787747748612e-07,3.933139227673558e-07,3.9293997269411446e-07,3.909345232874088e-07,3.9380903271623654e-07,3.972207489157432e-07,4.0682169124564795e-07,4.020546702316911e-07,5.537464320842627e-07,5.549683604190207e-07,5.537230188196152e-07,5.584095111323136e-07,5.626994569683698e-07,5.752883535135479e-07,5.66011023488877e-07,5.802758611042321e-07,7.22667415903262e-07,7.095311727692847e-07,6.995269100249544e-07,7.049883817203012e-07,6.914994423988428e-07,6.998822730046205e-07,1.6014704990294016e-06,1.5642580641287585e-06,1.564400914160525e-06,1.5374509408413667e-06,1.550436946955679e-06,2.2726752663256203e-06,2.2603021703701913e-06,2.2058780202314257e-06,2.2141787253703543e-06,1.976299115880378e-06,1.953730247654964e-06,1.961716744742772e-06,3.0170000369014067e-06,LC_V24_H3p5_T8,3.0170000369014067e-06
20,"(20, 0)",38,2,thin,,Y,6.87087106158104e-07,5.464257079978986e-08,5.486573388974428e-08,5.7038997793117296e-08,5.689044446082102e-08,6.163739274308557e-08,1.4611622319674873e-07,1.450498840620238e-07,1.6090854275036373e-07,1.531635762399764e-07,1.5100672143480744e-07,1.6920198246757047e-07,1.650020447927673e-07,3.1282420351157933e-07,3.108477166476095e-07,3.3244835907169066e-07,3.2610801902359353e-07,3.162304728809495e-07,3.467865406909071e-07,3.374959252822044e-07,6.450795456352558e-07,6.41623291797683e-07,6.69041216468199e-07,6.623767022112608e-07,7.087666958499987e-07,6.829713372717496e-07,7.55471780909568e-07,7.363511155778533e-07,6.672132514875345e-06,6.64492411899421e-06,6.700970037853316e-06,6.638218720786403e-06,6.715688158872697e-06,6.739621618909929e-06,6.595400153461769e-06,1.0614023480802858e-05,1.0623418227474349e-05,1.0570687953186648e-05,1.0663708015190453e-05,1.0776682596985235e-05,1.1069160418918902e-05,1.093357048145601e-05,1.4283275206066905e-05,1.435453771216488e-05,1.4325046956430136e-05,1.4483224481459907e-05,1.461642133682491e-05,1.4964681095935552e-05,1.4710421256181486e-05,1.5092223155725471e-05,1.7713768355397212e-05,1.7453689808212813e-05,1.7274932759783103e-05,1.7452333487782262e-05,1.7144684732765985e-05,1.7392979863339816e-05,3.71873840441996e-05,3.6480052724220677e-05,3.650478715098445e-05,3.597481658950821e-05,3.629303391361304e-05,5.051409688713803e-05,5.03048508224529e-05,4.944047347597614e-05,4.9660372769974545e-05,4.394245901851707e-05,4.3455059293972615e-05,4.3624616720893315e-05,6.464998747692297e-05,LC_V24_H3p5_T8,6.464998747692297e-05
20,"(20, 1)",52,2,thick,,K,9.880482896042023e-09,9.426558922618315e-11,9.458124304675005e-11,1.4173698284538367e-10,1.380838698505244e-10,2.480985194866865e-10,3.5600370106492385e-10,3.519791479849961e-10,4.981522942628756e-10,4.718802513045182e-10,4.594319109970177e-10,7.423771438151591e-10,7.075556310193005e-10,1.3210942493789825e-09,1.3164047558432289e-09,1.636115711800164e-09,1.6246549222888083e-09,1.5527915085182667e-09,2.169730037470409e-09,2.07634777566676e-09,1.8305180700993188e-09,1.819491946898732e-09,2.2169316117698924e-09,2.1926580881889883e-09,2.9188221988399474e-09,2.7230750915948103e-09,3.999600815182156e-09,3.7875156248242775e-09,5.3332820892002635e-08,5.3149954078176073e-08,5.4771122262708937e-08,5.435678149035265e-08,5.748513654062328e-08,6.146160598109412e-08,5.969939947819847e-08,8.141531017647761e-08,8.379373224011803e-08,8.283655939268537e-08,8.720713518663616e-08,9.264245904463524e-08,1.0258636927465712e-07,9.958517325155225e-08,1.1525064066610096e-07,1.1786038786833809e-07,1.1662794701847417e-07,1.2199681406730602e-07,1.2773170369497185e-07,1.3927360733172376e-07,1.3503374673742116e-07,1.494679733232813e-07,1.421961233575012e-07,1.4614930269973323e-07,1.5204729784554098e-07,1.637443112370637e-07,1.5848481526458212e-07,1.7342353318413356e-07,3.2380247927184106e-07,3.301259584648498e-07,3.477491460331465e-07,3.5908978772312594e-07,3.88093103060119e-07,4.2405231689633103e-07,4.442717526256897e-07,4.5669697948658523e-07,4.913550767535028e-07,3.7553389157222836e-07,3.9224486362944224e-07,4.2223455706193865e-07,5.758601708535607e-07,LC_V24_H3p5_T8,5.758601708535607e-07
20,"(20, 1)",52,2,thin,,K,1.879761322579231e-07,6.824544911950036e-10,6.915490611142372e-10,1.2463796994781273e-09,1.248357999294897e-09,2.7139629275439717e-09,2.277372195571503e-09,2.2654834622588624e-09,3.467422417459417e-09,3.440061675231515e-09,3.413073544516008e-09,6.21792049452321e-09,6.1592926639528e-09,1.2177592877199469e-08,1.2175647336341106e-08,1.503936983710711e-08,1.5242590521485387e-08,1.5144697918759916e-08,2.1762652222768665e-08,2.143590627957806e-08,1.841077448548798e-08,1.8430384434157252e-08,2.1841781883836454e-08,2.208589291768194e-08,2.944816790737242e-08,2.992537314842074e-08,4.345866143919374e-08,4.2994184001543645e-08,4.786813230617727e-07,4.784134582510552e-07,4.858468584838306e-07,4.864899717034737e-07,5.112594917940446e-07,5.58005767793774e-07,5.534126134945804e-07,7.525265021339259e-07,7.741684410411684e-07,7.660152190791956e-07,8.133969044707788e-07,8.851961082118729e-07,1.0017410790383457e-06,9.847810638826419e-07,1.2108925785552994e-06,1.239066309899031e-06,1.2299245101096067e-06,1.2884077716967106e-06,1.3653851304388714e-06,1.5090429250884184e-06,1.4825748446299261e-06,1.6725987482693632e-06,1.6548383850221718e-06,1.7023165318423731e-06,1.7904583757180224e-06,1.9263265785435187e-06,1.908339532913572e-06,2.113857133163985e-06,3.6157996973128514e-06,3.721302405694639e-06,3.9362240877609426e-06,4.144136431850246e-06,4.519050675597866e-06,4.93602290169206e-06,5.172726664776989e-06,5.408072280930148e-06,5.837252008632155e-06,4.496084320197911e-06,4.81027213642064e-06,5.238716014949868e-06,7.655517542459874e-06,LC_V24_H3p5_T8,7.655517542459874e-06
20,"(20, 1)",52,2,thick,,Y,1.8111677065051308e-07,5.424685484382255e-10,5.554897951757599e-10,1.312346377213861e-09,1.3152778821795646e-09,3.63130136526515e-09,2.750556624806018e-09,2.752799532344936e-09,4.490755377058645e-09,4.684462199318413e-09,4.6993549227950324e-09,9.359950209372798e-09,9.408182249262482e-09,1.7905749918539337e-08,1.8014006260722753e-08,2.2761296312165806e-08,2.3389398434910804e-08,2.3266999533387568e-08,3.499361891633705e-08,3.467184667488859e-08,2.972490375869562e-08,2.987099090808593e-08,3.5952055828431135e-08,3.678480660372477e-08,5.0487337081011236e-08,5.131471978458638e-08,7.696281961977651e-08,7.618633812902833e-08,8.898747912849773e-07,8.888053477610555e-07,9.101616736433786e-07,9.102322095843278e-07,9.649426203479534e-07,1.0636606324528708e-06,1.0510291983743134e-06,1.260474959967236e-06,1.297711065777098e-06,1.2887930631303338e-06,1.3710633223851222e-06,1.5023912564936312e-06,1.7127147610797274e-06,1.693330392164612e-06,1.7921570222825811e-06,1.8346440450737287e-06,1.8231721592177966e-06,1.927093318990098e-06,2.0677660810857574e-06,2.3109411446712837e-06,2.275780271295527e-06,2.612619563566154e-06,2.2995751855469923e-06,2.3980883634385354e-06,2.556302293329449e-06,2.81528106767922e-06,2.7733579475235884e-06,3.1379598046704488e-06,5.2932977776198355e-06,5.468124058437009e-06,5.841250121803275e-06,6.24684601303011e-06,6.9298608619539214e-06,6.772507780525576e-06,7.177453352758893e-06,7.637849693580094e-06,8.408517116648913e-06,6.1058211457561954e-06,6.62564139701692e-06,7.356883350532731e-06,9.711370727181898e-06,LC_V24_H3p5_T8,9.711370727181898e-06
20,"(20, 1)",52,2,thin,,Y,4.10540496352078e-06,1.242752198409119e-08,1.2716429672255102e-08,2.9453675927068775e-08,2.950943263466351e-08,7.999476488469414e-08,6.102344731489651e-08,6.113349861495478e-08,9.934032091169772e-08,1.031549088612132e-07,1.034160049630482e-07,2.0456074004400676e-07,2.0541092451124272e-07,3.906215285822925e-07,3.927205801487333e-07,4.956422679279017e-07,5.087441249823412e-07,5.059893623440445e-07,7.587685784110703e-07,7.511585879931832e-07,6.443781355297101e-07,6.478150868835241e-07,7.774692350293768e-07,7.966699350390818e-07,1.0900693266092673e-06,1.1098939424326043e-06,1.6585814490594518e-06,1.6419381202604056e-06,1.899003833849857e-05,1.896974660258227e-05,1.938475878920411e-05,1.9383634200277483e-05,2.0471436054997643e-05,2.238139226534687e-05,2.2103445818142126e-05,2.6844945814876616e-05,2.7603748505599664e-05,2.740920476088743e-05,2.8959242596724046e-05,3.134131999324156e-05,3.514797638259938e-05,3.460607601126662e-05,3.708215756401353e-05,3.781196341641446e-05,3.765366840380565e-05,3.938231322319028e-05,4.182558125228272e-05,4.57588370387238e-05,4.512751528542951e-05,5.013229208780695e-05,4.63945289396069e-05,4.778734399544854e-05,5.011220311633486e-05,5.399246636455943e-05,5.321906581192264e-05,5.824378633364979e-05,9.348103178314874e-05,9.512857985655246e-05,9.9155744849739e-05,0.00010318161453046989,0.0001098305174415158,0.00011677317744376789,0.00012096091528808222,0.00012456458838522557,0.00013138838215904865,0.0001054727784991528,0.00010992556152663463,0.00011692891200837124,0.0001477272642839534,LC_V24_H3p5_T8,0.0001477272642839534
20,"(20, 0)",55,1,thick,,K,5.33647419205611e-09,3.5771898524098414e-10,3.5975431651996424e-10,3.6293485522031617e-10,3.631680472793619e-10,3.843675557228047e-10,6.122422424800317e-10,6.082215304098118e-10,6.645817943380342e-10,6.287143132899516e-10,6.203740740228974e-10,6.739924989523357e-10,6.526835215310877e-10,8.044799253463596e-10,7.978972443845498e-10,8.620285853627187e-10,8.348970927069458e-10,7.995949085847744e-10,8.731221830348427e-10,8.838046983140677e-10,1.3642657492995362e-09,1.3600821939229528e-09,1.426322489809924e-09,1.4063073820926065e-09,1.500961704564857e-09,1.4489206000179515e-09,1.7081008395255188e-09,1.813316424576355e-09,1.314352007487254e-08,1.3085400349085704e-08,1.3305474042720725e-08,1.3277295639795299e-08,1.3895198534141139e-08,1.5511086262419367e-08,1.5685992201277504e-08,2.544698550712183e-08,2.5670713152361573e-08,2.544299466003097e-08,2.5850471223709754e-08,2.7067542011380944e-08,2.9154705234188785e-08,2.9879978677362666e-08,4.0984314929886315e-08,4.145758946136123e-08,4.1202254842258635e-08,4.184800089130577e-08,4.263223185715245e-08,4.4828064026361885e-08,4.4944816015036156e-08,4.938825791610879e-08,4.433573386254515e-08,4.34672285889981e-08,4.32463458871974e-08,4.370194094116227e-08,4.3988600910074575e-08,4.839342336598627e-08,9.498998668200185e-08,9.423720435375277e-08,9.577302886691628e-08,9.869517620584174e-08,1.0635982259516453e-07,1.2635599192071938e-07,1.267464278881162e-07,1.2861737348517986e-07,1.358821007920476e-07,1.0428483622868493e-07,1.0901366823571557e-07,1.1718309236497738e-07,1.5933277370116785e-07,LC_V24_H3p5_T8,1.5933277370116785e-07
20,"(20, 0)",55,1,thin,,K,5.16008757667486e-08,1.5668712886914968e-08,1.5778278969708974e-08,1.587262628917852e-08,1.5901118877071054e-08,1.6234581325842813e-08,2.436953268640212e-08,2.4208322288470796e-08,2.645006003765543e-08,2.505932869959879e-08,2.4701367892359872e-08,2.6852875528681506e-08,2.5977942111029053e-08,2.8338734328648427e-08,2.8076427092909902e-08,3.0759940429297665e-08,2.9691045920803497e-08,2.8225217333113063e-08,3.0870907351713013e-08,2.9602479383666518e-08,4.4993650355829694e-08,4.4833137724603906e-08,4.7631908468629736e-08,4.6836004749726885e-08,5.0766789362623185e-08,4.7844596760192694e-08,5.342290742945386e-08,5.100030495020859e-08,4.0403230958261606e-07,4.0133846064929045e-07,4.127388585986918e-07,4.05511977471461e-07,4.1731976981245144e-07,4.20345543872514e-07,4.0645881057178406e-07,8.992455528677543e-07,9.113551100836493e-07,9.014543318127267e-07,9.159048346931174e-07,9.181925374353058e-07,9.44915979151253e-07,9.181551381065242e-07,1.4654781352631079e-06,1.4856186724346715e-06,1.4733901957207497e-06,1.497865834718221e-06,1.4996023490675078e-06,1.5315664668623869e-06,1.494549375609308e-06,1.5245141769536671e-06,1.488638036644228e-06,1.4656428411274485e-06,1.4430344062758256e-06,1.453091057131018e-06,1.4210707160506321e-06,1.4319902495540151e-06,2.911333538622468e-06,2.865534795693053e-06,2.877561389676572e-06,2.821285101155602e-06,2.8470546987988e-06,3.788411503211993e-06,3.7751150032403684e-06,3.6923915693119256e-06,3.688154626409329e-06,3.198096520731852e-06,3.135931331128494e-06,3.1617438444765695e-06,4.657604152834761e-06,LC_V24_H3p5_T8,4.657604152834761e-06
20,"(20, 0)",55,1,thick,,Y,5.33647419205611e-09,2.7903159283294224e-10,2.7902675104356865e-10,2.850045789537335e-10,2.8329196188859774e-10,2.9912387177486704e-10,1.0643834439318577e-09,1.0556014173494987e-09,1.1435031270508363e-09,1.0871595122987853e-09,1.0703366354863405e-09,1.156730540241366e-09,1.1211324127298087e-09,2.912266503343713e-09,2.892816213746897e-09,2.990833134579673e-09,2.938621834001975e-09,2.8601218266289622e-09,2.9657248455120657e-09,2.900809530433146e-09,7.633931616097015e-09,7.60791860197596e-09,7.754129944653643e-09,7.67156013594122e-09,7.868111681165932e-09,7.638610631112992e-09,7.968310022398195e-09,7.795303982246202e-09,6.485949251079655e-08,6.46754152268746e-08,6.447041463904131e-08,6.398425010795856e-08,6.378150040682744e-08,6.287554229646278e-08,6.187965663655502e-08,9.894575323818231e-08,9.83594245358707e-08,9.773666087852594e-08,9.73810509943922e-08,9.666289743165268e-08,9.717699373959077e-08,9.592890397592404e-08,1.4656562106196453e-07,1.4589325866348986e-07,1.4515096174169547e-07,1.4454801345847982e-07,1.4315048678467978e-07,1.435398619955148e-07,1.4132079722111716e-07,1.4162172593166472e-07,2.1161555143458594e-07,2.0517363550827965e-07,1.9943442966708808e-07,1.9556912125899174e-07,1.9351607554325022e-07,1.9064662607169678e-07,4.84303202573287e-07,4.7126294654659326e-07,4.647676056602297e-07,4.527626317283657e-07,4.486487934918169e-07,7.233059400022529e-07,7.096039261036356e-07,6.903130113932447e-07,6.797479190428726e-07,6.476790370997952e-07,6.315672227360133e-07,6.22863971683084e-07,9.6330361820052e-07,LC_V24_H3p5_T8,9.6330361820052e-07
20,"(20, 0)",55,1,thin,,Y,1.1133432273706237e-07,1.1377634610689194e-08,1.1402812063481757e-08,1.1623871532737268e-08,1.1578319414857501e-08,1.204670075960967e-08,3.534095398807924e-08,3.505877525415178e-08,3.812608711202953e-08,3.6154357353516015e-08,3.55917977520795e-08,3.854320741468405e-08,3.731568989806131e-08,8.252624817760723e-08,8.193543989539247e-08,8.532575396044359e-08,8.366688607590336e-08,8.118596683225423e-08,8.487644888983995e-08,8.278779577562772e-08,1.9710362982469681e-07,1.9646545357456522e-07,2.0128769851319422e-07,1.9905947433738284e-07,2.054969708104497e-07,1.987480120062463e-07,2.0938738608683164e-07,2.0390024749961065e-07,1.6947930770935927e-06,1.6882412588422573e-06,1.6916188323999382e-06,1.6753849806683166e-06,1.679318952487767e-06,1.6629531017906545e-06,1.631188978263486e-06,2.732228107663162e-06,2.723543271987754e-06,2.706700598071938e-06,2.7050957540772903e-06,2.6905449444720814e-06,2.7148496304418527e-06,2.6729251182874327e-06,4.107692940076662e-06,4.106106829718152e-06,4.077673994648073e-06,4.073400890704954e-06,4.042767218461185e-06,4.0659860750403155e-06,4.003191567281168e-06,4.019688808738612e-06,5.588686981355683e-06,5.435490721931672e-06,5.288654229666682e-06,5.201381370935571e-06,5.133396856857087e-06,5.076646827435775e-06,1.1972364444113703e-05,1.1682115954469423e-05,1.157411324698029e-05,1.1294873794492382e-05,1.1234601695591056e-05,1.739630927187121e-05,1.711997701612272e-05,1.6687312178188608e-05,1.646332751020047e-05,1.6089081723130204e-05,1.572812526117071e-05,1.554773739490639e-05,2.340236144337874e-05,LC_V24_H3p5_T8,2.340236144337874e-05
20,"(20, 1)",65,1,thick,,K,6.598275949440742e-09,1.6360733210062084e-10,1.6241008132056273e-10,2.111723871048443e-10,2.0055863873194023e-10,2.95478302576521e-10,4.307205405688887e-10,4.221642284015567e-10,6.002070152830028e-10,5.299254037611734e-10,5.009787821085356e-10,7.74160008768998e-10,6.968841514593416e-10,1.2250206520229148e-09,1.2136461583139924e-09,1.5403190377054808e-09,1.487358873514705e-09,1.3680581608281108e-09,1.8782404144474345e-09,1.7325568376130962e-09,1.1623266687799091e-09,1.1510326853571402e-09,1.4860861427946747e-09,1.4308159017242859e-09,1.971363658201772e-09,1.670252047291889e-09,2.587044408449291e-09,2.2806926436606788e-09,4.3290246623696364e-08,4.3038530586933536e-08,4.4918649148535324e-08,4.4194586569908695e-08,4.698714506485404e-08,4.92239975328342e-08,4.6860799076900133e-08,6.723873093931234e-08,6.953375883802401e-08,6.824091345179517e-08,7.202634371377345e-08,7.512157821651496e-08,8.264132726074071e-08,7.793633722161956e-08,9.181058874713836e-08,9.50993429217999e-08,9.345444113492344e-08,9.852106800817859e-08,1.0187077756603931e-07,1.1100288536170464e-07,1.0516553108599192e-07,1.1538745406842089e-07,1.0624748952453635e-07,1.0940125165903061e-07,1.1277600004218864e-07,1.2240041258208384e-07,1.1628127831394688e-07,1.261653085825545e-07,2.507931150990875e-07,2.5330139237466066e-07,2.6622436014230397e-07,2.700822662690027e-07,2.895303136493747e-07,3.470695999961611e-07,3.620116757669798e-07,3.6395992911516196e-07,3.864162825463352e-07,2.790982004059956e-07,2.8675461510301054e-07,3.06282575716866e-07,4.38086604691508e-07,LC_V24_H3p5_T8,4.38086604691508e-07
20,"(20, 1)",65,1,thin,,K,1.3243528941358596e-07,1.7553434973341126e-09,1.78193578173602e-09,2.3893857872379796e-09,2.294269125395785e-09,3.639140139674311e-09,5.295887899810832e-09,5.254184213054013e-09,7.095789202998205e-09,6.752320483291892e-09,6.472219076403665e-09,1.0112877389358283e-08,9.40178065432248e-09,1.6999871877073413e-08,1.6884989302632966e-08,2.0863218558212572e-08,2.0514235569567774e-08,1.926668031922825e-08,2.658427031234665e-08,2.4968565831026076e-08,2.169475413372496e-08,2.1529956678835915e-08,2.6083737288043502e-08,2.5644229729305752e-08,3.35721598240712e-08,3.035051937974087e-08,4.472346412037991e-08,4.120490198133896e-08,4.894411347688105e-07,4.882567378561096e-07,5.057685180247276e-07,5.029885182377124e-07,5.374529614872076e-07,5.782326753124533e-07,5.557271654941907e-07,9.329826171275715e-07,9.657440851942783e-07,9.543402949627905e-07,1.011825205644214e-06,1.0699835483132253e-06,1.1858681824922688e-06,1.1333280976279563e-06,1.6872019854565904e-06,1.7256006785769937e-06,1.7111787576430663e-06,1.7851414721852933e-06,1.8572328764220638e-06,2.0140494266357893e-06,1.932708420823761e-06,2.11283225997436e-06,2.2298165944842158e-06,2.2643419684061394e-06,2.3340235639215215e-06,2.482583557780896e-06,2.4192860684482474e-06,2.597379555568802e-06,4.378091349757633e-06,4.4690799350838985e-06,4.6904670515466414e-06,4.817926587003143e-06,5.184616923566747e-06,6.355666310869498e-06,6.606979508651562e-06,6.737423263578991e-06,7.139554633678934e-06,6.1260982807004854e-06,6.292362702584963e-06,6.686119477728719e-06,1.0262860319519535e-05,LC_V24_H3p5_T8,1.0262860319519535e-05
20,"(20, 1)",65,1,thick,,Y,7.073702138510635e-08,5.350228492183717e-10,5.363434689833185e-10,9.846101492643612e-10,9.106256599246553e-10,1.993993030359941e-09,2.4230259264098603e-09,2.398931606171414e-09,3.837182161830453e-09,3.5683439186068523e-09,3.3979411487120574e-09,6.355008201201887e-09,5.809219087362511e-09,1.1331338557221353e-08,1.1281969660643145e-08,1.4880116535791115e-08,1.4724507259323438e-08,1.3690474132665883e-08,2.0737669195913586e-08,1.9256003676860516e-08,1.6398567280040072e-08,1.624531820994485e-08,2.0699485848395616e-08,2.034091971358605e-08,2.8689812308079532e-08,2.575095262103686e-08,4.08191142389677e-08,3.73103454531797e-08,4.6307085989684327e-07,4.6162440038889146e-07,4.804770020922318e-07,4.772578657030711e-07,5.139885149728612e-07,5.572929529764286e-07,5.339543285520496e-07,7.188947492412819e-07,7.497249473571189e-07,7.402049118124826e-07,7.945987931636495e-07,8.550071153022005e-07,9.690883352328177e-07,9.238886145923715e-07,1.1047453220674876e-06,1.1410937924208145e-06,1.13046074032168e-06,1.197024693834365e-06,1.263488683985497e-06,1.4015081158467485e-06,1.339482370289979e-06,1.5039040900864813e-06,1.3958978833718478e-06,1.444432683081964e-06,1.5133151012984641e-06,1.6701940404085743e-06,1.607369111674325e-06,1.7857936523336903e-06,3.0443063016614875e-06,3.1366857255723988e-06,3.3550462094911193e-06,3.4986178468630317e-06,3.851750421866115e-06,4.039228565670003e-06,4.26635019747351e-06,4.422338954270829e-06,4.819886774022516e-06,3.841521046236964e-06,4.025343477640524e-06,4.396702270936417e-06,5.8708685078794305e-06,LC_V24_H3p5_T8,5.8708685078794305e-06
20,"(20, 1)",65,1,thin,,Y,1.65004016865468e-06,1.3495855927872735e-08,1.3541702458525747e-08,2.3940076401525654e-08,2.2221677193915066e-08,4.694951260799688e-08,5.8544826544716826e-08,5.8016893625701066e-08,9.098374953846703e-08,8.484420264019599e-08,8.085503588470684e-08,1.4828265107075476e-07,1.358324468980745e-07,2.617611790531323e-07,2.606315283460329e-07,3.416567306493498e-07,3.3755777260552483e-07,3.1458031700225685e-07,4.7235517375099306e-07,4.392168707104076e-07,3.728300856863423e-07,3.6929716552931824e-07,4.683853652457463e-07,4.6056459318107947e-07,6.45837835568498e-07,5.796347698696416e-07,9.136171204073409e-07,8.353873403857973e-07,1.036584070082705e-05,1.0331569607378644e-05,1.0733187514798995e-05,1.0662238225786065e-05,1.144963893482442e-05,1.2365697399641597e-05,1.1885501252039249e-05,1.6359761491946326e-05,1.6987571223888308e-05,1.6795574276599393e-05,1.792624417865384e-05,1.9152680110108346e-05,2.143554897838769e-05,2.0472167257328904e-05,2.448422295469555e-05,2.5096702825719303e-05,2.4922435073345345e-05,2.6134343358839114e-05,2.741694851816054e-05,2.9966797240286243e-05,2.8820237395581002e-05,3.17278941682766e-05,3.068052777140182e-05,3.147928066932527e-05,3.261413515767506e-05,3.529513084351247e-05,3.4086461685319124e-05,3.706677784563332e-05,6.148591230233422e-05,6.265367933531212e-05,6.566277209092468e-05,6.727624703503034e-05,7.16266863676118e-05,7.868124155200995e-05,8.16544135145683e-05,8.289299774905313e-05,8.726310180199746e-05,7.363252252503548e-05,7.532789260296408e-05,7.992409166404327e-05,0.0001011969926237406,LC_V24_H3p5_T8,0.0001011969926237406
21,"(21, 0)",56,2,single,,K,8.528618579589532e-09,1.7282513368314374e-09,1.7304075194144925e-09,1.7653744421653547e-09,1.7598370640036405e-09,1.8296920293673e-09,2.790383647698327e-09,2.762216156506072e-09,3.0038826621476455e-09,2.8383087129810586e-09,2.8038676187865644e-09,2.9999487459535294e-09,2.9272815984380244e-09,4.236424352197576e-09,4.209855205357478e-09,4.405995954150576e-09,4.309755292652938e-09,4.196077960730885e-09,4.379658494109544e-09,4.282304931498206e-09,9.687539169078904e-09,9.661593328471358e-09,9.93269078912714e-09,9.82591275421347e-09,1.0124005663559869e-08,9.887231094469646e-09,1.0279615701088279e-08,1.0115206391151493e-08,6.247168459080382e-08,6.220481227420546e-08,6.302262887671037e-08,6.228378734955042e-08,6.291528215542268e-08,6.261917095682935e-08,6.173526146295643e-08,1.4467946476057458e-07,1.4529475609666924e-07,1.4428252023145506e-07,1.4524940956366115e-07,1.45343383642548e-07,1.4744688033140492e-07,1.4538602942098708e-07,2.7198212437565086e-07,2.7460103054049126e-07,2.7346577824516957e-07,2.762336020887176e-07,2.763228289378154e-07,2.7979288479825134e-07,2.751945985107118e-07,2.7819492918118206e-07,2.7952840613948447e-07,2.7528849443409863e-07,2.7202848459545393e-07,2.6703068824890416e-07,2.642227377780449e-07,2.6315175034257466e-07,5.665562104925318e-07,5.569913062322865e-07,5.533226607513575e-07,5.434376786570752e-07,5.410082138068892e-07,7.185435437689526e-07,7.118593816400068e-07,6.994247735923534e-07,6.936074761500628e-07,6.446071970336196e-07,6.332079418935072e-07,6.291208857052051e-07,9.320853251878671e-07,LC_V24_H3p5_T8,9.320853251878671e-07
21,"(21, 0)",56,2,single,,Y,2.9011067866750996e-08,1.814273958378918e-09,1.8089309035348417e-09,1.8660111957249174e-09,1.858576820773282e-09,1.978693925229611e-09,7.665019469398103e-09,7.59424588188718e-09,8.033570368709003e-09,7.678942246029253e-09,7.592191278933641e-09,7.922890551792237e-09,7.749778789933117e-09,2.3299449998467814e-08,2.31879542509259e-08,2.331062031655834e-08,2.2979220419594447e-08,2.2610320141558222e-08,2.2610373450413868e-08,2.2338587764977143e-08,7.655365495434742e-08,7.637409970491238e-08,7.696960509250472e-08,7.644331366930128e-08,7.679066813121986e-08,7.57762075852257e-08,7.640604621928191e-08,7.578481096250176e-08,5.17031981698952e-07,5.155841541982831e-07,5.123753033788957e-07,5.090483101468047e-07,5.036174439508431e-07,4.94226220783284e-07,4.909610548511222e-07,8.422978108014846e-07,8.340273890034523e-07,8.311987168254574e-07,8.231080760381833e-07,8.111380184460911e-07,8.04384880574183e-07,7.988498350044086e-07,1.3554545852732332e-06,1.3492810555808481e-06,1.3449069786030334e-06,1.3370100756975567e-06,1.321567539655507e-06,1.3150489470203677e-06,1.3045859012181224e-06,1.2968137555300282e-06,1.8507306444986042e-06,1.8044053732820918e-06,1.759206835337193e-06,1.7247434582158084e-06,1.7079812693298549e-06,1.6809265786989419e-06,4.168392760078106e-06,4.076003098603087e-06,4.021378883359738e-06,3.935223107745792e-06,3.885751516893937e-06,5.978840088909112e-06,5.865575504634262e-06,5.724599548747056e-06,5.625407410474858e-06,5.795798045218591e-06,5.660342901407728e-06,5.559071887520254e-06,8.485635289658359e-06,LC_V24_H3p5_T8,8.485635289658359e-06
21,"(21, 1)",64,2,single,,K,3.632476066915219e-08,3.156131054360853e-10,3.1246040853677374e-10,4.394050508333693e-10,4.1717823772939777e-10,7.272746976321784e-10,6.409014081170694e-10,6.407889783319509e-10,9.307996244084691e-10,8.320408257119202e-10,7.981363301968675e-10,1.5068594090544496e-09,1.2899821387395494e-09,3.3423574746492825e-09,3.3403426949524687e-09,3.981556946473738e-09,3.887869779918846e-09,3.7343385505531e-09,5.100585526393692e-09,4.7388561110356315e-09,4.643052350845068e-09,4.572799056593931e-09,6.751324753403602e-09,6.390324611070462e-09,1.02617949792027e-08,8.230749867553117e-09,1.512028761241881e-08,1.2758317827837565e-08,1.6478792356587435e-07,1.642445860302752e-07,1.6695730711952657e-07,1.6576336810673593e-07,1.7083449344166523e-07,1.7592403949498418e-07,1.722280994445843e-07,2.392938402915035e-07,2.4182245857367795e-07,2.3982380918381286e-07,2.4645767864856216e-07,2.56890770170246e-07,2.8543441226477885e-07,2.6909272567818404e-07,3.6985103260423755e-07,3.724348771753743e-07,3.70398093481693e-07,3.806326558339802e-07,3.9328424034298647e-07,4.281671163972864e-07,4.085431714874045e-07,4.5052826413807437e-07,4.151003826959057e-07,4.274041590166371e-07,4.4462660571882524e-07,4.85724652742525e-07,4.648092864603632e-07,5.115520988613062e-07,9.998495363244685e-07,1.0222274704978964e-06,1.0831365931033451e-06,1.1192322126592453e-06,1.2239140798369778e-06,1.2779380409279824e-06,1.3506451594619312e-06,1.3836024094366028e-06,1.5111129446545947e-06,1.0846175855135371e-06,1.1234248370770138e-06,1.264388322027803e-06,1.67661937389209e-06,LC_V24_H3p5_T8,1.67661937389209e-06
21,"(21, 1)",64,2,single,,Y,5.711244470458563e-07,3.164328250348437e-09,3.154367262890319e-09,5.953745868123057e-09,5.455280354552726e-09,1.2706855333761456e-08,1.2283012988449443e-08,1.2247677999141171e-08,2.0349954894265664e-08,1.8406115969027483e-08,1.7224589893590578e-08,3.662444593536401e-08,3.142984655941669e-08,8.065827247803223e-08,8.07851564353637e-08,1.0012124986198871e-07,9.894600876531983e-08,9.450979411284088e-08,1.3605492289471454e-07,1.2641579280320767e-07,1.2799754243457474e-07,1.2726696171254366e-07,1.7489925737131176e-07,1.701122794017074e-07,2.575577222544343e-07,2.2165866573184106e-07,3.819343079556431e-07,3.3602747126200265e-07,4.791901579414001e-06,4.7759120906641966e-06,4.941385937633066e-06,4.895029233117396e-06,5.160292572827846e-06,5.4259235211092555e-06,5.254657041298571e-06,6.505641384727417e-06,6.674084625614494e-06,6.593668910402898e-06,6.93685611820564e-06,7.317499395981146e-06,8.211060218119318e-06,7.728469283057387e-06,9.442589854799147e-06,9.580646301448384e-06,9.528652640144555e-06,9.92124429524498e-06,1.0373324937229219e-05,1.1405770129388767e-05,1.0873794383257732e-05,1.2062089320563818e-05,1.0674540908357349e-05,1.1004721824910287e-05,1.1478470959112623e-05,1.2658642041655987e-05,1.2070086593136942e-05,1.3352462847677386e-05,2.484591424829351e-05,2.534986099528821e-05,2.6768142469125712e-05,2.741769422463916e-05,2.9587086263481696e-05,3.0558916365994785e-05,3.2020425376379325e-05,3.260149749004703e-05,3.489359448346314e-05,2.7157392499072443e-05,2.7928404114384365e-05,3.0514937590336115e-05,3.7592638462569186e-05,LC_V24_H3p5_T8,3.7592638462569186e-05
21,"(21, 0)",69,1,single,,K,2.9469192533163197e-08,8.02949404858206e-10,7.994826025451315e-10,8.318207779508279e-10,8.194434094526685e-10,9.652818539318847e-10,1.0874083546540963e-09,1.0707270279204287e-09,1.2097149385763957e-09,1.1142330632357802e-09,1.0952149392219488e-09,1.3146421088500316e-09,1.1958300201065583e-09,1.221747159033503e-09,1.1973764229131149e-09,1.3759353971407051e-09,1.3026280546637029e-09,1.2251867895441415e-09,1.4278128271528053e-09,1.3140785558570072e-09,3.0236699118271357e-09,3.021616933960186e-09,3.1839852573987604e-09,3.138014243185124e-09,3.5052587535307224e-09,3.2027558826577405e-09,5.100035322446773e-09,4.113796067542225e-09,1.495338831843693e-08,1.4898138483440645e-08,1.5412332849354627e-08,1.526884377794723e-08,1.5846272970025446e-08,1.623886756760597e-08,1.587971409828483e-08,4.2728129574628265e-08,4.350908577160513e-08,4.327574350730357e-08,4.4347737971943374e-08,4.508005215158544e-08,4.658177836670881e-08,4.558127791012264e-08,7.321335892325492e-08,7.405594300438295e-08,7.321084843071855e-08,7.424975315216066e-08,7.462290649852772e-08,7.63843301012307e-08,7.513494128102673e-08,7.703538774044509e-08,8.103359567234039e-08,8.166422665978689e-08,8.210713367541648e-08,8.406025243384781e-08,8.246943321608723e-08,8.420102173843089e-08,1.4279461318500973e-07,1.4261033442491646e-07,1.4442942181529258e-07,1.45683251994353e-07,1.5406572493471206e-07,1.9677704237307652e-07,1.998993189192683e-07,2.0056272713377968e-07,2.0651960471674117e-07,1.6536234410941458e-07,1.6374299624672283e-07,1.7013929141978432e-07,2.731164759351273e-07,LC_V24_H3p5_T8,2.731164759351273e-07
21,"(21, 0)",69,1,single,,Y,2.9469192533163197e-08,8.564509769815746e-10,8.494793307192e-10,8.817595612102089e-10,8.651805619747329e-10,9.706306052175083e-10,3.327377182218138e-09,3.29027873265353e-09,3.5458395476024766e-09,3.351029194915498e-09,3.3102504502091224e-09,3.510532452861438e-09,3.422755298592326e-09,8.6810833103306e-09,8.59301213769312e-09,9.070735696604706e-09,8.821942935858638e-09,8.563385612233138e-09,8.927487608810277e-09,8.724854352059904e-09,2.9573877775675197e-08,2.9451173169961273e-08,3.0161453484578215e-08,2.9768562539269302e-08,3.0400888012369096e-08,2.9826136405652895e-08,3.0719260074970154e-08,3.033185905115082e-08,1.7268896665501042e-07,1.72224043545129e-07,1.726276825852197e-07,1.7135541942393978e-07,1.7145869554146478e-07,1.706045556347058e-07,1.6908705959251642e-07,3.127761077131272e-07,3.111704099321024e-07,3.1050166817207225e-07,3.098642377233922e-07,3.0894122788510095e-07,3.1072745650465414e-07,3.0752625842660204e-07,5.018586242340796e-07,5.003523271612356e-07,4.974891336039871e-07,4.971184772530434e-07,4.950644863833385e-07,4.973075977766339e-07,4.928948734098803e-07,4.95277583403207e-07,7.02950789775722e-07,6.920609458249471e-07,6.806726620593058e-07,6.810817247055984e-07,6.714212614914854e-07,6.699889522532667e-07,1.5581859188534716e-06,1.5305024477043514e-06,1.5214302265406043e-06,1.5057865974207274e-06,1.5013479553791634e-06,2.406537152444217e-06,2.39489950948645e-06,2.3628009926124585e-06,2.356644570296017e-06,2.17559892042762e-06,2.129877939893301e-06,2.1123003949352735e-06,3.3996665005451816e-06,LC_V24_H3p5_T8,3.3996665005451816e-06
21,"(21, 1)",77,1,single,,K,7.557696974420146e-09,2.537641013410069e-10,2.3764520909647115e-10,2.815172752849226e-10,2.5486502115800216e-10,3.1970141652161837e-10,4.840372198245782e-10,4.666270243967646e-10,7.047485092358884e-10,5.341899008577619e-10,4.9599355158229e-10,7.058783430827996e-10,5.998198708031479e-10,1.8039318994298002e-09,1.7516728313890737e-09,2.325834187524224e-09,2.0666726818775703e-09,1.800488459583663e-09,2.2920457430069415e-09,2.035086571206302e-09,2.81087668842822e-09,2.7399918490107784e-09,3.4946989738709452e-09,3.1682899130111953e-09,3.970609842378633e-09,3.1322422879566546e-09,4.224355808433128e-09,3.610217367991434e-09,7.132952715817891e-08,7.047721519732313e-08,7.552671165187559e-08,7.257103712490035e-08,7.702989128450602e-08,7.67043583505414e-08,7.198780672153537e-08,1.0993742627158561e-07,1.1624601583113064e-07,1.1201880376277644e-07,1.1876553352012587e-07,1.1937337138545763e-07,1.282661386705799e-07,1.1801527948855723e-07,1.958253849900123e-07,2.0164684084218258e-07,1.9687050080185973e-07,2.0363573561710697e-07,2.0298461817754163e-07,2.1284521182516957e-07,2.0033936017936657e-07,2.0804097328965397e-07,2.1513339233670766e-07,2.1597844911308056e-07,2.143981296620797e-07,2.226348696198427e-07,2.0977670928483353e-07,2.17252143589778e-07,4.683272226877597e-07,4.6271517898159904e-07,4.777460224157619e-07,4.653050802006738e-07,4.811990677405975e-07,6.063682693788909e-07,6.253896082781255e-07,6.07506153576031e-07,6.264234364751639e-07,5.324313795342383e-07,5.180599054773712e-07,5.369847737222169e-07,7.630091137368196e-07,LC_V24_H3p5_T8,7.630091137368196e-07
21,"(21, 1)",77,1,single,,Y,3.385280386164045e-08,1.7539484374493396e-09,1.6612021503842726e-09,1.9363987720417735e-09,1.7773222436417343e-09,2.2023731635444418e-09,6.8746055992865116e-09,6.679328748193448e-09,8.994304632962574e-09,7.343423770300037e-09,6.969089581323371e-09,8.974158126996749e-09,7.990724224909474e-09,3.540951652518156e-08,3.4784075287413807e-08,4.071980381398105e-08,3.783079756208476e-08,3.502427159224064e-08,4.0057807129207526e-08,3.73003115326522e-08,6.158783045991033e-08,6.071905443576785e-08,7.034146233546589e-08,6.654062213430743e-08,7.68211822814697e-08,6.68481367952445e-08,8.053347918830919e-08,7.343444258964764e-08,1.8238259278516185e-06,1.8087888957920044e-06,1.8774118214670586e-06,1.8283657402744319e-06,1.8791134158648717e-06,1.851186063700517e-06,1.7800000983309553e-06,2.532132622218086e-06,2.5866738866854547e-06,2.5275466611057217e-06,2.582488691881615e-06,2.5626584721196974e-06,2.6502231323952837e-06,2.524979841099729e-06,4.0291277775091925e-06,4.072972710523372e-06,4.006671774332443e-06,4.04603759076775e-06,3.99345902531883e-06,4.058303116595236e-06,3.924068994797035e-06,3.969886610343667e-06,4.3953270571512406e-06,4.3552567064640105e-06,4.29337726246407e-06,4.346314860516567e-06,4.190914674890428e-06,4.243993036088849e-06,9.962230656208301e-06,9.779307476447942e-06,9.854053109188985e-06,9.60496319213238e-06,9.696351919736233e-06,1.2363268212674335e-05,1.2447705902713198e-05,1.2103297928561955e-05,1.2186331819895864e-05,1.0778110255204732e-05,1.050525826515941e-05,1.0648046465417372e-05,1.3841164477301909e-05,LC_V24_H3p5_T8,1.3841164477301909e-05
22,"(22, 0)",72,2,single,,K,7.443076465702007e-07,3.4392541006414566e-07,3.4328730089030934e-07,3.443435976704127e-07,3.4347795621176544e-07,3.4578151841344845e-07,5.057908147462663e-07,5.030790834853664e-07,5.238490037489289e-07,5.074551753162694e-07,5.041007719476302e-07,5.177800803818145e-07,5.104272139137886e-07,4.585732140692752e-07,4.561185797742313e-07,4.726898086391266e-07,4.6372208734141873e-07,4.553306406603427e-07,4.664219864047757e-07,4.595675666109848e-07,5.958217012217003e-07,5.946185056170464e-07,6.071736576017272e-07,6.004556280343579e-07,6.125788744149301e-07,5.987993151212548e-07,6.148621121986195e-07,6.05791726789415e-07,1.3505357174958917e-06,1.3460275299319276e-06,1.3657564704936853e-06,1.3529444228722855e-06,1.3663812203276247e-06,1.362683547151206e-06,1.347473110930922e-06,2.695636407250697e-06,2.706653643156929e-06,2.6934718130942424e-06,2.704435090007144e-06,2.697679777034636e-06,2.7139191971264455e-06,2.6885419475393186e-06,3.882540565876556e-06,3.904181548943521e-06,3.890151406762855e-06,3.911117034233949e-06,3.9065410957285935e-06,3.929653007888863e-06,3.896462493876181e-06,3.915406969331396e-06,3.703726513418399e-06,3.6856195456558487e-06,3.663195979138535e-06,3.69523280664853e-06,3.6596344308327577e-06,3.6715254353935463e-06,5.567654854034748e-06,5.535706287613295e-06,5.541324928966711e-06,5.5017582561138046e-06,5.510503568002508e-06,6.7777634416359206e-06,6.773668384874957e-06,6.725402659417976e-06,6.726355089207086e-06,6.667554333775656e-06,6.611857918947097e-06,6.616827366889572e-06,8.8770092205044e-06,LC_V24_H3p5_T8,8.8770092205044e-06
22,"(22, 0)",72,2,single,,Y,1.0562516488059236e-06,2.9767897662720253e-07,2.9675352387286266e-07,2.971530346977411e-07,2.959571545544659e-07,2.975429309709538e-07,6.065740670345258e-07,6.037452690930066e-07,6.210587096183819e-07,6.057680015139356e-07,6.025310233096843e-07,6.130606090326578e-07,6.063738007778126e-07,9.026019760810656e-07,8.996749033998087e-07,9.104875542534061e-07,9.009099533841812e-07,8.91151924393272e-07,8.963080771534804e-07,8.88642805536821e-07,1.5928203264206449e-06,1.5908759188689732e-06,1.6009120109511347e-06,1.5933202151656415e-06,1.6016973784336712e-06,1.5868728972005783e-06,1.5997377053220802e-06,1.5900923479619884e-06,4.537531413907122e-06,4.530825802139495e-06,4.522522821754122e-06,4.504418724013226e-06,4.487604284410897e-06,4.448864323726805e-06,4.428750084390104e-06,6.758950627350792e-06,6.729768507784851e-06,6.713151552720699e-06,6.683359759314156e-06,6.632049101523127e-06,6.6117547269153185e-06,6.580313876042872e-06,9.107440412173547e-06,9.079911404667735e-06,9.061884041005273e-06,9.031382997415843e-06,8.969929490829846e-06,8.94684918563e-06,8.904636860340392e-06,8.878046376050883e-06,1.0473427621843628e-05,1.0346163122573199e-05,1.0219693181347464e-05,1.020238085978549e-05,1.0144050379786988e-05,1.0082779407574757e-05,1.6756341105629863e-05,1.6565391447974592e-05,1.645431985629973e-05,1.6275021925611892e-05,1.6185301576339935e-05,2.0921198466577552e-05,2.0735350344677606e-05,2.047464405627093e-05,2.0319752985881356e-05,2.1076050280124305e-05,2.0823040754328037e-05,2.0673119876255305e-05,2.734414522134272e-05,LC_V24_H3p5_T8,2.734414522134272e-05
22,"(22, 1)",80,2,single,,K,9.180979265401605e-07,6.450171182293346e-08,6.281894490221619e-08,7.178773751516894e-08,6.792145124763065e-08,8.123662526244678e-08,7.325172982479757e-08,7.274578548467523e-08,8.834164759196609e-08,7.677333631535462e-08,7.44236752815223e-08,9.795440184067318e-08,8.729518882552647e-08,2.3553040327176046e-07,2.344153037112741e-07,2.4239020942758504e-07,2.389063695764688e-07,2.3421552523437265e-07,2.4197269866669136e-07,2.3788832963461034e-07,3.496282416766797e-07,3.485767361095478e-07,3.57320493087999e-07,3.5349234759964937e-07,3.635205687241453e-07,3.536790387823081e-07,3.6971915580596107e-07,3.615670465032332e-07,2.2803398125300563e-06,2.2763296654493366e-06,2.2772704747409764e-06,2.2661486562824716e-06,2.263642524980069e-06,2.2440078294200207e-06,2.22595187810727e-06,3.302559626979198e-06,3.297169583365561e-06,3.2797685871701062e-06,3.274207999857289e-06,3.2485335172668995e-06,3.250049575565606e-06,3.2185471556465934e-06,4.894357598631676e-06,4.8864289960089574e-06,4.86230165273223e-06,4.8521604573862825e-06,4.811204640463927e-06,4.805965421725326e-06,4.768069074109662e-06,4.757400247015878e-06,5.569373552094359e-06,5.516941336441264e-06,5.4622100555605e-06,5.4382748423396645e-06,5.397551281450967e-06,5.377246694120366e-06,8.710982739308203e-06,8.637784971492162e-06,8.63183713852797e-06,8.547675060792167e-06,8.545422330137948e-06,1.043399134102936e-05,1.0427817433364067e-05,1.0299690266400649e-05,1.0279264264120351e-05,9.669517284845695e-06,9.573036882532169e-06,9.570676535044806e-06,1.2549640869007296e-05,LC_V24_H3p5_T8,1.2549640869007296e-05
22,"(22, 1)",80,2,single,,Y,1.457374991715507e-06,1.688678106537932e-07,1.6458157464498258e-07,1.833467985957974e-07,1.7431266398525742e-07,2.0237716730482528e-07,3.7643047011749633e-07,3.7479274673485777e-07,4.1582271678945454e-07,3.813487482673973e-07,3.743242129334866e-07,4.324082556809741e-07,4.0506030587867757e-07,1.3172148681134514e-06,1.3151723805311279e-06,1.3103601374940651e-06,1.3033832491959922e-06,1.295624481771951e-06,1.287736773329261e-06,1.2813669863539552e-06,1.8847817284621504e-06,1.8819103285850403e-06,1.8888594737339842e-06,1.8794561841239078e-06,1.882236826808846e-06,1.8639272988260706e-06,1.8788588840212998e-06,1.8604775621152665e-06,1.4970501879572515e-05,1.494654726682063e-05,1.4858211051861284e-05,1.4801189583098238e-05,1.466595089210669e-05,1.4442338912114933e-05,1.4374846889027995e-05,1.9773259782007245e-05,1.963523705819803e-05,1.9554516838313056e-05,1.9381945712175766e-05,1.912603472661902e-05,1.8953390158523134e-05,1.8859582220482824e-05,2.6355686520204567e-05,2.6129432081010843e-05,2.606137263633965e-05,2.581029581060619e-05,2.546971869229094e-05,2.5221447033361898e-05,2.5124601152162445e-05,2.4864841077574894e-05,2.8797681742960992e-05,2.837574130757416e-05,2.7948100815560206e-05,2.762965932949022e-05,2.75030372757841e-05,2.7191586264725244e-05,4.6392329697655e-05,4.57630725627631e-05,4.534907811105612e-05,4.470449332759185e-05,4.429727170647831e-05,5.2851997550843205e-05,5.238199664576137e-05,5.153022404799347e-05,5.102582940275647e-05,4.8187056995315055e-05,4.751147825648034e-05,4.711617650605984e-05,5.71290143361749e-05,LC_V24_H3p5_T8,5.71290143361749e-05
22,"(22, 0)",85,1,single,,K,7.487201451810531e-07,3.1216619579986145e-07,3.1141207942536537e-07,3.118531899035132e-07,3.110612301810805e-07,3.125260011979191e-07,4.531083805166805e-07,4.50322310018675e-07,4.696677908240709e-07,4.5340127975688493e-07,4.5044292481992686e-07,4.615317723598846e-07,4.5506417025667146e-07,4.0201512758246115e-07,3.991364170391555e-07,4.1656992997775373e-07,4.061618166235027e-07,3.9769883094171663e-07,4.071178620727442e-07,4.007022977262643e-07,5.408429144987786e-07,5.39480009130457e-07,5.502666408673222e-07,5.429385703127262e-07,5.521138953254821e-07,5.395605548422465e-07,5.510168928843022e-07,5.431167494060391e-07,1.2243024692328337e-06,1.219532407215645e-06,1.2399471133961909e-06,1.225424907334887e-06,1.237636739683825e-06,1.2305174851687187e-06,1.2159443260344788e-06,2.5810572722247633e-06,2.5889515954842563e-06,2.575560129277702e-06,2.5818947720738345e-06,2.5701132689542496e-06,2.5789748705442364e-06,2.5557656882975557e-06,3.708971367886297e-06,3.7234122720284703e-06,3.7076388512330724e-06,3.72001084464521e-06,3.709856007777998e-06,3.722078578037927e-06,3.696741736971141e-06,3.7038648286867164e-06,3.7137271446002316e-06,3.6890004888426955e-06,3.658197747996131e-06,3.6524735665653663e-06,3.623778920399016e-06,3.6163209513177897e-06,5.347211319749183e-06,5.309185740576622e-06,5.307659436635504e-06,5.266385653217853e-06,5.265987896776719e-06,6.631914096082521e-06,6.623422334977969e-06,6.551357242753668e-06,6.537900581683261e-06,6.338150142087639e-06,6.275238508025359e-06,6.271541225554627e-06,8.521156124570103e-06,LC_V24_H3p5_T8,8.521156124570103e-06
22,"(22, 0)",85,1,single,,Y,1.3924916421186555e-06,4.292024374373177e-07,4.2790702495482676e-07,4.279201463841587e-07,4.265808913568704e-07,4.2795197916645637e-07,7.657062601944261e-07,7.61224369284412e-07,7.889723060000951e-07,7.641225314458e-07,7.595435473273171e-07,7.745471971950814e-07,7.647306737100609e-07,9.244391466220626e-07,9.189277248618734e-07,9.448886662040158e-07,9.271103596007352e-07,9.113684171219961e-07,9.237159025724644e-07,9.120916095265434e-07,1.5556429238743046e-06,1.5534204408220512e-06,1.5664888009424063e-06,1.5548345723018383e-06,1.5647188426464587e-06,1.5449285128752952e-06,1.5580253229892533e-06,1.5457650020558552e-06,4.185669237621889e-06,4.175662196146618e-06,4.193957174753048e-06,4.164990536583373e-06,4.1658657402008764e-06,4.129249562744453e-06,4.1017114136203515e-06,6.997031375232379e-06,6.978755601274156e-06,6.955751687558768e-06,6.935210063762345e-06,6.88340126476868e-06,6.8690038739986245e-06,6.827204236276769e-06,9.666354420042052e-06,9.668586087345852e-06,9.630298314267122e-06,9.624707054362026e-06,9.56512845326309e-06,9.556745604857751e-06,9.500734270066853e-06,9.482587381511546e-06,1.0865907878676487e-05,1.0752878916529273e-05,1.0630881342752065e-05,1.0558674153516482e-05,1.0492046948074762e-05,1.0428655797616924e-05,1.669803945993567e-05,1.651853664324979e-05,1.643733699298297e-05,1.626211045959751e-05,1.6191659022344784e-05,2.1149094777788157e-05,2.1007639081035715e-05,2.0726381692376735e-05,2.0589999895139755e-05,2.0558657184276645e-05,2.030817237851546e-05,2.018955340870769e-05,2.7090813988709498e-05,LC_V24_H3p5_T8,2.7090813988709498e-05
22,"(22, 1)",93,1,single,,K,6.920533915073332e-07,7.66072576515525e-08,7.523978472556845e-08,7.838978466829465e-08,7.640905946693416e-08,8.109808033299662e-08,1.0482918112198508e-07,1.0302194602998569e-07,1.1701455893558916e-07,1.069516553138954e-07,1.0454524226279163e-07,1.1558573452419469e-07,1.1033472977779107e-07,2.693945266075822e-07,2.666430647728333e-07,2.8486997556874784e-07,2.7544186265164316e-07,2.659843427333761e-07,2.7960070799296043e-07,2.7175829864709644e-07,3.262693232820793e-07,3.2424568475421833e-07,3.422229830632762e-07,3.336434891574015e-07,3.517775515350977e-07,3.3245626705683e-07,3.5744455638592945e-07,3.440252292270399e-07,2.4399310558290668e-06,2.4322467660890225e-06,2.454459229070692e-06,2.4297571813429793e-06,2.4430890996315235e-06,2.41809158378028e-06,2.3830146443744987e-06,3.471414830211133e-06,3.490044630188524e-06,3.4576855956604027e-06,3.4729593982428506e-06,3.4448714461059213e-06,3.4661430995187017e-06,3.4058278067997096e-06,5.084250709204347e-06,5.105311280143214e-06,5.0641806530715435e-06,5.077324259991783e-06,5.0322077593173195e-06,5.047802352707e-06,4.978415293631459e-06,4.982026026997386e-06,5.500491475998247e-06,5.448011876903202e-06,5.383367678438644e-06,5.374140721111809e-06,5.308296343134351e-06,5.293967794236104e-06,8.541769633624628e-06,8.445777644568351e-06,8.447698126012966e-06,8.332731799900221e-06,8.337722472580567e-06,1.0168606273787673e-05,1.0165830604849001e-05,1.000858539498039e-05,9.993634848966859e-06,9.232304477398054e-06,9.116825659489213e-06,9.135768579324981e-06,1.1915891072291017e-05,LC_V24_H3p5_T8,1.1915891072291017e-05
22,"(22, 1)",93,1,single,,Y,1.2468122160350156e-06,1.9863639767529746e-07,1.9604906299481203e-07,1.9873704936944256e-07,1.9558645078267494e-07,2.0052282055459282e-07,4.104157592191546e-07,4.06267112752432e-07,4.3140680511201203e-07,4.102613175409411e-07,4.057613294545838e-07,4.21769476726031e-07,4.1258884354208235e-07,1.225795240618798e-06,1.2198144949160376e-06,1.2442999075333342e-06,1.2245238726354332e-06,1.2054807274866094e-06,1.2175803536634987e-06,1.2025979856568308e-06,1.5690719003880767e-06,1.5640736573567182e-06,1.5937292580733822e-06,1.5745995535205503e-06,1.599388752202846e-06,1.561527213776988e-06,1.5982528187822493e-06,1.5730976144860072e-06,1.2904694919877761e-05,1.2876913815797578e-05,1.2851017222644637e-05,1.2774538453360705e-05,1.2700527222242721e-05,1.2509471168103148e-05,1.2416640637181233e-05,1.7186453751036986e-05,1.712347723986471e-05,1.7023218520961217e-05,1.69283505902331e-05,1.671414045293472e-05,1.6620366167470914e-05,1.6477188793047803e-05,2.3271209757965572e-05,2.3163964842009678e-05,2.3051194418655298e-05,2.290925444779852e-05,2.261775442052574e-05,2.2471759866859185e-05,2.231322791545566e-05,2.2140561394277018e-05,2.501571582981219e-05,2.4661655993080098e-05,2.427968733507436e-05,2.4084909041505643e-05,2.3909342188259408e-05,2.3672719593390324e-05,3.988680220752065e-05,3.9323348278667905e-05,3.903472347331888e-05,3.843869641790366e-05,3.815668171919127e-05,4.5924782575870476e-05,4.5585082957779573e-05,4.478594010241747e-05,4.440363616093668e-05,4.120162540973216e-05,4.0601041722528325e-05,4.032255028661125e-05,4.9798651476322494e-05,LC_V24_H3p5_T8,4.9798651476322494e-05
23,"(23, 0)",88,2,single,,TY,3.981009086047468e-09,5.662795762791477e-10,5.656912723804949e-10,5.639477486204833e-10,5.619691039047001e-10,5.636216827386841e-10,1.440249248069022e-09,1.4262284405101612e-09,1.5026332607463163e-09,1.4335868898697677e-09,1.4203653633279618e-09,1.4598268630232692e-09,1.433519399647721e-09,4.781486956253723e-09,4.761380411780993e-09,4.762846512206309e-09,4.714252225640909e-09,4.66132470494517e-09,4.630566081078935e-09,4.594393395473602e-09,1.9885395493939692e-08,1.985106899494876e-08,1.9903327709862845e-08,1.981207017020143e-08,1.979939884192294e-08,1.9652325110250497e-08,1.966996467740046e-08,1.9591098721177438e-08,1.122927811807052e-07,1.1206808216640993e-07,1.1121571318970142e-07,1.1071500389847914e-07,1.0949918860412542e-07,1.0771383404920969e-07,1.0729018121206229e-07,1.6832213153303716e-07,1.6633419585880973e-07,1.6588745951326407e-07,1.638812582729032e-07,1.6124459676266246e-07,1.5939612677596692e-07,1.5865764802829147e-07,2.855770511503145e-07,2.834262303832209e-07,2.825628745541962e-07,2.8019467634085807e-07,2.768179784792161e-07,2.745884338177023e-07,2.733813821248934e-07,2.710531348325793e-07,4.1970285323557893e-07,4.10397560795154e-07,4.016928493091009e-07,3.9520102610134e-07,3.9290382191968664e-07,3.868274428369482e-07,9.442676565873043e-07,9.250020193480996e-07,9.134412126523584e-07,8.974588357803679e-07,8.861360357257479e-07,1.41758907698366e-06,1.3963855756854383e-06,1.3684350409781386e-06,1.3505916091891454e-06,1.3995521999385399e-06,1.3728836905110261e-06,1.3542504960189599e-06,2.086399192272349e-06,LC_V24_H3p5_T8,2.086399192272349e-06
23,"(23, 1)",96,2,single,,TY,3.766504085186579e-09,8.747643599950405e-10,8.722288149592873e-10,8.59302524189856e-10,8.547734935647757e-10,8.481865224997115e-10,5.3279607551822465e-09,5.276884864094071e-09,5.501266857352362e-09,5.2791503696722025e-09,5.238020756009967e-09,5.340819060035903e-09,5.261397519926903e-09,2.429097660389494e-08,2.422453588652745e-08,2.419352825333496e-08,2.3949655591213905e-08,2.3703357736730125e-08,2.352696133286612e-08,2.3319623678791543e-08,4.786602470627657e-08,4.76964289535741e-08,4.8265479142244545e-08,4.779613288746717e-08,4.8050882249570754e-08,4.710414727449792e-08,4.7619377530946154e-08,4.70230661554084e-08,1.1607476295360169e-06,1.1576545705962435e-06,1.1474659845799627e-06,1.1400916375621234e-06,1.123768868479909e-06,1.0941995772534855e-06,1.08370521699931e-06,1.6077026610992793e-06,1.5883693560134728e-06,1.5778246420250076e-06,1.5541033397571596e-06,1.5205452251814365e-06,1.4970493234499688e-06,1.4856197388452898e-06,2.456829667841663e-06,2.4234884046209815e-06,2.413020762577542e-06,2.375340458764805e-06,2.3260722375334766e-06,2.289132519817143e-06,2.2764025658858358e-06,2.2385743678498005e-06,2.640378789141331e-06,2.5780639493309755e-06,2.5145338406956086e-06,2.4875460140578144e-06,2.467494163668648e-06,2.4236853119978073e-06,5.652589822834192e-06,5.531719051347575e-06,5.449438574777141e-06,5.329648128360611e-06,5.2471509412692855e-06,6.755248786883543e-06,6.657043553212626e-06,6.487434467552726e-06,6.3860099978769934e-06,5.812411720108036e-06,5.691626758478772e-06,5.61574253524901e-06,7.1740045000903e-06,LC_V24_H3p5_T8,7.1740045000903e-06
25,"(25, 1)",60,2,single,,K,8.651743014546808e-09,1.7381399820019107e-09,1.755701840039433e-09,1.7567766806038093e-09,1.7730186955510508e-09,1.8140549716971924e-09,3.127038381784602e-09,3.115432438219175e-09,3.2489797393695963e-09,3.1540729680327427e-09,3.1409122234928984e-09,3.2625456025884387e-09,3.224651360470153e-09,4.512126234189413e-09,4.486731252223718e-09,4.629813169441556e-09,4.5490313919918296e-09,4.44714638813193e-09,4.583923167607801e-09,4.494802969417749e-09,9.944191367188496e-09,9.919737299782577e-09,1.0140461452471388e-08,1.0036177582410097e-08,1.028339025409397e-08,1.0123238125936952e-08,1.0470971374558124e-08,1.037969487365035e-08,7.308075050067395e-08,7.27997951494065e-08,7.335445940791427e-08,7.2534194107838e-08,7.274200468271101e-08,7.195309999062438e-08,7.107816591782952e-08,1.4128553029910054e-07,1.4078937064099324e-07,1.400405523951457e-07,1.3982475512974634e-07,1.3891137928626343e-07,1.394707853089024e-07,1.3801140774082862e-07,2.5023002046899765e-07,2.5086786008294214e-07,2.496900602823702e-07,2.5008762209529225e-07,2.486116098800094e-07,2.4966279040930065e-07,2.472799599880616e-07,2.4819390535320054e-07,2.490179410937313e-07,2.4490109285079295e-07,2.407303922863671e-07,2.450005527080543e-07,2.4290870606720244e-07,2.437548557294649e-07,5.195184048500886e-07,5.097411902986051e-07,5.059810533905907e-07,4.973994734744348e-07,4.954724162666639e-07,6.744046811404098e-07,6.691856422582455e-07,6.552116897045151e-07,6.519091684414166e-07,5.658582821612795e-07,5.584106787210375e-07,5.579035948122041e-07,8.893088443805625e-07,LC_V24_H3p5_T8,8.893088443805625e-07
25,"(25, 1)",60,2,single,,Y,2.6672743739045955e-08,2.0793320022951093e-09,2.0864562858585764e-09,2.1133377608263605e-09,2.1189473436905314e-09,2.2043365471795465e-09,7.236046807309668e-09,7.212910903414638e-09,7.368946146669853e-09,7.208751271711869e-09,7.1771871829943e-09,7.384316298966947e-09,7.310939297887953e-09,2.3017303028353714e-08,2.2925923993887263e-08,2.2896807436577855e-08,2.2633806256538173e-08,2.2328693610182884e-08,2.2163772963381495e-08,2.191519438873693e-08,7.268259207896672e-08,7.25632666269762e-08,7.280671998580442e-08,7.238887025258397e-08,7.243791328737432e-08,7.165719343563985e-08,7.19246352680235e-08,7.141410144269787e-08,5.578776255287297e-07,5.56378517691706e-07,5.520500544261548e-07,5.483342779507412e-07,5.41456112359486e-07,5.3039580944438e-07,5.272353453587737e-07,8.607617099815297e-07,8.512268114570199e-07,8.48014412388771e-07,8.380989909594909e-07,8.236589046111556e-07,8.145081462400645e-07,8.080055303945672e-07,1.3663330989045365e-06,1.3561992604670109e-06,1.3506758986487682e-06,1.3376965573208762e-06,1.3179738187836976e-06,1.3065830132317766e-06,1.2976835528862198e-06,1.2851653932143636e-06,1.8513891488044403e-06,1.807835699829654e-06,1.7643070411602934e-06,1.7453355002428779e-06,1.7338749334884789e-06,1.7122489356141987e-06,4.009617749516776e-06,3.908835069904064e-06,3.8503213541840505e-06,3.7556773922634027e-06,3.6983179770377664e-06,5.927500810195807e-06,5.824243068836129e-06,5.65559631407887e-06,5.565693004612464e-06,5.795499251764632e-06,5.7006088723896065e-06,5.6412577102500515e-06,8.987842542764864e-06,LC_V24_H3p5_T8,8.987842542764864e-06
25,"(25, 0)",62,2,single,,K,3.882811203984836e-08,2.4681275671180584e-10,2.4811815358741753e-10,3.7427314150783085e-10,3.4880405762435296e-10,6.903387833707301e-10,9.715337097286689e-10,9.76482679711593e-10,1.1578785362266912e-09,1.1830452490402266e-09,1.1851523213172557e-09,1.7033558822112658e-09,1.6182746033498276e-09,3.841810473778397e-09,3.855046975168395e-09,4.433672570476697e-09,4.385993760072289e-09,4.26325038734931e-09,5.52102511082103e-09,5.280185439823072e-09,5.504049873730948e-09,5.521739549301652e-09,6.895564005674606e-09,6.6990439577786014e-09,1.0128801311369767e-08,8.369991820932373e-09,1.4766287031659721e-08,1.2135932616190234e-08,1.5219913501138022e-07,1.5176391215491159e-07,1.5406896037347574e-07,1.5325991243053267e-07,1.575295285349908e-07,1.6386200073985418e-07,1.6236494628000183e-07,2.488785966230344e-07,2.507307025346745e-07,2.487279942380306e-07,2.5424706087931493e-07,2.6268935524117693e-07,2.780662104546097e-07,2.749366292494486e-07,4.4262761614326183e-07,4.467514536887467e-07,4.4483915352329743e-07,4.5395557271616143e-07,4.6537825963310375e-07,4.858686840546898e-07,4.807601474521125e-07,5.071596355011876e-07,5.348443282202353e-07,5.333450998623972e-07,5.386573787634068e-07,5.575657494061597e-07,5.513375760809787e-07,5.763459402136258e-07,1.0924416787494398e-06,1.102773581606115e-06,1.1272965098547159e-06,1.1590197307569373e-06,1.2090037863257042e-06,1.4433622964478634e-06,1.475448399700287e-06,1.5112401837904492e-06,1.5699637809809526e-06,1.3133040938654033e-06,1.3377574364460741e-06,1.3975533458685497e-06,1.9482955586705606e-06,LC_V24_H3p5_T8,1.9482955586705606e-06
25,"(25, 0)",62,2,single,,Y,5.932400756436096e-07,2.8443744554942345e-09,2.8369578516548652e-09,5.438784884788697e-09,4.961713272879625e-09,1.2209427898832075e-08,1.4571600258900623e-08,1.4592207736333792e-08,2.1617637143905838e-08,2.103570907692585e-08,2.0308388070992694e-08,3.714355332880242e-08,3.378147378810094e-08,8.326560354210883e-08,8.365209423133535e-08,1.0250927826966289e-07,1.0203592285716023e-07,9.752176422964861e-08,1.3799335823509845e-07,1.302853748931756e-07,1.339697930096663e-07,1.346393915772662e-07,1.7086062958844855e-07,1.6968198604688497e-07,2.483826300502215e-07,2.17513613989188e-07,3.656721862207622e-07,3.174646429802015e-07,4.570126064885464e-06,4.555508786727765e-06,4.7138733736763835e-06,4.671664191470367e-06,4.927275617857672e-06,5.21265429510143e-06,5.081902437568502e-06,6.58199811803024e-06,6.740011900743676e-06,6.660748127684073e-06,6.980499899955783e-06,7.3361315020291406e-06,8.031352633695237e-06,7.764956866802482e-06,1.0477642126369304e-05,1.0657436568583938e-05,1.0586025270092844e-05,1.0940749476603656e-05,1.1336947283648666e-05,1.2113836916343718e-05,1.1823441712411365e-05,1.2779754108982588e-05,1.199014371788678e-05,1.2227452315291535e-05,1.2605346438175699e-05,1.3452161770427653e-05,1.3072559385142622e-05,1.409056740965407e-05,2.591624670477182e-05,2.6364967137128517e-05,2.7389169638297138e-05,2.8126736798452536e-05,2.9809373488837617e-05,3.2453352523648947e-05,3.3502766928638094e-05,3.415072189246628e-05,3.5828729369158504e-05,2.9562511118532375e-05,3.021294370138567e-05,3.194907944106691e-05,3.981910965091542e-05,LC_V24_H3p5_T8,3.981910965091542e-05
25,"(25, 1)",73,1,single,,K,2.6393705483649113e-08,8.480797948213844e-10,8.525175668593297e-10,8.690394131304031e-10,8.667387572502211e-10,9.679622396407425e-10,1.2578347379807432e-09,1.2538048778557934e-09,1.322684566271441e-09,1.2893730201139767e-09,1.2803713359375e-09,1.4002567836882497e-09,1.3416434415047228e-09,1.4004562455937478e-09,1.3978128640237813e-09,1.4552169914557685e-09,1.435413469707097e-09,1.4211413505093387e-09,1.4861672936718626e-09,1.4714205691697397e-09,3.3522020790420924e-09,3.347860996042895e-09,3.449580063875347e-09,3.4267213597648447e-09,3.6024213862511875e-09,3.521531752873389e-09,4.582630794609252e-09,4.05858552507142e-09,1.5806293175846803e-08,1.5791707694397027e-08,1.6100476283863433e-08,1.6027025024902606e-08,1.6453383758788596e-08,1.682412160239889e-08,1.6571148433985855e-08,4.510669356851025e-08,4.533103420714629e-08,4.534005010726085e-08,4.580664953868895e-08,4.653916497283063e-08,4.7653301251948934e-08,4.735051151712861e-08,7.768351316364114e-08,7.797857789502642e-08,7.785469945064126e-08,7.856530355962862e-08,7.937902380247836e-08,8.106478373382556e-08,8.016980773143009e-08,8.204215964897946e-08,9.118380583556448e-08,9.147185169273377e-08,9.19565062013894e-08,9.32858036293901e-08,9.216616231651257e-08,9.367602895434352e-08,1.616031060616119e-07,1.6075668817972472e-07,1.6176985401916962e-07,1.6145197026603053e-07,1.6499355652906263e-07,2.2688281371421293e-07,2.2767005959450088e-07,2.2746472482625233e-07,2.2999708985440703e-07,2.2752399136099556e-07,2.2614995252144831e-07,2.2913692098305127e-07,3.747412120904568e-07,LC_V24_H3p5_T8,3.747412120904568e-07
25,"(25, 1)",73,1,single,,Y,2.6393705483649113e-08,1.0085164745560551e-09,1.0094278933712511e-09,1.023808253533613e-09,1.0208002279410763e-09,1.0856885990108367e-09,3.278659911251353e-09,3.2752402512822383e-09,3.3718519812064063e-09,3.340574231341763e-09,3.322850526533328e-09,3.466755884143077e-09,3.431490879171186e-09,8.95310054705276e-09,8.933745621287813e-09,9.00022577957449e-09,8.957041989237593e-09,8.877271640720477e-09,9.028515083873517e-09,8.948898068812269e-09,2.7892023656739637e-08,2.7922956048344803e-08,2.7965033341714677e-08,2.8024724810680986e-08,2.837575430719902e-08,2.8344934134656966e-08,2.898282511185561e-08,2.889760551239463e-08,1.6907281194540044e-07,1.6871674742004292e-07,1.6779342833318127e-07,1.6697210255897355e-07,1.6572218907969204e-07,1.643274720641727e-07,1.6381946066955542e-07,3.2689515395220674e-07,3.23808870858417e-07,3.229833368556922e-07,3.2068657602179137e-07,3.192772685201346e-07,3.1947467461656614e-07,3.180472862864784e-07,5.547105200045611e-07,5.517553678931927e-07,5.50090032381964e-07,5.480835124440984e-07,5.465146528479675e-07,5.475533511886662e-07,5.447396768722442e-07,5.469691706421956e-07,7.993141281588717e-07,7.903267541899089e-07,7.838624350637679e-07,7.845820412748655e-07,7.779851848679327e-07,7.761893470411025e-07,1.735838624300362e-06,1.707479151104393e-06,1.6951079028384738e-06,1.6718648753166402e-06,1.6660669348529363e-06,2.7379961433011926e-06,2.706859982705906e-06,2.6680175318336806e-06,2.64792817114453e-06,2.87060513350609e-06,2.82261041637087e-06,2.804935564052189e-06,4.510864930036361e-06,LC_V24_H3p5_T8,4.510864930036361e-06
25,"(25, 0)",79,1,single,,K,4.552909570133168e-09,1.8787118707814408e-10,1.8214294128301684e-10,2.0572385024094342e-10,1.9173933916390738e-10,2.2852322462952852e-10,7.892437627544442e-10,7.629162579726564e-10,1.0549922679435486e-09,8.395404940029128e-10,7.940428616816973e-10,1.0272193866360102e-09,9.063364532941854e-10,2.340106988704504e-09,2.2883682783018596e-09,2.8215521802711596e-09,2.5753878011271385e-09,2.325432144940241e-09,2.763729167454965e-09,2.5255923917013346e-09,4.117605223404451e-09,4.0497467802511235e-09,4.920560494361591e-09,4.536816817346123e-09,5.4704484780806785e-09,4.493213232998337e-09,5.732936072533009e-09,5.0227118338384464e-09,7.390628459904965e-08,7.309343953142288e-08,7.817621561692333e-08,7.527865826636456e-08,7.960897341701235e-08,7.90633662707776e-08,7.46025385381459e-08,1.1914018935375625e-07,1.245493806266762e-07,1.2030384403890886e-07,1.2567798778295025e-07,1.248424208384513e-07,1.3169532752785337e-07,1.226299917660904e-07,2.1010806502649428e-07,2.1788165110807788e-07,2.1216356017626905e-07,2.1991515919442383e-07,2.186130838797007e-07,2.278921106571621e-07,2.151315759330764e-07,2.2184733236537584e-07,2.493585314117416e-07,2.493281562178194e-07,2.45961657668827e-07,2.5311607138500593e-07,2.415403653486961e-07,2.4592346044480196e-07,5.379648792000179e-07,5.299173231288872e-07,5.379357590092179e-07,5.247906880530368e-07,5.342639942835415e-07,6.842565326396487e-07,6.962908812795763e-07,6.782426248325382e-07,6.8954031000451e-07,6.122042988071037e-07,5.981124578990673e-07,6.1119284019301e-07,8.722924672311468e-07,LC_V24_H3p5_T8,8.722924672311468e-07
25,"(25, 0)",79,1,single,,Y,2.453450008578832e-08,1.5235810903496308e-09,1.461854911076371e-09,1.6662027760337147e-09,1.5467461172516491e-09,1.869433509721317e-09,8.56988689819366e-09,8.356452546933393e-09,1.0796240448204496e-08,9.066686041493198e-09,8.661386155719112e-09,1.0749455473143509e-08,9.706579466515552e-09,3.848107497454904e-08,3.7980359647506665e-08,4.3034403481218594e-08,4.0633151299342624e-08,3.8118736834899975e-08,4.245500390052661e-08,4.0014333564844815e-08,7.095586108816443e-08,7.006206804798506e-08,7.975972200887835e-08,7.584963163009762e-08,8.622795945390527e-08,7.631208996679144e-08,9.029149508653942e-08,8.312654912165735e-08,1.8157454052893633e-06,1.8029112774666705e-06,1.8613784696679698e-06,1.8183357455114525e-06,1.8620911097636645e-06,1.8346692933039416e-06,1.7702680517469078e-06,2.6033994498030727e-06,2.6471770472109257e-06,2.5891340394457844e-06,2.6360760630518153e-06,2.6053793943578702e-06,2.6786704019818484e-06,2.556398619018113e-06,4.223115152290101e-06,4.281129217939139e-06,4.2122506707818e-06,4.267088592787925e-06,4.215201697294213e-06,4.284590347196592e-06,4.139695376137688e-06,4.18451667481503e-06,4.69114470333243e-06,4.6347798795622025e-06,4.553733018797247e-06,4.609971058898872e-06,4.45900375907645e-06,4.489532739573192e-06,1.0551842705490343e-05,1.0371629365010031e-05,1.0420258063076564e-05,1.0181000059036817e-05,1.0243692799380022e-05,1.2928512072020863e-05,1.2978658299351706e-05,1.2653052153482654e-05,1.2716867489874107e-05,1.1510763566704251e-05,1.1235740731144731e-05,1.1337476292902833e-05,1.4776014337466804e-05,LC_V24_H3p5_T8,1.4776014337466804e-05
26,"(26, 1)",76,2,single,,K,7.162309632979043e-07,3.390657817894727e-07,3.3937530138327496e-07,3.3927262640569055e-07,3.39160220996639e-07,3.405473458038684e-07,5.287750776007771e-07,5.258249674883503e-07,5.503630468352153e-07,5.307019030851875e-07,5.270318668337441e-07,5.429719890615637e-07,5.342175135991923e-07,4.762593343236923e-07,4.7262038869399716e-07,4.985843618924543e-07,4.847717410876823e-07,4.727362513085512e-07,4.896386532953538e-07,4.797040543396979e-07,5.979781438309699e-07,5.951020363485489e-07,6.18287072782075e-07,6.06400980131958e-07,6.266815811546366e-07,6.034335054661599e-07,6.297807407219228e-07,6.145811614428308e-07,1.4762061536743525e-06,1.4690113632045977e-06,1.5037040432968468e-06,1.482022353993478e-06,1.5074317557834092e-06,1.502730740795721e-06,1.477667614285747e-06,2.7360944477049027e-06,2.7571565277802364e-06,2.7375560588709285e-06,2.7555672075440066e-06,2.7456470739631976e-06,2.7707127031851225e-06,2.7321515951889914e-06,3.880329152845184e-06,3.903557838245583e-06,3.886927464031597e-06,3.911166466148066e-06,3.90677379915358e-06,3.9385203742637585e-06,3.894755693007417e-06,3.918726253513339e-06,3.7215925957681496e-06,3.710837267466367e-06,3.690017893584795e-06,3.7013636198746726e-06,3.6535204040909537e-06,3.6662515409202246e-06,5.597341907262048e-06,5.554463642365019e-06,5.563911276355412e-06,5.508690022722018e-06,5.515327566836402e-06,6.831511186891674e-06,6.827341676744051e-06,6.7504280963523285e-06,6.747944388795641e-06,6.57373210586098e-06,6.517249486496105e-06,6.5200385742948215e-06,8.788327335417187e-06,LC_V24_H3p5_T8,8.788327335417187e-06
26,"(26, 1)",76,2,single,,Y,1.0367197303579425e-06,2.9966084948363504e-07,2.9970249310023434e-07,2.988015237184687e-07,2.984717529943896e-07,2.98823450293543e-07,5.962310929485821e-07,5.937903107310333e-07,6.117078306088051e-07,5.953210778781069e-07,5.921514375013059e-07,6.029614374806536e-07,5.95638149174195e-07,8.977968779152713e-07,8.93324416556064e-07,9.144900826487902e-07,9.000138879785709e-07,8.859746047408789e-07,8.977887678252097e-07,8.867851478327164e-07,1.4901766245166565e-06,1.4874256270252243e-06,1.506982844829593e-06,1.494740238617652e-06,1.5112787024875391e-06,1.4874162703549645e-06,1.5097454840628297e-06,1.4942930775464131e-06,4.801545284604199e-06,4.790123888543e-06,4.802836876295238e-06,4.771198169829255e-06,4.76637145629227e-06,4.720892854422288e-06,4.6885134184861514e-06,6.902446187656072e-06,6.887294228308483e-06,6.861227586139135e-06,6.843661984542516e-06,6.787783186670206e-06,6.777380254889614e-06,6.724113931582398e-06,9.095875557982788e-06,9.08025931873092e-06,9.053094377258807e-06,9.03293359194137e-06,8.973926754268706e-06,8.965771052109239e-06,8.905657289072505e-06,8.888081641013362e-06,1.0349458134176771e-05,1.0232932774178318e-05,1.0110020675200263e-05,1.0043925979353535e-05,9.963841349413872e-06,9.906667937413429e-06,1.6812233964724877e-05,1.6573292654265495e-05,1.6461470917036374e-05,1.6221680804473864e-05,1.6117306839763496e-05,2.1142942876935716e-05,2.0951711384956442e-05,2.060886539932008e-05,2.0435771302364425e-05,2.085864660726924e-05,2.0595308052285448e-05,2.045072167997271e-05,2.738082472421948e-05,LC_V24_H3p5_T8,2.738082472421948e-05
26,"(26, 0)",78,2,single,,K,8.08519154924039e-07,5.13136577122634e-08,5.07445800098151e-08,5.764691210397327e-08,5.500843186224547e-08,6.702720291758488e-08,1.0984336943389059e-07,1.0766158447114511e-07,1.3774013690884693e-07,1.2078940398809587e-07,1.1549079106732552e-07,1.4811418200267082e-07,1.352615008932963e-07,2.4433919928555104e-07,2.4157203336720316e-07,2.7327550681295896e-07,2.6108069040174224e-07,2.466179715950254e-07,2.8353344630642116e-07,2.6643631530299223e-07,3.075883230321023e-07,3.065789259285452e-07,3.168160713696479e-07,3.125403126603268e-07,3.460307356092589e-07,3.139167520461206e-07,3.7972938927607507e-07,3.4784167743678516e-07,2.2645593790977256e-06,2.260742033906888e-06,2.258153944878219e-06,2.247272389811522e-06,2.242733521495516e-06,2.2220534184019803e-06,2.202794457891196e-06,3.1429589807368798e-06,3.1438440368566103e-06,3.1264253672981463e-06,3.1277091920335226e-06,3.107401030318262e-06,3.116476612910875e-06,3.078711232677994e-06,4.558268907160034e-06,4.556797873735568e-06,4.534167091043296e-06,4.533223601643779e-06,4.4993660427317305e-06,4.504898669483439e-06,4.460223464942271e-06,4.4584754961567085e-06,5.118891680881117e-06,5.069339867710992e-06,5.016943386265931e-06,5.014704615813577e-06,4.968375146416956e-06,4.952676261764209e-06,8.025649142107774e-06,7.938081968585486e-06,7.920691111897207e-06,7.825118433063038e-06,7.838186807965601e-06,9.660220172095474e-06,9.644993063558036e-06,9.515551427899197e-06,9.492821481703138e-06,8.635624482342576e-06,8.54865134483827e-06,8.549163395584056e-06,1.1563394240931583e-05,LC_V24_H3p5_T8,1.1563394240931583e-05
26,"(26, 0)",78,2,single,,Y,1.2850238330937572e-06,1.4528335445693413e-07,1.4327076203668126e-07,1.562508743966743e-07,1.4972329836287817e-07,1.7507923913473025e-07,4.5904883656083495e-07,4.5282780565793564e-07,5.248214424894174e-07,4.806670595441872e-07,4.678067259008501e-07,5.400158787381086e-07,5.098494558710683e-07,1.3201903951616544e-06,1.3126149721366523e-06,1.379104369202548e-06,1.3469600993787868e-06,1.310617044044029e-06,1.3881575926507814e-06,1.3439140282089287e-06,1.7121637102107108e-06,1.7097470003741814e-06,1.719017050526661e-06,1.7087236562769043e-06,1.784524302184677e-06,1.7003307489495008e-06,1.858188064641393e-06,1.7764081126204383e-06,1.4963484950313441e-05,1.4938581929308492e-05,1.4839569023865243e-05,1.4781731161289275e-05,1.4634253024052645e-05,1.4397289084920022e-05,1.4328433473363893e-05,1.9241397947515175e-05,1.9101065587623175e-05,1.902143921873149e-05,1.884807798050813e-05,1.858893872825236e-05,1.8412494455530528e-05,1.831422032294294e-05,2.5130198321639084e-05,2.4915368709498494e-05,2.484515179888723e-05,2.4604164003367348e-05,2.427096935379796e-05,2.402724927767399e-05,2.3930037255194907e-05,2.367209388451145e-05,2.7323721964207594e-05,2.691003803679242e-05,2.6480418365438962e-05,2.621908068554637e-05,2.606832339651036e-05,2.5771307874083833e-05,4.401331395922912e-05,4.334638970553971e-05,4.2952855839544034e-05,4.227620144244064e-05,4.1924338173195305e-05,5.030116773942566e-05,4.9820619112639574e-05,4.893593902240436e-05,4.842869016714313e-05,4.455596454321268e-05,4.39000678117811e-05,4.34996454481032e-05,5.354566903210563e-05,LC_V24_H3p5_T8,5.354566903210563e-05
26,"(26, 1)",89,1,single,,K,6.517488612779964e-07,3.105662066601201e-07,3.107667676065608e-07,3.098812654178234e-07,3.1006645387997964e-07,3.1003293062754666e-07,4.97114511683306e-07,4.944998574315498e-07,5.131354193894831e-07,4.972604525897267e-07,4.944807561544491e-07,5.05048163090907e-07,4.987089792533594e-07,4.497716262324264e-07,4.4705523960602277e-07,4.646359136448255e-07,4.542507029722475e-07,4.4583922335391034e-07,4.554898893437202e-07,4.490684339640997e-07,5.769743878195673e-07,5.757352047060468e-07,5.867505435823611e-07,5.794400604973568e-07,5.889445587607173e-07,5.765345433151738e-07,5.882921259876966e-07,5.802393481850413e-07,1.272875271912688e-06,1.2677333914268022e-06,1.290607307881647e-06,1.274613008492405e-06,1.2888290133537681e-06,1.2818189630471353e-06,1.265706692283731e-06,2.652077480522745e-06,2.666928840670974e-06,2.6503465174897828e-06,2.6611472607845166e-06,2.6492605654177577e-06,2.6620095279733057e-06,2.634355709086083e-06,3.6879768891009558e-06,3.6939320798826434e-06,3.680440608454881e-06,3.6845995709292195e-06,3.668540224882941e-06,3.6772719133064836e-06,3.650433614898781e-06,3.6538197176550367e-06,3.813355528830712e-06,3.7935789286926563e-06,3.7684986891931403e-06,3.770786790994589e-06,3.7448023035969703e-06,3.7401596400884933e-06,5.606753538009173e-06,5.562040978554352e-06,5.549467727191303e-06,5.5000838232091845e-06,5.49047920574042e-06,6.939128305230897e-06,6.9069377466493755e-06,6.836745550796119e-06,6.812417709963584e-06,6.92297309993225e-06,6.86003802500717e-06,6.846362082778475e-06,9.495402435487239e-06,LC_V24_H3p5_T8,9.495402435487239e-06
26,"(26, 1)",89,1,single,,Y,1.227252400190609e-06,4.333241684892659e-07,4.334146436708895e-07,4.31390497368652e-07,4.315019443038465e-07,4.3058402116136164e-07,8.167503447555549e-07,8.129281016776223e-07,8.36865616249922e-07,8.148264537821433e-07,8.109312682848622e-07,8.233633147010585e-07,8.147868521131233e-07,1.005615019495632e-06,1.0010344542086605e-06,1.0225830758499815e-06,1.0067957915583164e-06,9.933431837980259e-07,1.002974996762763e-06,9.9298022579781e-07,1.5612425811715826e-06,1.5589046347825925e-06,1.5725445288798558e-06,1.5615401106204923e-06,1.571590721478765e-06,1.5532541753084895e-06,1.5664208156262957e-06,1.5548914490764836e-06,4.278752036781884e-06,4.26831615885493e-06,4.2873562459662615e-06,4.256723094523215e-06,4.2574097638626015e-06,4.219290555616301e-06,4.190997703659487e-06,7.165417058717944e-06,7.1617511318299056e-06,7.131806593845893e-06,7.1219626270357454e-06,7.0699322473366325e-06,7.061622454665976e-06,7.01244874754601e-06,9.72215249741213e-06,9.70599874280621e-06,9.675856493695005e-06,9.651849765900815e-06,9.588308114533201e-06,9.567566012602109e-06,9.520168833431189e-06,9.491683270931033e-06,1.1006514890001575e-05,1.0901304569398357e-05,1.079147882897676e-05,1.074240988258474e-05,1.0684667791747094e-05,1.0625394269669864e-05,1.737386747092995e-05,1.7162390151851275e-05,1.703887770680762e-05,1.6830227043342602e-05,1.6727023105672568e-05,2.1907229552274194e-05,2.1713305347168947e-05,2.1409464230030188e-05,2.1241126650417373e-05,2.2031217453811837e-05,2.1776420176467946e-05,2.1645733010074917e-05,2.9576235025992848e-05,LC_V24_H3p5_T8,2.9576235025992848e-05
26,"(26, 0)",95,1,single,,K,5.720657099097287e-07,6.066815856834881e-08,5.998563073519433e-08,6.20452490342646e-08,6.090336376238919e-08,6.42451189822469e-08,1.637195245009234e-07,1.6222923069091258e-07,1.7441338783942332e-07,1.6587540739417874e-07,1.6370810440286187e-07,1.737611963850884e-07,1.6914421036773434e-07,3.443110372833255e-07,3.4220126106947126e-07,3.5709578722172396e-07,3.5002306025318343e-07,3.417338609202971e-07,3.5418614150070923e-07,3.4711865588957734e-07,4.3909104118317523e-07,4.3670683248871895e-07,4.5458768149273347e-07,4.463341941696957e-07,4.6347890839219984e-07,4.4525080945472034e-07,4.697434148070632e-07,4.571885433842724e-07,2.639135486596006e-06,2.6327838868130697e-06,2.6430345157859224e-06,2.6241005753832782e-06,2.629551535331648e-06,2.60657273903104e-06,2.576595344777719e-06,3.71139490742984e-06,3.7197309532597643e-06,3.6938284280347236e-06,3.7020009708648137e-06,3.676673309377947e-06,3.6938139202248146e-06,3.6420879205849246e-06,5.308156041598896e-06,5.3131914231263215e-06,5.2789877541154676e-06,5.2807392126213135e-06,5.237127922471701e-06,5.246881058470952e-06,5.188054347742647e-06,5.188924756114857e-06,6.034348474489444e-06,5.9826898128112325e-06,5.92307060595972e-06,5.935770358184155e-06,5.875177940115489e-06,5.8594019202710035e-06,9.510946252929677e-06,9.415925197117648e-06,9.407508590841186e-06,9.297464807204642e-06,9.293600295399386e-06,1.1278731880554136e-05,1.1267535494724015e-05,1.111393237483242e-05,1.1094281517930087e-05,1.031632482055034e-05,1.0202771662434157e-05,1.020978128509052e-05,1.3516669218878153e-05,LC_V24_H3p5_T8,1.3516669218878153e-05
26,"(26, 0)",95,1,single,,Y,1.0213323795052851e-06,1.640682229348739e-07,1.627291484193608e-07,1.638309767351655e-07,1.620915728223179e-07,1.648745620981939e-07,5.45667306940987e-07,5.423537912615247e-07,5.62322747533404e-07,5.452499235758965e-07,5.416014202309384e-07,5.547256495188918e-07,5.46990109896034e-07,1.4065875681618663e-06,1.4022380696982855e-06,1.4170186239519173e-06,1.4029150065317007e-06,1.3874109617804935e-06,1.3957389046030776e-06,1.3829884489988614e-06,1.8433116017705584e-06,1.8381115160811884e-06,1.8636533743702746e-06,1.8467404361257778e-06,1.8668576444180406e-06,1.8328295036047284e-06,1.8642069692463132e-06,1.8421832388951168e-06,1.349664756833814e-05,1.3472215692457307e-05,1.3413890727315484e-05,1.335166333431351e-05,1.3252615983738958e-05,1.305874879879186e-05,1.2979229765015313e-05,1.7812927849744192e-05,1.7725730290040487e-05,1.7637489125915336e-05,1.7525184231778178e-05,1.7314248683140413e-05,1.720778609619041e-05,1.708353716870532e-05,2.3776156478080433e-05,2.362877616255703e-05,2.3539713079851517e-05,2.336731545960635e-05,2.307764121874822e-05,2.291048374092362e-05,2.2779626391116785e-05,2.259543778749779e-05,2.615163433109378e-05,2.5799008513361523e-05,2.5431896785369767e-05,2.5280387677906855e-05,2.5125140929052083e-05,2.489039056648801e-05,4.2207933194564406e-05,4.1638139816316975e-05,4.1313744659162657e-05,4.071945000014622e-05,4.040396434896821e-05,4.833493060879762e-05,4.7958580054627496e-05,4.717962955237091e-05,4.6781042207498e-05,4.3567298358308266e-05,4.297485407438216e-05,4.269034645964932e-05,5.312049020412692e-05,LC_V24_H3p5_T8,5.312049020412692e-05
27,"(27, 1)",92,2,single,,TY,5.021097755250519e-09,5.908949723952844e-10,5.893029054091593e-10,5.884291137668192e-10,5.859382820534467e-10,5.881646830377023e-10,1.345758130705066e-09,1.3329364156579324e-09,1.4035217207812937e-09,1.3381069351213695e-09,1.325790837505619e-09,1.3622010414337248e-09,1.3368949877857436e-09,4.011335753275813e-09,3.997935886142045e-09,3.985073537939992e-09,3.951712307736719e-09,3.913012786035259e-09,3.880985445132245e-09,3.852622075710269e-09,1.6526349926791572e-08,1.6502174057817053e-08,1.652554521422062e-08,1.6456521001439366e-08,1.6432884502129243e-08,1.6314103835665808e-08,1.6316383855909785e-08,1.624875405746484e-08,1.0483857144997041e-07,1.0464055495937155e-07,1.0390413033458735e-07,1.0343646920653255e-07,1.023358413339617e-07,1.007828173708771e-07,1.004907342811723e-07,1.700626050649156e-07,1.6850038086788548e-07,1.6781911660128825e-07,1.6609742843382836e-07,1.6339167676709247e-07,1.616900477097272e-07,1.6063954138399706e-07,2.9691530097980746e-07,2.9499561220329294e-07,2.93661421801814e-07,2.9137985224122116e-07,2.8744753869496773e-07,2.85049439562942e-07,2.834714685117751e-07,2.808456371485447e-07,4.5817385910972137e-07,4.488467590622605e-07,4.3976253543174413e-07,4.321120635323849e-07,4.3011119000911795e-07,4.238419909178593e-07,9.64530362610688e-07,9.436235152252281e-07,9.316615856979656e-07,9.115081757307121e-07,9.00336806900909e-07,1.4847361146054887e-06,1.464021409990958e-06,1.4303230024249362e-06,1.4093989162415582e-06,1.571828321419124e-06,1.5420650024921576e-06,1.5226126924647015e-06,2.370968627412672e-06,LC_V24_H3p5_T8,2.370968627412672e-06
27,"(27, 0)",94,2,single,,TY,4.518723031079372e-09,9.358069607272012e-10,9.28738375793807e-10,9.200399043096428e-10,9.109176389072582e-10,9.099839560207902e-10,4.776963893060569e-09,4.72086539163584e-09,4.982883882912425e-09,4.738214682638282e-09,4.689554990838348e-09,4.819513247859556e-09,4.728565158070201e-09,2.2950536996792507e-08,2.286356824550419e-08,2.2966660261655006e-08,2.26697043221843e-08,2.2367304409395937e-08,2.228080317336518e-08,2.2041007892031957e-08,4.502280966753435e-08,4.483389384108511e-08,4.550283461595287e-08,4.489788562999914e-08,4.5194686382654196e-08,4.4136971177805736e-08,4.4664622206528545e-08,4.403754108361959e-08,1.1368818531890946e-06,1.133660580227474e-06,1.1256275648432936e-06,1.1175635539583813e-06,1.1031439043844745e-06,1.0741844957896835e-06,1.062856067996895e-06,1.5838619167396788e-06,1.5660527250468694e-06,1.5546719837647903e-06,1.5321196008729279e-06,1.4986676906121984e-06,1.47615545591193e-06,1.4638687458315594e-06,2.46128269190765e-06,2.4288597124261665e-06,2.417752788231833e-06,2.3814999321604494e-06,2.33264459159156e-06,2.2969880923183186e-06,2.283181453911592e-06,2.246258716421261e-06,2.631871753495145e-06,2.569212150543603e-06,2.5049987776842115e-06,2.476929995919424e-06,2.45600451592538e-06,2.411896734932058e-06,5.588566751826543e-06,5.470769721998763e-06,5.392354284614518e-06,5.271711708451594e-06,5.193249593744778e-06,6.713248065967339e-06,6.620385912735284e-06,6.452511872774328e-06,6.353810541471599e-06,5.814636308413146e-06,5.693998685648385e-06,5.619776256195149e-06,7.120410194573375e-06,LC_V24_H3p5_T8,7.120410194573375e-06
29,"(29, 1)",58,2,single,,K,9.665072177679465e-09,2.1564683157068152e-09,2.165257529703668e-09,2.1646756158459767e-09,2.16970435397182e-09,2.1939591168534e-09,3.412475951346109e-09,3.39569392073256e-09,3.5746794499073807e-09,3.4503197800105358e-09,3.419495164143295e-09,3.5827299245281303e-09,3.5181048082553208e-09,4.0683880321953e-09,4.040619715212543e-09,4.25013482218649e-09,4.149496768941841e-09,4.0194494880608965e-09,4.209511271191112e-09,4.102353753274649e-09,9.86397253219847e-09,9.848035050199806e-09,1.001816592839823e-08,9.933993786879036e-09,1.0147307496830132e-08,9.927338353972814e-09,1.0263771286714895e-08,1.011601346132656e-08,5.830681338250008e-08,5.812575967055829e-08,5.862382687775885e-08,5.807633561976945e-08,5.861540642293619e-08,5.865850061807538e-08,5.787463926415412e-08,1.505089499265315e-07,1.5058118095317905e-07,1.4962359582048032e-07,1.5002735687788288e-07,1.4996072971725773e-07,1.5136602807121263e-07,1.5019785704598925e-07,2.543195786338364e-07,2.54819057133414e-07,2.5372537900048863e-07,2.5433509897797073e-07,2.538991745888003e-07,2.558342031114549e-07,2.5361590834247336e-07,2.56115366540158e-07,2.971187991835204e-07,2.923877964137038e-07,2.8882185481209545e-07,2.8459212145763687e-07,2.8207113442577527e-07,2.810133079604909e-07,5.157667287979929e-07,5.090183265378128e-07,5.076316239992944e-07,5.013756623098146e-07,5.01546846542604e-07,7.211685246926969e-07,7.154236498276731e-07,7.027163029636568e-07,6.993660519308984e-07,7.014304521430806e-07,6.936303463923933e-07,6.896717083050317e-07,1.0705987455622602e-06,LC_V24_H3p5_T8,1.0705987455622602e-06
29,"(29, 1)",58,2,single,,Y,3.349288481557587e-08,2.555987396616668e-09,2.5567148937300585e-09,2.543262300464301e-09,2.53844778162921e-09,2.5449838969849966e-09,8.4417382723895e-09,8.391869261196504e-09,8.603723692498888e-09,8.349243933588237e-09,8.29183913680463e-09,8.406995734738926e-09,8.28883003436512e-09,2.2809555390921614e-08,2.270151855383453e-08,2.285793899883117e-08,2.2533253284847693e-08,2.215922105711032e-08,2.229738194931907e-08,2.1995026603027085e-08,7.502112130225943e-08,7.496686990599012e-08,7.46522275930286e-08,7.437905836283481e-08,7.404831174985548e-08,7.358886441676473e-08,7.341986040388177e-08,7.310595596793195e-08,4.993021706148054e-07,4.980746863298244e-07,4.950726399705381e-07,4.921495183368341e-07,4.871188903822264e-07,4.785539068640779e-07,4.756004772478413e-07,8.959348911603101e-07,8.868366419998855e-07,8.835687397552254e-07,8.745873346135529e-07,8.612106453521322e-07,8.535263712163618e-07,8.47532385754652e-07,1.4184275716700757e-06,1.4051659923733603e-06,1.4003767521569854e-06,1.3861716807520737e-06,1.3662011920597976e-06,1.3540310169993245e-06,1.34517812416111e-06,1.3322386436038763e-06,2.045017687570963e-06,2.001454628358259e-06,1.961265933942137e-06,1.926179227825126e-06,1.9115066764483107e-06,1.8840018840971788e-06,4.328109804444369e-06,4.225606528558765e-06,4.160007755048954e-06,4.0592562300507695e-06,4.001252119389895e-06,6.508143918655278e-06,6.376608740084708e-06,6.219255820691594e-06,6.105179636134341e-06,6.874040457578099e-06,6.73403747253443e-06,6.622451901626662e-06,1.0323934721115188e-05,LC_V24_H3p5_T8,1.0323934721115188e-05
29,"(29, 0)",66,2,single,,K,3.518334411167772e-08,3.303139028462407e-10,3.293165935662332e-10,4.5584106167867503e-10,4.3727435120428235e-10,7.381929292179788e-10,8.430957293749954e-10,8.412882359507716e-10,1.0623606651104747e-09,1.032537204966237e-09,1.0236409509224037e-09,1.5493060434428337e-09,1.4104603788843397e-09,3.1831900343766643e-09,3.1866127940100197e-09,3.829096405685845e-09,3.772293358125895e-09,3.5886649940505074e-09,4.899688525543929e-09,4.59634662915018e-09,3.771937299942572e-09,3.707833825729222e-09,5.600123299790428e-09,5.117596714379111e-09,8.443870775881095e-09,6.297920186253875e-09,1.2127136162915103e-08,9.879627449857645e-09,1.2559192146597822e-07,1.2525706057170415e-07,1.2628109517443184e-07,1.2572381281896937e-07,1.2893021262296304e-07,1.3376118913914623e-07,1.315963604808984e-07,1.9982440790855731e-07,2.0120032689228758e-07,2.002264759495232e-07,2.0508682858511903e-07,2.1326317255270314e-07,2.284502755870362e-07,2.241805909439589e-07,2.9240425065735004e-07,2.946978291225909e-07,2.9362908795829346e-07,3.025939072040409e-07,3.142358096498613e-07,3.4228285511103e-07,3.2930168453752614e-07,3.627982771438577e-07,3.5334278527160917e-07,3.5829742138128605e-07,3.69393123650028e-07,4.053923713793591e-07,3.8570253355714894e-07,4.269488227966166e-07,7.999864556746939e-07,8.097565099955751e-07,8.493739088367751e-07,8.710336748973681e-07,9.40632476079755e-07,1.0599926395202325e-06,1.103580408509978e-06,1.1260563752484095e-06,1.207380091294033e-06,9.592579792351357e-07,9.989586073025673e-07,1.1126951472076667e-06,1.6137844516397394e-06,LC_V24_H3p5_T8,1.6137844516397394e-06
29,"(29, 0)",66,2,single,,Y,5.554901029055316e-07,3.435722404437696e-09,3.437917314816349e-09,6.255519857233516e-09,5.793005338287277e-09,1.2974836165074351e-08,1.540172037235791e-08,1.5224968983125614e-08,2.3259169833768832e-08,2.167735597303309e-08,2.081791631247135e-08,3.825879381100727e-08,3.408515667626504e-08,7.699112408145705e-08,7.6866660064092e-08,9.912605576081382e-08,9.792740884246351e-08,9.104319729398232e-08,1.3507283553548498e-07,1.2515012476403391e-07,1.1236961813578155e-07,1.1123879237147544e-07,1.5270458639841743e-07,1.457117577805437e-07,2.2330705218912671e-07,1.8417994651749516e-07,3.215554655266145e-07,2.777989236344987e-07,3.456229714979898e-06,3.446277950406462e-06,3.5390316025591552e-06,3.5185767559776036e-06,3.7107018879531794e-06,3.942941189640583e-06,3.820833697868707e-06,5.0486006740372e-06,5.185382062959533e-06,5.133038001857541e-06,5.4073530618748054e-06,5.734283585244273e-06,6.367303635129603e-06,6.128969837013116e-06,7.130058083894738e-06,7.305984900653663e-06,7.251221563010336e-06,7.6145040289026046e-06,8.008564246377867e-06,8.884816542560302e-06,8.461879923690073e-06,9.493273393221985e-06,8.787773307708691e-06,9.103697775436585e-06,9.535195011509444e-06,1.0607277501777176e-05,1.0058851057754871e-05,1.1194238191407023e-05,1.9738209210526917e-05,2.0140176897027124e-05,2.131782403250576e-05,2.1967135241820894e-05,2.3887078549300745e-05,2.5195449591694198e-05,2.6414946399421083e-05,2.7004850843367324e-05,2.8958162177501313e-05,2.3308167673113933e-05,2.4266746030390233e-05,2.6632947729874693e-05,3.3876954831488173e-05,LC_V24_H3p5_T8,3.3876954831488173e-05
29,"(29, 1)",75,1,single,,K,2.8030257793513186e-08,7.417250708652993e-10,7.410303137113454e-10,7.625899069700934e-10,7.541058944910146e-10,8.798828987037898e-10,1.021467885610164e-09,1.0095327270096861e-09,1.1096725322268594e-09,1.042727879524395e-09,1.0256355903026294e-09,1.273885639310144e-09,1.118843249830721e-09,1.1312939363058367e-09,1.1210492974911502e-09,1.2053224577601952e-09,1.1682032888323811e-09,1.1443186206026551e-09,1.3525422348603708e-09,1.2213107762697175e-09,2.769377023372944e-09,2.7654946601180815e-09,2.85235974303065e-09,2.8028104878423747e-09,3.1689434192448606e-09,2.8634296113448555e-09,4.8833251825497424e-09,3.734598767810272e-09,1.4693131241233678e-08,1.4619814495099823e-08,1.5242169429773658e-08,1.5063692568420543e-08,1.5701073695144544e-08,1.6112238347708552e-08,1.553619386008427e-08,3.853803369453866e-08,3.900555530441163e-08,3.874573334533064e-08,3.9351933265388845e-08,3.9836794519330255e-08,4.1007843002785414e-08,4.03113950818571e-08,7.528038559539458e-08,7.525475745512128e-08,7.46864867433103e-08,7.489413222909303e-08,7.515858469882815e-08,7.639810659120437e-08,7.536594893025422e-08,7.659843572489717e-08,7.473020677510991e-08,7.51773439069879e-08,7.572708121523011e-08,7.706044919160109e-08,7.603302902748533e-08,7.749362398236371e-08,1.317438043668807e-07,1.3150714880485113e-07,1.3361852372436354e-07,1.338845542125896e-07,1.4165869079844978e-07,1.7898513409246317e-07,1.8052516585759696e-07,1.7991503776377605e-07,1.8246766898734586e-07,1.664828030156435e-07,1.6601462818552403e-07,1.7372390971180926e-07,2.7885058042841494e-07,LC_V24_H3p5_T8,2.7885058042841494e-07
29,"(29, 1)",75,1,single,,Y,2.8030257793513186e-08,7.678435929942203e-10,7.614979541677633e-10,7.780580102661131e-10,7.65836396305665e-10,8.470176020828762e-10,2.7071304813921495e-09,2.6815130049115382e-09,2.8325065512662223e-09,2.7005950226983795e-09,2.6729089228689645e-09,2.812757011492479e-09,2.731081187910865e-09,7.9895950290314e-09,7.96245643943744e-09,8.1277716958644e-09,8.001379675806871e-09,7.880288752293354e-09,8.039807591659332e-09,7.922861361354662e-09,2.6108999863950153e-08,2.6009287380446304e-08,2.634461858237346e-08,2.6114657236657507e-08,2.6421171186159545e-08,2.593249453618918e-08,2.65593207268104e-08,2.6184264552070048e-08,1.7320532939102823e-07,1.7303607483877532e-07,1.731959204163673e-07,1.72554101161216e-07,1.730093852217012e-07,1.7234541861446166e-07,1.7040224604030703e-07,3.0333936561694776e-07,3.00711950579249e-07,3.000175317668038e-07,2.981929407360393e-07,2.961913499869496e-07,2.9603129148357054e-07,2.9415412777081455e-07,5.203676999665985e-07,5.179618435670524e-07,5.160092872140165e-07,5.147175287490127e-07,5.126143305970598e-07,5.134109236074834e-07,5.099094223845839e-07,5.108287330391894e-07,7.183731460983556e-07,7.068834014356842e-07,6.964196192970218e-07,6.934671292234717e-07,6.86747759444194e-07,6.835854493950598e-07,1.5248382551410826e-06,1.4920853035003492e-06,1.480408365696429e-06,1.4508916571262878e-06,1.4467500828186887e-06,2.3262022747683667e-06,2.304945274725752e-06,2.2621821822685485e-06,2.249564789307829e-06,2.3574411975535914e-06,2.3151608786011673e-06,2.2935989156201195e-06,3.7326443649666014e-06,LC_V24_H3p5_T8,3.7326443649666014e-06
29,"(29, 0)",83,1,single,,K,6.035760995887522e-09,2.924625717740857e-10,2.781306487992674e-10,3.1892934151209036e-10,2.941736695941466e-10,3.539134919978528e-10,7.331583967109644e-10,7.005969386528621e-10,1.0239271995614348e-09,7.838681410227915e-10,7.324688112219079e-10,9.789068533754475e-10,8.509669591007232e-10,1.8273675301232903e-09,1.7601151983890865e-09,2.3966230996577413e-09,2.1003277818242434e-09,1.8067226859717087e-09,2.2990243761267155e-09,2.0361888754972603e-09,2.9712722777695423e-09,2.8933040930013816e-09,3.7005872845269335e-09,3.3373445409089126e-09,4.18509476477454e-09,3.3000853949845497e-09,4.440962951786821e-09,3.790635614717984e-09,5.314103739413581e-08,5.251718327768783e-08,5.6064994317052576e-08,5.389712237571641e-08,5.6891157350394035e-08,5.641781003829767e-08,5.3142262714625397e-08,9.477381546412727e-08,9.95289457004508e-08,9.597996621400045e-08,1.006464867241542e-07,1.0003832490082331e-07,1.0603177886316388e-07,9.82372151948691e-08,1.5812848201257913e-07,1.6424806374500073e-07,1.5972874925069544e-07,1.6653086420543456e-07,1.6581594221804948e-07,1.744321452202117e-07,1.63171503470994e-07,1.6967260458084152e-07,1.9625045194744288e-07,1.9786474892560594e-07,1.9575532073182894e-07,2.0400705325844687e-07,1.9031891469486602e-07,1.96971090042347e-07,3.9880110312809936e-07,3.935413926609084e-07,4.0697512328721373e-07,3.9480026293160025e-07,4.072598685155329e-07,5.377501287049557e-07,5.527563775638644e-07,5.356993256540469e-07,5.492319898871503e-07,4.569454064719415e-07,4.465753097427418e-07,4.583009497455695e-07,6.505685795863757e-07,LC_V24_H3p5_T8,6.505685795863757e-07
29,"(29, 0)",83,1,single,,Y,2.8578912086902992e-08,2.1510422708293094e-09,2.0619338656710175e-09,2.336796520582384e-09,2.1772568393584656e-09,2.5972018479696623e-09,9.586227609770954e-09,9.249409266029524e-09,1.2357604277737516e-08,1.0080128897560121e-08,9.574594163921084e-09,1.2022202595289772e-08,1.0786169938126967e-08,3.475322108768881e-08,3.3945294637301884e-08,4.0976924721907784e-08,3.791126623275154e-08,3.4472036820721335e-08,4.0342433807492054e-08,3.730648040773525e-08,6.154232761266407e-08,6.060784520749761e-08,6.977908806112366e-08,6.579905809436064e-08,7.534174423145622e-08,6.543108798297012e-08,7.862214558859677e-08,7.1445751498072e-08,1.290167235254253e-06,1.2815531244055854e-06,1.3152722578821452e-06,1.2875760794010304e-06,1.314548514447055e-06,1.2949255369313523e-06,1.2466477029760493e-06,1.9806288925786615e-06,2.0232765808329882e-06,1.975731632623584e-06,2.015867960239367e-06,1.992508637653742e-06,2.0484869781737887e-06,1.954430460149745e-06,3.0729802023892087e-06,3.109930630231862e-06,3.054277696803327e-06,3.10551024616667e-06,3.0707271237822827e-06,3.147802289881649e-06,3.0167144469352827e-06,3.071881905352875e-06,3.7589360381266143e-06,3.7365834154244127e-06,3.671580118972016e-06,3.7312691021159233e-06,3.5639362212378548e-06,3.612321569691573e-06,8.067251425697367e-06,7.925319988753318e-06,8.013256313097677e-06,7.797892451061828e-06,7.881475476422818e-06,1.0350342611123433e-05,1.0403318989358606e-05,1.0085457640905807e-05,1.0149882717234674e-05,9.077520162574043e-06,8.900950735890757e-06,8.981862345431756e-06,1.1951494968168038e-05,LC_V24_H3p5_T8,1.1951494968168038e-05
30,"(30, 1)",74,2,single,,K,7.784182088997257e-07,3.5798412440287344e-07,3.5768509026720687e-07,3.5830954252793707e-07,3.5768591351241276e-07,3.5986389111285737e-07,5.524057987929221e-07,5.490741184526116e-07,5.758060994495534e-07,5.54403283440978e-07,5.502416948001143e-07,5.673933092647394e-07,5.579831374924715e-07,4.768428573825097e-07,4.7309654706624697e-07,5.001340200203844e-07,4.856423499842881e-07,4.730786274873263e-07,4.901438624074241e-07,4.80153149965662e-07,6.273180999544029e-07,6.254277372631219e-07,6.423453981935271e-07,6.332938375196941e-07,6.494035777164634e-07,6.30935946760299e-07,6.520193162216242e-07,6.393821135951835e-07,1.3713074445205553e-06,1.3647360035074632e-06,1.4018244514465955e-06,1.3813313292155178e-06,1.409051719749053e-06,1.4072617442412545e-06,1.3834352531019066e-06,2.8711764465349564e-06,2.89970055646847e-06,2.8748275900383184e-06,2.90116479365183e-06,2.8933966816656356e-06,2.9244711371773153e-06,2.881552190815505e-06,4.029467352496302e-06,4.052236336141603e-06,4.033054887970203e-06,4.0563916418072295e-06,4.051005810387046e-06,4.083779359549187e-06,4.039876747144876e-06,4.065943396506346e-06,4.07738736855332e-06,4.0638773101973665e-06,4.042288712455333e-06,4.076581126817425e-06,4.032941971206682e-06,4.047245133111576e-06,5.95226937467816e-06,5.930043366969551e-06,5.9586234317552374e-06,5.917689865399206e-06,5.949577128879612e-06,7.401407034630944e-06,7.4156714587333234e-06,7.356617009402099e-06,7.375549197035118e-06,7.450470270455358e-06,7.387620039843239e-06,7.4050350279384e-06,9.847952172523882e-06,LC_V24_H3p5_T8,9.847952172523882e-06
30,"(30, 1)",74,2,single,,Y,1.090325609689373e-06,3.157143919571853e-07,3.1505173763859323e-07,3.148540781596946e-07,3.1378247610214066e-07,3.1496049985263784e-07,6.560385444319951e-07,6.525941191533523e-07,6.748486158509176e-07,6.549503123217501e-07,6.510643378434031e-07,6.640934513169044e-07,6.555946973156514e-07,9.112755536190109e-07,9.068878044167995e-07,9.286519280780948e-07,9.132368405346373e-07,8.992386290942209e-07,9.104758881809646e-07,8.996005801025565e-07,1.5976240639827434e-06,1.5955063055532503e-06,1.6084241587859463e-06,1.5982431946627802e-06,1.6093086888528757e-06,1.5897207848865642e-06,1.605593770489028e-06,1.5927009654277862e-06,4.5226656718760205e-06,4.512928896444111e-06,4.5260944699477756e-06,4.498649551897278e-06,4.497160383740114e-06,4.459608693087321e-06,4.431763504400121e-06,7.132510049345617e-06,7.120097949247132e-06,7.092209443539704e-06,7.078391967313336e-06,7.02404072302908e-06,7.017706451425401e-06,6.964360079935832e-06,9.586265830795564e-06,9.56503357433452e-06,9.534067395807907e-06,9.510796923393065e-06,9.44445316488461e-06,9.430065592949564e-06,9.372218825336518e-06,9.350596228674134e-06,1.1246536856859368e-05,1.1132237292214276e-05,1.1017065611153873e-05,1.1002674289555583e-05,1.0935078780624969e-05,1.0880732246675034e-05,1.7971462490303248e-05,1.7772697459597084e-05,1.7678476362949743e-05,1.746395541263868e-05,1.7390053526993613e-05,2.295008239885966e-05,2.2765189541104898e-05,2.2455282906288976e-05,2.2300635519857876e-05,2.3630865087663138e-05,2.336206335413109e-05,2.3225830079148682e-05,3.0671757037090525e-05,LC_V24_H3p5_T8,3.0671757037090525e-05
30,"(30, 0)",82,2,single,,K,9.301413852539129e-07,6.439291178560859e-08,6.247256121307691e-08,7.20421315193346e-08,6.78180805419521e-08,8.242072552971688e-08,8.255015187866911e-08,8.037137085421132e-08,1.0926263238991767e-07,9.152580349128597e-08,8.644538536154949e-08,1.1683867859139479e-07,1.0452867973492163e-07,2.0730590759689096e-07,2.0628213715222203e-07,2.295023985892744e-07,2.16977598304685e-07,2.0558187930445816e-07,2.366713525676329e-07,2.2072764174104942e-07,3.037325619467584e-07,3.0281288133166985e-07,3.12763374364884e-07,3.0929729877325885e-07,3.210508013482126e-07,3.1043145217354464e-07,3.324250349825579e-07,3.196066496177834e-07,1.8091277667530996e-06,1.8054296447427321e-06,1.8095413721668868e-06,1.798822385591179e-06,1.8010080340568362e-06,1.7879779531054343e-06,1.7706382394028022e-06,2.7161767977562924e-06,2.7244384416947408e-06,2.7037945312043357e-06,2.710433620687743e-06,2.6918434544832603e-06,2.705118589702909e-06,2.668090215814239e-06,3.987171823361688e-06,3.998979834933008e-06,3.970803218398735e-06,3.97991579685136e-06,3.949249777002679e-06,3.960491217875129e-06,3.9129742087882346e-06,3.916430713788803e-06,4.741165368282024e-06,4.69894613092128e-06,4.64936083926588e-06,4.64076014392218e-06,4.5901166653076365e-06,4.578599047790404e-06,7.139390323942914e-06,7.0691696201902516e-06,7.07281260616536e-06,6.993263351862716e-06,7.0022929680574455e-06,9.163639631790644e-06,9.178299818910991e-06,9.074180685107753e-06,9.076764171355837e-06,8.503641867999191e-06,8.412998542402042e-06,8.416731276353037e-06,1.1560518305012942e-05,LC_V24_H3p5_T8,1.1560518305012942e-05
30,"(30, 0)",82,2,single,,Y,1.427958326450553e-06,1.7015250763438907e-07,1.6580863136016406e-07,1.8516579758811886e-07,1.75699621699608e-07,2.0573367526159198e-07,4.160143430587343e-07,4.078178765217445e-07,4.876548205200599e-07,4.3621052568594916e-07,4.2209370090793813e-07,4.963163537408724e-07,4.642653011492757e-07,1.1826971982644637e-06,1.1802805574601789e-06,1.2317240531997525e-06,1.1959341957315668e-06,1.161164800888298e-06,1.232798812610286e-06,1.1901069201219725e-06,1.738202607561458e-06,1.7351378746714147e-06,1.7447910841764055e-06,1.7353492178206687e-06,1.7431714888960726e-06,1.721208895620147e-06,1.7545989204420697e-06,1.7223837118160075e-06,1.1985286539266323e-05,1.1969920299152421e-05,1.1869279039492009e-05,1.1830159243167418e-05,1.1699851405958884e-05,1.1508373985449909e-05,1.1461731761687678e-05,1.6331292766849714e-05,1.6215510279612764e-05,1.6135794166005616e-05,1.5984632264718247e-05,1.5750617384756152e-05,1.559486287921566e-05,1.5504168502135777e-05,2.1356348040943295e-05,2.116577753000772e-05,2.1098765684574494e-05,2.0884265897094587e-05,2.0582448648976216e-05,2.0366761402846152e-05,2.027714044445046e-05,2.004860866730229e-05,2.451239155122566e-05,2.412986095063386e-05,2.3738469214018407e-05,2.345742774070232e-05,2.3339092073112546e-05,2.3055984997271564e-05,3.836751379791511e-05,3.777262385904316e-05,3.738270769492569e-05,3.6784914684103604e-05,3.639086844291811e-05,4.547643605145753e-05,4.500804618805964e-05,4.423184550501188e-05,4.376394123450123e-05,4.203134117540642e-05,4.139699523247455e-05,4.100290693649787e-05,5.134074575100864e-05,LC_V24_H3p5_T8,5.134074575100864e-05
30,"(30, 1)",91,1,single,,K,7.620822596415217e-07,2.799715400248744e-07,2.7861947538806745e-07,2.798684610509704e-07,2.784500076364663e-07,2.807871717530771e-07,3.965344760717693e-07,3.9378785851959933e-07,4.1292425416011315e-07,3.968831160227552e-07,3.9401522688377223e-07,4.0492171811132553e-07,3.9854781139180163e-07,3.666619414432978e-07,3.6349950159805855e-07,3.8276649634169137e-07,3.715815140315974e-07,3.6238442176543423e-07,3.730110628812355e-07,3.660335692439973e-07,4.6756355884930774e-07,4.65817316773762e-07,4.797136699296255e-07,4.7142241693792027e-07,4.825690486876451e-07,4.6798528255934925e-07,4.8165603639385e-07,4.7261331978099515e-07,1.134425108547142e-06,1.1290717892574385e-06,1.152119435474806e-06,1.1358291934021002e-06,1.1499347899620605e-06,1.142031648987e-06,1.126094272996561e-06,2.310219403880445e-06,2.3244052579578287e-06,2.3082937048153857e-06,2.3191956771442523e-06,2.3079577240363395e-06,2.3188094113182062e-06,2.2937432971489745e-06,3.3998456948525636e-06,3.409547829197e-06,3.3952330916960616e-06,3.40206347430311e-06,3.387129621198189e-06,3.3955045235635233e-06,3.369828022910801e-06,3.371928848037896e-06,3.3325339205737374e-06,3.310995394358571e-06,3.2827956815354176e-06,3.285669932296968e-06,3.2512449109717924e-06,3.2499075803263376e-06,4.867513909825903e-06,4.823873621889432e-06,4.825529732982689e-06,4.772985293275141e-06,4.771063626326502e-06,6.064249741884042e-06,6.055448616877482e-06,5.980994320048634e-06,5.966743226407495e-06,5.912901170378097e-06,5.850301507254089e-06,5.836890659167797e-06,7.978052168244726e-06,LC_V24_H3p5_T8,7.978052168244726e-06
30,"(30, 1)",91,1,single,,Y,1.4146760960384732e-06,3.715147925212171e-07,3.687841628199806e-07,3.706372866167233e-07,3.6783787776353765e-07,3.713446345712312e-07,6.230958163764521e-07,6.190843392387353e-07,6.434886247452985e-07,6.216229121318405e-07,6.174945256108044e-07,6.307008730256263e-07,6.219715740992572e-07,8.442022049585036e-07,8.390474172234941e-07,8.629962794547725e-07,8.463911957711761e-07,8.316487528683761e-07,8.429318512082469e-07,8.320572639468884e-07,1.333530560881637e-06,1.3305615424640036e-06,1.3491213312641342e-06,1.3362918175780728e-06,1.3499485212874986e-06,1.3275435454104515e-06,1.345248053359716e-06,1.3316316524087056e-06,3.851277324549484e-06,3.842137532976404e-06,3.856269247739513e-06,3.829056133508987e-06,3.827665907492822e-06,3.7916115401743954e-06,3.766430300428462e-06,6.395756323205077e-06,6.39049807804359e-06,6.361503280489453e-06,6.3512565660285694e-06,6.300451605468012e-06,6.29252776719698e-06,6.244035343635454e-06,8.917085381901406e-06,8.904800212906637e-06,8.875357797416243e-06,8.853320501975904e-06,8.790604995776647e-06,8.77033146754886e-06,8.724491356530897e-06,8.69535482529186e-06,1.0042767730752921e-05,9.931491264977039e-06,9.812938344000735e-06,9.757964496098385e-06,9.68516217805553e-06,9.629973855737118e-06,1.5510737884249056e-05,1.531237294776364e-05,1.5229981180235509e-05,1.5022296329919722e-05,1.4946693960947018e-05,1.9720773222465877e-05,1.9579758728269916e-05,1.9277624691904242e-05,1.913407338649486e-05,1.9746054641617003e-05,1.9490277536479124e-05,1.935186469844177e-05,2.6187503569417185e-05,LC_V24_H3p5_T8,2.6187503569417185e-05
30,"(30, 0)",99,1,single,,K,6.427401440193259e-07,7.59441899338414e-08,7.47651017950954e-08,7.753604981138127e-08,7.584855509012366e-08,8.00804099323712e-08,1.2909765079784864e-07,1.2768827030570806e-07,1.3951823879972182e-07,1.314446512066732e-07,1.2937916432900662e-07,1.3921163552066932e-07,1.3481757132243579e-07,2.611970100315102e-07,2.594761937830192e-07,2.7172780139641997e-07,2.652476980366117e-07,2.5848626954912336e-07,2.6851848804057367e-07,2.6252151788970074e-07,3.515001796361835e-07,3.4958671173051973e-07,3.6493926352606713e-07,3.5788355442561066e-07,3.731371047859864e-07,3.5681225145308104e-07,3.7855209770133353e-07,3.671605716262296e-07,2.0621602997074716e-06,2.0569104514470306e-06,2.0670736099837677e-06,2.0505435445454673e-06,2.0561680498852904e-06,2.0382332793176475e-06,2.0137715848790774e-06,3.098968596828965e-06,3.1069352055078657e-06,3.0837954625178152e-06,3.0902654931342174e-06,3.066239934071783e-06,3.0798205121518883e-06,3.0328532184864202e-06,4.436550800471514e-06,4.448197377996388e-06,4.412982722783925e-06,4.4208012015706195e-06,4.382121379803544e-06,4.395040755294958e-06,4.337720993359752e-06,4.3413868991524325e-06,5.042017603309315e-06,4.989416538322017e-06,4.929662919196767e-06,4.918214145282098e-06,4.8610191585252536e-06,4.847344781864405e-06,7.71769552146798e-06,7.627297770814387e-06,7.6202375671138e-06,7.519324369641051e-06,7.5168039584016325e-06,9.610581458101487e-06,9.605492278098924e-06,9.461510153597754e-06,9.450248063737985e-06,8.698005459043122e-06,8.586421222989049e-06,8.588784214562793e-06,1.1290191899805415e-05,LC_V24_H3p5_T8,1.1290191899805415e-05
30,"(30, 0)",99,1,single,,Y,1.1314867893511033e-06,2.0158738028003973e-07,1.9921428713744815e-07,2.0136740574916178e-07,1.9857187481690833e-07,2.0272431575827587e-07,4.827410226829577e-07,4.794145675557672e-07,4.995961407858341e-07,4.826890475163965e-07,4.789301858036296e-07,4.923346675174604e-07,4.847623304574199e-07,1.162648892597728e-06,1.1591385990773851e-06,1.1690060943149832e-06,1.1561487613839801e-06,1.1432752502369288e-06,1.1465882058777233e-06,1.1359437589851005e-06,1.6318323540467414e-06,1.6273167693792444e-06,1.6498472082327238e-06,1.6344854352391225e-06,1.65230924724452e-06,1.6214866789960354e-06,1.648661049635017e-06,1.628652236814168e-06,1.0692321588568172e-05,1.0674116825939257e-05,1.0620298216387887e-05,1.0568591595548778e-05,1.0484497292313917e-05,1.0325108795842358e-05,1.0263559638044638e-05,1.4866822669958653e-05,1.479216796959099e-05,1.471073778960881e-05,1.4609452545039813e-05,1.441502784272045e-05,1.4319240161668928e-05,1.4201061635755165e-05,1.9732999744229998e-05,1.962100287915417e-05,1.953053158708083e-05,1.9392827372850445e-05,1.9136552002016373e-05,1.8999891619282708e-05,1.8870967559331043e-05,1.8714400713597795e-05,2.22456614868817e-05,2.1913366562239674e-05,2.1567658991401062e-05,2.138108626709072e-05,2.1234166268275048e-05,2.1018420487370235e-05,3.497659519679127e-05,3.445723605373206e-05,3.417687167177986e-05,3.364000125199383e-05,3.334787058913741e-05,4.1767874963000525e-05,4.144888297194821e-05,4.0717571227817634e-05,4.038924392824055e-05,3.772461026064474e-05,3.7153727840950604e-05,3.6856174226481414e-05,4.5861107871412344e-05,LC_V24_H3p5_T8,4.5861107871412344e-05
31,"(31, 1)",90,2,single,,TY,4.474723968887415e-09,9.198791190715461e-10,9.23562154290659e-10,9.148541589689027e-10,9.178987904749829e-10,9.10970213354533e-10,1.775754348768722e-09,1.7618717100397477e-09,1.8379585218244022e-09,1.765686325499384e-09,1.7521426888333822e-09,1.7901875937300936e-09,1.7620322657473658e-09,4.592272029733858e-09,4.579486401544746e-09,4.551539668404089e-09,4.518901770282777e-09,4.4809939190089226e-09,4.434590846702609e-09,4.4066441366021185e-09,1.7261095721470062e-08,1.7257893112882582e-08,1.718339381432358e-08,1.7156088484904177e-08,1.7078355680007913e-08,1.7044446984183543e-08,1.6971557921078697e-08,1.6951018049528657e-08,1.134506345795787e-07,1.1323572230013814e-07,1.1239565857058061e-07,1.1188572985845358e-07,1.1064971675640114e-07,1.0894612242366463e-07,1.0862456491392018e-07,1.8403559525935972e-07,1.8196770956663805e-07,1.8138771877405557e-07,1.792550154440131e-07,1.7626402629701055e-07,1.7424621161463917e-07,1.7330013112467152e-07,3.1282415946097695e-07,3.108940357042957e-07,3.0963430634362025e-07,3.073962721766438e-07,3.0354343081736157e-07,3.0117443174497487e-07,2.9955378242752174e-07,2.969718789335262e-07,4.587902330114398e-07,4.49875552074646e-07,4.420274080631271e-07,4.366759301889173e-07,4.342075507049494e-07,4.286392436401519e-07,1.0419694896918537e-06,1.0196040798157014e-06,1.0051725529539195e-06,9.837393722359507e-07,9.70914561233618e-07,1.5804193495144666e-06,1.5558413023541478e-06,1.5214590353250238e-06,1.498284797963371e-06,1.6389504823677904e-06,1.6084450386104889e-06,1.5901653291836572e-06,2.4667939656828943e-06,LC_V24_H3p5_T8,2.4667939656828943e-06
31,"(31, 0)",98,2,single,,TY,4.304038973578485e-09,1.2969565395077466e-09,1.293754437021436e-09,1.277660036596097e-09,1.2752914736458223e-09,1.2659578182521902e-09,6.504865120440237e-09,6.452710622166401e-09,6.71578572479018e-09,6.449776645466489e-09,6.4018810003483275e-09,6.521279010980536e-09,6.423206701149184e-09,2.2776055556602773e-08,2.269644368900348e-08,2.2719495743173925e-08,2.243496245130554e-08,2.2183100111463974e-08,2.2014321877727354e-08,2.1820823196946357e-08,4.505533977680593e-08,4.492183864164368e-08,4.538282979436599e-08,4.491540453876497e-08,4.510573303167619e-08,4.428494612784847e-08,4.46254784589822e-08,4.4136237665951125e-08,8.153562439083934e-07,8.136496439472187e-07,8.04911827125863e-07,7.999532300097129e-07,7.878122302656512e-07,7.673152542559382e-07,7.607866298760088e-07,1.2445927760496892e-06,1.2306375943633906e-06,1.2211893100359943e-06,1.2033012100328633e-06,1.175537477538769e-06,1.1581181315900728e-06,1.146148126866597e-06,1.859018823215667e-06,1.8344979369622575e-06,1.825811456033897e-06,1.7984190338980291e-06,1.7611566167111372e-06,1.7351358501687755e-06,1.723291629109598e-06,1.6960460524848325e-06,2.2272923149017522e-06,2.174548127894753e-06,2.1214367533616957e-06,2.0973170851749435e-06,2.079242716179517e-06,2.0433394176099503e-06,4.549542671800572e-06,4.446633066694492e-06,4.3784042644132255e-06,4.276989680469488e-06,4.207486150419771e-06,5.732536797446231e-06,5.644093059483125e-06,5.501252974835596e-06,5.417605041909784e-06,4.988235447734342e-06,4.8835131852274815e-06,4.813517510202808e-06,6.384022130983226e-06,LC_V24_H3p5_T8,6.384022130983226e-06
33,"(33, 0)",54,2,single,,K,8.313202002801066e-09,2.077266391576188e-09,2.0892662964823973e-09,2.0739037989227304e-09,2.083878339033937e-09,2.0833911065025343e-09,3.658355926391876e-09,3.63536256541965e-09,3.8420020111360484e-09,3.6774009447975216e-09,3.646392381937105e-09,3.794318332153747e-09,3.7163622934957375e-09,4.635510576015661e-09,4.594018366933038e-09,4.861951779277213e-09,4.722429747072882e-09,4.576164597814112e-09,4.7635724875756e-09,4.648583621360676e-09,1.0773479711927469e-08,1.0737619441565465e-08,1.0906840035882574e-08,1.0774673302717453e-08,1.0975589350024312e-08,1.0731169510836986e-08,1.1009927518808384e-08,1.0847338007206862e-08,6.658016006672144e-08,6.63326897450582e-08,6.680237108666336e-08,6.608007965839742e-08,6.63282792983203e-08,6.571017174543513e-08,6.471555406448965e-08,1.4450952544215394e-07,1.4481779788708643e-07,1.4389248779874238e-07,1.4413124144812816e-07,1.43417221963388e-07,1.4448713910440323e-07,1.423809691849994e-07,2.2093012008918473e-07,2.2129255034115242e-07,2.205134179473692e-07,2.2119059068207048e-07,2.202103559018293e-07,2.215660225238672e-07,2.184666266865511e-07,2.1944797428021473e-07,2.5504241154202564e-07,2.5079861003965245e-07,2.468303365782602e-07,2.49201157487359e-07,2.46478368272204e-07,2.4648846470959123e-07,4.684096134745008e-07,4.617436079149525e-07,4.6116140910410687e-07,4.541827327287821e-07,4.553702183517864e-07,6.41083296987912e-07,6.368772608473586e-07,6.246924094601706e-07,6.225124587581549e-07,5.663701055619471e-07,5.580046666996197e-07,5.584477606248213e-07,8.408870269990852e-07,LC_V24_H3p5_T8,8.408870269990852e-07
33,"(33, 0)",54,2,single,,Y,2.3761619171055725e-08,2.257588034313747e-09,2.25968514332787e-09,2.2327778384088727e-09,2.231279246416992e-09,2.2238619883430503e-09,9.045622288370508e-09,8.96236481767389e-09,9.349820311509788e-09,8.945927414364562e-09,8.856445292722159e-09,9.050295478526878e-09,8.879969137157963e-09,2.3889113497812413e-08,2.3718993785149054e-08,2.4134639221957766e-08,2.3673934248037584e-08,2.318861245635151e-08,2.3362615255034664e-08,2.30486705725231e-08,7.860788586482955e-08,7.843034954319719e-08,7.86708010655913e-08,7.812958937609183e-08,7.80717988688049e-08,7.70813611724752e-08,7.726537823252745e-08,7.666839667053934e-08,5.280145991064013e-07,5.269569574600729e-07,5.219804833312791e-07,5.191538746026421e-07,5.123924330633337e-07,5.017964682586832e-07,4.985332025277777e-07,8.274742870372555e-07,8.203630288173207e-07,8.167935241778678e-07,8.089058180154118e-07,7.960115575834786e-07,7.895681869901524e-07,7.816289893028192e-07,1.223611495044033e-06,1.2143134927019072e-06,1.2100166559708885e-06,1.2001150552136836e-06,1.1878967466988612e-06,1.1824788590574347e-06,1.1741217008222933e-06,1.16827106381628e-06,1.731824310943439e-06,1.6905548762387455e-06,1.6509222018195833e-06,1.6293660428012788e-06,1.6122501893452359e-06,1.5881263044424932e-06,3.833150428613923e-06,3.7501341102673585e-06,3.7006442870588497e-06,3.6330485869685195e-06,3.5941859291215555e-06,5.841853424742071e-06,5.7429157675124505e-06,5.597154162793242e-06,5.519439760228766e-06,5.384204340201556e-06,5.260946632094362e-06,5.182429545025432e-06,8.185555739768615e-06,LC_V24_H3p5_T8,8.185555739768615e-06
33,"(33, 1)",68,2,single,,K,3.790744538096918e-08,3.148295274700927e-10,3.2019425431057824e-10,4.131436354182052e-10,4.0457002115370356e-10,6.68986771471321e-10,1.0575644978059375e-09,1.0542156318320523e-09,1.2965712003642694e-09,1.2728373178462204e-09,1.2554732389632922e-09,1.8649505860778634e-09,1.6957042639468565e-09,3.5827546388817344e-09,3.572852873918351e-09,4.089265740253897e-09,4.062159673370059e-09,3.969906352817685e-09,5.207690984761941e-09,4.890992328370749e-09,4.768628654124336e-09,4.713583126099696e-09,6.383487526325459e-09,5.992944627760331e-09,9.729196324958825e-09,7.5461162606932e-09,1.4038829040020777e-08,1.1634197096750315e-08,1.1487767438291591e-07,1.1458226983662279e-07,1.160708402214922e-07,1.1574649065563595e-07,1.1979665798450907e-07,1.253850795583569e-07,1.2266539619852377e-07,2.0588538637021027e-07,2.0869504623416423e-07,2.0707752817078316e-07,2.1334354909209666e-07,2.218196431418466e-07,2.3841381057348814e-07,2.3275630742420474e-07,3.5678957605938046e-07,3.5921914565699034e-07,3.568239799991573e-07,3.6445797435323924e-07,3.7260424119722455e-07,3.918259126490447e-07,3.8344854481961764e-07,4.07118773979785e-07,4.6374059553044934e-07,4.644334918535007e-07,4.7309123790104257e-07,4.933170783762292e-07,4.890092313844243e-07,5.132921477022138e-07,9.131706544992231e-07,9.217018427871058e-07,9.480792523301574e-07,9.684158514951633e-07,1.019323336284523e-06,1.293314413585446e-06,1.3222688093344455e-06,1.3397020862220874e-06,1.3919319662314832e-06,1.2004967754521255e-06,1.2300253839873708e-06,1.2827092383968227e-06,1.9521915471288096e-06,LC_V24_H3p5_T8,1.9521915471288096e-06
33,"(33, 1)",68,2,single,,Y,5.83902878053217e-07,3.478184433743982e-09,3.490401449605346e-09,6.083728438170079e-09,5.665110137583951e-09,1.273925459471942e-08,1.6110645962923142e-08,1.5971788550389096e-08,2.3944119841466873e-08,2.2749241892124215e-08,2.191497842454822e-08,4.023948957188535e-08,3.587653133930245e-08,7.859744676322723e-08,7.839562193441926e-08,9.879599154464242e-08,9.836965917516921e-08,9.301947612834485e-08,1.3607544190380686e-07,1.2605805023909022e-07,1.1744751755312223e-07,1.1607754091862306e-07,1.5559991080587562e-07,1.5005861356911123e-07,2.2995357353975812e-07,1.913546957988094e-07,3.3524112465696265e-07,2.8910928582175735e-07,3.2659252249098946e-06,3.2575759506578326e-06,3.3548696000777632e-06,3.33763189426347e-06,3.5424116920844414e-06,3.792172760156575e-06,3.656280678828825e-06,5.097071800548484e-06,5.2612861744736565e-06,5.207582948995451e-06,5.515285155138404e-06,5.865464962563731e-06,6.524868079624034e-06,6.267878542272371e-06,7.939266887217951e-06,8.129410301822467e-06,8.056495980822709e-06,8.420994784093366e-06,8.777305209191107e-06,9.543238114676266e-06,9.168190578762235e-06,1.0077409391736427e-05,1.0059952503909591e-05,1.0299101915524078e-05,1.064741367323381e-05,1.1465568146710045e-05,1.1104984079545792e-05,1.205437268502845e-05,2.1085106068704606e-05,2.147984542020582e-05,2.2520988559351194e-05,2.3175063851089042e-05,2.4832039906763514e-05,2.7558396434383814e-05,2.8587926392808242e-05,2.9167074938048077e-05,3.0839312713060396e-05,2.5824057670907833e-05,2.6613255983428892e-05,2.8338884393598203e-05,3.6875172308039414e-05,LC_V24_H3p5_T8,3.6875172308039414e-05
33,"(33, 0)",71,1,single,,K,2.614659111455447e-08,6.986018103961522e-10,7.014492911769993e-10,7.169871590423765e-10,7.116927541357509e-10,8.279031429125625e-10,1.1451870051002804e-09,1.1327497569009532e-09,1.2481066434798066e-09,1.1755531152952314e-09,1.15985238079965e-09,1.3229386870682365e-09,1.233311779581811e-09,1.4412036831417242e-09,1.430232831387275e-09,1.5596012577371055e-09,1.516680217290536e-09,1.4593103571524871e-09,1.5998838781504365e-09,1.5468196674868917e-09,3.6542824436731245e-09,3.631725444898287e-09,3.8639327435654406e-09,3.797072012837666e-09,4.139736323279044e-09,3.838902026782416e-09,5.206007593596468e-09,4.511252007935579e-09,1.5837993197191808e-08,1.5805256535412008e-08,1.61346547956508e-08,1.605773761435048e-08,1.667077617503273e-08,1.7171686869491668e-08,1.676698879224556e-08,4.179479257151423e-08,4.237821814910612e-08,4.2114426510651745e-08,4.284041837846095e-08,4.3203997306685196e-08,4.433584181382717e-08,4.3444988235470175e-08,7.311714048729728e-08,7.380967435432375e-08,7.315028520358498e-08,7.394184660670181e-08,7.436886729832335e-08,7.598751229833805e-08,7.538764193925035e-08,7.724562788295062e-08,8.381539276804161e-08,8.42812432504221e-08,8.505673125956915e-08,8.645638733424196e-08,8.500928174010043e-08,8.676106925627103e-08,1.5510091248316107e-07,1.545730120774142e-07,1.5585175713615256e-07,1.5678320155256832e-07,1.6164260226948263e-07,2.1605879091456344e-07,2.1644673247713873e-07,2.169158020598632e-07,2.193071878146318e-07,1.8768076670115857e-07,1.8606249108217106e-07,1.932054316577861e-07,3.063334332418701e-07,LC_V24_H3p5_T8,3.063334332418701e-07
33,"(33, 0)",71,1,single,,Y,2.614659111455447e-08,6.549407243531361e-10,6.549187729416483e-10,6.63795005731834e-10,6.568775180184716e-10,7.296986266497142e-10,3.2495264664673323e-09,3.2170747048002294e-09,3.4137062940452333e-09,3.2644751296615565e-09,3.2369555678963447e-09,3.409992784261383e-09,3.3397765027410383e-09,9.343986035886382e-09,9.283317420865614e-09,9.535947405052427e-09,9.387178681623927e-09,9.199521066498935e-09,9.465337513231395e-09,9.32134960998692e-09,3.173767683323909e-08,3.1659103396862096e-08,3.2274764528268344e-08,3.20083932286712e-08,3.270200978357628e-08,3.190867601522324e-08,3.325276763006999e-08,3.264701986442218e-08,1.767218843871346e-07,1.764051243606005e-07,1.762579733168231e-07,1.7546504417807482e-07,1.7523096824937085e-07,1.7405782087451172e-07,1.72552899652962e-07,3.1577865613284757e-07,3.133342845784476e-07,3.1222619324067715e-07,3.1041613025857363e-07,3.0746820191058755e-07,3.0717558693547526e-07,3.0443703512904333e-07,5.180902055152226e-07,5.175380670638317e-07,5.144696395265401e-07,5.140377159534978e-07,5.106542016464891e-07,5.116254579674331e-07,5.084105180066435e-07,5.097225255063393e-07,7.437649513749091e-07,7.355512487810993e-07,7.27652628956021e-07,7.269490138091345e-07,7.187758351991671e-07,7.168589315525151e-07,1.6907653901367317e-06,1.6633354039904801e-06,1.6491931078542657e-06,1.629965817698164e-06,1.6217604583427218e-06,2.481371284438933e-06,2.4503422990622483e-06,2.4108794534545987e-06,2.392006434352193e-06,2.4356386865029495e-06,2.3920354692260557e-06,2.370170157776054e-06,3.665499699520391e-06,LC_V24_H3p5_T8,3.665499699520391e-06
33,"(33, 1)",81,1,single,,K,5.489902276953753e-09,2.8172675047985695e-10,2.7392746720197447e-10,3.036892037164616e-10,2.866002542723358e-10,3.3424150885100335e-10,9.342167692800222e-10,9.003246524401818e-10,1.2560597808337744e-09,9.997124473530752e-10,9.386184406213248e-10,1.2328468737637947e-09,1.0815991123203457e-09,2.3086350533169612e-09,2.225390835173513e-09,2.9596801320494618e-09,2.631834163066656e-09,2.2840043178331927e-09,2.8758773496192986e-09,2.566589908702275e-09,3.7070048796887555e-09,3.6178587705742663e-09,4.484916300345569e-09,4.100046364016154e-09,5.058390394589401e-09,4.061507821120201e-09,5.407407410694092e-09,4.653197911953374e-09,5.479881435875673e-08,5.433333925947422e-08,5.822032414202219e-08,5.6181797037139276e-08,6.020073884579669e-08,6.062428163860077e-08,5.675287772904845e-08,9.880813712540728e-08,1.0461192864649067e-07,1.0084495629736677e-07,1.068976105730039e-07,1.0733261406669737e-07,1.1528726935135231e-07,1.063251435997503e-07,1.706056272298323e-07,1.7672285604493247e-07,1.722746845066973e-07,1.7935499987787382e-07,1.7924361672721616e-07,1.8966423631495335e-07,1.7731915778607028e-07,1.8560645986669795e-07,2.1737076732245956e-07,2.1771799546244645e-07,2.1575536720906522e-07,2.2463176897031653e-07,2.130821090456029e-07,2.190597311190456e-07,4.407422358551808e-07,4.3843885061843867e-07,4.5327290809549925e-07,4.450299211701666e-07,4.625102206992226e-07,6.2306647896044e-07,6.375615730145684e-07,6.243036140462703e-07,6.412957357797263e-07,5.758001531258701e-07,5.640625507864271e-07,5.802383966057868e-07,9.072917204385156e-07,LC_V24_H3p5_T8,9.072917204385156e-07
33,"(33, 1)",81,1,single,,Y,2.8408395381249456e-08,2.1734871428047504e-09,2.0998474289571638e-09,2.333529988365485e-09,2.1946397273218096e-09,2.5850669544600668e-09,1.0349337233148241e-08,9.995722572164922e-09,1.3321625870729809e-08,1.0888947773757448e-08,1.0335592771411478e-08,1.2978534108258815e-08,1.1668210336698172e-08,3.757488880774948e-08,3.663689285810298e-08,4.454401985672094e-08,4.0974994313954766e-08,3.71174567789246e-08,4.3562479774849925e-08,4.0204121490236944e-08,6.514287153157356e-08,6.391093307910767e-08,7.412395575172621e-08,6.949282071447811e-08,7.953083387612394e-08,6.898950178383464e-08,8.286940362620299e-08,7.541441453591414e-08,1.2766301506287357e-06,1.2689518716653154e-06,1.306965832606259e-06,1.278557096777029e-06,1.314601074803654e-06,1.3014780354006131e-06,1.2503924192757326e-06,2.0133400705898667e-06,2.064353655631214e-06,2.012402376992845e-06,2.0636917517379636e-06,2.045608892181355e-06,2.1183243704760895e-06,2.0112292193080707e-06,3.2155213062769446e-06,3.262004363945996e-06,3.2017712106841235e-06,3.2582862276808814e-06,3.2254560354415677e-06,3.3131350883781184e-06,3.1736947116446355e-06,3.2380035990247395e-06,3.99631587818898e-06,3.954869274089128e-06,3.8852471467279285e-06,3.945644258836e-06,3.8036601937424625e-06,3.842337971564548e-06,8.49823567871382e-06,8.356436626338293e-06,8.436869225900178e-06,8.245818150251237e-06,8.345482394725352e-06,1.111247136729404e-05,1.1125087279534888e-05,1.0834572903794381e-05,1.0882491073785648e-05,1.0060268147843184e-05,9.87485410945101e-06,9.973030010113368e-06,1.3901816947584113e-05,LC_V24_H3p5_T8,1.3901816947584113e-05
34,"(34, 0)",70,2,single,,K,6.915197054802569e-07,3.547193696967225e-07,3.548237747037787e-07,3.5502361978375436e-07,3.5481005168452704e-07,3.562592639689258e-07,5.64718688519381e-07,5.621777552518986e-07,5.824427473767922e-07,5.664984104105328e-07,5.631340291393131e-07,5.76936452912496e-07,5.694829659772789e-07,4.978704589316492e-07,4.954109859768132e-07,5.122464577238286e-07,5.032077874617672e-07,4.944296532157418e-07,5.058363702465692e-07,4.98717113884401e-07,6.588564464153829e-07,6.569975654460987e-07,6.709424697320591e-07,6.637559969144859e-07,6.76497807366279e-07,6.615379571682346e-07,6.785915427635575e-07,6.683955115794519e-07,1.4786643837056858e-06,1.4745409327254728e-06,1.4933116531726918e-06,1.4808464226707304e-06,1.495479127341532e-06,1.4917829999049487e-06,1.4748171351857933e-06,2.8799577482973475e-06,2.8889013382425085e-06,2.876512324997672e-06,2.887323393823391e-06,2.8800577624478476e-06,2.8971176474260063e-06,2.8671144904045953e-06,3.940059831205915e-06,3.950121661918797e-06,3.942616611043559e-06,3.958335451884916e-06,3.958712909209701e-06,3.983069315863543e-06,3.95248250917961e-06,3.973382549299545e-06,3.9466903741188394e-06,3.930515700519409e-06,3.908907431496882e-06,3.907211356006452e-06,3.876135892905764e-06,3.877934675084377e-06,5.728612745920596e-06,5.696064425523565e-06,5.697962219215759e-06,5.663515323004609e-06,5.670297316607517e-06,7.059646280151905e-06,7.041696255064409e-06,6.980326056688815e-06,6.971494466689028e-06,6.665688201101152e-06,6.612014777847111e-06,6.614589149665792e-06,8.915803873978305e-06,LC_V24_H3p5_T8,8.915803873978305e-06
34,"(34, 0)",70,2,single,,Y,1.0145525763269203e-06,3.090016436262422e-07,3.084598550372956e-07,3.085454638729364e-07,3.077506809430201e-07,3.0897303999836555e-07,6.691675545344274e-07,6.662782142657091e-07,6.842561969763592e-07,6.681260098518193e-07,6.647000817517477e-07,6.757958977420921e-07,6.685165265368381e-07,9.246073377472473e-07,9.210796937861395e-07,9.352240799868661e-07,9.243059446407048e-07,9.130111747344772e-07,9.20492456837529e-07,9.117516959582833e-07,1.6588399154985333e-06,1.6576209256239605e-06,1.6640465688440745e-06,1.6563845652145813e-06,1.6632830324440866e-06,1.648114541006172e-06,1.659024815519428e-06,1.6490089306888025e-06,4.7346424189205875e-06,4.727804755023835e-06,4.718508306925412e-06,4.698937997882364e-06,4.680421087394115e-06,4.636012065976097e-06,4.612453414150831e-06,6.837663110353062e-06,6.811991484209119e-06,6.793107860174986e-06,6.7679993986101915e-06,6.714649709240694e-06,6.697920158151845e-06,6.6544400860961324e-06,8.924668045759537e-06,8.899604694171945e-06,8.88124176311206e-06,8.85994405436138e-06,8.809260595850666e-06,8.797628918022945e-06,8.751175187628298e-06,8.734228202894544e-06,1.0362614831832617e-05,1.0244509714759658e-05,1.0126579929114656e-05,1.0053057698961547e-05,9.994336954170125e-06,9.924389510226028e-06,1.6490838180634474e-05,1.6289394243439092e-05,1.6182023752546552e-05,1.600028824910049e-05,1.590871959221107e-05,2.0909601584789947e-05,2.0717528086117615e-05,2.042865185380845e-05,2.0264671846270316e-05,2.021072282146873e-05,1.9959948767178807e-05,1.9817317864381558e-05,2.634786997235174e-05,LC_V24_H3p5_T8,2.634786997235174e-05
34,"(34, 1)",84,2,single,,K,7.88006163986041e-07,5.829775759407362e-08,5.720104170179218e-08,6.604381887213102e-08,6.262742879662559e-08,7.627075634995926e-08,1.054598922932054e-07,1.0359928968992454e-07,1.2965269060481923e-07,1.1550822024604075e-07,1.1077813670028322e-07,1.4010051233670028e-07,1.2870954115812135e-07,2.225151902480111e-07,2.1961928788453296e-07,2.534046160108372e-07,2.4218523668192336e-07,2.2629947896694642e-07,2.646298427976832e-07,2.486103183252267e-07,3.247742382392631e-07,3.2347885279332545e-07,3.332323730169564e-07,3.290544078882033e-07,3.4066310038147463e-07,3.2938572864246594e-07,3.541003011088986e-07,3.387708721234649e-07,1.8742898400968614e-06,1.87083986159106e-06,1.8715646210060644e-06,1.861774256849209e-06,1.8607771803614197e-06,1.8454770966573337e-06,1.8285894947419087e-06,2.6898943037814447e-06,2.690954386073104e-06,2.6730798463773873e-06,2.672404571576663e-06,2.6505118741034722e-06,2.6719575170698145e-06,2.6274303069964306e-06,3.847373480575106e-06,3.845945476598636e-06,3.824910636412402e-06,3.822735438287125e-06,3.792215973187538e-06,3.7940513344994205e-06,3.7567005742522914e-06,3.7523222637713277e-06,4.51379481613595e-06,4.4638779838950775e-06,4.410536546126042e-06,4.402328523598319e-06,4.363486062945674e-06,4.342781025919993e-06,6.974939892828064e-06,6.896154549581984e-06,6.878378004117782e-06,6.795072762459133e-06,6.7807379321944314e-06,8.708945411644343e-06,8.695239768318017e-06,8.574545143240887e-06,8.557991949528747e-06,7.965971729056887e-06,7.876502141406176e-06,7.87339360913009e-06,1.0560584136040942e-05,LC_V24_H3p5_T8,1.0560584136040942e-05
34,"(34, 1)",84,2,single,,Y,1.2799502746436223e-06,1.719446119085226e-07,1.6896789667816126e-07,1.8609841962197774e-07,1.7837617367748887e-07,2.0493730184007704e-07,4.5298921916964996e-07,4.4705594159504025e-07,5.129380461738531e-07,4.731687049703477e-07,4.605827501194193e-07,5.28239061543784e-07,4.999639427391781e-07,1.2076273858290826e-06,1.198545506846232e-06,1.280260375515337e-06,1.2471458408351355e-06,1.201494822266076e-06,1.2904415412678913e-06,1.2463526846545277e-06,1.7465083507983314e-06,1.7426266139765855e-06,1.753228058444679e-06,1.7417150622984243e-06,1.7508401990611662e-06,1.7254395601466493e-06,1.7699589813267294e-06,1.728040150346808e-06,1.2179184902539765e-05,1.2160870693053449e-05,1.2063497506959779e-05,1.2017897726239638e-05,1.188676898710601e-05,1.1685430980855309e-05,1.1630642601634855e-05,1.610390096976705e-05,1.5988059231288697e-05,1.591146414467031e-05,1.5762599705537633e-05,1.553013136683414e-05,1.5396889576961637e-05,1.5279893931071125e-05,2.0671595770664284e-05,2.0498258988481437e-05,2.042600759369863e-05,2.0227169346990686e-05,1.993414541945072e-05,1.973377473906783e-05,1.9633786434370564e-05,1.941872025890745e-05,2.3474947660821312e-05,2.3098370260182267e-05,2.270893062632416e-05,2.248684109830364e-05,2.2349175354772107e-05,2.208306976465607e-05,3.731821079428469e-05,3.670455488273249e-05,3.632659968776204e-05,3.570584439977255e-05,3.531357332411857e-05,4.383173191462991e-05,4.3397735717967625e-05,4.2571612813315964e-05,4.2136791268013864e-05,3.9382434382553124e-05,3.8761177135931015e-05,3.837054087296704e-05,4.719254091129917e-05,LC_V24_H3p5_T8,4.719254091129917e-05
34,"(34, 0)",87,1,single,,K,6.477975310466723e-07,2.659654284342471e-07,2.657908535083333e-07,2.6558688316306565e-07,2.6532905251417855e-07,2.6600791949238486e-07,4.62589456546857e-07,4.59977085968547e-07,4.784532273730172e-07,4.6278405783816437e-07,4.6002098850010085e-07,4.7057395079057703e-07,4.6434896953486633e-07,4.2876098668481546e-07,4.2595502908540994e-07,4.429506093456308e-07,4.3281552066280565e-07,4.245091867993001e-07,4.3385771780900813e-07,4.2744932740213506e-07,5.584242988736561e-07,5.564058288563368e-07,5.702318636805423e-07,5.621047460244147e-07,5.72477409718759e-07,5.589030314698715e-07,5.720077067106794e-07,5.635860228850868e-07,1.2176643167849947e-06,1.213210645978668e-06,1.2310933419780626e-06,1.2173378155515146e-06,1.2278244121245619e-06,1.2199593545059733e-06,1.206326371046771e-06,2.403683009231809e-06,2.4130841028994977e-06,2.399525734827367e-06,2.4063079591894503e-06,2.3943718334632996e-06,2.401993084772825e-06,2.3806123530775187e-06,3.3917038990504395e-06,3.3997800966920397e-06,3.3873066475173442e-06,3.394013906476804e-06,3.3818532810381296e-06,3.3914530165640844e-06,3.367070295570516e-06,3.372673300078091e-06,3.410075254546404e-06,3.3881701707031564e-06,3.3608528512034607e-06,3.36174871425297e-06,3.334017073363458e-06,3.329426164466138e-06,4.945580031939839e-06,4.906354330116386e-06,4.90033412452725e-06,4.856514090749774e-06,4.851786946387272e-06,6.1975638119668075e-06,6.169643847956739e-06,6.108120015747261e-06,6.0855120876526684e-06,6.055522410963736e-06,5.995477240636393e-06,5.978513890090857e-06,8.281443611006247e-06,LC_V24_H3p5_T8,8.281443611006247e-06
34,"(34, 0)",87,1,single,,Y,1.228636068153013e-06,3.4067475520336666e-07,3.400436357587704e-07,3.394297782756433e-07,3.3863984912545093e-07,3.3927328261835225e-07,7.518201926529676e-07,7.477474782193684e-07,7.72100236966618e-07,7.499631040891438e-07,7.458556044065361e-07,7.586504502592315e-07,7.500994347702249e-07,9.661178337592665e-07,9.611367452430457e-07,9.839552186836579e-07,9.675711419950705e-07,9.532353539375477e-07,9.63668042338165e-07,9.529944554558393e-07,1.550708933386541e-06,1.5474426901148141e-06,1.566550732719088e-06,1.5531595520694699e-06,1.5669549982479666e-06,1.5440753218121717e-06,1.5621616578692839e-06,1.5483469304720784e-06,4.031580234331068e-06,4.022646314658592e-06,4.031481049071828e-06,4.0059037507978605e-06,4.000067815652644e-06,3.961299668999705e-06,3.935885456467803e-06,6.405400961025593e-06,6.392714117108281e-06,6.3689405704932405e-06,6.352067149708623e-06,6.301501575382034e-06,6.288028353809117e-06,6.2485590707608395e-06,8.664163383983138e-06,8.650592120755241e-06,8.625040640069212e-06,8.605869754102925e-06,8.54913651497452e-06,8.533306208196626e-06,8.487724234342054e-06,8.464788723266705e-06,9.799901861615172e-06,9.69007857885216e-06,9.573174357336826e-06,9.523912828745923e-06,9.457928603745047e-06,9.401576685625782e-06,1.5079180850854362e-05,1.489827647286689e-05,1.480499754548715e-05,1.4636118762334977e-05,1.4549662689322023e-05,1.9228300738986733e-05,1.905191531788134e-05,1.880227613789826e-05,1.8657602876449186e-05,1.9028347554781577e-05,1.879629368141273e-05,1.866001163512588e-05,2.5357640913588922e-05,LC_V24_H3p5_T8,2.5357640913588922e-05
34,"(34, 1)",97,1,single,,K,6.226732712919969e-07,7.588985180405055e-08,7.50829502714025e-08,7.72712419329688e-08,7.594480730575116e-08,7.94816499909365e-08,1.6148686446916502e-07,1.5998985852341944e-07,1.7316879786210782e-07,1.6367608703500556e-07,1.6150693536128615e-07,1.721650454623634e-07,1.671282489846845e-07,3.162015875325487e-07,3.1420311527747335e-07,3.2828471698195363e-07,3.2063230588647904e-07,3.1327602141730473e-07,3.240285960763773e-07,3.176606158361592e-07,4.0678529717424616e-07,4.0451235442591197e-07,4.2411300487670175e-07,4.149172928514074e-07,4.340345160244215e-07,4.142072202092762e-07,4.403836395351113e-07,4.2652317908157306e-07,2.197568921386364e-06,2.1919203531989047e-06,2.204108735355882e-06,2.1847363984464424e-06,2.1922146844533505e-06,2.1721593540918026e-06,2.1451444946179735e-06,3.2160183013276544e-06,3.2263670019009332e-06,3.197900320755148e-06,3.2058390270515823e-06,3.177100288241984e-06,3.191681445075803e-06,3.1408440600724055e-06,4.5543120170567855e-06,4.571606968332486e-06,4.536323379329599e-06,4.549432260349119e-06,4.51376362915e-06,4.532751711150316e-06,4.469912116196454e-06,4.478178118198282e-06,5.325772362955161e-06,5.282246822107041e-06,5.228619035985689e-06,5.250044649839779e-06,5.1793149082432424e-06,5.172313931352098e-06,8.15538812456763e-06,8.063731817940515e-06,8.062148153157734e-06,7.953800769620102e-06,7.953078416972033e-06,1.0211678219036902e-05,1.0209131979900599e-05,1.0069620090816188e-05,1.0064144837870164e-05,9.388327191097836e-06,9.279929875109723e-06,9.281431468001635e-06,1.2674580959077382e-05,LC_V24_H3p5_T8,1.2674580959077382e-05
34,"(34, 1)",97,1,single,,Y,1.1270956459226156e-06,2.0631629716205085e-07,2.0476624906568825e-07,2.0597319978830423e-07,2.0397442204868234e-07,2.0699636045209573e-07,5.453788293388119e-07,5.417112383663702e-07,5.656856220933663e-07,5.452625299202906e-07,5.411019104996209e-07,5.56507065285691e-07,5.475889215246788e-07,1.288619337550517e-06,1.2844479166561866e-06,1.2985916190189108e-06,1.2826083492468933e-06,1.2685850384915268e-06,1.273627565459105e-06,1.2620956894253752e-06,1.7408914058150515e-06,1.7355739647082347e-06,1.7673207764003408e-06,1.7479223372525493e-06,1.7733045657589095e-06,1.7350992778320821e-06,1.7709597123122598e-06,1.7461356424913662e-06,1.1064499427836123e-05,1.1044742119186707e-05,1.0996719323855891e-05,1.0937733055363951e-05,1.0856765809896323e-05,1.0690960266392193e-05,1.0621821993818666e-05,1.510344203219088e-05,1.503482561138452e-05,1.4941847910949322e-05,1.4842823369334979e-05,1.4637855920320699e-05,1.4542975649149536e-05,1.4415771527644313e-05,1.9842312340000632e-05,1.9739853556027235e-05,1.964764372370261e-05,1.9520711040048773e-05,1.9270766038424937e-05,1.914628495654182e-05,1.9008517085952854e-05,1.8862114807216875e-05,2.264906884675175e-05,2.2342134029871126e-05,2.2011631995173656e-05,2.189054217634109e-05,2.1715670383937586e-05,2.1516871620515847e-05,3.562160025935055e-05,3.509063216484453e-05,3.4800240284489055e-05,3.4249879656171455e-05,3.395963721264029e-05,4.2678800845639756e-05,4.2334562827571277e-05,4.1624171771842694e-05,4.1285656947439253e-05,3.8834382442862136e-05,3.8272921207555634e-05,3.799969526337602e-05,4.860953900703477e-05,LC_V24_H3p5_T8,4.860953900703477e-05
35,"(35, 0)",86,2,single,,TY,4.476275112590401e-09,8.883354238934999e-10,8.923895057804771e-10,8.834884172620472e-10,8.865416565710378e-10,8.800653659769289e-10,1.880678102231419e-09,1.8666079350817147e-09,1.959996302643752e-09,1.872386390048596e-09,1.8581841956497171e-09,1.9051135161216506e-09,1.871812187922005e-09,4.647439297515976e-09,4.623429323316843e-09,4.6547901393171645e-09,4.595893549259914e-09,4.52952751338824e-09,4.520925056543654e-09,4.473943098702961e-09,1.9433198351618676e-08,1.941463136155532e-08,1.9425071450682623e-08,1.9354658488771115e-08,1.933028855298612e-08,1.9215458206820737e-08,1.9215266737405155e-08,1.9152214291989794e-08,1.1456381565985145e-07,1.1441168323575589e-07,1.1334958835629559e-07,1.1299428713273652e-07,1.1170164638984894e-07,1.1005380006868407e-07,1.0980467620249929e-07,1.837462956649375e-07,1.819403126799884e-07,1.8131431007026254e-07,1.794015967194326e-07,1.7671875218266812e-07,1.7491765104650972e-07,1.7403225527538002e-07,3.099936146390835e-07,3.079764410049653e-07,3.067972596277428e-07,3.045133348436385e-07,3.007512953061026e-07,2.983123797603187e-07,2.970078337768747e-07,2.9449633655009813e-07,4.5981502781829784e-07,4.5049600527624304e-07,4.4193340152465527e-07,4.346128451403831e-07,4.3159206468362937e-07,4.2586601823604775e-07,1.0149852937332842e-06,9.958227713673848e-07,9.84486614736238e-07,9.67516778628872e-07,9.572078414786317e-07,1.523728906100291e-06,1.504049672422677e-06,1.4741123119276172e-06,1.455176742821143e-06,1.4862436469822717e-06,1.4586008162176249e-06,1.439114170339736e-06,2.2108603552115204e-06,LC_V24_H3p5_T8,2.2108603552115204e-06
35,"(35, 1)",100,2,single,,TY,4.014866632291198e-09,1.2742768864470166e-09,1.268644317233101e-09,1.257661931802558e-09,1.2515008612084174e-09,1.2471082061683058e-09,6.182409790573397e-09,6.135099214486487e-09,6.358690494226381e-09,6.125295976293886e-09,6.082668994605416e-09,6.179094793483858e-09,6.096095285293728e-09,2.1490906975855134e-08,2.143388212767637e-08,2.135557671289813e-08,2.1123633672759114e-08,2.0925325936109554e-08,2.070324120657806e-08,2.053801327144529e-08,4.3751816395844544e-08,4.362541164633145e-08,4.393731170265928e-08,4.3571317379850144e-08,4.363985312681061e-08,4.294518160305682e-08,4.318358364628799e-08,4.275812302892446e-08,7.999885262327169e-07,7.981828259115989e-07,7.895370206944391e-07,7.848350565156141e-07,7.72504797276447e-07,7.522404743264373e-07,7.462055405948427e-07,1.2373010767176748e-06,1.2229469217128935e-06,1.2137959311573036e-06,1.195786399614171e-06,1.1685775472875904e-06,1.1508297668314912e-06,1.1396451332721265e-06,1.8741235506764925e-06,1.8490125650228802e-06,1.840554306574844e-06,1.8123563579536896e-06,1.7742387688391891e-06,1.7466225366863685e-06,1.7354577748157146e-06,1.7066445453175804e-06,2.2359247213607605e-06,2.1828668277162523e-06,2.1286457970455008e-06,2.1028359411285388e-06,2.085231972311864e-06,2.0481130427229227e-06,4.532516186066137e-06,4.4286883133189095e-06,4.35800444867082e-06,4.256273128436369e-06,4.1846413375189915e-06,5.705737379510765e-06,5.619752925804817e-06,5.4738514121159424e-06,5.390514342388791e-06,4.988935442925673e-06,4.8839840488917545e-06,4.810519254243792e-06,6.3023103180714855e-06,LC_V24_H3p5_T8,6.3023103180714855e-06
37,"(37,)",37,2,single,B_as_chord,X,6.662849164620837e-09,1.1751322383306422e-10,1.1634779560265159e-10,1.2086702595134094e-10,1.182885889962029e-10,1.268084688284417e-10,6.147904819167982e-10,6.085281607432478e-10,6.544919523668094e-10,6.222944254355881e-10,6.109030246528142e-10,6.587124211415436e-10,6.368522983515737e-10,2.6857549967587983e-09,2.6651529104948728e-09,2.7323020498651104e-09,2.681804122585149e-09,2.6008526570581413e-09,2.6813125048806015e-09,2.611500129657154e-09,7.012293320714224e-09,6.996426276521629e-09,7.06140957922705e-09,6.999830700463033e-09,7.104117697644797e-09,6.950749383244134e-09,7.172368583086501e-09,7.048422821599078e-09,7.43637443907985e-08,7.414375849570905e-08,7.341054259441573e-08,7.286688611731967e-08,7.199980994290578e-08,7.045167753024729e-08,6.957953044776787e-08,9.978492643685722e-08,9.855610948173535e-08,9.806510750829841e-08,9.705062910148084e-08,9.559921517545727e-08,9.534399065764402e-08,9.40684317361848e-08,1.3814380625555628e-07,1.3667891157735512e-07,1.3600003483400224e-07,1.3493364435688194e-07,1.3289720240163917e-07,1.3265189492614868e-07,1.3046870890197916e-07,1.3025275302191264e-07,2.1222078796355278e-07,2.0599801224732487e-07,1.9994531427092974e-07,1.9758933056548628e-07,1.939231335586998e-07,1.916152201387233e-07,4.984532429045533e-07,4.813104788621128e-07,4.7291975891788333e-07,4.5802764703444753e-07,4.5165295069036473e-07,7.802984404427807e-07,7.639266727753675e-07,7.352777001870167e-07,7.222791698636788e-07,6.730305295065996e-07,6.534098682154269e-07,6.41345000561211e-07,1.0689763123355393e-06,LC_V24_H3p5_T8,1.0689763123355393e-06
37,"(37,)",39,2,single,A_as_chord,X,5.680261399143006e-09,9.042301727563302e-11,9.036353027073161e-11,9.190215980055063e-11,9.079528763885254e-11,9.524589701137505e-11,5.639180412834507e-10,5.606517423797308e-10,5.851398930482175e-10,5.666284097553059e-10,5.612587103615088e-10,5.887641732932108e-10,5.774424736154745e-10,2.8861527638001028e-09,2.875115796044644e-09,2.880211520555183e-09,2.8508340388956874e-09,2.795904525706623e-09,2.8269473679129883e-09,2.7771828221741837e-09,7.76531371376807e-09,7.74551873167917e-09,7.824730273493043e-09,7.780250413895575e-09,7.889647978241542e-09,7.779333345086637e-09,7.987365153057996e-09,7.904900670007225e-09,7.757671704543159e-08,7.732534885561497e-08,7.681979943569355e-08,7.62974142498861e-08,7.560049918629875e-08,7.422671540112761e-08,7.350691664343423e-08,1.1730945217779999e-07,1.1597181025654244e-07,1.1536670235193337e-07,1.1414315129426872e-07,1.123316778550031e-07,1.1187812696051309e-07,1.1053218398157815e-07,1.826042554257188e-07,1.8142061050882858e-07,1.8040226737769188e-07,1.792352471315713e-07,1.7657027871565817e-07,1.7604721887476251e-07,1.734549328334722e-07,1.7283713096442978e-07,2.9432433185307906e-07,2.842671498390078e-07,2.747325665927412e-07,2.6905698999955254e-07,2.64886685619012e-07,2.599438289959469e-07,6.388981114133356e-07,6.195315009975654e-07,6.0840090040954e-07,5.912546640230843e-07,5.824962480972291e-07,1.0012593913434325e-06,9.792947785454655e-07,9.496961958464419e-07,9.317289306962551e-07,9.44650350263288e-07,9.175577931513327e-07,8.981735482972419e-07,1.404222786407132e-06,LC_V24_H3p5_T8,1.404222786407132e-06
38,"(38,)",41,2,single,B_as_chord,X,5.988937122383819e-09,1.472264049852434e-10,1.469091113323451e-10,1.4905322034607664e-10,1.4734251696850833e-10,1.5302435588587016e-10,5.957581921926684e-10,5.914846988802634e-10,6.172115126120277e-10,5.96124234179563e-10,5.892827363533052e-10,6.202514256956466e-10,6.065581054250252e-10,2.782220798208377e-09,2.7703616336426883e-09,2.7812375812267963e-09,2.7496701863558437e-09,2.6947102978445135e-09,2.721271066994839e-09,2.672384960889026e-09,7.305495891409736e-09,7.286599813483874e-09,7.333212235397663e-09,7.274557739524381e-09,7.347459270814379e-09,7.223149437070985e-09,7.373390107418513e-09,7.285192902331372e-09,7.030986944130957e-08,7.01541640612905e-08,6.946962485165276e-08,6.910993213133171e-08,6.845609964878681e-08,6.737243537832243e-08,6.667911065842308e-08,1.1646276805526547e-07,1.1526569783030859e-07,1.1453795137484436e-07,1.1343075052450018e-07,1.1151357976880606e-07,1.1102400241637218e-07,1.0958561136907659e-07,1.7838994423144763e-07,1.7605815553984576e-07,1.7503676599612152e-07,1.7283081653232915e-07,1.6937914195462993e-07,1.6796212155570202e-07,1.6574756343615133e-07,1.6437214207822693e-07,2.9960774059899605e-07,2.902402182139901e-07,2.8161956674606923e-07,2.7609017502320095e-07,2.7270703165626534e-07,2.674565979875311e-07,6.411190132553769e-07,6.21930407380671e-07,6.111427576600711e-07,5.91621361926382e-07,5.828109448436443e-07,1.0054007638091037e-06,9.80370138704206e-07,9.477770111993909e-07,9.266972140007699e-07,1.0559275243587803e-06,1.0294118074869446e-06,1.009769693167131e-06,1.6680152715270042e-06,LC_V24_H3p5_T8,1.6680152715270042e-06
38,"(38,)",43,2,single,A_as_chord,X,7.2224729127202224e-09,1.1274623058607635e-10,1.1051159593770541e-10,1.161915908935701e-10,1.1313897683014163e-10,1.2313973964367738e-10,4.682944982149594e-10,4.648350904412226e-10,4.890157356223528e-10,4.698775551626163e-10,4.628406318751923e-10,4.927708757828188e-10,4.780470901101663e-10,2.8061643794634185e-09,2.7933207274909703e-09,2.824716497078053e-09,2.7909262281084997e-09,2.729444218229878e-09,2.784173701710381e-09,2.7260204167520806e-09,6.702088526304698e-09,6.695127321039422e-09,6.798930071060315e-09,6.7736894930056695e-09,6.938246577568216e-09,6.822625493949074e-09,7.090486877849732e-09,6.98927251144079e-09,8.620281860559295e-08,8.587529061151808e-08,8.531708028212225e-08,8.456852777687184e-08,8.374329915120554e-08,8.221157618616549e-08,8.127957240816002e-08,1.19200644356533e-07,1.1784059236112955e-07,1.171668807166073e-07,1.1604208789863126e-07,1.1409611389769017e-07,1.1354707187583262e-07,1.1182704547629382e-07,1.687417745721126e-07,1.6719142278640572e-07,1.661416216712166e-07,1.6456149879982488e-07,1.619366405258409e-07,1.612745961035299e-07,1.5904580105987422e-07,1.5837059782842546e-07,2.488543861271221e-07,2.406088719595989e-07,2.329567342352888e-07,2.294305208255576e-07,2.259902150698074e-07,2.228089956007754e-07,5.914999342665e-07,5.717439514039266e-07,5.620067596057463e-07,5.43732548667942e-07,5.362477850434849e-07,8.96919367842511e-07,8.782012976328066e-07,8.46326843798556e-07,8.318078138568048e-07,8.093533410590825e-07,7.860126773979516e-07,7.727104965099722e-07,1.3099251044253238e-06,LC_V24_H3p5_T8,1.3099251044253238e-06
39,"(39,)",45,2,single,B_as_chord,X,1.2157479584071824e-07,5.511679671732819e-10,5.62374361029476e-10,1.1755040739474792e-09,1.205226633854556e-09,3.0056203251990386e-09,2.325025164290379e-09,2.3476605731266137e-09,3.616578554717852e-09,3.821213289778504e-09,3.856383467434465e-09,7.391058574817869e-09,7.531397634535134e-09,1.4976393513589376e-08,1.513564397564711e-08,1.810047852091245e-08,1.8613909813748246e-08,1.9090541097184062e-08,2.696456072859108e-08,2.7323969912307388e-08,2.235420337001266e-08,2.255071741089374e-08,2.7236583356866737e-08,2.785041112549321e-08,3.792855632013792e-08,4.011261540160836e-08,5.8565163960526234e-08,6.044714059452825e-08,9.241761728509284e-07,9.227659508257956e-07,9.515579489228593e-07,9.476847515910203e-07,1.0027097760788315e-06,1.084965936047232e-06,1.0746467142167488e-06,1.2452467143354687e-06,1.2735825811635498e-06,1.2636421708177978e-06,1.330807382776455e-06,1.434155320814541e-06,1.6012455280117509e-06,1.5876792761684127e-06,1.7401394698523483e-06,1.7657602185352674e-06,1.7615761348493287e-06,1.8307658559573217e-06,1.950395389042785e-06,2.135663903824071e-06,2.131294386662769e-06,2.3948630963982483e-06,2.019822712742329e-06,2.0717893948984153e-06,2.1822676827298728e-06,2.3766519960320534e-06,2.3525957215503073e-06,2.633138153639434e-06,4.776865121059904e-06,4.939000903068336e-06,5.22993173011335e-06,5.582423003830928e-06,6.109090793165039e-06,5.988125967316145e-06,6.294310957774113e-06,6.673403867347597e-06,7.2528568636464195e-06,4.962294026153712e-06,5.294848216957851e-06,5.827441473845991e-06,7.374043867903393e-06,LC_V24_H3p5_T8,7.374043867903393e-06
39,"(39,)",47,2,single,A_as_chord,X,1.1656383717592272e-07,5.208093063062333e-10,5.344222894699728e-10,1.0996389487766046e-09,1.138763063655264e-09,2.8657887643291314e-09,2.550266068761293e-09,2.5790431660600363e-09,3.914974929145082e-09,4.152621477387776e-09,4.217672704640245e-09,7.930995601788922e-09,8.10093178924093e-09,1.5267077921119258e-08,1.5421039250041633e-08,1.8535895008572448e-08,1.9035389826168223e-08,1.948092676147218e-08,2.76583294358735e-08,2.8071486678486387e-08,2.4538426072876086e-08,2.4758659027089885e-08,2.9597756387266252e-08,3.0265181029044536e-08,4.0928704239578684e-08,4.358723417475743e-08,6.308325735925479e-08,6.508904647717893e-08,8.835128373990345e-07,8.816228166488302e-07,9.128006369294371e-07,9.081039691894275e-07,9.648708978828674e-07,1.0506466248401352e-06,1.0417610867190696e-06,1.252614819121434e-06,1.283066824254221e-06,1.2744039790300887e-06,1.342894120846631e-06,1.4497928574863704e-06,1.625554601224408e-06,1.612065553274377e-06,1.885382384994754e-06,1.918441981789905e-06,1.911682624226056e-06,1.9912338618862667e-06,2.1215034073448696e-06,2.3203750116276103e-06,2.309827199355476e-06,2.5890176473937952e-06,2.2403414783412085e-06,2.293574415021785e-06,2.4104302833118514e-06,2.6244698551590263e-06,2.591772384181937e-06,2.8865065278664134e-06,5.0103336637078866e-06,5.198978175049121e-06,5.505428214218813e-06,5.913789891042809e-06,6.4814587126967336e-06,6.281222949417099e-06,6.617102041719602e-06,7.027416813115281e-06,7.632960836583388e-06,5.6123460331000524e-06,5.9713748471217305e-06,6.546209636614361e-06,8.247954384637315e-06,LC_V24_H3p5_T8,8.247954384637315e-06
40,"(40,)",49,2,single,B_as_chord,X,1.1472532332551714e-07,6.151676138774658e-10,6.268737986855417e-10,1.2362583885694134e-09,1.2614347072534685e-09,3.090396950706103e-09,2.765194233269875e-09,2.768725922637281e-09,4.164494839407733e-09,4.369418558792068e-09,4.438326343073713e-09,8.05534296130782e-09,8.285725837992673e-09,1.424385792972905e-08,1.4295612568732985e-08,1.780337709242951e-08,1.8204570514814133e-08,1.8281389861474007e-08,2.6913912138253244e-08,2.6949419285747895e-08,2.1359921244338693e-08,2.1279555153446364e-08,2.5927217430065386e-08,2.616018593182545e-08,3.601407411379144e-08,3.632780467985562e-08,5.44874050819217e-08,5.464284197586255e-08,6.60814344782173e-07,6.600435880566192e-07,6.774704322487688e-07,6.77104435525016e-07,7.192125013158816e-07,7.923237344981405e-07,7.837901402963327e-07,9.952556836411532e-07,1.0261427544700147e-06,1.0194271777467721e-06,1.0820884826186997e-06,1.1806277960070808e-06,1.334995909960504e-06,1.3285110096509426e-06,1.468187250539023e-06,1.4970724075192708e-06,1.4886785963755946e-06,1.5567573668359e-06,1.6565922695143239e-06,1.8287313180509165e-06,1.816896056074592e-06,2.0648688191308823e-06,1.8728135011291063e-06,1.9331895848535766e-06,2.047588719675539e-06,2.2494716591890523e-06,2.2365024932690335e-06,2.5123619572462094e-06,4.057941467779061e-06,4.197783363771071e-06,4.475016438683091e-06,4.817212596635849e-06,5.337924704135355e-06,5.314555474277738e-06,5.620058646059418e-06,6.0008433245751974e-06,6.59061709554594e-06,4.877277287469961e-06,5.280954239281203e-06,5.8097968513222405e-06,7.740458811474665e-06,LC_V24_H3p5_T8,7.740458811474665e-06
40,"(40,)",51,2,single,A_as_chord,X,1.2043072342724228e-07,6.07874176990663e-10,6.194101901578996e-10,1.2498931666814082e-09,1.2780225054891049e-09,3.1445098214309252e-09,2.689681540729754e-09,2.68922090753677e-09,4.093173412107737e-09,4.23848443055239e-09,4.281058277100051e-09,7.871360154464386e-09,8.03473257393083e-09,1.4270795630930575e-08,1.4329587716718246e-08,1.7905838929471696e-08,1.8289387485203812e-08,1.8314255310907896e-08,2.694817882492426e-08,2.693152143953081e-08,2.030419682803564e-08,2.031148683318007e-08,2.4910795558626108e-08,2.5252465303614337e-08,3.5008642094681334e-08,3.535819523142218e-08,5.328107676842019e-08,5.33805135708016e-08,6.945227538833932e-07,6.932196132901836e-07,7.106574540722704e-07,7.087912703529728e-07,7.516124627539302e-07,8.238319667835665e-07,8.151277931309507e-07,9.863896188462296e-07,1.0148832390043447e-06,1.0077243380234978e-06,1.0679167663213548e-06,1.1630137898857312e-06,1.314834568159735e-06,1.3083769403477418e-06,1.3464857775154917e-06,1.376359913353524e-06,1.3673622786439123e-06,1.4344378150941249e-06,1.5382225634793956e-06,1.7090858140898643e-06,1.697066589405591e-06,1.944187992665452e-06,1.6703608751250043e-06,1.7394203188469017e-06,1.8512381919282995e-06,2.045169889742713e-06,2.010069713370004e-06,2.277176108352372e-06,3.869859370568219e-06,3.995282013092614e-06,4.263575447634673e-06,4.562398582965565e-06,5.058346099312968e-06,4.892946028360462e-06,5.194695685858877e-06,5.527516452995052e-06,6.104803168063775e-06,4.236747523174602e-06,4.6043204696602145e-06,5.113022688646426e-06,6.6088049710233456e-06,LC_V24_H3p5_T8,6.6088049710233456e-06
41,"(41,)",53,2,single,B_as_chord,X,4.782462153459033e-08,3.182212338634471e-09,3.1650664952712978e-09,3.1705923188590283e-09,3.1433253657137535e-09,3.1840189473625317e-09,8.412722010106615e-09,8.316072157454385e-09,8.873526958423858e-09,8.363253682511963e-09,8.24272363563395e-09,8.59979774405067e-09,8.352479097370737e-09,1.9214801683386195e-08,1.901068793308799e-08,1.9831609251153597e-08,1.925703115964613e-08,1.857444691322291e-08,1.9151584315947847e-08,1.8670116348337848e-08,4.5512329805062696e-08,4.539432815388935e-08,4.580502261230381e-08,4.528800710843272e-08,4.570179020418044e-08,4.468631574151809e-08,4.601720606481781e-08,4.5446959424516595e-08,3.761023236497276e-07,3.7454319664404565e-07,3.7307881627911546e-07,3.692771634861574e-07,3.6658360351661443e-07,3.597866866221778e-07,3.552668761546775e-07,6.706350277545225e-07,6.663093258397977e-07,6.621175842344869e-07,6.586491420913615e-07,6.526119246245465e-07,6.548677016232939e-07,6.46749079491661e-07,1.0462948390685953e-06,1.042143175551252e-06,1.0369637360546346e-06,1.0400491036763917e-06,1.0345032769526599e-06,1.0442845088894276e-06,1.0263779978439772e-06,1.0371346180478205e-06,1.4171570052161708e-06,1.3769946278534323e-06,1.336917932960221e-06,1.3206551390546081e-06,1.2980047857006614e-06,1.281735708214232e-06,3.1393823083560183e-06,3.057737790263316e-06,3.022812419759368e-06,2.9454765484465037e-06,2.9186769438424865e-06,4.609651107571253e-06,4.536169759146665e-06,4.374736933390493e-06,4.3075072713903285e-06,3.898922360162714e-06,3.7889518240786773e-06,3.7394619588964567e-06,6.1302304816238865e-06,LC_V24_H3p5_T8,6.1302304816238865e-06
41,"(41,)",55,2,single,A_as_chord,X,3.7411347747599695e-08,2.693607702943017e-09,2.7102665766300253e-09,2.75039710395103e-09,2.7527360871053992e-09,2.852735108486085e-09,8.566233888876575e-09,8.504660358344662e-09,9.041024216491372e-09,8.63554525768673e-09,8.539191813270083e-09,8.966960732920469e-09,8.76370141046521e-09,2.2608854012533812e-08,2.2483438375639965e-08,2.2824112652958408e-08,2.2419071897700886e-08,2.191013860411693e-08,2.214642697534278e-08,2.171025386091402e-08,5.315604200250185e-08,5.303436198819666e-08,5.369120169734344e-08,5.3250248800911974e-08,5.387134593359076e-08,5.2851844837382475e-08,5.38400849434195e-08,5.3148063796523556e-08,3.874013904685018e-07,3.8594156292843364e-07,3.8452408730072164e-07,3.808721947614535e-07,3.7803259055438627e-07,3.7098438360838345e-07,3.669216960296411e-07,7.405475404310433e-07,7.339566648298324e-07,7.305776277899553e-07,7.246393915879126e-07,7.141476145135418e-07,7.107240739195175e-07,7.031969130490211e-07,1.27672122858822e-06,1.274627692057123e-06,1.266382552504619e-06,1.2623944107361303e-06,1.2440248592031428e-06,1.2414710738670673e-06,1.2234877058546615e-06,1.2185123799025223e-06,1.8465003704854902e-06,1.7887360172385713e-06,1.7315170804856025e-06,1.6917744710112978e-06,1.6696469803309426e-06,1.6378838406726785e-06,3.785538882191235e-06,3.687649110524965e-06,3.628039012882359e-06,3.5345515678033775e-06,3.482349022040002e-06,5.653763649558904e-06,5.536667448800157e-06,5.378030054924669e-06,5.279095573231001e-06,5.285384260078436e-06,5.13800597742687e-06,5.0423457107312935e-06,7.87355944310373e-06,LC_V24_H3p5_T8,7.87355944310373e-06
42,"(42,)",57,2,single,B_as_chord,X,3.8960470503702e-08,3.6528264115566886e-09,3.6673659827034585e-09,3.622812616071251e-09,3.6296231289915546e-09,3.603607941897692e-09,9.291504415255827e-09,9.23742329077255e-09,9.589598588895396e-09,9.246365878808504e-09,9.163093988400249e-09,9.413508984067274e-09,9.232896860602596e-09,2.159972500518743e-08,2.144927564367569e-08,2.1950976585381464e-08,2.1482523830884487e-08,2.0920783753203623e-08,2.122466156676197e-08,2.075579433300191e-08,4.956780022951917e-08,4.947321073775234e-08,4.984306701580405e-08,4.9410975843943904e-08,4.9800097051306655e-08,4.890173046273863e-08,4.961816023027884e-08,4.8981598329872275e-08,3.8384358323516716e-07,3.823314769035072e-07,3.849920623721813e-07,3.8117114142331946e-07,3.828674868401815e-07,3.801962409390323e-07,3.75021943042253e-07,7.613591598392519e-07,7.578685461594925e-07,7.516869411613032e-07,7.472778686378115e-07,7.340517705269444e-07,7.307515749061546e-07,7.197492773094225e-07,1.2591909349425637e-06,1.2461324123927548e-06,1.239151500829894e-06,1.2266148139600224e-06,1.2039501896156338e-06,1.1933330849070133e-06,1.179837983156499e-06,1.1679137328689956e-06,1.921444669668206e-06,1.8708987665995572e-06,1.8216484653952023e-06,1.7833248786074145e-06,1.7643895447445741e-06,1.7311961598556684e-06,3.768613746315297e-06,3.669245016172038e-06,3.6077963248150738e-06,3.506971101268609e-06,3.4560179160497304e-06,5.885789149034214e-06,5.749847186215246e-06,5.579164644460369e-06,5.462722088994849e-06,6.0003175037555505e-06,5.845400111029678e-06,5.742209820865449e-06,9.62478652706348e-06,LC_V24_H3p5_T8,9.62478652706348e-06
42,"(42,)",59,2,single,A_as_chord,X,5.2376588581305133e-08,2.9306974454384925e-09,2.9242678086248923e-09,2.9912039394448885e-09,2.9713993618295394e-09,3.131142900767639e-09,6.956689751666111e-09,6.928465635519394e-09,7.342774823906962e-09,7.101672377144326e-09,7.034240634462571e-09,7.535156634756177e-09,7.387397351344541e-09,1.8824687448453446e-08,1.8693370417224656e-08,1.927157610919293e-08,1.886387691358964e-08,1.8372076716510605e-08,1.8957826475785842e-08,1.8490457482182027e-08,3.934700229969982e-08,3.92708327332148e-08,3.999287244517099e-08,3.952645214866379e-08,4.027699586075101e-08,3.916392577353966e-08,4.056951212625191e-08,3.970120327501578e-08,4.103907525223043e-07,4.0841668686428976e-07,4.075514270236816e-07,4.0270108178838696e-07,3.9875200383502764e-07,3.8904290028167163e-07,3.8431075629421766e-07,6.952396162376683e-07,6.898850436795336e-07,6.847388832676465e-07,6.786472510083778e-07,6.654260219966972e-07,6.601876298445545e-07,6.498801539847221e-07,1.1851023276388555e-06,1.1784504361226174e-06,1.171155515392979e-06,1.1625155948137879e-06,1.1428753262833958e-06,1.1344988550346429e-06,1.1209622092758979e-06,1.110394597335992e-06,1.576523237730915e-06,1.530454165282879e-06,1.4864106860675768e-06,1.46428153623807e-06,1.4488359796773515e-06,1.4289565901653424e-06,3.2895138506135403e-06,3.1840861939518125e-06,3.133197832123827e-06,3.0331795809879916e-06,2.990956782824973e-06,4.81793732695259e-06,4.724206615393913e-06,4.544602041959753e-06,4.459882620036223e-06,4.305213278556173e-06,4.180690043838144e-06,4.107307622489238e-06,7.118725673172321e-06,LC_V24_H3p5_T8,7.118725673172321e-06
43,"(43,)",61,2,single,B_as_chord,X,5.910062356174728e-07,5.723453363484549e-09,5.729268357730568e-09,9.57809299005882e-09,9.112475258947584e-09,1.7812260190060612e-08,1.7110456128461853e-08,1.706441605360296e-08,2.589653702101154e-08,2.488218586162872e-08,2.3859379427562926e-08,4.363551922704737e-08,4.045509049629584e-08,8.225581500698487e-08,8.24453970285022e-08,1.0190024457841278e-07,1.0234514165257177e-07,9.877685587860454e-08,1.409183638855797e-07,1.3429382181040593e-07,1.0788683869591434e-07,1.0869252331220782e-07,1.3421367023014373e-07,1.3524488409178986e-07,1.8706317767777302e-07,1.787749574160157e-07,2.729753268380601e-07,2.6128018078743215e-07,4.2522398959002445e-06,4.237411347146778e-06,4.414010503580248e-06,4.37363691413759e-06,4.668219913554627e-06,4.993004461595707e-06,4.836467939446692e-06,6.020915166325554e-06,6.216862920510785e-06,6.144804252473414e-06,6.532260704035716e-06,6.97307523488936e-06,7.778013768895228e-06,7.462481421333821e-06,8.941671661884349e-06,9.126346568928424e-06,9.080080139978385e-06,9.4871851660087e-06,9.975378199685362e-06,1.0831173904224861e-05,1.0558385703710522e-05,1.1632832991572554e-05,1.0022406258133603e-05,1.0337705904758088e-05,1.0790313673538244e-05,1.1738584020837062e-05,1.1348676347498548e-05,1.250064906066717e-05,2.2466870700105153e-05,2.290885261430509e-05,2.409514721869613e-05,2.4874909596324906e-05,2.6765555287025192e-05,2.8125395487395778e-05,2.937072575970808e-05,3.006778451590169e-05,3.205022944379881e-05,2.4019484966832885e-05,2.474965594482034e-05,2.6663709118008157e-05,3.3772334304603946e-05,LC_V24_H3p5_T8,3.3772334304603946e-05
43,"(43,)",63,2,single,A_as_chord,X,4.9674495040952e-07,5.113278460003411e-09,5.181976780538968e-09,8.441492196471718e-09,8.133908101286005e-09,1.5787207683815807e-08,2.1620862483014408e-08,2.1604713917068452e-08,3.140131701593506e-08,3.0445722441213636e-08,2.937214999843365e-08,5.0936493274555945e-08,4.765207292558533e-08,8.977463440291862e-08,9.00188529177167e-08,1.1032017795685018e-07,1.1064311137012619e-07,1.0630936935772288e-07,1.4937722243542606e-07,1.425482227827699e-07,1.3164271547574588e-07,1.3230759374202027e-07,1.6064851382246307e-07,1.619036774918101e-07,2.1823535461415056e-07,2.1300972538735815e-07,3.1228550067713787e-07,3.002903803091085e-07,4.1146830800964485e-06,4.0979600030021865e-06,4.277381152643192e-06,4.23215310997967e-06,4.528122074023428e-06,4.8507604369645124e-06,4.696987746824568e-06,6.132656942165301e-06,6.3380615307060455e-06,6.256832734730916e-06,6.642239695132309e-06,7.059648198870469e-06,7.882578275022536e-06,7.523654853950259e-06,9.82433444467754e-06,1.00703321175303e-05,1.0012018965588807e-05,1.0470754052550733e-05,1.0985278970964335e-05,1.1901166019527593e-05,1.156740825970008e-05,1.2658504443542642e-05,1.123670662774897e-05,1.1550308626154963e-05,1.20202054077082e-05,1.3025185716858751e-05,1.2603125669026862e-05,1.3758026668664055e-05,2.4003856343059106e-05,2.4554366507777628e-05,2.5771053328196007e-05,2.665180463865064e-05,2.8596319067383305e-05,3.029134870611747e-05,3.156113674057996e-05,3.234575904274071e-05,3.434619350783043e-05,2.7780677392885293e-05,2.8554980939868987e-05,3.0531083647823656e-05,3.825271826693094e-05,LC_V24_H3p5_T8,3.825271826693094e-05
44,"(44,)",65,2,single,B_as_chord,X,5.177386623044432e-07,6.54990884087826e-09,6.606844104523134e-09,1.0229589096654148e-08,9.800364675058687e-09,1.8214687531859946e-08,2.4336692517482066e-08,2.4156608482128844e-08,3.511410897139357e-08,3.353475107333908e-08,3.2373590213195014e-08,5.465119602158639e-08,5.13543346580638e-08,8.550554553211801e-08,8.515232132593103e-08,1.0898768345933384e-07,1.0800097377197821e-07,1.0216408646725488e-07,1.4932012708516363e-07,1.4115709318234167e-07,1.161916645342648e-07,1.1537632319059965e-07,1.4409017274646867e-07,1.4247052030012708e-07,1.9579101436179735e-07,1.7950218807451175e-07,2.7641618346554435e-07,2.572979220142968e-07,3.0491831812829554e-06,3.038576600029505e-06,3.1548776959458967e-06,3.138106633617019e-06,3.3717647418389183e-06,3.6591267100302174e-06,3.525026657538067e-06,4.918157346919134e-06,5.117812517294194e-06,5.05411020189739e-06,5.4122100611083165e-06,5.835285622851021e-06,6.588548057711763e-06,6.323066929137065e-06,7.67168232818166e-06,7.898595702315417e-06,7.845822660555986e-06,8.276605261616375e-06,8.750721452790944e-06,9.646807892652513e-06,9.303577219302728e-06,1.038294388869261e-05,9.570302791545207e-06,9.867026873262952e-06,1.0311659303347394e-05,1.1263094581879984e-05,1.0923545147784298e-05,1.2037630835789842e-05,2.0054883805552328e-05,2.063686639673228e-05,2.1892237290916205e-05,2.2777556823043134e-05,2.4650853794462504e-05,2.6497412689404786e-05,2.7777557569922983e-05,2.8613865166978375e-05,3.06128232023474e-05,2.468417993851264e-05,2.568377722614719e-05,2.7657490098232417e-05,3.638609194474874e-05,LC_V24_H3p5_T8,3.638609194474874e-05
44,"(44,)",67,2,single,A_as_chord,X,5.533092724580326e-07,6.651545780019952e-09,6.654825042699803e-09,1.05497206429931e-08,1.0072061628022312e-08,1.891757460745002e-08,2.1728821892556645e-08,2.146960489706087e-08,3.1679457537256923e-08,2.990072832493576e-08,2.8772038973776678e-08,4.9455400994612176e-08,4.615994559385205e-08,8.022968370161356e-08,8.020865718937583e-08,1.0298616573541568e-07,1.0288246463114088e-07,9.702705492114724e-08,1.4264875303253657e-07,1.3387639690015846e-07,1.0235914889684395e-07,1.0208473236438518e-07,1.287349949928223e-07,1.2863860379075632e-07,1.8036698057379706e-07,1.6447055892303573e-07,2.5826174984732637e-07,2.3897923069966864e-07,3.179488903028333e-06,3.1698719995379215e-06,3.2817744277147537e-06,3.264207225697125e-06,3.5004678706571967e-06,3.793233962489996e-06,3.648790031332786e-06,4.878487064142448e-06,5.036285302562558e-06,4.996286618739778e-06,5.309379384340463e-06,5.705938514462661e-06,6.425900372337047e-06,6.190065872626269e-06,7.012854233784772e-06,7.226814104753054e-06,7.166396057922654e-06,7.5857008810052755e-06,8.04458709837007e-06,8.898950409068045e-06,8.57240971098904e-06,9.595173624999334e-06,8.53303331265239e-06,8.898370327072461e-06,9.331721027807653e-06,1.0266215134346642e-05,9.780473401066147e-06,1.086705254506824e-05,1.8710195930246042e-05,1.9205814762002742e-05,2.0409659806357785e-05,2.1078056512250693e-05,2.2880197032612974e-05,2.404220058607515e-05,2.5339823868405134e-05,2.5982629830185194e-05,2.7944438517451415e-05,2.0717477827565724e-05,2.1544719074840212e-05,2.333242260001573e-05,2.9718503352361012e-05,LC_V24_H3p5_T8,2.9718503352361012e-05
45,"(45,)",69,2,single,B_as_chord,X,7.038270010371071e-07,9.627841598135912e-08,9.546300685469716e-08,9.598303919708439e-08,9.474121947491539e-08,9.733675796979796e-08,2.3600833865929978e-07,2.3450505601618186e-07,2.4143505665017496e-07,2.342605114382782e-07,2.3284290882521486e-07,2.3611613264480354e-07,2.33351133744375e-07,4.648309653611862e-07,4.626796010710475e-07,4.6750506721628296e-07,4.613851790901387e-07,4.55204310396486e-07,4.5582477390712736e-07,4.513179095669709e-07,8.836746388286868e-07,8.822215994107271e-07,8.866701731516406e-07,8.815727361472638e-07,8.83737773859389e-07,8.7513198268896e-07,8.792873709958897e-07,8.74053983620276e-07,2.9861332305393314e-06,2.980161011090661e-06,2.9651480650713434e-06,2.9500829405372246e-06,2.924698020140044e-06,2.882032080583223e-06,2.868841204962409e-06,3.938006592806832e-06,3.906584909658944e-06,3.893805358314479e-06,3.860362275922704e-06,3.809568437125153e-06,3.7785079508394102e-06,3.755267193066175e-06,5.130989244358132e-06,5.10882326757497e-06,5.087354921488033e-06,5.05855909481092e-06,5.000991579889987e-06,4.972479217646522e-06,4.941111282342478e-06,4.908125930722237e-06,6.456915134980349e-06,6.345680586157803e-06,6.234741572606462e-06,6.166234710989619e-06,6.121124159609976e-06,6.053494505398718e-06,1.0336205031184985e-05,1.014330804044377e-05,1.003186790197807e-05,9.861375970348312e-06,9.75931364335584e-06,1.3471690876171405e-05,1.330673208390897e-05,1.3052410487110643e-05,1.2898663593324648e-05,1.2657642940681884e-05,1.2441967354068522e-05,1.2308863017152746e-05,1.685900574179312e-05,LC_V24_H3p5_T8,1.685900574179312e-05
45,"(45,)",71,2,single,A_as_chord,X,6.330618252816659e-07,7.729546345624636e-08,7.70402588480355e-08,7.665314151740276e-08,7.63684324845149e-08,7.790210740841606e-08,2.422692043305477e-07,2.4124410304804616e-07,2.453939240176159e-07,2.40206712827224e-07,2.3923283713108123e-07,2.408475165422295e-07,2.388559629887238e-07,5.031971689243366e-07,5.011533536374964e-07,5.041944886207645e-07,4.986424416860446e-07,4.929960310514656e-07,4.928441268532358e-07,4.88874411125969e-07,9.247215501378666e-07,9.23257082065072e-07,9.264732143797402e-07,9.217332225714148e-07,9.225598625684139e-07,9.142802484427084e-07,9.17205127433685e-07,9.122510610268615e-07,2.9907373945656235e-06,2.986039742532337e-06,2.9707428924132627e-06,2.958777917423802e-06,2.9354856316194002e-06,2.89816099683374e-06,2.8871709920832492e-06,4.184484745535837e-06,4.154612300030396e-06,4.140887598130768e-06,4.108034940391002e-06,4.05728676578839e-06,4.026908414317964e-06,4.00554993302885e-06,5.692778807161965e-06,5.660870129606433e-06,5.641838673033353e-06,5.605015858808494e-06,5.542876703378898e-06,5.506182570685682e-06,5.480325144490767e-06,5.441194152407369e-06,7.241995925986687e-06,7.127148129991274e-06,7.0117990517670014e-06,6.953884278030049e-06,6.912183297577143e-06,6.835909167720495e-06,1.1479744071636653e-05,1.1304213442674756e-05,1.1190703170172039e-05,1.103158944409458e-05,1.0932552327405081e-05,1.475139729438633e-05,1.4570881717723762e-05,1.4335087272682498e-05,1.417444369491281e-05,1.456240739680216e-05,1.433444869718948e-05,1.4174417694939663e-05,1.9058189314772893e-05,LC_V24_H3p5_T8,1.9058189314772893e-05
46,"(46,)",73,2,single,B_as_chord,X,6.371555809852079e-07,1.0330145934420637e-07,1.0295008876350647e-07,1.0206971031613938e-07,1.017784463308259e-07,1.023608391362635e-07,2.403051501676775e-07,2.3929161623534885e-07,2.432619735812692e-07,2.3833077048979358e-07,2.3734910058031406e-07,2.389429286485224e-07,2.3702242199561558e-07,4.917911213010849e-07,4.90412235154661e-07,4.906533606491267e-07,4.864778599051011e-07,4.822987525057435e-07,4.79904900068056e-07,4.7683365055335717e-07,8.732394763865604e-07,8.724548625324718e-07,8.730660509286911e-07,8.699147049182432e-07,8.694101429909061e-07,8.641603916610297e-07,8.649152532196685e-07,8.617264558931443e-07,2.880162371573733e-06,2.8754489864804994e-06,2.8611653463268456e-06,2.8496606189731393e-06,2.827296413611353e-06,2.7928925901942814e-06,2.784629630606549e-06,4.244057827768091e-06,4.213255854447462e-06,4.200478587373543e-06,4.167123077853912e-06,4.1161596596762795e-06,4.0849199286786326e-06,4.064743855051419e-06,5.7657060705714905e-06,5.738344077467478e-06,5.7170978216133e-06,5.6835445083367345e-06,5.623427726333816e-06,5.589412646587047e-06,5.562798331383258e-06,5.525737570918644e-06,7.345080648411654e-06,7.231453483973272e-06,7.119519189284643e-06,7.056474757605874e-06,7.017917859987149e-06,6.940440779940117e-06,1.1777516038995395e-05,1.15894126734184e-05,1.146605099332337e-05,1.1286477995514096e-05,1.1181416647757946e-05,1.552286569604295e-05,1.532826656033989e-05,1.5064135631616105e-05,1.4889426163377964e-05,1.5661604685278e-05,1.5425475992200962e-05,1.52678730268794e-05,2.095930730945242e-05,LC_V24_H3p5_T8,2.095930730945242e-05
46,"(46,)",75,2,single,A_as_chord,X,7.275103303098863e-07,9.144746071665168e-08,9.049223628366952e-08,9.083508831656384e-08,8.984728541156793e-08,9.28328296740044e-08,1.9122073137821103e-07,1.9015671262478602e-07,1.9608313233128422e-07,1.9069878145374664e-07,1.8948443864148296e-07,1.9408728079990837e-07,1.9153687963257714e-07,4.571057078769253e-07,4.5520310639433824e-07,4.593170442605751e-07,4.5338346413110367e-07,4.4772099731990656e-07,4.4839524004608755e-07,4.438777464774481e-07,7.781129474340105e-07,7.766623808735417e-07,7.805370478171864e-07,7.757657067222373e-07,7.771314547670622e-07,7.687875467292087e-07,7.73135569114976e-07,7.676153326690153e-07,3.0847823349068756e-06,3.078231955392127e-06,3.063679710849665e-06,3.0478525880605942e-06,3.022068563693347e-06,2.977626118718911e-06,2.9634695781698264e-06,4.1367534634181245e-06,4.107929028451095e-06,4.093729807590849e-06,4.062485711042696e-06,4.011477287722147e-06,3.982173044614471e-06,3.956156669809773e-06,5.444958561493392e-06,5.41283563560889e-06,5.394824566386506e-06,5.358391799601906e-06,5.299783605905641e-06,5.264555333480602e-06,5.237613135668817e-06,5.197913301599422e-06,6.70777767840511e-06,6.5927554256375644e-06,6.4793587623443946e-06,6.404062160768068e-06,6.361829052969245e-06,6.291188499507516e-06,1.0846333454592266e-05,1.063124493670165e-05,1.050604465834352e-05,1.030527752525103e-05,1.0193686035877692e-05,1.4049080085447302e-05,1.3865462057658358e-05,1.3572398731804562e-05,1.33987073319241e-05,1.3575393830828644e-05,1.3347469670518512e-05,1.3209107748176006e-05,1.8109118677755956e-05,LC_V24_H3p5_T8,1.8109118677755956e-05
47,"(47,)",77,2,single,B_as_chord,X,1.2426128868585044e-06,2.0824712539604542e-07,2.0290669030198886e-07,2.2194889063408836e-07,2.1238569044284213e-07,2.4142785692277e-07,4.952339391596579e-07,4.876488253121472e-07,5.69445378337646e-07,5.150575680739877e-07,5.009151139719757e-07,5.749232264817755e-07,5.421056956328236e-07,1.2531591398229605e-06,1.2437152977399618e-06,1.3378317828482292e-06,1.2957596966223692e-06,1.2478891472822562e-06,1.3356587883964298e-06,1.2908462788000935e-06,1.433465253588671e-06,1.4238533898774993e-06,1.5372687323963879e-06,1.4940361247095891e-06,1.6183776997033306e-06,1.5026786769641058e-06,1.6744105262601302e-06,1.589992777939233e-06,1.26380092857895e-05,1.2592996149573954e-05,1.2748078164597508e-05,1.2603608298981244e-05,1.2728360378542713e-05,1.2631936969004652e-05,1.2404551434871973e-05,1.6316807822602103e-05,1.6420951958737833e-05,1.6251940799206894e-05,1.6373960938179706e-05,1.628167524912352e-05,1.6500784863052057e-05,1.6127713184209917e-05,2.0918626432672477e-05,2.09572623950379e-05,2.081006044884278e-05,2.086475643802078e-05,2.0707028265873895e-05,2.0859404100751394e-05,2.05002582046939e-05,2.061183293027823e-05,2.2506458352672597e-05,2.2354514724765475e-05,2.213391684184996e-05,2.2237356130220868e-05,2.180247326201118e-05,2.1912392593639245e-05,3.6239527283521434e-05,3.581412954984646e-05,3.590105535268435e-05,3.536235264000576e-05,3.550044883908294e-05,4.103212657481454e-05,4.11013508407647e-05,4.0405275702127615e-05,4.049712282873453e-05,3.6585420714022495e-05,3.606306256270586e-05,3.627629082916367e-05,4.309823534620491e-05,LC_V24_H3p5_T8,4.309823534620491e-05
47,"(47,)",79,2,single,A_as_chord,X,1.0853544771526056e-06,1.9280231216785718e-07,1.887978499799052e-07,2.0527138828046194e-07,1.9714381503867595e-07,2.2272201504439528e-07,5.629220210985747e-07,5.552918572662317e-07,6.376635354557366e-07,5.831346447041325e-07,5.687213430285853e-07,6.440202418366554e-07,6.103513323112599e-07,1.317075072733338e-06,1.3082409817464316e-06,1.3968143115810109e-06,1.3577409376834968e-06,1.311651458414688e-06,1.3957472273163881e-06,1.3511837144251418e-06,1.5835688210476113e-06,1.5729619174367497e-06,1.6896166309022198e-06,1.6440905043114855e-06,1.7728967894443657e-06,1.6547036138551574e-06,1.8337178305059076e-06,1.7467569324416677e-06,1.2495976890362475e-05,1.2453409054906798e-05,1.2614892713391907e-05,1.2475626596181578e-05,1.2609192753391943e-05,1.2521028554115814e-05,1.2296996175908018e-05,1.6584001988462477e-05,1.6690136112306885e-05,1.6521022469176777e-05,1.6654440817858907e-05,1.6560356959428623e-05,1.6780686965724867e-05,1.6408326793152536e-05,2.1719063105877498e-05,2.1772054744678447e-05,2.161707148622115e-05,2.168946934809343e-05,2.1528823909111727e-05,2.1688335686396435e-05,2.1313217591688097e-05,2.1432637725263108e-05,2.367930109489401e-05,2.3502282783457217e-05,2.3270563754650356e-05,2.344961788659284e-05,2.301045919076709e-05,2.3114298542418454e-05,3.801557878230801e-05,3.7604733918773026e-05,3.766639183985963e-05,3.7160990793142426e-05,3.729360318561424e-05,4.313223922504513e-05,4.3206559550086935e-05,4.253899044367746e-05,4.264446402019046e-05,3.9433211277757015e-05,3.8873796029365625e-05,3.90777002438393e-05,4.667492379544014e-05,LC_V24_H3p5_T8,4.667492379544014e-05
48,"(48,)",81,2,single,B_as_chord,X,1.0997692232166017e-06,2.2715093630834683e-07,2.2307235381703378e-07,2.3982955240004033e-07,2.31568407258539e-07,2.578367124917923e-07,5.901916957835913e-07,5.806615513263266e-07,6.696897119357549e-07,6.088499263810424e-07,5.935215971330635e-07,6.70364252847245e-07,6.356399541420897e-07,1.2477086450415832e-06,1.2351515103937317e-06,1.3435730046288905e-06,1.2963297392376389e-06,1.2402616519881295e-06,1.3375673937243607e-06,1.287793447544976e-06,1.5291542204316396e-06,1.5155834631109539e-06,1.6364658037369782e-06,1.585876228186268e-06,1.7111780281860075e-06,1.5836583641845038e-06,1.761359923186083e-06,1.6701605756992305e-06,1.043295671977253e-05,1.0400550821800491e-05,1.0519888754636284e-05,1.0407527575060131e-05,1.0523087549226145e-05,1.0454595226912135e-05,1.0259579453758547e-05,1.4388998950073279e-05,1.4507497788710283e-05,1.4346787384572922e-05,1.4475836426180358e-05,1.439212515528135e-05,1.4598307151291004e-05,1.4251757028396443e-05,1.842850670312435e-05,1.8469700794494465e-05,1.8333702436878702e-05,1.8406146150252575e-05,1.826674329294787e-05,1.84421031849437e-05,1.8076146681111584e-05,1.821501127320764e-05,2.086655493064572e-05,2.0698995431056035e-05,2.047431761752527e-05,2.0636830431820497e-05,2.023748610532656e-05,2.033481353580159e-05,3.313024424705886e-05,3.27876747017579e-05,3.292520656505778e-05,3.244928371934677e-05,3.262861033902065e-05,3.872737250488038e-05,3.874136821081681e-05,3.812048105815822e-05,3.819873263741034e-05,3.598964286273496e-05,3.551759973821619e-05,3.5687149115757725e-05,4.347581337912045e-05,LC_V24_H3p5_T8,4.347581337912045e-05
48,"(48,)",83,2,single,A_as_chord,X,1.2136529982154014e-06,2.2916274150756616e-07,2.2403657498913937e-07,2.4333826129258037e-07,2.3368884374991547e-07,2.6301059555243903e-07,5.586040716741516e-07,5.488200841456727e-07,6.401447806958217e-07,5.7692632103183e-07,5.614329520143103e-07,6.402756165740967e-07,6.042681177770854e-07,1.2086615782766377e-06,1.195953110302302e-06,1.3084178017464788e-06,1.2604221356015416e-06,1.2034959131343605e-06,1.3057225687345207e-06,1.254729936716008e-06,1.4634392086577016e-06,1.4510592344619505e-06,1.571294349057646e-06,1.5218046189932654e-06,1.6515056238510057e-06,1.5232986845022609e-06,1.7074621656135274e-06,1.6136096693904258e-06,1.0601366973433138e-05,1.0564318896669172e-05,1.0697055739340033e-05,1.0577189791091106e-05,1.0694438771082179e-05,1.0620198709623236e-05,1.0410081551630043e-05,1.4144123508899072e-05,1.426135227926215e-05,1.410448825050325e-05,1.4233583205119977e-05,1.4152288675128416e-05,1.4368207392382778e-05,1.4007816347812752e-05,1.771864125726907e-05,1.780440772941475e-05,1.765277706839341e-05,1.776543955131707e-05,1.7646660038165247e-05,1.7865419913777533e-05,1.7473075138658198e-05,1.7642063213552717e-05,1.993910350658193e-05,1.9828508754283653e-05,1.962432387397065e-05,1.978478308771967e-05,1.9314601323157505e-05,1.945215271049707e-05,3.183290989045254e-05,3.145969752352995e-05,3.1617562206144106e-05,3.1109286082396586e-05,3.129459894375212e-05,3.69434880869359e-05,3.704642484669121e-05,3.6373738083069034e-05,3.6510736316386295e-05,3.3126965390538426e-05,3.265603969892745e-05,3.2827322958807276e-05,3.948579814540028e-05,LC_V24_H3p5_T8,3.948579814540028e-05
49,"(49,)",85,2,single,B_as_chord,X,1.2576871975000332e-08,3.3416203350145e-09,3.3424011564974304e-09,3.3351268760688676e-09,3.332899742906056e-09,3.3382652548545423e-09,4.414478389885472e-09,4.374238770474233e-09,4.653452529485316e-09,4.4101051716928396e-09,4.367954854744545e-09,4.520719417039104e-09,4.425898275688197e-09,4.920518625545912e-09,4.85238745971882e-09,5.220052805978591e-09,5.013261421962285e-09,4.822083871606634e-09,5.028259808817813e-09,4.890746677642619e-09,1.4015134734456955e-08,1.4011503435510952e-08,1.4091204952097995e-08,1.3968827099502711e-08,1.4059359582852894e-08,1.3850114043559986e-08,1.3964938206495378e-08,1.3821819265195295e-08,6.592601637390824e-08,6.563471985211074e-08,6.657084819089094e-08,6.580179385508308e-08,6.621100630860722e-08,6.563154135413634e-08,6.494607265365007e-08,1.9890532607033924e-07,1.9814916892126695e-07,1.974850637704256e-07,1.9687933551858152e-07,1.9534601716975622e-07,1.950725799379096e-07,1.9372492754072622e-07,3.5636871256362053e-07,3.5788950232519954e-07,3.557352063088599e-07,3.5683701442538247e-07,3.549375672002913e-07,3.5558953223039563e-07,3.528064314558182e-07,3.5291055847315193e-07,3.7144474079578596e-07,3.675224096243389e-07,3.6306473338012127e-07,3.611443358187935e-07,3.587428378376085e-07,3.5648189859295295e-07,6.01759554955955e-07,5.948225433796448e-07,5.937587874850464e-07,5.869989187270884e-07,5.855134009020893e-07,8.333985057720175e-07,8.299861556859874e-07,8.160762142340118e-07,8.109340051157397e-07,7.749566226465452e-07,7.633491589828574e-07,7.606003540288022e-07,1.194003379144111e-06,LC_V24_H3p5_T8,1.194003379144111e-06
49,"(49,)",87,2,single,A_as_chord,X,9.481576005281436e-09,2.3565551678795686e-09,2.371431396448252e-09,2.3462759692577675e-09,2.3569372161867743e-09,2.340606403619721e-09,4.433268437183513e-09,4.391759965633962e-09,4.657814319571883e-09,4.42853148921705e-09,4.386587429035889e-09,4.5330060179526385e-09,4.44394230821041e-09,5.822100053956776e-09,5.7743518615093784e-09,6.025693200035009e-09,5.858757642684189e-09,5.7232686259301615e-09,5.851187510048459e-09,5.7460804898169325e-09,1.5255888586317915e-08,1.5189382249733838e-08,1.556555419243422e-08,1.5335765814872764e-08,1.5604590136146737e-08,1.5214395122196616e-08,1.5574001110227777e-08,1.533372183127591e-08,6.852397342747329e-08,6.827729264745791e-08,6.889508811754431e-08,6.819440683711828e-08,6.843857447568078e-08,6.77640335240343e-08,6.70754533905869e-08,1.666503009679873e-07,1.6670594982344807e-07,1.659042607622954e-07,1.6587898429511326e-07,1.6468824668053622e-07,1.648222260137041e-07,1.6336928223178408e-07,3.170415582194745e-07,3.1793252649737456e-07,3.165589949615586e-07,3.168510892676871e-07,3.1501998832867365e-07,3.154833475107331e-07,3.129480702797005e-07,3.1293170085304006e-07,3.215736207547089e-07,3.1772604731279967e-07,3.133383307577141e-07,3.121889888457082e-07,3.092247308008486e-07,3.075485987846798e-07,5.542196142282e-07,5.476123797958914e-07,5.450321896848597e-07,5.388144781481445e-07,5.361740749262029e-07,7.808208385945207e-07,7.734881038758379e-07,7.626382952239315e-07,7.571205793579808e-07,6.903736612642686e-07,6.80435659411053e-07,6.761025944425078e-07,1.091780487912956e-06,LC_V24_H3p5_T8,1.091780487912956e-06
50,"(50,)",89,2,single,B_as_chord,X,1.013267840374086e-08,3.5202350350583346e-09,3.550656387711785e-09,3.4967028289704837e-09,3.52760630699656e-09,3.4773447360812632e-09,5.22508753352555e-09,5.200789089570696e-09,5.414050690079381e-09,5.213838352502237e-09,5.186024314716911e-09,5.2957555176880106e-09,5.21741188164195e-09,6.142143655465701e-09,6.099357138906954e-09,6.358053042766515e-09,6.185229977660855e-09,6.050650559897967e-09,6.179883584505854e-09,6.073961774834191e-09,1.559512723047163e-08,1.557311743096553e-08,1.5768285684204102e-08,1.5618352562708317e-08,1.576425428874135e-08,1.5518421129224603e-08,1.5705588981313725e-08,1.5552967110824037e-08,6.617368237000288e-08,6.583736918233017e-08,6.710211573316992e-08,6.619460413359384e-08,6.679117956939531e-08,6.61927162806256e-08,6.533071815599269e-08,2.0307290287547483e-07,2.04587977359495e-07,2.029217233043544e-07,2.038551365177881e-07,2.0247948950604628e-07,2.0321473245481706e-07,2.007977121595011e-07,3.5354728527224416e-07,3.5312102080366e-07,3.51779750922969e-07,3.5107688689046067e-07,3.4862607272149473e-07,3.4851051588221436e-07,3.464594344792019e-07,3.455297763130112e-07,3.8585243296982055e-07,3.823841559150536e-07,3.7858811486397646e-07,3.77512228127098e-07,3.7483638766031826e-07,3.734132542084441e-07,6.700039951615599e-07,6.614229600263728e-07,6.570398746671138e-07,6.483862625557751e-07,6.444771181542803e-07,8.895430433140106e-07,8.803850085694219e-07,8.668196055175006e-07,8.593867098483501e-07,8.776830244085047e-07,8.663249408640414e-07,8.616736958072111e-07,1.3986206496035238e-06,LC_V24_H3p5_T8,1.3986206496035238e-06
50,"(50,)",91,2,single,A_as_chord,X,1.372416043648338e-08,2.5471476038850526e-09,2.528929129361014e-09,2.5488983848409715e-09,2.528130436061731e-09,2.5636868683668566e-09,3.187327005847497e-09,3.149424763010124e-09,3.381953006350433e-09,3.1845330054137764e-09,3.1464868397651088e-09,3.278375569342343e-09,3.199328713915195e-09,4.141210240519288e-09,4.100517594364944e-09,4.327009201797121e-09,4.181176946237286e-09,4.062806398646233e-09,4.177598462908907e-09,4.087460202827422e-09,1.1291984624876508e-08,1.1252308885429188e-08,1.1623819012159147e-08,1.1408613316020929e-08,1.168375951037001e-08,1.131905384572742e-08,1.1649639508633143e-08,1.1433826984782723e-08,6.012112085943196e-08,5.989408895717707e-08,6.055027815753702e-08,5.988263060315004e-08,6.015922909651377e-08,5.956897599398177e-08,5.893966120574825e-08,1.5313074354073185e-07,1.5418652180330017e-07,1.527479656176114e-07,1.5339530355356353e-07,1.5208466308269323e-07,1.525365634670623e-07,1.5051668828332683e-07,3.292823399080057e-07,3.302419109241782e-07,3.284075006589971e-07,3.2895544125172504e-07,3.2688743318779037e-07,3.2738668830770274e-07,3.2466111140418565e-07,3.2446553104979567e-07,3.116880241756193e-07,3.0778929850334067e-07,3.038081509755796e-07,3.0224590051948536e-07,2.997522126293096e-07,2.9801797768062203e-07,5.459630008111781e-07,5.388596080191971e-07,5.385210865685848e-07,5.300373850198581e-07,5.294135401111153e-07,7.337372637761622e-07,7.316573169198579e-07,7.186709214888606e-07,7.15220231679228e-07,6.958334324120851e-07,6.851706047344397e-07,6.808956979760278e-07,1.1124261243245672e-06,LC_V24_H3p5_T8,1.1124261243245672e-06
51,"(51,)",93,2,single,B_as_chord,X,1.0478810290199797e-08,8.026438355413176e-10,7.890231560959738e-10,8.008737058422795e-10,7.856881690079762e-10,8.053419997632094e-10,1.6432598243504669e-09,1.6171361945691756e-09,1.7587479114086695e-09,1.6350612474083064e-09,1.6123469489009942e-09,1.6875275262440702e-09,1.6410753281803377e-09,5.780041117811804e-09,5.733321523098255e-09,5.915589563129128e-09,5.7634348355979465e-09,5.629838687860014e-09,5.695047257791094e-09,5.596568949785643e-09,1.0377812304865753e-08,1.0325093115709374e-08,1.0573574325249644e-08,1.0393185924052558e-08,1.0551164676483152e-08,1.0224073914616606e-08,1.0449902130105915e-08,1.0251517987255051e-08,2.1749585074086554e-07,2.1661622031031774e-07,2.1665219572155623e-07,2.1437806873370266e-07,2.1273100526701368e-07,2.073190552283663e-07,2.0445078712115377e-07,3.5248244661993433e-07,3.505670238317161e-07,3.472426431186404e-07,3.4413678474167845e-07,3.373794330047713e-07,3.3420811049025367e-07,3.3008363488326515e-07,6.733601508043244e-07,6.71052747552859e-07,6.652384105250396e-07,6.603187518063324e-07,6.480767071641266e-07,6.422334864888644e-07,6.357322302859344e-07,6.284845160756983e-07,7.100067332133456e-07,6.946831373353802e-07,6.789439154301985e-07,6.71260042345775e-07,6.645884948417228e-07,6.54165310129645e-07,1.487961888754085e-06,1.4569359225406508e-06,1.443144810955097e-06,1.4101807787923322e-06,1.3957277358588712e-06,1.8881726351864456e-06,1.871711239570829e-06,1.8241033744150027e-06,1.8028619992271184e-06,1.6679603704092776e-06,1.6347876779876153e-06,1.6218630004912358e-06,2.3075110875834825e-06,LC_V24_H3p5_T8,2.3075110875834825e-06
51,"(51,)",95,2,single,A_as_chord,X,6.949902537089617e-09,6.218275487649952e-10,6.236907972421702e-10,6.150934625782932e-10,6.164899787767393e-10,6.110817919842465e-10,2.7906866049301765e-09,2.7658241556260354e-09,2.8984319980010148e-09,2.7799113790334607e-09,2.757400626606459e-09,2.8268344554975205e-09,2.782380868205411e-09,8.083371391130099e-09,8.039678334062626e-09,8.178420000951162e-09,8.04189291138994e-09,7.912891078910246e-09,7.951568651003557e-09,7.85531262934448e-09,1.5302612986871913e-08,1.523938818628963e-08,1.550562529155295e-08,1.5318322918929202e-08,1.5469225180883072e-08,1.5124832340623097e-08,1.5351980391739663e-08,1.513805353135864e-08,2.449209184714503e-07,2.441740955642607e-07,2.4310573667057243e-07,2.4112834842803474e-07,2.3858120080755716e-07,2.3276782240842475e-07,2.3028084993413848e-07,3.9130972955334756e-07,3.885086067074166e-07,3.85382761527635e-07,3.81423882963329e-07,3.7424210478688964e-07,3.7009747040647e-07,3.666779585477966e-07,6.845396108632962e-07,6.802178616999839e-07,6.75328158366617e-07,6.693516432868979e-07,6.567178825257194e-07,6.500117821328308e-07,6.4409596559657e-07,6.363237362270496e-07,7.891932565968973e-07,7.732356791151047e-07,7.567451078635946e-07,7.454272894292071e-07,7.395676327673373e-07,7.287539551356752e-07,1.654029590821033e-06,1.6211206625102717e-06,1.603099119057525e-06,1.5688104474093564e-06,1.5491404787987527e-06,2.069715108802184e-06,2.0465542370305782e-06,1.999174115353867e-06,1.9744070770261134e-06,1.8031336205063122e-06,1.7689655845378236e-06,1.753290566846843e-06,2.5623713247282937e-06,LC_V24_H3p5_T8,2.5623713247282937e-06
52,"(52,)",97,2,single,B_as_chord,X,8.649129496691372e-09,9.777552528720988e-10,9.807121807000244e-10,9.677186327630646e-10,9.71548261215136e-10,9.610600479394031e-10,3.1613548080168198e-09,3.1433327367956743e-09,3.2553471004103844e-09,3.1406614331106695e-09,3.1235866650725126e-09,3.174093181231666e-09,3.1325059984687588e-09,7.507551759566832e-09,7.467584897166671e-09,7.607585837394392e-09,7.456777745313758e-09,7.341282722439482e-09,7.3663093388940735e-09,7.279040286742312e-09,1.3786339070630518e-08,1.3737978321028465e-08,1.3966749095546656e-08,1.3793347030626784e-08,1.3927748874311519e-08,1.3633648563995032e-08,1.3818719642547019e-08,1.3640137874748569e-08,1.8175010538016483e-07,1.8137285882662695e-07,1.79977273695575e-07,1.7871354347092954e-07,1.7656672869071377e-07,1.7247794293324043e-07,1.7099259449736458e-07,3.2324741898690095e-07,3.2186740665529626e-07,3.186253063158661e-07,3.160679377104916e-07,3.096134270316853e-07,3.067463901770491e-07,3.028312070251372e-07,5.647811694024547e-07,5.623071297317888e-07,5.578309724586748e-07,5.535942400244195e-07,5.438037189159052e-07,5.390920098003091e-07,5.334929302666459e-07,5.277620311116712e-07,6.967452911677711e-07,6.830894469781917e-07,6.69584046164116e-07,6.598590364580949e-07,6.545718919959856e-07,6.447501375048496e-07,1.3451076886052353e-06,1.3176894109294e-06,1.3027671307715943e-06,1.2748825889799655e-06,1.2597913343750004e-06,1.8580710745221297e-06,1.8371165206417877e-06,1.7974170763588417e-06,1.7762850692018388e-06,1.6544594065195964e-06,1.624608039537386e-06,1.6097696121528366e-06,2.4911308178088636e-06,LC_V24_H3p5_T8,2.4911308178088636e-06
52,"(52,)",99,2,single,A_as_chord,X,8.66842914582241e-09,9.624823518017564e-10,9.524214070510463e-10,9.589587561493403e-10,9.48718469424337e-10,9.616802624788248e-10,2.420161432525147e-09,2.3955516831003347e-09,2.528618542128283e-09,2.409233474022719e-09,2.385595466542735e-09,2.454654824829162e-09,2.4102668088169024e-09,5.5900110172756275e-09,5.552813232418824e-09,5.6713229009158936e-09,5.550581809059584e-09,5.4472359387311935e-09,5.4734393436785525e-09,5.397120849818065e-09,1.0771578583719544e-08,1.0741139386528786e-08,1.0879241213012014e-08,1.0738706437109048e-08,1.0831707155213277e-08,1.0596245816860328e-08,1.073536510811186e-08,1.059525734083108e-08,1.6192160849704867e-07,1.614476636413577e-07,1.6062181697014033e-07,1.5928839691476707e-07,1.5755182967854994e-07,1.5380838303074704e-07,1.52351653049135e-07,3.077372612337176e-07,3.054392234455703e-07,3.0313046102435095e-07,3.0004863272544084e-07,2.94291743438011e-07,2.91115285591519e-07,2.879159533739801e-07,5.457440274598008e-07,5.425778328591863e-07,5.384062861192571e-07,5.338156487423913e-07,5.240224908080347e-07,5.18780374439161e-07,5.139629964894343e-07,5.076925500059137e-07,6.343849543229641e-07,6.208786676769608e-07,6.068269770875205e-07,6.00261215915569e-07,5.944711906144679e-07,5.85541794658433e-07,1.248988280384153e-06,1.2216951216461661e-06,1.2084076778368323e-06,1.1803665686594493e-06,1.165499040367399e-06,1.6954750415103648e-06,1.6813165297450538e-06,1.6390816379292223e-06,1.6213686715128315e-06,1.4732473913224843e-06,1.4442077139381584e-06,1.427336377481567e-06,2.047111895509299e-06,LC_V24_H3p5_T8,2.047111895509299e-06
