node,sub_joint_id,brace_member,brace_end,chord_t_scenario,direction,treatment,LC_V26_H3p5_T8,LC_V2_H0p5_T5,LC_V2_H0p5_T6,LC_V2_H1p0_T7,LC_V2_H1p0_T8,LC_V2_H1p5_T8,LC_V4_H0p5_T5,LC_V4_H0p5_T6,LC_V4_H1p0_T5,LC_V4_H1p0_T7,LC_V4_H1p0_T8,LC_V4_H1p5_T7,LC_V4_H1p5_T8,LC_V6_H0p5_T5,LC_V6_H0p5_T6,LC_V6_H1p0_T5,LC_V6_H1p0_T6,LC_V6_H1p0_T8,LC_V6_H1p5_T7,LC_V6_H1p5_T8,LC_V8_H0p5_T5,LC_V8_H0p5_T6,LC_V8_H1p0_T5,LC_V8_H1p0_T6,LC_V8_H1p5_T6,LC_V8_H1p5_T8,LC_V8_H2p0_T7,LC_V8_H2p0_T8,LC_V10_H0p5_T5,LC_V10_H0p5_T6,LC_V10_H1p0_T5,LC_V10_H1p0_T6,LC_V10_H1p5_T6,LC_V10_H2p0_T7,LC_V10_H2p0_T8,LC_V12_H0p5_T5,LC_V12_H1p0_T5,LC_V12_H1p0_T6,LC_V12_H1p5_T6,LC_V12_H2p0_T7,LC_V12_H2p5_T7,LC_V12_H2p5_T8,LC_V14_H0p5_T5,LC_V14_H1p0_T5,LC_V14_H1p0_T6,LC_V14_H1p5_T6,LC_V14_H2p0_T7,LC_V14_H2p5_T7,LC_V14_H2p5_T8,LC_V14_H3p0_T8,LC_V16_H1p0_T5,LC_V16_H1p5_T6,LC_V16_H2p0_T7,LC_V16_H2p5_T7,LC_V16_H2p5_T8,LC_V16_H3p0_T8,LC_V18_H1p5_T6,LC_V18_H2p0_T7,LC_V18_H2p5_T7,LC_V18_H3p0_T8,LC_V18_H3p5_T8,LC_V20_H2p0_T7,LC_V20_H2p5_T7,LC_V20_H3p0_T8,LC_V20_H3p5_T8,LC_V22_H2p5_T7,LC_V22_H3p0_T8,LC_V22_H3p5_T8,LC_V24_H3p5_T8,worst_bin,worst_bin_damage
3,"(3, 1)",33,2,single,,TY,1.1379397561987e-08,2.4921529242139056e-11,2.5553102189176073e-11,6.130240807842013e-11,6.685726684436152e-11,1.9042021757246336e-10,1.1890948995974601e-10,1.211313859147334e-10,1.862423450570399e-10,2.1045497478557614e-10,2.2200632973620575e-10,4.2745629982398786e-10,4.66789052566549e-10,9.553698784949863e-10,9.646467199208062e-10,1.1357231268839823e-09,1.1755269147334168e-09,1.2431983893458404e-09,1.7397940915244956e-09,1.8223034322290406e-09,1.8281657149634537e-09,1.8443947837979523e-09,2.147261623934785e-09,2.212977884028459e-09,2.9057270726755823e-09,3.2407300317857475e-09,4.488840189900523e-09,4.829601424779752e-09,6.442379716933344e-08,6.434615309022854e-08,6.588254393553134e-08,6.579533085711242e-08,6.914356747642519e-08,7.522948740132524e-08,7.571475634245128e-08,8.681586049063831e-08,8.844172311030821e-08,8.788049299972344e-08,9.205750838228719e-08,9.955523180841875e-08,1.1084370309675487e-07,1.1234554586567124e-07,1.2412039941692817e-07,1.2564304438942243e-07,1.2508073341938215e-07,1.292798849237241e-07,1.3739666338758596e-07,1.5023601260477397e-07,1.5241090397022753e-07,1.721541581616107e-07,1.4886152286370405e-07,1.5201140070247303e-07,1.6004751339391938e-07,1.8178035692172285e-07,1.825941481289123e-07,2.0591032488115388e-07,3.628541036280794e-07,3.774601934960146e-07,4.0019425637149644e-07,4.389183658055971e-07,4.86436341492772e-07,4.5354508973898766e-07,4.766486010390163e-07,5.167649867978515e-07,5.656567106949028e-07,3.938474972568438e-07,4.295771220667607e-07,4.7591308404271777e-07,6.141200548042368e-07,LC_V24_H3p5_T8,6.141200548042368e-07
3,"(3, 0)",36,2,single,,TY,9.49389242100871e-10,3.0353954024377664e-11,3.0369612538137414e-11,3.162832242456876e-11,3.12968134361132e-11,3.396614555718792e-11,1.0958623931779306e-10,1.0855536431399799e-10,1.1943988042740816e-10,1.1298812634436605e-10,1.1118897901164198e-10,1.230755780694262e-10,1.191690724315724e-10,3.3020063697520074e-10,3.2780837388237516e-10,3.432722645491066e-10,3.3717204753350294e-10,3.2673509545404897e-10,3.475857122395213e-10,3.3829478728695235e-10,7.584643188280164e-10,7.554143610260476e-10,7.752042609650537e-10,7.678919900161026e-10,7.987652599535557e-10,7.743822187246036e-10,8.280870674342245e-10,8.083278544057988e-10,8.473379848957554e-09,8.439987747396322e-09,8.435676792222502e-09,8.357926655820162e-09,8.360635749699982e-09,8.284569962352657e-09,8.132010204742684e-09,1.2161445402980696e-08,1.2106969906957599e-08,1.2040885059335447e-08,1.2045277373431621e-08,1.2036676372876703e-08,1.2198834373527174e-08,1.204302953037994e-08,1.6675036420236997e-08,1.6644667643791346e-08,1.6580619046599546e-08,1.6630370491932757e-08,1.658452995469464e-08,1.678932994441086e-08,1.651383557543899e-08,1.674808017894505e-08,2.34167061576855e-08,2.284606468386546e-08,2.229942652697933e-08,2.258664172622275e-08,2.2110633248307484e-08,2.219029399423587e-08,5.523718825034479e-08,5.359972329351589e-08,5.2991847734482356e-08,5.1627874993611195e-08,5.143117714500413e-08,8.456228998191833e-08,8.316152646015547e-08,8.095638789926399e-08,8.014619004892885e-08,7.418421377340918e-08,7.237811169061738e-08,7.165052731518608e-08,1.1497346622681543e-07,LC_V24_H3p5_T8,1.1497346622681543e-07
4,"(4, 0)",37,1,single,,TY,6.195536853682037e-09,7.752595846477722e-11,7.739370480978624e-11,8.456408455596035e-11,9.015864422296577e-11,1.3256477653086497e-10,3.8030396711489874e-10,3.762706706954598e-10,4.063335111497826e-10,3.8862171583539864e-10,4.009814313540357e-10,4.520013366348519e-10,5.340633396770219e-10,1.519667905094973e-09,1.5088364618683928e-09,1.553964054482769e-09,1.5290968528530612e-09,1.536116156790471e-09,1.6374349557830963e-09,1.798059645904139e-09,5.6474426126820044e-09,5.6475663836172705e-09,5.680813419463755e-09,5.721411441304077e-09,5.918867109242672e-09,6.487561527237868e-09,6.692988775191419e-09,7.364259434117296e-09,5.8523534414514114e-08,5.836356970834952e-08,5.784803045952092e-08,5.760638279788022e-08,5.7371292355888885e-08,5.848401104765174e-08,6.025503237962312e-08,1.0518591656178847e-07,1.0443730675827063e-07,1.041653890810354e-07,1.040052605453007e-07,1.0638188986828113e-07,1.0937282621668253e-07,1.1480859604822656e-07,1.2002570452349842e-07,1.1872526792063874e-07,1.1851214259407158e-07,1.1789614762864262e-07,1.2001440105553728e-07,1.2255568645296318e-07,1.280987345919273e-07,1.350717560301847e-07,1.4755447861890443e-07,1.4547457219555416e-07,1.4621238948357047e-07,1.4792775986242732e-07,1.525132380387894e-07,1.5896416426692584e-07,3.1272654732335513e-07,3.1070024685830795e-07,3.121406833180262e-07,3.245949664895056e-07,3.360394725810843e-07,4.627546813844575e-07,4.6040716382879756e-07,4.6370346097641057e-07,4.719161105905135e-07,4.2079939345790144e-07,4.3614401433771457e-07,4.4808831158961164e-07,7.435947907480991e-07,LC_V24_H3p5_T8,7.435947907480991e-07
4,"(4, 1)",45,1,single,,TY,6.837190197406441e-08,2.4530291086638883e-10,2.5034198916541236e-10,5.68069779411974e-10,5.774648756441993e-10,1.538378631838942e-09,1.0840913191128335e-09,1.0961338759188043e-09,1.7490676533011967e-09,1.8597364175899204e-09,1.8686761629305434e-09,3.755105440629756e-09,3.796374174624212e-09,7.888443594837035e-09,7.969839043247876e-09,9.606345776448061e-09,9.89133426350164e-09,1.010954334085577e-08,1.4474405412263219e-08,1.4602195812502226e-08,1.2168428958034556e-08,1.2276894795730071e-08,1.4898769031647271e-08,1.5241166285497816e-08,2.093531171985954e-08,2.204753482405243e-08,3.2531144508988757e-08,3.335822301318798e-08,5.081320554503575e-07,5.075362580112132e-07,5.232964553954946e-07,5.216644646255548e-07,5.523960346509285e-07,5.987503931712166e-07,5.925896463878804e-07,6.782700223774529e-07,6.941889105540398e-07,6.888382060259412e-07,7.26359112351659e-07,7.83787864706602e-07,8.773558178154895e-07,8.683194640068718e-07,9.415436810890415e-07,9.555704110429807e-07,9.53512652541459e-07,9.922944065532436e-07,1.0581586695141132e-06,1.1622185707929635e-06,1.1577370235170894e-06,1.3037353969264075e-06,1.0998340005941393e-06,1.1300783318110364e-06,1.192406277338487e-06,1.3064797468244306e-06,1.2919467870191578e-06,1.449992301687855e-06,2.629402682576203e-06,2.72317640933659e-06,2.889053056790441e-06,3.092857398197972e-06,3.4007161760941906e-06,3.297773960685375e-06,3.474374866939351e-06,3.6980500767662603e-06,4.03303128563968e-06,2.750213502971093e-06,2.937750328538316e-06,3.2419413644182424e-06,4.11349969029265e-06,LC_V24_H3p5_T8,4.11349969029265e-06
5,"(5, 0)",40,2,thick,,K,9.609793297065631e-09,1.221196957399386e-09,1.2286301072268224e-09,1.2851798891231164e-09,1.2875135116322446e-09,1.4048492561819005e-09,2.2112222604683115e-09,2.2004967918497123e-09,2.4355528005107824e-09,2.3366990506665894e-09,2.3208669177520924e-09,2.6174303543137657e-09,2.574345728854353e-09,3.898308127962055e-09,3.8818870562053055e-09,4.208787480592157e-09,4.136506263080941e-09,4.012076128584494e-09,4.48530099139789e-09,4.367042173677202e-09,6.769202038798785e-09,6.767008342301069e-09,7.143188097449209e-09,7.078059156473152e-09,7.748834058755635e-09,7.637957249341396e-09,8.668342248401815e-09,8.558444462755484e-09,7.089123791358819e-08,7.057431059022355e-08,7.275822030794758e-08,7.171991803917844e-08,7.444802026116542e-08,7.640460104364123e-08,7.491793470993432e-08,1.538779133464773e-07,1.5541451330383445e-07,1.544503723186257e-07,1.579835366821809e-07,1.620781270063646e-07,1.693773337121304e-07,1.6632788626773922e-07,2.673685697498776e-07,2.70764576125086e-07,2.694232753477661e-07,2.7522915717883007e-07,2.7965392223399225e-07,2.897562001487938e-07,2.8402088868218e-07,2.951569228329544e-07,3.0389594138554135e-07,3.001421262092204e-07,2.994131371236052e-07,3.0720874051761696e-07,3.0182200878599085e-07,3.095272453780942e-07,5.946715949359495e-07,5.892021588511746e-07,5.933574638801994e-07,5.929947015553569e-07,6.069347296322858e-07,7.647843261821057e-07,7.67679619921622e-07,7.651843286976055e-07,7.792051818605567e-07,6.994600102855737e-07,6.975783980364531e-07,7.101626028687589e-07,1.0015312281373371e-06,LC_V24_H3p5_T8,1.0015312281373371e-06
5,"(5, 0)",40,2,thin,,K,1.402320661908323e-07,2.033568548325928e-08,2.047628288385021e-08,2.1376171260248508e-08,2.14196703909352e-08,2.3309791592563307e-08,3.3749917080398995e-08,3.3573868843335646e-08,3.7287866540462415e-08,3.571634305319399e-08,3.5474570069752747e-08,4.0102126774459506e-08,3.94620444774764e-08,5.385037493160696e-08,5.355992565088068e-08,5.855449855626617e-08,5.7440196019727946e-08,5.551954956225209e-08,6.268360559724349e-08,6.091923135398655e-08,8.877000699566084e-08,8.859453654386659e-08,9.412880593387048e-08,9.298734997848462e-08,1.0293446308323328e-07,1.0132795869528902e-07,1.1619638612518321e-07,1.1462466270898054e-07,9.281673367279587e-07,9.235820194155479e-07,9.575628714523175e-07,9.423393119788049e-07,9.837049338975646e-07,1.0184947826207688e-06,9.948229679875745e-07,2.103545659970138e-06,2.127835538740542e-06,2.1127530948824256e-06,2.1658222162909653e-06,2.2265492510393394e-06,2.3372199524048904e-06,2.289388664562299e-06,3.6573126182614705e-06,3.7097524546140173e-06,3.6897584488586926e-06,3.780113923682216e-06,3.853009104603829e-06,4.010289808255996e-06,3.927959044192894e-06,4.099277739847841e-06,3.960705849828174e-06,3.936164088977797e-06,3.943384216142567e-06,4.0645384483323956e-06,3.995354162628612e-06,4.125484670704137e-06,7.560996237582182e-06,7.545276307692394e-06,7.640385136002921e-06,7.68510584904647e-06,7.889741884480778e-06,9.589906599371887e-06,9.68316734348649e-06,9.704604719982441e-06,9.910052129772575e-06,8.79965832460996e-06,8.802553912992124e-06,9.002385053516305e-06,1.261197324423447e-05,LC_V24_H3p5_T8,1.261197324423447e-05
5,"(5, 0)",40,2,thick,,Y,4.271948639655746e-08,2.514356058525147e-09,2.5260013520990703e-09,2.655318146586311e-09,2.651688541161158e-09,2.9086610290577693e-09,7.761262386293518e-09,7.721206072646833e-09,8.428251151186797e-09,8.111659360826586e-09,8.044582556917765e-09,8.92956861453969e-09,8.767200462371892e-09,2.279141351481462e-08,2.2718393287485654e-08,2.364878012609369e-08,2.3391248305033294e-08,2.286695873791669e-08,2.450742961551179e-08,2.3995566529261294e-08,5.243563758382631e-08,5.2347180758165966e-08,5.419121304048425e-08,5.3825378628194874e-08,5.655832889518711e-08,5.602496880422383e-08,6.008674135511961e-08,5.970358906407307e-08,5.240845632517144e-07,5.222798774938602e-07,5.279244154780388e-07,5.230088377003313e-07,5.293680681209977e-07,5.31210244115568e-07,5.246279490465867e-07,9.352416623841559e-07,9.36135512969471e-07,9.323577710099678e-07,9.391144090623554e-07,9.476174600485527e-07,9.69873874179435e-07,9.579293899588114e-07,1.5689926181810326e-06,1.5795905340705583e-06,1.570846921776616e-06,1.5842164438614404e-06,1.5868564128446656e-06,1.6161141376936651e-06,1.5900865606358028e-06,1.6231499314897544e-06,2.086839197607894e-06,2.046584725392906e-06,2.0136768347789945e-06,2.027942634684375e-06,1.9972288910841104e-06,2.008716897850143e-06,4.330470714118382e-06,4.258732247941818e-06,4.248685577543902e-06,4.204519928230594e-06,4.230895816833159e-06,6.022340356180214e-06,5.970878248506029e-06,5.888483146146247e-06,5.878582456800318e-06,5.819606722412179e-06,5.7261110925336554e-06,5.715313692128759e-06,8.32161837946564e-06,LC_V24_H3p5_T8,8.32161837946564e-06
5,"(5, 0)",40,2,thin,,Y,6.080392541044662e-07,4.093910281247439e-08,4.1124240959025746e-08,4.3228309965864004e-08,4.319327118211966e-08,4.737197721727831e-08,1.1462000642066348e-07,1.1406452750622755e-07,1.2485449886962675e-07,1.2011139371867723e-07,1.1917078067203428e-07,1.326921264925189e-07,1.3034780452480388e-07,3.1093934225473483e-07,3.100073660267009e-07,3.2424475533258885e-07,3.2052113839450556e-07,3.132203448628216e-07,3.3770942762047976e-07,3.3026393801388333e-07,6.851501800202627e-07,6.844608366497139e-07,7.098985244899376e-07,7.053948674616898e-07,7.441196730501304e-07,7.37826165006732e-07,7.968068307555782e-07,7.917772125475378e-07,6.915959225493586e-06,6.88858323040347e-06,6.982466521392853e-06,6.911899773704947e-06,7.016900486290095e-06,7.059711323986212e-06,6.962267103831303e-06,1.2266257426221675e-05,1.2281742795818064e-05,1.2220110900370208e-05,1.231970569274449e-05,1.2420164965033822e-05,1.27160426339641e-05,1.2565819183504998e-05,1.9841798656185936e-05,1.991760183805463e-05,1.9797482034700933e-05,1.992866424308103e-05,1.9888583383016208e-05,2.0203563841585353e-05,1.9863904860464036e-05,2.0221317649725586e-05,2.5036999438486285e-05,2.4647736704410332e-05,2.4345266982431966e-05,2.4611324379723584e-05,2.4233790584593186e-05,2.446844257491579e-05,4.9003369875633294e-05,4.829814275434525e-05,4.821867735901371e-05,4.780928404013521e-05,4.809856567150414e-05,6.610051389700399e-05,6.561478344511573e-05,6.478693660896293e-05,6.468972901656018e-05,6.458070859675914e-05,6.376110639258679e-05,6.364989079830232e-05,8.961308099033997e-05,LC_V24_H3p5_T8,8.961308099033997e-05
5,"(5, 1)",48,2,thick,,K,3.069380249279972e-08,3.154610317261954e-10,3.180729897643453e-10,4.682652051382231e-10,4.605575980041956e-10,8.049917821697689e-10,1.165764760262533e-09,1.164227539574171e-09,1.5990898262720872e-09,1.5461563047420416e-09,1.5154781959726994e-09,2.420032889319538e-09,2.331263054927198e-09,4.882926631570133e-09,4.888817331290928e-09,5.7871136525149655e-09,5.779661546256135e-09,5.653749212700566e-09,7.499705656514003e-09,7.290446851187624e-09,7.19798963291642e-09,7.233797800465896e-09,8.460113469389375e-09,8.523604666865484e-09,1.0993066394405666e-08,1.0865812185237171e-08,1.5102736057602983e-08,1.4770485124558346e-08,2.391825033581792e-07,2.382768633855043e-07,2.4631067073048114e-07,2.436260121481112e-07,2.559728573673363e-07,2.69860391386167e-07,2.632600659984366e-07,3.4992116443979495e-07,3.5763815623535874e-07,3.5388283091140495e-07,3.699103224868368e-07,3.88964829871529e-07,4.2503346452222314e-07,4.120165140717502e-07,5.37105075505993e-07,5.456205171531255e-07,5.428767659955057e-07,5.623738609774481e-07,5.863869640998127e-07,6.281957882652231e-07,6.150282772279387e-07,6.674461789018887e-07,6.262768811593977e-07,6.36125580715871e-07,6.545535076919743e-07,6.952059929338474e-07,6.79443565910472e-07,7.329365984914089e-07,1.389565351701435e-06,1.4141489886711806e-06,1.4753695484798107e-06,1.527391408352201e-06,1.6290450136257713e-06,1.766323274753334e-06,1.8348047762067251e-06,1.900886202253962e-06,2.018143248024816e-06,1.5762882778295317e-06,1.6121434743125335e-06,1.7175890518767372e-06,2.2368809964825125e-06,LC_V24_H3p5_T8,2.2368809964825125e-06
5,"(5, 1)",48,2,thin,,K,1.7049650123167866e-07,7.032147085274732e-10,7.106060726211112e-10,1.2601464139351312e-09,1.2563172533687193e-09,2.680953751598494e-09,1.745142841069727e-09,1.7469268464817282e-09,2.5898225942874324e-09,2.659194442862787e-09,2.6609052528698996e-09,5.060181927718552e-09,5.035000313867739e-09,1.2097444763057322e-08,1.216403775270784e-08,1.4529484222166976e-08,1.4840792829091193e-08,1.4981803590533618e-08,2.088218777892346e-08,2.0779723353215365e-08,2.2533033989235172e-08,2.2757896061790935e-08,2.6061184497691645e-08,2.682333331568393e-08,3.4771497656553777e-08,3.706169391177068e-08,5.153625168221097e-08,5.2688210581958e-08,6.4741256502442e-07,6.449571117052011e-07,6.675683353339579e-07,6.620363318044931e-07,6.997817734673461e-07,7.533180889483986e-07,7.42987718048047e-07,9.626955865575745e-07,9.842349839793789e-07,9.780974766431474e-07,1.02746861982412e-06,1.1090148863476044e-06,1.2343595145228888e-06,1.2248790081417842e-06,1.6998489277225544e-06,1.742175945539724e-06,1.7346334716668522e-06,1.809605931806183e-06,1.9083781526195976e-06,2.0669145754541855e-06,2.046083292225392e-06,2.2636576887581574e-06,2.325249707683263e-06,2.366161138371396e-06,2.452229224955033e-06,2.620953511227161e-06,2.5931111381314e-06,2.819651944175548e-06,5.071308084060319e-06,5.212461133411096e-06,5.4488618155018515e-06,5.768392683753787e-06,6.202425356344646e-06,7.082077713886191e-06,7.3373214218253274e-06,7.63870335043145e-06,8.124435550542077e-06,6.61747054036406e-06,6.933131907154374e-06,7.423843806208516e-06,1.0578700530063556e-05,LC_V24_H3p5_T8,1.0578700530063556e-05
5,"(5, 1)",48,2,thick,,Y,3.3064541293351103e-07,9.544968082927762e-10,9.773832403771838e-10,2.355017535956979e-09,2.39052290959165e-09,6.675673976958048e-09,4.728296697801161e-09,4.810122648600374e-09,7.761841856375533e-09,8.273665883959012e-09,8.296900530817162e-09,1.6994754215249202e-08,1.698388168737114e-08,3.62789002780405e-08,3.662399502327292e-08,4.442165875965723e-08,4.5880645489510506e-08,4.666641134751928e-08,6.765994219475401e-08,6.781267455144282e-08,6.944390504582261e-08,7.003609379457937e-08,8.285657921829953e-08,8.527467169937934e-08,1.1426905522713727e-07,1.2079250478358702e-07,1.7617701640680206e-07,1.7946031360087667e-07,2.294998427370544e-06,2.290238517196774e-06,2.3680955656270074e-06,2.359238064538801e-06,2.505863167195802e-06,2.728868093123518e-06,2.6972668964621587e-06,3.1847741393897447e-06,3.26553805663667e-06,3.2413702425677546e-06,3.4186218397778806e-06,3.6989590026481956e-06,4.162208971338351e-06,4.12342094324064e-06,4.962932834887113e-06,5.072492202942833e-06,5.055505849769894e-06,5.28167931478159e-06,5.596126824672605e-06,6.1335929257101555e-06,6.061765103316235e-06,6.808601545249793e-06,6.118831964571971e-06,6.286178228346621e-06,6.618597392737513e-06,7.20714885168833e-06,7.112824966847005e-06,7.89556919373468e-06,1.3814497205228214e-05,1.4237991250424956e-05,1.499831759587406e-05,1.5955981421910725e-05,1.7371019595151958e-05,1.7613894062099893e-05,1.8464186290347353e-05,1.9429583872796625e-05,2.0912515102913742e-05,1.6348448517577936e-05,1.73313869640667e-05,1.881645995985576e-05,2.4046041891726182e-05,LC_V24_H3p5_T8,2.4046041891726182e-05
5,"(5, 1)",48,2,thin,,Y,3.853914132866123e-06,1.1257890114831972e-08,1.1516752280435905e-08,2.7411770255181464e-08,2.7794541099902988e-08,7.658437099246604e-08,5.3700573370920246e-08,5.460633390948299e-08,8.800337070474828e-08,9.354889344694508e-08,9.387623886545283e-08,1.9154199669169356e-07,1.9124794831676016e-07,4.111286321742305e-07,4.1489570518196097e-07,5.029200515582375e-07,5.191162469698502e-07,5.27899239334521e-07,7.639347949113314e-07,7.651625245551566e-07,7.891607216733148e-07,7.955402722572056e-07,9.391326146549826e-07,9.666209208682215e-07,1.2916273854821781e-06,1.3676888009145197e-06,1.9895018203324045e-06,2.0261637524653772e-06,2.529989699747821e-05,2.5263868901445713e-05,2.5925208250416172e-05,2.5871753651750965e-05,2.7228065010545078e-05,2.923683398603949e-05,2.8901808519385567e-05,3.4733162115091514e-05,3.5456723841250936e-05,3.519891899874336e-05,3.678504492262161e-05,3.934701569640048e-05,4.335734476755628e-05,4.3111381110361634e-05,5.1550845247430404e-05,5.224084083902534e-05,5.211268442328786e-05,5.382406857779901e-05,5.635744155943941e-05,6.0432133209457455e-05,5.978948813544592e-05,6.498105695403304e-05,6.264095513876762e-05,6.393262968993886e-05,6.635049268381402e-05,7.063076072541795e-05,6.970148621373869e-05,7.492820074427554e-05,0.00012482498336801172,0.00012682356068308232,0.00013092747833496417,0.00013520263768421716,0.00014198234397373968,0.00015467382353522778,0.00015876550795429367,0.0001624721419002885,0.00016902910222227655,0.00014263718490041763,0.00014674683965435682,0.00015361006726960199,0.00019028062612469715,LC_V24_H3p5_T8,0.00019028062612469715
5,"(5, 0)",53,1,thick,,K,1.550867057852284e-08,7.944766102775107e-10,7.948134346679754e-10,8.093319248788499e-10,8.096736657291667e-10,8.79327759948977e-10,1.1784216442865742e-09,1.1658549480231684e-09,1.2810373016372598e-09,1.2181185903194719e-09,1.216222073273563e-09,1.4394351521452686e-09,1.4811067961328952e-09,1.8514835116657683e-09,1.8626331597588268e-09,2.037353122157001e-09,2.0942390125876376e-09,2.195183821669976e-09,2.7417556104695622e-09,2.872901634232039e-09,2.975445570925242e-09,2.9928681696465045e-09,3.1924425165518962e-09,3.2868313674271457e-09,3.886076740457495e-09,4.5833180123302065e-09,5.6119803559091934e-09,6.224077177598941e-09,4.2203100600639596e-08,4.218140746999537e-08,4.334092445878313e-08,4.34968800279986e-08,4.6121210255890156e-08,5.1551075787032743e-08,5.2478112576185306e-08,8.693899835901114e-08,8.796107953161729e-08,8.843823064460127e-08,9.207807766349021e-08,1.0053463051344142e-07,1.111759042346024e-07,1.138692540481798e-07,1.479960500197854e-07,1.4980442503656786e-07,1.5063461256102793e-07,1.5578454434739752e-07,1.670132710044083e-07,1.807929752972053e-07,1.8353149890723233e-07,2.0403864217640739e-07,1.8186983780268912e-07,1.8265005287032163e-07,1.905511291910837e-07,2.0077683414108118e-07,2.035406759901474e-07,2.2161160173504087e-07,3.473518256268899e-07,3.571316751983003e-07,3.7313522201387937e-07,4.061652822781664e-07,4.417118541912723e-07,4.769067784183656e-07,4.924479319329611e-07,5.27814355156469e-07,5.668108802353143e-07,4.5630194221194e-07,4.814026143474853e-07,5.140066532702742e-07,7.110207075664601e-07,LC_V24_H3p5_T8,7.110207075664601e-07
5,"(5, 0)",53,1,thin,,K,6.124163150525065e-08,1.5195208262099623e-08,1.5211558272330144e-08,1.530564515611157e-08,1.5259927827686307e-08,1.5553533852025553e-08,2.0565067427071227e-08,2.0348308704319304e-08,2.2413052765435097e-08,2.0980162004179064e-08,2.065574724486593e-08,2.2429041102613742e-08,2.1690062976685267e-08,2.5686768242254122e-08,2.547134990563984e-08,2.7902485324533702e-08,2.6932961902498754e-08,2.5685478850639665e-08,2.8059117535099675e-08,2.696393055586806e-08,4.248376820748721e-08,4.224826642261561e-08,4.4925567546743944e-08,4.365888323077574e-08,4.7541749276869884e-08,4.4922376974671466e-08,5.060781050484508e-08,4.8570279573428034e-08,3.7513132754188006e-07,3.7270332276591724e-07,3.871977386876586e-07,3.7933293835136103e-07,3.9358388672111e-07,3.967918650335902e-07,3.8352789593534887e-07,9.223123111754525e-07,9.348641273120903e-07,9.246057675762223e-07,9.442940149392287e-07,9.514938707599614e-07,9.837748162906582e-07,9.551233826970692e-07,1.687096934656377e-06,1.7171585988081222e-06,1.7031127320953953e-06,1.7388618470845453e-06,1.7512167246919e-06,1.803662222799373e-06,1.7542620374103654e-06,1.8025340373463315e-06,1.6542520628578395e-06,1.6379272693906122e-06,1.6216661068290976e-06,1.6464953192089282e-06,1.613293689894043e-06,1.6348334086411572e-06,3.1970716290865144e-06,3.1658604726272836e-06,3.1817793265286874e-06,3.1419232167309224e-06,3.172466055043326e-06,3.912168511169404e-06,3.927509115175873e-06,3.880532652718013e-06,3.9071573879283305e-06,3.395851992847296e-06,3.3521051110089867e-06,3.391623973308795e-06,4.812374120201926e-06,LC_V24_H3p5_T8,4.812374120201926e-06
5,"(5, 0)",53,1,thick,,Y,1.550867057852284e-08,6.089000357606586e-10,6.067806007388108e-10,6.070758030364624e-10,6.048579679503878e-10,6.445145610193574e-10,2.0163078592361843e-09,1.9996568704902327e-09,2.1400823552108497e-09,2.0377738323628724e-09,2.009660036932793e-09,2.1359680984823046e-09,2.0801149772586288e-09,5.817448614744093e-09,5.7819322424050435e-09,6.008124365727656e-09,5.902547747045496e-09,5.735467263558744e-09,5.988596633181025e-09,5.854770751163182e-09,1.5493302189623822e-08,1.5469517193854833e-08,1.5903554273192502e-08,1.5792385470668188e-08,1.637378564125533e-08,1.6073580883077876e-08,1.6856630554856735e-08,1.664579929175368e-08,1.3331608497434948e-07,1.328506090689078e-07,1.3357497369888451e-07,1.3242091203909758e-07,1.3296115407628095e-07,1.3209541760958208e-07,1.3040122729221158e-07,2.3012077626395286e-07,2.293619859964035e-07,2.2850127415731816e-07,2.2849156578487242e-07,2.277157571898264e-07,2.2966494845018174e-07,2.2673351106748036e-07,3.8429971381692853e-07,3.8562409917941606e-07,3.837978329575263e-07,3.8538206028995614e-07,3.8384896532142575e-07,3.8728026633573874e-07,3.8085016940829154e-07,3.840254395024604e-07,5.195774095871672e-07,5.081112002827872e-07,4.976496471235444e-07,4.924106479319861e-07,4.856005588800934e-07,4.828058089235416e-07,1.136188618418657e-06,1.11322226657338e-06,1.1039841225089928e-06,1.083471899790736e-06,1.0784619872208482e-06,1.5930774362527895e-06,1.5717749925822122e-06,1.5476719229655992e-06,1.5341400663092398e-06,1.5342425286155617e-06,1.5016236459330704e-06,1.4853675060666326e-06,2.1714873649064767e-06,LC_V24_H3p5_T8,2.1714873649064767e-06
5,"(5, 0)",53,1,thin,,Y,1.215202014823722e-07,1.1197158032734305e-08,1.1161462937342535e-08,1.1178925639082585e-08,1.1125606145237125e-08,1.1266732954387226e-08,3.129087306012975e-08,3.102092062386856e-08,3.343586942446527e-08,3.1727816163089714e-08,3.127410116399322e-08,3.3403895100979505e-08,3.247397511112154e-08,8.01620723228562e-08,7.966569609742135e-08,8.333341312677047e-08,8.172532237088869e-08,7.92021197617493e-08,8.333926458182873e-08,8.124002122604484e-08,2.006582963301323e-07,2.0016504279128943e-07,2.061988499647485e-07,2.0436846697118129e-07,2.128796794844126e-07,2.0809279457892145e-07,2.196924105488393e-07,2.165271731105012e-07,1.7405377331935363e-06,1.7340796409833789e-06,1.7500607097441941e-06,1.732896328311799e-06,1.7464381056317328e-06,1.7378493894267918e-06,1.713266196208923e-06,3.1290394000772344e-06,3.126251785872798e-06,3.1110249188307635e-06,3.119397854743452e-06,3.11426759727242e-06,3.1531372843582772e-06,3.110247266307401e-06,5.33926954843329e-06,5.371529734764551e-06,5.345576844411735e-06,5.376559931219249e-06,5.354964231638521e-06,5.414759762281515e-06,5.320135779646908e-06,5.375741091447801e-06,6.848985875391331e-06,6.715537275847496e-06,6.593538620711549e-06,6.549108090540249e-06,6.455861897030314e-06,6.440196488579849e-06,1.4097773754330589e-05,1.3860999817993243e-05,1.3777534239544319e-05,1.3568629891980361e-05,1.3542814549433568e-05,1.9272499557141115e-05,1.9061456279880818e-05,1.8734554061423586e-05,1.859415881012342e-05,1.90808065216123e-05,1.8727600623739782e-05,1.8579433514013383e-05,2.6596326508790315e-05,LC_V24_H3p5_T8,2.6596326508790315e-05
5,"(5, 1)",61,1,thick,,K,1.534141892280444e-08,2.762503152068825e-10,2.7415293745044266e-10,3.7236470620378216e-10,3.519292282058528e-10,5.454365770590254e-10,6.72221983942345e-10,6.658977214667346e-10,9.701757756146102e-10,8.791202856307845e-10,8.310304743013015e-10,1.383494852503562e-09,1.2377273707474225e-09,2.357683242951655e-09,2.343998672646071e-09,2.9594008467739693e-09,2.887577303943165e-09,2.6722747695140887e-09,3.7081638564420724e-09,3.4286010586527504e-09,2.767118966895339e-09,2.765673932301276e-09,3.4255745611137423e-09,3.3782936327037417e-09,4.6108342574621675e-09,4.1835395420456725e-09,6.333815063968358e-09,5.802470887332501e-09,1.0532566448845734e-07,1.0474384539614469e-07,1.0994734010084375e-07,1.081016278181344e-07,1.1524919401088826e-07,1.2060795759968926e-07,1.1533188168364325e-07,1.6273887893002398e-07,1.6844517925112297e-07,1.6581956405600213e-07,1.757135991932792e-07,1.8424322083536022e-07,2.0386574411051703e-07,1.9169690916271832e-07,2.617655695740362e-07,2.676285299028237e-07,2.648522931114323e-07,2.7656821381746157e-07,2.8662070664654245e-07,3.090142514243275e-07,2.9577016909277397e-07,3.2047314742536395e-07,2.963483182745295e-07,3.0310140769812485e-07,3.11272924844459e-07,3.3772220988004754e-07,3.222764644190059e-07,3.484088296916592e-07,6.38705064734278e-07,6.499450458173814e-07,6.852777942436402e-07,6.991416435737625e-07,7.511775598914261e-07,8.16770325206648e-07,8.548772340235676e-07,8.648929336416804e-07,9.228556009993959e-07,7.340926705135977e-07,7.406178448877571e-07,7.912145356910907e-07,1.0037758143007763e-06,LC_V24_H3p5_T8,1.0037758143007763e-06
5,"(5, 1)",61,1,thin,,K,1.697444197379395e-07,1.798977378895249e-09,1.7699116583568224e-09,2.576535522595912e-09,2.4227326881221562e-09,4.014961237363721e-09,3.0169269410426275e-09,3.0051715509541975e-09,4.3723041689409045e-09,4.128939772353869e-09,3.928920602232223e-09,6.783990859900443e-09,6.1778232927583976e-09,1.5360035457171096e-08,1.5315375508064737e-08,1.8745944627671607e-08,1.8610642402716268e-08,1.761572894019607e-08,2.4367885406598794e-08,2.2821789740230784e-08,1.5468717380745373e-08,1.5571931221306442e-08,1.9185115629140938e-08,1.9236971807119705e-08,2.6323479417608284e-08,2.449181932406069e-08,3.725629011409829e-08,3.4870548443086114e-08,7.102454123100141e-07,7.07758355519031e-07,7.322829044707723e-07,7.250366202815466e-07,7.662469550882323e-07,8.051798715455087e-07,7.767843023310704e-07,1.065394295963885e-06,1.0946956259827092e-06,1.0833037549321328e-06,1.1389428511014128e-06,1.2020125139821346e-06,1.3229118938780675e-06,1.2653237223967234e-06,1.6901782614357681e-06,1.7222529970223243e-06,1.708459302630743e-06,1.7756057005915953e-06,1.8428484917897009e-06,1.9792041064236362e-06,1.9174300491875717e-06,2.0820440344682335e-06,1.924628602223105e-06,1.9766641893224443e-06,2.0492289596826466e-06,2.192386267184757e-06,2.107882695507802e-06,2.287044972431278e-06,4.363751678938087e-06,4.415514662886254e-06,4.6360140416196035e-06,4.723661422997898e-06,5.060172046920752e-06,5.7487596120211576e-06,6.018128879495315e-06,6.096417317145216e-06,6.488340267251871e-06,4.5504058026088254e-06,4.641379323154646e-06,5.015863242503736e-06,7.2827692629751506e-06,LC_V24_H3p5_T8,7.2827692629751506e-06
5,"(5, 1)",61,1,thick,,Y,1.517427025111164e-07,9.665128190312858e-10,9.639390129954638e-10,1.8678569283847077e-09,1.720266360698096e-09,3.854164556941232e-09,3.5061914260926468e-09,3.483399151002056e-09,5.8032127232405805e-09,5.469898401173227e-09,5.122155829763398e-09,1.0445495546368267e-08,9.331184310905796e-09,2.198674036000677e-08,2.200467300059563e-08,2.7788109200467564e-08,2.77783198811444e-08,2.6426047958828035e-08,3.865307929294731e-08,3.6278478662633473e-08,3.129124209022613e-08,3.15361854488298e-08,3.971709804367461e-08,3.983657581521982e-08,5.6093447748375134e-08,5.2207511776296584e-08,8.176089822128443e-08,7.651794597180578e-08,1.2872194242355528e-06,1.2831121388399691e-06,1.3385421157009246e-06,1.3261211728084515e-06,1.4169913456610647e-06,1.5130034692882194e-06,1.4580796022226009e-06,1.7733509564904365e-06,1.8349466527851687e-06,1.8105441377131746e-06,1.929661201181022e-06,2.060540440423389e-06,2.308459833519385e-06,2.1980333516033754e-06,2.6189484788321526e-06,2.67598846830475e-06,2.6595260669428015e-06,2.7856602340423985e-06,2.9279556283375767e-06,3.1987318674846003e-06,3.0907488378546066e-06,3.418913859921903e-06,2.9729757675218668e-06,3.0766459354609564e-06,3.2183353825552788e-06,3.508829312850638e-06,3.36913136526004e-06,3.73146150696489e-06,6.9903147622957515e-06,7.161043288328477e-06,7.581290784027541e-06,7.826932775198506e-06,8.486041211192893e-06,8.84213684061e-06,9.30254757550759e-06,9.566769526790493e-06,1.0302121472552993e-05,7.5146346053579105e-06,7.752403397107938e-06,8.42537205691211e-06,1.0708661594832888e-05,LC_V24_H3p5_T8,1.0708661594832888e-05
5,"(5, 1)",61,1,thin,,Y,1.8453646556082615e-06,1.2389958319001964e-08,1.2358507549542102e-08,2.329585843367694e-08,2.14967905125292e-08,4.689074194564347e-08,4.205877137182494e-08,4.1803896906864696e-08,6.889805730413331e-08,6.493911496006311e-08,6.088430725459254e-08,1.2259997846034433e-07,1.0969700433855193e-07,2.595796911716519e-07,2.598064321751506e-07,3.27028708590513e-07,3.26958299661882e-07,3.109510194102082e-07,4.5274893227370124e-07,4.247987531215172e-07,3.59302962820455e-07,3.619912321692391e-07,4.5506066762553297e-07,4.5649444249986665e-07,6.415225725920581e-07,5.97287387571276e-07,9.339175564287001e-07,8.740910698328706e-07,1.4899373230813076e-05,1.4856271372045118e-05,1.5409505064184998e-05,1.5290673013078648e-05,1.6241692268702333e-05,1.722854666053238e-05,1.6665231970718486e-05,2.049363112821495e-05,2.1091815109177496e-05,2.0830532831964425e-05,2.1980841255831963e-05,2.3249593760668556e-05,2.5671902352057348e-05,2.4576210250333385e-05,2.9099197012189833e-05,2.9509011023909926e-05,2.9364149022374087e-05,3.042298016524746e-05,3.175106047677415e-05,3.421717971994382e-05,3.318811520668629e-05,3.6088991326546856e-05,3.3119728298602476e-05,3.407497455364115e-05,3.5227248331300266e-05,3.7762522474612655e-05,3.639674359369491e-05,3.942936398012346e-05,6.946776052630947e-05,7.03789927620644e-05,7.328334711406591e-05,7.44248959979936e-05,7.867950333035511e-05,8.502145201066083e-05,8.807405564077249e-05,8.90444838619869e-05,9.344035478674448e-05,7.306601728627848e-05,7.429774556510419e-05,7.874446293229939e-05,9.746002837914684e-05,LC_V24_H3p5_T8,9.746002837914684e-05
8,"(8, 0)",33,1,single,,TY,7.832683839201692e-09,2.356339035051177e-11,2.4132451212081924e-11,5.844022268341111e-11,6.33135913977746e-11,1.843186284745402e-10,1.2753378845385044e-10,1.2974782236228108e-10,2.000525439122067e-10,2.246075798593255e-10,2.3620459392719893e-10,4.537222061433774e-10,4.91582078099592e-10,9.681115252230535e-10,9.776184201769798e-10,1.1662055701591828e-09,1.2058695006726731e-09,1.2713444721903324e-09,1.7936344453687007e-09,1.8764225341411994e-09,1.9055555132709077e-09,1.9189950733874467e-09,2.244494736612482e-09,2.301279453199209e-09,3.0332399167540674e-09,3.3567651061574786e-09,4.6799929191594235e-09,5.002419483972525e-09,6.342105788125396e-08,6.33203393066197e-08,6.512493259665005e-08,6.489488481315435e-08,6.837099291950716e-08,7.459902706209948e-08,7.495415814950779e-08,8.76428458880706e-08,8.942186473003419e-08,8.883973898718889e-08,9.3201132768028e-08,1.011416530450975e-07,1.1317267952926916e-07,1.144774313935277e-07,1.307258808572405e-07,1.3261907116983955e-07,1.3217082288051377e-07,1.3715498986841015e-07,1.460881698345813e-07,1.5980723105091948e-07,1.614946800238509e-07,1.821718011177898e-07,1.6059047394338607e-07,1.6404881224956722e-07,1.724448113376719e-07,1.7761396192283131e-07,1.7801141422170763e-07,1.966453794500881e-07,3.529038659901281e-07,3.6432356538984494e-07,3.821994583905971e-07,4.1485249256633875e-07,4.5308580172700494e-07,4.423837384678869e-07,4.608533929040563e-07,4.932576206996762e-07,5.3269460510424e-07,3.9498526092001614e-07,4.242509620591683e-07,4.622290500088124e-07,6.011862107438261e-07,LC_V24_H3p5_T8,6.011862107438261e-07
8,"(8, 1)",34,2,single,,TY,7.960730645945342e-10,3.5014954378067126e-11,3.506883446580124e-11,3.5947432435496634e-11,3.57072580988426e-11,3.7681616596203547e-11,1.0685274586700257e-10,1.0615922481020395e-10,1.1388440266517033e-10,1.093439572583331e-10,1.0792202150971206e-10,1.1733875418398327e-10,1.1451432946413525e-10,3.25394534942437e-10,3.2338105128797734e-10,3.344513488705745e-10,3.2893633663650515e-10,3.193690995293581e-10,3.3406696246222093e-10,3.2617694000529393e-10,8.013819064861886e-10,7.98458219677173e-10,8.173763184665255e-10,8.079548768392508e-10,8.356988513124122e-10,8.108844864374361e-10,8.552901315513058e-10,8.374177025356423e-10,7.804541116931279e-09,7.788041498966388e-09,7.75552171872447e-09,7.71686981777865e-09,7.702492465930101e-09,7.649344557034065e-09,7.546966677757971e-09,1.3676373877842855e-08,1.363944620595136e-08,1.3546998740313375e-08,1.355336780365965e-08,1.3470555479037032e-08,1.3595872578338015e-08,1.3394792293994821e-08,2.1634154701453593e-08,2.1480915807503006e-08,2.1336293457131897e-08,2.120277118473522e-08,2.0920985274954774e-08,2.095837736017211e-08,2.065256250489005e-08,2.072815778260084e-08,3.341197640950125e-08,3.2569181655150875e-08,3.178280694301276e-08,3.161711377553547e-08,3.119892196690465e-08,3.099277256665869e-08,6.894095269230845e-08,6.754983024019981e-08,6.71746254939636e-08,6.574544810345696e-08,6.567496815540919e-08,1.04614094228862e-07,1.0290938142013134e-07,1.0025974367695991e-07,9.91303585089155e-08,1.08416029169974e-07,1.0662676243975549e-07,1.057456575442981e-07,1.6915256309091245e-07,LC_V24_H3p5_T8,1.6915256309091245e-07
9,"(9, 1)",41,1,single,,TY,4.6009138180202926e-09,9.386028783801379e-11,9.367409420398877e-11,9.54997269472181e-11,9.541553847433283e-11,1.1583278065263314e-10,3.661997272103454e-10,3.6357962623628965e-10,3.82909284720066e-10,3.6934145247083376e-10,3.6507759986146374e-10,3.9135231262025925e-10,4.1573067075011396e-10,1.5360859291299022e-09,1.5292800944644438e-09,1.5470862277343379e-09,1.530040583573197e-09,1.5094921582100432e-09,1.5461816313018834e-09,1.5674280608557275e-09,5.4538241171033444e-09,5.45259460996343e-09,5.494132367997887e-09,5.5208126225193975e-09,5.675090254949878e-09,6.076385033268755e-09,6.251798608080423e-09,6.7665574410754275e-09,5.2067950407459314e-08,5.192603559073977e-08,5.1619452501688726e-08,5.137423184706038e-08,5.118092630431815e-08,5.19660631397908e-08,5.299614284368297e-08,1.0602622975218593e-07,1.0521819875330622e-07,1.0488134804115695e-07,1.0445558883369972e-07,1.0590653961244947e-07,1.0789094268556855e-07,1.123767252051856e-07,1.3122788769854098e-07,1.2994939959466084e-07,1.2939080899779318e-07,1.2852134517059217e-07,1.2911933651704207e-07,1.306634517597285e-07,1.34925708507858e-07,1.401005394765148e-07,1.8068489600999496e-07,1.774004615866608e-07,1.770099986348871e-07,1.7639247113636068e-07,1.8194247424683202e-07,1.877475185922052e-07,3.664311315923282e-07,3.622867767509478e-07,3.608015422407357e-07,3.717112977861277e-07,3.810570732902704e-07,5.721751500192852e-07,5.638581536309487e-07,5.666316502533693e-07,5.713249624351968e-07,5.928178840205213e-07,5.921890686874802e-07,5.928207223583244e-07,9.578403322562664e-07,LC_V24_H3p5_T8,9.578403322562664e-07
9,"(9, 0)",47,1,single,,TY,6.220669356088782e-08,2.2859161564764589e-10,2.344233585291809e-10,5.210031312038787e-10,5.359430078699448e-10,1.4407210856158301e-09,1.192949515209346e-09,1.2085062796223008e-09,1.893344398906067e-09,2.0218434003340225e-09,2.0411725748291135e-09,4.00709909974164e-09,4.052403125473122e-09,7.971108000065415e-09,8.052262328437448e-09,9.755889774115938e-09,1.0032352390473242e-08,1.0229228126159375e-08,1.4702739077677708e-08,1.4855995434310736e-08,1.3381858011512926e-08,1.3488364536991353e-08,1.618806528296895e-08,1.6552194713066548e-08,2.2502347320665958e-08,2.3827312953140512e-08,3.4750398227119356e-08,3.5629900105210164e-08,4.824235402984203e-07,4.814068865306658e-07,4.986242538055487e-07,4.962892213689596e-07,5.27757695660733e-07,5.752958015864073e-07,5.700438368843123e-07,6.804063231289067e-07,6.978437575716022e-07,6.930313291654243e-07,7.310866777907043e-07,7.906293936786803e-07,8.880886521639054e-07,8.791631607452048e-07,1.0271950964150096e-06,1.045624732705696e-06,1.0417887980754689e-06,1.0850261051128808e-06,1.1538523710889016e-06,1.2638776038810456e-06,1.2547652858821617e-06,1.4080612306958995e-06,1.2264352119503584e-06,1.2572832318394527e-06,1.3227829108461422e-06,1.432356635071364e-06,1.4127610177324226e-06,1.5723141370784123e-06,2.7428525853324836e-06,2.8471020253790403e-06,3.017717970048238e-06,3.248989413611801e-06,3.5704211742321545e-06,3.4464953044206305e-06,3.6335225624002586e-06,3.863532548904206e-06,4.199127883678418e-06,3.0978042211872487e-06,3.29419248617255e-06,3.607869129637723e-06,4.54609605247112e-06,LC_V24_H3p5_T8,4.54609605247112e-06
10,"(10, 1)",44,2,thick,,K,1.0858433445597151e-08,1.2391794359423793e-09,1.245238789416605e-09,1.3152352280401704e-09,1.3137960259495532e-09,1.4531286480866615e-09,2.3996389204071353e-09,2.385713851302332e-09,2.6546971578568413e-09,2.5412857081482492e-09,2.5118834666379027e-09,2.860370524341572e-09,2.7933096966298102e-09,4.085126619174822e-09,4.078867787721342e-09,4.4287807265849975e-09,4.37420484115432e-09,4.231695165464297e-09,4.777914381990885e-09,4.641606059209497e-09,6.566350891341949e-09,6.5579903604571976e-09,7.018751643291465e-09,6.948491424546155e-09,7.699137257296608e-09,7.591545756399793e-09,8.756158581475201e-09,8.667276037198226e-09,8.755693640492932e-08,8.702177781160526e-08,8.919447311246102e-08,8.798048755244643e-08,9.063882227891601e-08,9.242753933134813e-08,9.041610198643346e-08,1.5346566817592903e-07,1.5469724133301873e-07,1.5361882630303808e-07,1.5654971662869158e-07,1.5927753043504334e-07,1.661585785574529e-07,1.62984796031066e-07,2.407504296374945e-07,2.438618383754675e-07,2.4289404741590873e-07,2.4762085914857655e-07,2.5199917047517933e-07,2.620792788245919e-07,2.573244681631456e-07,2.687763534984574e-07,2.5226905264389314e-07,2.500334461338631e-07,2.496551389948321e-07,2.549698820480222e-07,2.5085833996289453e-07,2.585806457367834e-07,5.465999885390144e-07,5.402885414735414e-07,5.442115543751383e-07,5.423186602223634e-07,5.539523981983571e-07,6.972071785010621e-07,7.008936306941598e-07,6.974843758711613e-07,7.098549722666244e-07,5.352124447001052e-07,5.383408184478851e-07,5.527232926020815e-07,8.208784993365957e-07,LC_V24_H3p5_T8,8.208784993365957e-07
10,"(10, 1)",44,2,thin,,K,1.5587488609639848e-07,2.0523435589836605e-08,2.0656081735826378e-08,2.1743831090048316e-08,2.1754191606410847e-08,2.3980103595980515e-08,3.6891936622556335e-08,3.6674491085418696e-08,4.089547666649658e-08,3.917873142576431e-08,3.8748287075311313e-08,4.4213928948128816e-08,4.320253186219596e-08,5.701992326891455e-08,5.6920436358354794e-08,6.219219118096177e-08,6.143844306473203e-08,5.930020358536272e-08,6.773864980205744e-08,6.570340128607844e-08,8.762576899260441e-08,8.725222344398192e-08,9.387499187721429e-08,9.288797837209738e-08,1.0360985497202601e-07,1.0212266630485675e-07,1.1893127246174129e-07,1.1767768978092977e-07,1.1472943423392011e-06,1.1400937985927662e-06,1.1758229761203299e-06,1.1571352326499724e-06,1.1987487153042073e-06,1.2288307144488483e-06,1.200361197461433e-06,2.108583009737567e-06,2.1300882281784963e-06,2.113340548912608e-06,2.1587122392047984e-06,2.199868176041116e-06,2.303338400904719e-06,2.255642097505574e-06,3.339701965840828e-06,3.3913314939184643e-06,3.3759897227624505e-06,3.4550005123683087e-06,3.530059065054266e-06,3.687712735570807e-06,3.623339423003359e-06,3.801896993399852e-06,3.39077825881047e-06,3.3702725113516394e-06,3.3749447862727375e-06,3.460614470949536e-06,3.4047303335825876e-06,3.527757708992185e-06,7.131244291625827e-06,7.07372624180657e-06,7.149782270279958e-06,7.150527954053353e-06,7.3225627826802935e-06,8.964256945039944e-06,9.04623809293953e-06,9.023184569108227e-06,9.20847627922779e-06,6.848396941719972e-06,6.911424074874866e-06,7.135903254332145e-06,1.0312979663528143e-05,LC_V24_H3p5_T8,1.0312979663528143e-05
10,"(10, 1)",44,2,thick,,Y,4.809015475762333e-08,2.644621289668698e-09,2.6399780973230024e-09,2.817965842489275e-09,2.7959758493537176e-09,3.1245402554315377e-09,7.989545545895519e-09,7.937320580296248e-09,8.646829067477227e-09,8.28918863363406e-09,8.175637719966124e-09,9.108641471790271e-09,8.86264874381782e-09,2.3229038647084763e-08,2.3165858862125273e-08,2.4210694257660642e-08,2.399115377256392e-08,2.345749530001767e-08,2.5223847104295907e-08,2.4663202423108606e-08,4.808429501243098e-08,4.8063010843698934e-08,5.012762671802374e-08,4.988738837818802e-08,5.331875841043108e-08,5.2768578796197456e-08,5.7661287549755284e-08,5.7095292204954315e-08,6.262018079995361e-07,6.235103446791821e-07,6.29085175572895e-07,6.223620405522418e-07,6.280459979471798e-07,6.280361982648232e-07,6.183356761025516e-07,9.327469065658584e-07,9.31314972018724e-07,9.25963588663017e-07,9.306254415201645e-07,9.338368232118253e-07,9.528137845449344e-07,9.376860428682346e-07,1.3886191244457717e-06,1.3882094046611132e-06,1.3823464436379353e-06,1.3894955334508161e-06,1.3913791802210006e-06,1.4151192199570682e-06,1.3944755239441751e-06,1.421983120588547e-06,1.6683594249933295e-06,1.636885498743475e-06,1.6106651312306159e-06,1.6168654807152194e-06,1.5935263139504793e-06,1.6068039419015575e-06,3.924530691294172e-06,3.8452611622422936e-06,3.837198784105938e-06,3.7802753355146276e-06,3.7923066834220036e-06,5.376116646252848e-06,5.342662041457127e-06,5.2425399861560575e-06,5.2444973036568186e-06,4.5065205525938785e-06,4.447052376402607e-06,4.457301856701856e-06,6.997041480325079e-06,LC_V24_H3p5_T8,6.997041480325079e-06
10,"(10, 1)",44,2,thin,,Y,6.852750271814071e-07,4.273138023712478e-08,4.2715156525948544e-08,4.553133594803284e-08,4.5249144508070753e-08,5.049124425050349e-08,1.1926423249667148e-07,1.1853248401294149e-07,1.2965038935109847e-07,1.2423521781014042e-07,1.2258216887957932e-07,1.372012618457827e-07,1.3351280758981818e-07,3.1753355125196263e-07,3.166842584525249e-07,3.3287150023560643e-07,3.296910719042793e-07,3.220684836637729e-07,3.490970240147536e-07,3.40809773540149e-07,6.31105099323281e-07,6.309467699479049e-07,6.61636730831774e-07,6.578815704907546e-07,7.072401555036176e-07,6.995575676756888e-07,7.710896392749073e-07,7.631492559654964e-07,8.303098848756156e-06,8.265971685935936e-06,8.35641160556239e-06,8.26274111980171e-06,8.353431986080487e-06,8.367566194768726e-06,8.234309083417358e-06,1.2440970669176335e-05,1.2437874078561744e-05,1.2366363520496213e-05,1.2443130406628229e-05,1.2485414755807906e-05,1.2755566509442016e-05,1.2551840518774512e-05,1.7676781539969346e-05,1.7658556494667197e-05,1.7578346743193426e-05,1.7639603415820574e-05,1.7644441337178428e-05,1.7920732037095486e-05,1.7656955797653133e-05,1.797050390567783e-05,2.0833757904724503e-05,2.0498315082323984e-05,2.0230512072230408e-05,2.0347338330898918e-05,2.0031141701323674e-05,2.024800331310306e-05,4.478880694884498e-05,4.393585989454236e-05,4.3838409738627666e-05,4.3109997359436816e-05,4.322356387555738e-05,5.937611441649709e-05,5.894403495440957e-05,5.7799990408432445e-05,5.770264280255915e-05,5.182037045459305e-05,5.119137901667383e-05,5.132202862351492e-05,7.58741187298876e-05,LC_V24_H3p5_T8,7.58741187298876e-05
10,"(10, 0)",46,2,thick,,K,2.582249158261441e-08,2.1108440737418229e-10,2.127189284896849e-10,3.363407173749793e-10,3.2865334634740045e-10,6.161635148608853e-10,8.260995866767563e-10,8.228160114080142e-10,1.1768571781514847e-09,1.133288348995842e-09,1.1025212722849697e-09,1.84803034540598e-09,1.7559656978345183e-09,3.7901194760299325e-09,3.805434444310361e-09,4.5097707341125124e-09,4.525967624392189e-09,4.4265907752564015e-09,5.954340349871744e-09,5.775305618852546e-09,5.55916031493468e-09,5.58108244133109e-09,6.615085723456907e-09,6.649802626973765e-09,8.657646380167265e-09,8.503148988163346e-09,1.1967835033002561e-08,1.1702359298391072e-08,1.9693834219651652e-07,1.961989247190244e-07,2.0326377663520027e-07,2.0126635816978505e-07,2.12656217931177e-07,2.2460816973305852e-07,2.1853719811235159e-07,2.789972946845146e-07,2.8542040785030325e-07,2.8252925743470576e-07,2.964047181108078e-07,3.112525411428395e-07,3.4105168871003927e-07,3.2935313014641197e-07,4.093479470312386e-07,4.157025114253569e-07,4.135551725233407e-07,4.283484640381388e-07,4.4669364858298666e-07,4.799511549275523e-07,4.6921215727006237e-07,5.109850430673641e-07,4.6143694355826434e-07,4.7079651757164853e-07,4.868528745116411e-07,5.193816385421199e-07,5.062678219351931e-07,5.498450393953373e-07,1.086477694381441e-06,1.1088615760549547e-06,1.1598629000155623e-06,1.2007492737162004e-06,1.2871901965638262e-06,1.3802852712696754e-06,1.4340054493115217e-06,1.4727655876150676e-06,1.565429283427421e-06,1.1746535669908706e-06,1.2096643694037692e-06,1.2969376154867274e-06,1.6702964696505094e-06,LC_V24_H3p5_T8,1.6702964696505094e-06
10,"(10, 0)",46,2,thin,,K,1.9592243596940008e-07,8.148163439628358e-10,8.256218799337967e-10,1.4283513131015414e-09,1.4354423260312313e-09,2.9397525137092153e-09,2.2127551136415605e-09,2.218636148370924e-09,3.3627754791227766e-09,3.4100878207884375e-09,3.404708726526711e-09,6.188089595392791e-09,6.1353786674524835e-09,1.3447825436343816e-08,1.3462605033735163e-08,1.6170658070816285e-08,1.6310702506806494e-08,1.6427099072452952e-08,2.254996915305259e-08,2.260883948682906e-08,2.0402568697711592e-08,2.0521102570458265e-08,2.4423440143833802e-08,2.4779096045038532e-08,3.2839102726795965e-08,3.379892087451631e-08,4.831972074491292e-08,4.8791740161590905e-08,6.382550252691242e-07,6.382523344783456e-07,6.537984467974694e-07,6.533457211884629e-07,6.894528867813014e-07,7.465650770091002e-07,7.407837178376855e-07,9.527274293922999e-07,9.782227728738136e-07,9.690693120817614e-07,1.0192846482728892e-06,1.0913609996349144e-06,1.2127195216545128e-06,1.197188431136172e-06,1.559502688785627e-06,1.588553118373792e-06,1.5788125633843393e-06,1.6405845938391235e-06,1.7243134390966339e-06,1.8765951889128932e-06,1.846229644188427e-06,2.042328602124588e-06,1.9441793423622614e-06,1.98531753708014e-06,2.0603215088131466e-06,2.199794508237135e-06,2.166013065258333e-06,2.3759329238266577e-06,4.5511446319144146e-06,4.639525470258889e-06,4.848911657145978e-06,5.103247994976847e-06,5.50631512544812e-06,5.966283014316544e-06,6.211457264513358e-06,6.497767581874199e-06,6.969255289980311e-06,5.171747985636858e-06,5.433140799134683e-06,5.879254364377765e-06,8.631269074620296e-06,LC_V24_H3p5_T8,8.631269074620296e-06
10,"(10, 0)",46,2,thick,,Y,3.598836084231948e-07,1.1056170032511642e-09,1.129310578631708e-09,2.6000323918909244e-09,2.6083453639726714e-09,7.0322361265201645e-09,5.013657941809847e-09,5.078561054669305e-09,8.24007461772482e-09,8.69012707144218e-09,8.654712404400922e-09,1.7670046107140685e-08,1.7551294908299294e-08,3.718522067090166e-08,3.745845024441953e-08,4.5648937549308116e-08,4.691292938777455e-08,4.733074964591737e-08,6.862052523829866e-08,6.838317061037155e-08,6.341893487659461e-08,6.391264032972445e-08,7.724734922202453e-08,7.893946286413876e-08,1.0747233866387988e-07,1.1183738999990444e-07,1.6418498099525333e-07,1.6644492939570016e-07,2.344346026943921e-06,2.3435609968069283e-06,2.41171825554307e-06,2.4113854093269215e-06,2.5561886979447227e-06,2.776728490423588e-06,2.7508901743338177e-06,3.163754782882234e-06,3.2490272445291596e-06,3.220880445145884e-06,3.4021994653189967e-06,3.6698855543896577e-06,4.110074182388924e-06,4.054932250368058e-06,4.581574291573445e-06,4.661286208011946e-06,4.6378019537520124e-06,4.8301500237706e-06,5.144313986706919e-06,5.647010269753721e-06,5.602010962886877e-06,6.294130346539746e-06,5.368001083460128e-06,5.5348237030468266e-06,5.837890991913965e-06,6.3640734004515455e-06,6.286978930002168e-06,7.030051457597728e-06,1.2838516043141793e-05,1.3185942122524632e-05,1.3881882700439807e-05,1.4682032335510264e-05,1.5969525523771505e-05,1.5993531562484524e-05,1.676014413651648e-05,1.7700296363660317e-05,1.9097778892067658e-05,1.376351809128373e-05,1.4640272532743533e-05,1.602868363973789e-05,2.079949680394826e-05,LC_V24_H3p5_T8,2.079949680394826e-05
10,"(10, 0)",46,2,thin,,Y,4.231207914727837e-06,1.3228058024509915e-08,1.3501673830210195e-08,3.04446150815969e-08,3.056262635623922e-08,8.093104589336686e-08,5.8058373767710435e-08,5.877312985066488e-08,9.505034310760151e-08,9.993634164893396e-08,9.951621615307862e-08,2.0173314488504666e-07,2.002093547448897e-07,4.2352948485305944e-07,4.2647789781861995e-07,5.199950610216412e-07,5.335609142631721e-07,5.376026497585426e-07,7.778353987885046e-07,7.750285753576962e-07,7.181962422890227e-07,7.237819863572732e-07,8.740180460605354e-07,8.92570791777041e-07,1.2134899528030864e-06,1.2622064565186847e-06,1.850605916063931e-06,1.8756082490456011e-06,2.582065950247639e-05,2.580580189733766e-05,2.6400402034089686e-05,2.6399545557345006e-05,2.7737957325649274e-05,2.973824787661749e-05,2.94358037641045e-05,3.4450766205652585e-05,3.522200110043922e-05,3.49390813396551e-05,3.6580555924439965e-05,3.9021147123369685e-05,4.2880951821334826e-05,4.247173564247088e-05,4.8092657444954935e-05,4.855721057646912e-05,4.840514853774383e-05,4.986667639006453e-05,5.216873940367953e-05,5.606149493965047e-05,5.549671857112215e-05,6.047909083801407e-05,5.58970065653757e-05,5.720156557697127e-05,5.948003374403811e-05,6.336884966043529e-05,6.258083307343031e-05,6.762674854092275e-05,0.00011611381677676812,0.00011769136390732674,0.0001216334979008053,0.00012518559661729904,0.00013156096434878612,0.00014053610687194404,0.00014434626620245695,0.00014762162142021128,0.00015396725618586337,0.00012296310762491646,0.00012663262017580668,0.00013336506771653768,0.00016644666836401168,LC_V24_H3p5_T8,0.00016644666836401168
10,"(10, 1)",57,1,thick,,K,1.4892626120568085e-08,8.274514013071416e-10,8.348313918517086e-10,8.281166135311379e-10,8.344915284068667e-10,8.822047100719526e-10,1.3295732021062829e-09,1.3240481829342617e-09,1.4051979166153594e-09,1.3506973511802938e-09,1.337345202604729e-09,1.4262249559044876e-09,1.4492672913677355e-09,1.8230475872066942e-09,1.8129694924115748e-09,1.9297569607889767e-09,1.8881595421231793e-09,1.854823435418231e-09,2.259214012434082e-09,2.3836871774421627e-09,3.023510356508153e-09,3.0162620630706716e-09,3.1593266703692852e-09,3.1209194607029857e-09,3.307713820465822e-09,3.4938973481154965e-09,4.2498799831797395e-09,4.646229529138284e-09,4.373548333986891e-08,4.365043237309573e-08,4.438334321797208e-08,4.4436934619005545e-08,4.647795506081194e-08,5.125317862104779e-08,5.2264824512143174e-08,6.959395126142378e-08,6.975116581018543e-08,6.971741581451494e-08,7.178857660957543e-08,7.841857738622913e-08,8.57549299438132e-08,8.886209613464102e-08,1.0419229464851503e-07,1.0486119131615602e-07,1.045568829165411e-07,1.0659291331827335e-07,1.1323296476381595e-07,1.2286836480481143e-07,1.2683756368474545e-07,1.4231176437094e-07,1.2288064978236124e-07,1.2227443763464544e-07,1.2668542087244848e-07,1.3092050560108122e-07,1.3467443722931665e-07,1.4758974965185808e-07,2.5565837101174154e-07,2.598893708918363e-07,2.7139112942205245e-07,2.912983914380312e-07,3.15665605134395e-07,3.4010437637617196e-07,3.5029566764335616e-07,3.723205526204343e-07,3.975822632183325e-07,2.818593140189824e-07,2.992880020108832e-07,3.188818629320506e-07,4.582877069281836e-07,LC_V24_H3p5_T8,4.582877069281836e-07
10,"(10, 1)",57,1,thin,,K,5.0936809984383155e-08,1.565633840331902e-08,1.579826466100918e-08,1.5675058410364754e-08,1.5771053133607006e-08,1.5773089461468013e-08,2.3374663863499365e-08,2.326796152341472e-08,2.4834047682256803e-08,2.3821452931222213e-08,2.3576902835486424e-08,2.5110278801154285e-08,2.4501768916301378e-08,2.8804086607070428e-08,2.863637391377853e-08,3.066489160423503e-08,2.999671263629911e-08,2.8863700743609582e-08,3.1106512059419624e-08,3.0015985083735825e-08,4.564802389690745e-08,4.5448568541251876e-08,4.790451806904386e-08,4.70679921426007e-08,5.021611360618036e-08,4.80498269668346e-08,5.2903600823807734e-08,5.147778653397737e-08,4.5515269868524017e-07,4.5198636729781325e-07,4.652519106041528e-07,4.56690859395482e-07,4.6980984607747733e-07,4.7010584276025693e-07,4.5595065065156266e-07,9.360485178597508e-07,9.425044014093638e-07,9.324605015875375e-07,9.432981383510427e-07,9.428063857676451e-07,9.647732189361917e-07,9.385558197751057e-07,1.5660236300202992e-06,1.5891657520770514e-06,1.5784309456537715e-06,1.6085911618617721e-06,1.6222798974987933e-06,1.666673911701396e-06,1.6297551737071096e-06,1.6705794708939772e-06,1.6003607808624208e-06,1.5786552387070282e-06,1.5565837196209808e-06,1.551263329164083e-06,1.528374602829968e-06,1.5296476749539457e-06,3.080677514746121e-06,3.025137317526132e-06,3.013531592123852e-06,2.9534999065840763e-06,2.958111150156495e-06,3.89474953255078e-06,3.873759456840268e-06,3.7982913218573747e-06,3.798472213882963e-06,3.1849673447120063e-06,3.125866879120898e-06,3.124515783230165e-06,5.1738043288596435e-06,LC_V24_H3p5_T8,5.1738043288596435e-06
10,"(10, 1)",57,1,thick,,Y,1.4892626120568085e-08,7.056437452533305e-10,7.07414714860003e-10,6.993034956074977e-10,7.006794983066459e-10,7.127155788282474e-10,2.0719970626471538e-09,2.0634719424620763e-09,2.1251486227800865e-09,2.060798966741475e-09,2.0484040950206057e-09,2.0957371729225375e-09,2.0650938425173642e-09,6.0125893079224964e-09,5.98941047063089e-09,6.1039608696455e-09,6.030820934679825e-09,5.9230306322761526e-09,6.063874328893768e-09,5.966908229324067e-09,1.4309544292908485e-08,1.4306082980369294e-08,1.4614584435579275e-08,1.4559986209327174e-08,1.5082288636888988e-08,1.4936969199746403e-08,1.5729307754635834e-08,1.5607902607583352e-08,1.5415337178441793e-07,1.5367893425913285e-07,1.5380945320393427e-07,1.5245716143934652e-07,1.5239985473319682e-07,1.5111909847479445e-07,1.496091751163739e-07,2.278356808120144e-07,2.2612583251909784e-07,2.247934907254091e-07,2.2384782029844284e-07,2.2211347588502312e-07,2.2354658026951397e-07,2.2030646024872896e-07,3.4610536937463156e-07,3.446923731709406e-07,3.430432725630487e-07,3.423978834878054e-07,3.4057902558014997e-07,3.424320079106545e-07,3.3884115719629305e-07,3.412809966705381e-07,4.666573521246944e-07,4.5523349565486733e-07,4.4469015550638544e-07,4.392516437934242e-07,4.350951348283201e-07,4.3079682490561315e-07,1.0367102515835807e-06,1.0090935018498324e-06,9.967433476716486e-07,9.728847416736329e-07,9.637144642046859e-07,1.5237695165696693e-06,1.4932256409343053e-06,1.4533118625082324e-06,1.42960936250259e-06,1.4860161951389736e-06,1.450438971810181e-06,1.427046527303983e-06,2.3168993852358364e-06,LC_V24_H3p5_T8,2.3168993852358364e-06
10,"(10, 1)",57,1,thin,,Y,1.1716769398620151e-07,1.2668818243137789e-08,1.2725864629457337e-08,1.2574813832896666e-08,1.2618481496302918e-08,1.2555884855943341e-08,3.29621465333437e-08,3.281157098015233e-08,3.401406063129407e-08,3.289645817683775e-08,3.266129668723735e-08,3.367838151055874e-08,3.311345223211915e-08,8.355092928865025e-08,8.319715648053064e-08,8.546881431813312e-08,8.428146767759991e-08,8.243284716475726e-08,8.5114922805692e-08,8.343768139641433e-08,1.8821120943701665e-07,1.8820924479626256e-07,1.926453039683325e-07,1.9176166435836817e-07,1.9859913003437534e-07,1.9590673534706926e-07,2.0780623964883247e-07,2.058180936903292e-07,2.0408956437142383e-06,2.0332380855224366e-06,2.0427303031693548e-06,2.023235239834492e-06,2.0279998649186325e-06,2.014166626076832e-06,1.9885030586150467e-06,3.1026505373488226e-06,3.084671284905673e-06,3.0637503999206714e-06,3.0551535075151205e-06,3.035733287680348e-06,3.0649548078989933e-06,3.01689769217828e-06,4.7774134495066335e-06,4.767775484677068e-06,4.741423713247863e-06,4.738664345171649e-06,4.7143169834875405e-06,4.749397400670036e-06,4.695613013343301e-06,4.742918597039795e-06,6.154319150879687e-06,6.0108514263362485e-06,5.8775317457285495e-06,5.814685779489987e-06,5.76255793998674e-06,5.716850350097327e-06,1.3124636188751131e-05,1.2799648333418766e-05,1.2668428818223158e-05,1.2382151263635792e-05,1.2289159671443262e-05,1.843253890181041e-05,1.8092754535712792e-05,1.7629028223863378e-05,1.7384825048916154e-05,1.806532140247919e-05,1.7661835999906975e-05,1.7405819456199393e-05,2.7150186275863786e-05,LC_V24_H3p5_T8,2.7150186275863786e-05
10,"(10, 0)",63,1,thick,,K,1.7541038785104992e-08,3.6572574243915797e-10,3.6278926548400336e-10,4.911245807859377e-10,4.6309693907254437e-10,7.116828542039249e-10,9.63858836303625e-10,9.527276470844834e-10,1.3596687883874065e-09,1.2145391241277142e-09,1.1472932133893125e-09,1.8402051475632067e-09,1.6437867191061685e-09,3.265372046788647e-09,3.242066524849419e-09,4.032336738847738e-09,3.904185701904934e-09,3.6221332307109356e-09,4.925010444105719e-09,4.550341349492254e-09,3.3500277181612925e-09,3.3350709862144334e-09,4.1388284708635926e-09,4.057073569138456e-09,5.487334153659585e-09,4.923752434107827e-09,7.38375382790286e-09,6.7084255840722605e-09,1.4692097379100008e-07,1.4599286914180624e-07,1.5258087198189064e-07,1.4970420141039317e-07,1.5868555847887665e-07,1.6457808210169235e-07,1.5685848231929904e-07,2.1039851704058553e-07,2.176158211755764e-07,2.1381461915734035e-07,2.2587490770164015e-07,2.3448806048114966e-07,2.572350363996772e-07,2.411598669901134e-07,3.0259098079298274e-07,3.093763046562568e-07,3.0532158118298765e-07,3.1786642909463416e-07,3.2707999527300287e-07,3.5158897152172975e-07,3.3568609439014637e-07,3.6269994793994325e-07,3.265234955874721e-07,3.3220059354580797e-07,3.399215089517561e-07,3.661993717799222e-07,3.493466236269719e-07,3.7770957078478406e-07,7.800027097280041e-07,7.857341405100218e-07,8.205930814812566e-07,8.291559132653331e-07,8.827914613876018e-07,9.944592062840716e-07,1.0331890366696684e-06,1.0340076892088606e-06,1.0922393462864529e-06,7.523243956321108e-07,7.554163008432081e-07,8.055700348597014e-07,1.035128911308828e-06,LC_V20_H3p5_T8,1.0922393462864529e-06
10,"(10, 0)",63,1,thin,,K,1.1545331408111517e-07,1.3590671395694374e-09,1.3827114321664537e-09,1.905062136918921e-09,1.8322584347123475e-09,2.9432930090745677e-09,4.896396372409685e-09,4.8983599107487555e-09,6.48121087483078e-09,6.283804524969778e-09,6.067318676826246e-09,9.351150796355355e-09,8.710447964582183e-09,1.8246963341776602e-08,1.8217642148724063e-08,2.1598154116558654e-08,2.1537657030219284e-08,2.0552997436163858e-08,2.7012165806645073e-08,2.5736136438287464e-08,2.5439084471677808e-08,2.547109103238701e-08,2.9787100489334212e-08,2.991428187920888e-08,3.81236182969907e-08,3.700491975713146e-08,5.117117601412958e-08,4.89530186730953e-08,6.461738681462206e-07,6.435430720677108e-07,6.69225428108996e-07,6.619999148314786e-07,7.021727151204643e-07,7.414805906392665e-07,7.165487464076018e-07,1.1168857488063944e-06,1.1461062295944816e-06,1.1333203038973387e-06,1.1908690545645645e-06,1.2506240437355065e-06,1.3674169105431848e-06,1.3106003530785567e-06,2.065622477607228e-06,2.1211518062923572e-06,2.1028051923545216e-06,2.1907024805768258e-06,2.2656212035302633e-06,2.420374558360995e-06,2.336214606154208e-06,2.5056771257980587e-06,2.5343734209725636e-06,2.5585068550657223e-06,2.6075280073342376e-06,2.7434628226978528e-06,2.6655712537403743e-06,2.8262074899751976e-06,5.127994911014816e-06,5.204274847192023e-06,5.4145170383526314e-06,5.551473703765816e-06,5.880426297702319e-06,7.004261669553657e-06,7.2717271654444165e-06,7.393486728895827e-06,7.772554063033849e-06,6.566452822413387e-06,6.661975260216388e-06,7.040340203986755e-06,9.919241916335432e-06,LC_V24_H3p5_T8,9.919241916335432e-06
10,"(10, 0)",63,1,thick,,Y,1.2895595489918696e-07,8.481961618642959e-10,8.507213627878242e-10,1.6229160962018693e-09,1.5032483817500732e-09,3.3808704187776644e-09,4.320624610154062e-09,4.306965160592524e-09,6.842418953417163e-09,6.490602185245752e-09,6.134019526384244e-09,1.175999778463016e-08,1.0596288521903404e-08,2.3223088144718832e-08,2.3276199524806325e-08,2.909557656989782e-08,2.906914484435595e-08,2.7631301295158313e-08,3.974857304188621e-08,3.7445801540822506e-08,3.6369036542349364e-08,3.6506652345681933e-08,4.5452848291849266e-08,4.5524837595397825e-08,6.26273385264569e-08,5.87055385901583e-08,8.948976554476844e-08,8.390429089165476e-08,1.2464730890538103e-06,1.2415078263323623e-06,1.299137012039564e-06,1.2845679042901717e-06,1.3753828863299375e-06,1.4681963582081807e-06,1.4137908420529859e-06,1.7943460659965815e-06,1.8570593957689428e-06,1.8307388804340488e-06,1.948019231403796e-06,2.0693481442345506e-06,2.3177573532777364e-06,2.197842855018618e-06,2.8319505518579127e-06,2.909644071165286e-06,2.885053120911263e-06,3.020993262076591e-06,3.1611903266627717e-06,3.440423069491784e-06,3.3123604031727404e-06,3.635898784448778e-06,3.2421946502461634e-06,3.3448778973586796e-06,3.4848778393241037e-06,3.799275857165224e-06,3.645537657672346e-06,4.001592301576219e-06,7.348291802018355e-06,7.555751764721245e-06,7.989263918679233e-06,8.26294147934942e-06,8.927372913109832e-06,9.307131115101622e-06,9.790473885399327e-06,1.0066930114076656e-05,1.0788715911564005e-05,8.460663270266598e-06,8.700412255936106e-06,9.411398317081047e-06,1.1765958463747688e-05,LC_V24_H3p5_T8,1.1765958463747688e-05
10,"(10, 0)",63,1,thin,,Y,1.5315234334648382e-06,1.0673061537789156e-08,1.0725279460272467e-08,1.986976988225787e-08,1.8468062278288758e-08,4.038228873967956e-08,5.3358417207292544e-08,5.3212605222797886e-08,8.306905001629269e-08,7.895011055821632e-08,7.48101377667937e-08,1.4055349437890515e-07,1.270733252193784e-07,2.765508026970768e-07,2.771731871148006e-07,3.450918456893739e-07,3.444669443489949e-07,3.275214750532501e-07,4.678932205674466e-07,4.4115050133470493e-07,4.2877922297420445e-07,4.3042444279290593e-07,5.334427102451631e-07,5.347536958452969e-07,7.3161690399896e-07,6.877718961006784e-07,1.0404736993493717e-06,9.76751555273169e-07,1.4322501073614124e-05,1.426993222202363e-05,1.4842513593712274e-05,1.4695043181488955e-05,1.5645616475044143e-05,1.6609146829416613e-05,1.6018801525924603e-05,2.0719574573994204e-05,2.1350745998060204e-05,2.105343145794074e-05,2.2216340352893854e-05,2.3409387791395857e-05,2.5812996681666062e-05,2.470226907123344e-05,3.173242050930855e-05,3.2310360452441e-05,3.210597937509816e-05,3.326203044936322e-05,3.4473582276512854e-05,3.6881905991081116e-05,3.570686600874288e-05,3.8432313711091434e-05,3.6343349725094906e-05,3.730103928990154e-05,3.8528068788477214e-05,4.132211562724082e-05,3.9866926231254476e-05,4.279904421437605e-05,7.428605989583734e-05,7.538685865539933e-05,7.83183280925051e-05,7.962446892013205e-05,8.387216102969179e-05,9.185907834761621e-05,9.46710906488003e-05,9.561519124267113e-05,9.983439803722925e-05,8.322311663235177e-05,8.446851896483723e-05,8.886036660414614e-05,0.00010904188840198639,LC_V24_H3p5_T8,0.00010904188840198639
13,"(13, 1)",34,1,single,,TY,9.83646287194349e-10,2.4944267659361132e-11,2.4750683630830132e-11,2.6405284518805448e-11,2.603589116971408e-11,2.902304943604725e-11,8.89210763395154e-11,8.822981214641121e-11,9.532874787205889e-11,9.108502068098294e-11,8.967801259816384e-11,9.862186175907797e-11,9.562650052117682e-11,3.433513650843602e-10,3.419156896363147e-10,3.529056707206788e-10,3.4859769226572986e-10,3.405875669911044e-10,3.5760262042333555e-10,3.497932652327449e-10,7.492634751098576e-10,7.485989473759632e-10,7.696036284901214e-10,7.652770149181224e-10,8.011847288706306e-10,7.893233154329739e-10,8.43603136829283e-10,8.32155798106972e-10,1.0364404814131283e-08,1.0318946897032494e-08,1.0361642978913048e-08,1.0256490157095382e-08,1.0272521309884221e-08,1.01677445957222e-08,1.0016179456790088e-08,1.4494350773083544e-08,1.4414549224835245e-08,1.4323036909445781e-08,1.4310694035803676e-08,1.4237613056087172e-08,1.4375769306505867e-08,1.4145825453710278e-08,2.0710507671598743e-08,2.0633830318059164e-08,2.0530124111537142e-08,2.052473195100492e-08,2.038406629971846e-08,2.0524792040466632e-08,2.0224836292429087e-08,2.042421285980661e-08,2.7299472138451046e-08,2.6615889377600858e-08,2.5995817974397934e-08,2.6281958005326944e-08,2.5860966776215707e-08,2.5858776793218643e-08,6.644443531576577e-08,6.479395069175975e-08,6.419072796577699e-08,6.27037828973165e-08,6.244144648667065e-08,9.453851599602436e-08,9.334121126056885e-08,9.086132391225811e-08,9.025925905065933e-08,8.435614307687025e-08,8.24706911635218e-08,8.144582889021087e-08,1.322827491043847e-07,LC_V24_H3p5_T8,1.322827491043847e-07
13,"(13, 0)",35,1,single,,TY,1.0784657318997447e-08,2.4863690478979095e-11,2.565603492222836e-11,6.087605097409187e-11,6.605159601096469e-11,1.8894626024268747e-10,1.273340199844913e-10,1.280993625574486e-10,1.9578601763829226e-10,2.1571387811685428e-10,2.2776924053228424e-10,4.27705455492385e-10,4.710046829465197e-10,8.87476621787545e-10,8.940164907053803e-10,1.0860769601988459e-09,1.121198319393265e-09,1.1626711634778417e-09,1.6764432094509323e-09,1.7426043787922241e-09,1.5950061230959455e-09,1.5921200555300336e-09,1.8783182266218493e-09,1.8995523067305114e-09,2.5203543550476745e-09,2.6891202864238535e-09,3.823653328757782e-09,4.0152445202125934e-09,4.826899007519478e-08,4.81937445336537e-08,4.8966726233675614e-08,4.8972318370463503e-08,5.141254038889763e-08,5.638088379688656e-08,5.688460682679598e-08,6.783877522074424e-08,6.928446027262335e-08,6.904080372474017e-08,7.2620672483003e-08,7.933771236649606e-08,8.922886290384865e-08,9.086835399302217e-08,9.551955464367038e-08,9.72078580062579e-08,9.667157835808514e-08,1.0086529748699432e-07,1.0794466886623618e-07,1.1940212537181652e-07,1.2070490838898122e-07,1.3805191957994964e-07,1.2370741854288006e-07,1.278260684149983e-07,1.3580541320165618e-07,1.5646109431515905e-07,1.5817878817111567e-07,1.805861062536937e-07,2.8827795123977614e-07,2.9878870478529817e-07,3.186910625408085e-07,3.4776941467026844e-07,3.886952582069599e-07,3.6815762916258703e-07,3.9027800953095953e-07,4.2433161846211093e-07,4.712526098547875e-07,3.3915191000413157e-07,3.7634048232586887e-07,4.192388378174318e-07,5.660419022066183e-07,LC_V24_H3p5_T8,5.660419022066183e-07
14,"(14, 0)",43,1,single,,TY,6.129106962835856e-09,6.957847449835076e-11,6.874260887032799e-11,7.546677018369904e-11,7.826548397345078e-11,1.1663028069123453e-10,2.911910763943735e-10,2.8970974775698164e-10,3.0597081736185913e-10,3.0892080398128047e-10,3.2752181100508314e-10,3.629623108064348e-10,4.338766870161034e-10,1.5777566269153707e-09,1.5720554136628115e-09,1.5932274312589315e-09,1.5788988370856802e-09,1.5845317638285824e-09,1.6775200225168915e-09,1.8216526110070656e-09,5.626376408598123e-09,5.624303223080251e-09,5.690411645153446e-09,5.704081618775418e-09,5.901204076932803e-09,6.441369279669711e-09,6.646688470899439e-09,7.296616638600277e-09,7.106433016436995e-08,7.095645931485154e-08,7.052182684873971e-08,7.033561557472254e-08,7.023506592855982e-08,7.21137529664813e-08,7.450037282206572e-08,1.2039646664356829e-07,1.1946664971479198e-07,1.1901080383983189e-07,1.1849466989197141e-07,1.2018047962516746e-07,1.2243189641702747e-07,1.2701519375389653e-07,1.4247543468244955e-07,1.412429143031755e-07,1.4076229015265238e-07,1.4011089770814098e-07,1.4157462722218555e-07,1.437599963195903e-07,1.490340505728009e-07,1.5549601905826117e-07,1.6935150857529203e-07,1.6611051626941888e-07,1.6553038366384356e-07,1.663597539539178e-07,1.696513107294862e-07,1.749085423019203e-07,3.856516294438384e-07,3.8470361410051383e-07,3.853161002222082e-07,4.0197268202681747e-07,4.1259580230772945e-07,5.509852092138017e-07,5.498026444228261e-07,5.644119250053889e-07,5.767840055720158e-07,5.155451952758825e-07,5.300116012202557e-07,5.405936639525428e-07,8.363037719369862e-07,LC_V24_H3p5_T8,8.363037719369862e-07
14,"(14, 1)",51,1,single,,TY,6.702686353051971e-08,2.585536113034183e-10,2.644107558206397e-10,5.862080321084279e-10,5.973024809850617e-10,1.5813696240173106e-09,1.2463464754112985e-09,1.247782818383225e-09,1.9655137945767067e-09,2.047721410103698e-09,2.06309314565289e-09,3.977998195614958e-09,4.043689830740812e-09,7.449978738596755e-09,7.487145670322748e-09,9.420631162080036e-09,9.654552445512123e-09,9.636628561469951e-09,1.4395443463279338e-08,1.433377912667906e-08,1.1081197621553845e-08,1.1096094986366496e-08,1.362311890565218e-08,1.3817612663443354e-08,1.9267789963900263e-08,1.9396721695594625e-08,2.9511651780562342e-08,2.9367905018275995e-08,3.7804316978975364e-07,3.7736418155480823e-07,3.868668080386687e-07,3.8594093242858985e-07,4.097595933287349e-07,4.498858768961667e-07,4.4467344980139274e-07,5.314057899190182e-07,5.46961727567463e-07,5.430409839739993e-07,5.76420195842629e-07,6.28953932314191e-07,7.125408936604765e-07,7.078617216479994e-07,7.21219638600545e-07,7.383615879473119e-07,7.330033168832678e-07,7.707762615773012e-07,8.281282177288662e-07,9.232406690306579e-07,9.146650671936329e-07,1.0509207316866895e-06,9.041313047362821e-07,9.446460856379385e-07,1.0075060576326715e-06,1.1202487632747754e-06,1.0995013566286213e-06,1.2487570148209182e-06,2.1078474350301724e-06,2.1793679821942284e-06,2.3320325788429787e-06,2.493634628509444e-06,2.7728141900881503e-06,2.6598442941090884e-06,2.8275806191075384e-06,3.013255677336831e-06,3.3338368498438196e-06,2.324588215669076e-06,2.530990793682813e-06,2.8188428715771985e-06,3.65383266491336e-06,LC_V24_H3p5_T8,3.65383266491336e-06
15,"(15, 1)",42,2,thick,,K,9.514307713709728e-09,1.5499309612652019e-09,1.5581341646268641e-09,1.6045804578406388e-09,1.6059441857012021e-09,1.7150990351464868e-09,2.643818021231765e-09,2.6313118375482532e-09,2.8982349362982873e-09,2.783081624380355e-09,2.7503404543895596e-09,3.095317910455906e-09,3.025076922335741e-09,3.6837269145705453e-09,3.65569662011877e-09,4.025631360441642e-09,3.920633685349476e-09,3.7702062528227766e-09,4.260834192318302e-09,4.132248690736531e-09,6.643227979245323e-09,6.603998869309656e-09,7.096186270080452e-09,6.9695557547617375e-09,7.648589061720572e-09,7.306710472042784e-09,8.332632560347244e-09,8.073834705244775e-09,6.163582757734408e-08,6.139057754915836e-08,6.267790052312066e-08,6.210709352442096e-08,6.403518681976635e-08,6.559247994699546e-08,6.41969653197738e-08,1.4366677675389087e-07,1.4561467917170408e-07,1.4438531078087067e-07,1.4764676722302645e-07,1.5100127750015569e-07,1.5772246078167227e-07,1.5521730557841649e-07,2.3700794097456095e-07,2.3949693412092787e-07,2.3823917823553678e-07,2.430129301615405e-07,2.4601012326605124e-07,2.54274968389012e-07,2.4923572810385105e-07,2.591108208151409e-07,2.874952134799671e-07,2.850850101776623e-07,2.844375006898805e-07,2.91346578757146e-07,2.878828994339658e-07,2.9460293035392837e-07,5.432995898751749e-07,5.42809225102109e-07,5.527675941093877e-07,5.552568612905196e-07,5.712558963983213e-07,7.59952540558549e-07,7.66836039321484e-07,7.656053574582984e-07,7.803947190269156e-07,7.044694761437317e-07,7.084211492411189e-07,7.209559529444239e-07,1.080188616074084e-06,LC_V24_H3p5_T8,1.080188616074084e-06
15,"(15, 1)",42,2,thin,,K,1.3839702789883903e-07,2.4997265050985736e-08,2.512652967103686e-08,2.5889044494555127e-08,2.592135238173184e-08,2.7688218114028452e-08,3.984858094769227e-08,3.967187223900848e-08,4.376590065864019e-08,4.205290732372556e-08,4.1571660270248615e-08,4.679969614902773e-08,4.578926452689062e-08,5.112317629038048e-08,5.0675111420983535e-08,5.628519591924168e-08,5.4765579842579205e-08,5.262069324321652e-08,5.99656468150236e-08,5.814212723019569e-08,8.688880730644663e-08,8.646041782211248e-08,9.347255152210455e-08,9.168217440554595e-08,1.0187806354497546e-07,9.722236566815364e-08,1.1207962680203817e-07,1.0844626925845066e-07,8.207684481210751e-07,8.170253250956814e-07,8.374195267190133e-07,8.287405220621498e-07,8.566487177508565e-07,8.800273404095157e-07,8.606922140893547e-07,1.966156756108895e-06,1.9956246773630723e-06,1.978908892184892e-06,2.0277755581331107e-06,2.0763818441981205e-06,2.176503587384426e-06,2.1382988504281593e-06,3.2564635775776388e-06,3.306883927578132e-06,3.2870205409112156e-06,3.3650516185300773e-06,3.411231396003671e-06,3.538199566838152e-06,3.4637057184686614e-06,3.613110455509819e-06,3.768046909753373e-06,3.7425145791798533e-06,3.7463409177193602e-06,3.8543877416551675e-06,3.8084992081532e-06,3.916741842753336e-06,6.991090993974344e-06,7.015912887711408e-06,7.159539495552802e-06,7.2119292124295965e-06,7.443274556389135e-06,9.654026840122665e-06,9.760037968263216e-06,9.746722506263965e-06,9.959762726004889e-06,8.754355626818846e-06,8.827722507587067e-06,9.006225454647159e-06,1.3307039906614158e-05,LC_V24_H3p5_T8,1.3307039906614158e-05
15,"(15, 1)",42,2,thick,,Y,4.239005641463562e-08,3.741090122721523e-09,3.7550164782792205e-09,3.871351351909144e-09,3.859229282135229e-09,4.1112157392222424e-09,9.467922278421481e-09,9.410155362718898e-09,1.0196786482459855e-08,9.838569911624357e-09,9.728988985011473e-09,1.0742834250781196e-08,1.0516274895560516e-08,2.1537507530756065e-08,2.1394526204109316e-08,2.258666873147198e-08,2.2166490600229045e-08,2.1492543812938103e-08,2.3107277890810785e-08,2.2520647613817695e-08,5.045762548066503e-08,5.029118801075785e-08,5.203262993768053e-08,5.1526222262075116e-08,5.40687689309799e-08,5.236349835615177e-08,5.6464925126783953e-08,5.515925296158506e-08,4.5140265217665096e-07,4.50184753009027e-07,4.520179550346458e-07,4.4877116515751266e-07,4.5375211323905333e-07,4.563657662748256e-07,4.4881916180351493e-07,8.775956404322911e-07,8.808096404078814e-07,8.743088720552302e-07,8.820505724499005e-07,8.872124502503284e-07,9.074959702648622e-07,8.943657146034765e-07,1.4233191543194204e-06,1.4188064243025005e-06,1.411827921142899e-06,1.4147951730641894e-06,1.409391556946304e-06,1.4287045296170762e-06,1.4100824183696643e-06,1.434393909612189e-06,2.0530145708595383e-06,2.014977294842197e-06,1.9847574721702082e-06,1.992110491983909e-06,1.970482898312873e-06,1.978076668214094e-06,4.070548477363383e-06,4.0159977612461656e-06,4.02344509810091e-06,3.970566072790224e-06,4.002252443824009e-06,6.0366256872231945e-06,5.978129501844994e-06,5.870649184412888e-06,5.852434178339762e-06,6.140200057267046e-06,6.090296382634937e-06,6.0870453216845296e-06,9.47840218990966e-06,LC_V24_H3p5_T8,9.47840218990966e-06
15,"(15, 1)",42,2,thin,,Y,6.032181634137656e-07,5.947847313601171e-08,5.973364082560137e-08,6.15311371145629e-08,6.142182264211414e-08,6.542675640621418e-08,1.4027552782907832e-07,1.3939529468043726e-07,1.5162789185000835e-07,1.4617925735156752e-07,1.446286197677738e-07,1.6020920741221789e-07,1.5685229796325717e-07,2.9294204320805885e-07,2.908575708928004e-07,3.0935876662712904e-07,3.032257213232726e-07,2.93176315690855e-07,3.183358944540691e-07,3.092419878134912e-07,6.605610924190072e-07,6.585009499895128e-07,6.838483752276167e-07,6.766243084264325e-07,7.141148465213431e-07,6.898081260948676e-07,7.500032746302008e-07,7.328676065608666e-07,5.925746624428972e-06,5.907437769626258e-06,5.941079081802659e-06,5.900062324092612e-06,5.983855190403739e-06,6.035216783551691e-06,5.933453361744679e-06,1.1574564603251665e-05,1.1622791374316934e-05,1.1531668359859187e-05,1.1641357439255356e-05,1.1736027590669498e-05,1.2037758353944969e-05,1.1856094595396306e-05,1.8152828670187965e-05,1.8120541515148165e-05,1.8028540562881808e-05,1.807632058057972e-05,1.802061423283327e-05,1.8284898718820182e-05,1.8010616283917306e-05,1.8298915742050972e-05,2.4568680451346093e-05,2.4179538747927194e-05,2.3866586608984144e-05,2.4037660523005775e-05,2.3777962222927933e-05,2.3921154751796992e-05,4.693694066831179e-05,4.637884975775865e-05,4.646907304230995e-05,4.5908820319277616e-05,4.623878801604975e-05,6.635742448600386e-05,6.593361144270871e-05,6.492717958324547e-05,6.483727890781308e-05,6.640462197231733e-05,6.571755480146427e-05,6.563855140118994e-05,9.511518403437075e-05,LC_V24_H3p5_T8,9.511518403437075e-05
15,"(15, 0)",50,2,thick,,K,3.0609130412250785e-08,3.991495639411708e-10,4.002997274773882e-10,5.583354313179865e-10,5.471070823865212e-10,9.106187570525357e-10,1.36676478410325e-09,1.3545915516942155e-09,1.8525690325912497e-09,1.7669621056496993e-09,1.726080403415508e-09,2.66150891578057e-09,2.5563842963034125e-09,4.695453316119903e-09,4.6781440300194575e-09,5.71190780164544e-09,5.665639090373138e-09,5.437902045872354e-09,7.4321208865827405e-09,7.128914338345301e-09,6.563655732463726e-09,6.507399486487933e-09,7.829680306503276e-09,7.71963230967639e-09,1.002977604531549e-08,9.347685103311336e-09,1.3434738144247828e-08,1.2744033580860122e-08,1.8100058108830092e-07,1.8048248348107392e-07,1.8514177409626024e-07,1.8378782502732767e-07,1.9343416407587295e-07,2.0551563013858815e-07,1.9977353379846993e-07,2.8152695744065786e-07,2.8994568697635396e-07,2.8708226687962896e-07,3.02077136331063e-07,3.19763568249154e-07,3.519777089248927e-07,3.4216196412040676e-07,4.2545395020642873e-07,4.3385119912078536e-07,4.305039402093326e-07,4.4774783447168115e-07,4.668644396974361e-07,5.045087888117424e-07,4.913371407225469e-07,5.372977653059367e-07,5.307874276393884e-07,5.418349640065258e-07,5.59679249511383e-07,5.987932769418889e-07,5.830261546151035e-07,6.318968355621934e-07,1.168204884211216e-06,1.1898294853886995e-06,1.2461733888145402e-06,1.2865268176070654e-06,1.3821449209157243e-06,1.5460429829822653e-06,1.6075749829161542e-06,1.6542922866687492e-06,1.7611322875971282e-06,1.4051054191495673e-06,1.4572916885761899e-06,1.5528191544881483e-06,2.12848091185315e-06,LC_V24_H3p5_T8,2.12848091185315e-06
15,"(15, 0)",50,2,thin,,K,1.7651761158081514e-07,8.027628370636101e-10,8.240337998553466e-10,1.3701465745670386e-09,1.3718616405908176e-09,2.793101630091762e-09,2.1048078144228767e-09,2.0847858128696855e-09,3.0700810230315092e-09,3.028169850536543e-09,2.9999668021317844e-09,5.477517849094479e-09,5.428531904880983e-09,1.1489449380136732e-08,1.1516171625983575e-08,1.426519329812773e-08,1.4453629041867291e-08,1.4177373740700411e-08,2.0405185503162845e-08,1.992130172849948e-08,1.7699350318963135e-08,1.7622145085312398e-08,2.0635780807569556e-08,2.070337810925761e-08,2.7128515149616335e-08,2.7648107014230813e-08,3.9778786680069776e-08,4.0016928451097405e-08,4.907506532874873e-07,4.89767512358426e-07,5.015929761687752e-07,4.996276300921351e-07,5.291938269283983e-07,5.751067268866605e-07,5.677021562594871e-07,7.645316623250697e-07,7.838537715798106e-07,7.81539166742577e-07,8.261555674312469e-07,8.973965758949606e-07,1.0039307307976259e-06,9.993060800076213e-07,1.3051259879077728e-06,1.335378123875221e-06,1.3285631788878562e-06,1.3880234338397422e-06,1.4727520779549062e-06,1.6114964925573883e-06,1.5917375986090251e-06,1.7791868164383468e-06,1.9815077294492904e-06,2.0133398553052865e-06,2.105373954111252e-06,2.2531918921722955e-06,2.2685231172533673e-06,2.4765329159040256e-06,3.995290431469306e-06,4.103654115777829e-06,4.309260752151053e-06,4.554252257797806e-06,4.9371242648224e-06,5.911635125578556e-06,6.16853379593245e-06,6.4633533320765095e-06,6.931296985345632e-06,5.93258880182226e-06,6.296050654049068e-06,6.772017842071377e-06,1.0681622472960705e-05,LC_V24_H3p5_T8,1.0681622472960705e-05
15,"(15, 0)",50,2,thick,,Y,3.2667767780362315e-07,1.0503205596456587e-09,1.0816555460395558e-09,2.511599063692753e-09,2.5133461784283868e-09,6.9064248070345455e-09,5.193868414053254e-09,5.203842082783916e-09,8.378313769739594e-09,8.734625736637355e-09,8.771816891808085e-09,1.7316130887476957e-08,1.750874641590849e-08,3.388159750540807e-08,3.408074128813793e-08,4.308198022318354e-08,4.415143978870967e-08,4.385645522830008e-08,6.601730129707085e-08,6.520301441023976e-08,5.789971511972816e-08,5.773770137820592e-08,6.92971588339396e-08,6.993482537624818e-08,9.519161338820909e-08,9.573058982982541e-08,1.436578826135525e-07,1.426521890078484e-07,1.6746958443881738e-06,1.6720086478689192e-06,1.715605975780309e-06,1.7137919552914513e-06,1.8251152614998372e-06,2.0103752336618225e-06,1.985064672416412e-06,2.445775402095188e-06,2.5172509360794855e-06,2.505545952199603e-06,2.660001227974756e-06,2.9193642258909348e-06,3.3060688871492704e-06,3.2962009956730916e-06,3.7273943068042116e-06,3.821126503014203e-06,3.798196581600629e-06,3.992400269328786e-06,4.266528342716653e-06,4.731896430458848e-06,4.679127212032066e-06,5.3227742969369565e-06,5.10246207558216e-06,5.259757360861222e-06,5.5816776380385636e-06,6.095392193629124e-06,6.077422292423865e-06,6.794188570948132e-06,1.0828664937274472e-05,1.1194147490894728e-05,1.1874027390977009e-05,1.2698309448487228e-05,1.3984510223482345e-05,1.4577686927161462e-05,1.5376395608442828e-05,1.6288629083199172e-05,1.7695683754771196e-05,1.4182611413125775e-05,1.5285481243111554e-05,1.671840498350286e-05,2.2618111199180864e-05,LC_V24_H3p5_T8,2.2618111199180864e-05
15,"(15, 0)",50,2,thin,,Y,3.8080577807352184e-06,1.2438518352087598e-08,1.2819589758456731e-08,2.9178174610818643e-08,2.927187449233515e-08,7.904952092899231e-08,5.964472847346861e-08,5.97180375146105e-08,9.589485428066692e-08,9.953917868754652e-08,9.984998440969647e-08,1.9624285648339808e-07,1.9822982725057898e-07,3.8501374300756734e-07,3.871636596604296e-07,4.889093840253819e-07,5.005822732779382e-07,4.967692380207311e-07,7.461308281935918e-07,7.362390619413908e-07,6.547687620186817e-07,6.526138346781627e-07,7.816017507252236e-07,7.887158947330237e-07,1.0706287081507351e-06,1.0770612432869042e-06,1.613868835537189e-06,1.6031952442572804e-06,1.87262506230589e-05,1.8700781523268915e-05,1.9172536489799365e-05,1.914685078461742e-05,2.032999105980755e-05,2.2164823644571925e-05,2.1853446557291117e-05,2.729779255564845e-05,2.796788340317658e-05,2.7870682424956e-05,2.9394674169757692e-05,3.187615364131488e-05,3.5547354765547136e-05,3.518817561253175e-05,4.006089373312124e-05,4.07601347699222e-05,4.0647318079311634e-05,4.2262817385871474e-05,4.477870214278977e-05,4.857987084164611e-05,4.806977633393464e-05,5.306632038719669e-05,5.241613741298009e-05,5.3582587519140824e-05,5.607633111447272e-05,6.008974109581665e-05,5.9713429124939016e-05,6.4800563411292e-05,0.00010165605828783158,0.00010371080052192098,0.00010765674488718816,0.00011174248153525032,0.00011827183989703654,0.00013059186503180722,0.00013454757205408878,0.00013813028327691943,0.0001445364347160599,0.00012474162831079002,0.00012924045503860944,0.00013600571719698246,0.00017464109245268774,LC_V24_H3p5_T8,0.00017464109245268774
15,"(15, 1)",59,1,thick,,K,1.6197667873869446e-08,8.521237308002833e-10,8.562753571523127e-10,8.74133532395711e-10,8.767751627651074e-10,9.579881599117065e-10,1.3099488848871373e-09,1.302251436404133e-09,1.4163286969033038e-09,1.3535992155249225e-09,1.3445441059553562e-09,1.5347109970204087e-09,1.5808922060997278e-09,1.69161143903663e-09,1.6847912486416149e-09,1.8542940496525145e-09,1.9033124143044472e-09,1.9981040340536717e-09,2.5260421524476836e-09,2.6412515076483645e-09,2.8762247164431632e-09,2.8571391865877148e-09,3.0616726164076087e-09,3.071109818012998e-09,3.6040632783424117e-09,3.928455620709214e-09,4.952091545689408e-09,5.3203916486364786e-09,3.502819647788533e-08,3.5099593350956206e-08,3.562436076601612e-08,3.597888622063407e-08,3.7988701863413146e-08,4.258941775775362e-08,4.339413648403411e-08,7.531449646398741e-08,7.637935553076507e-08,7.67843343137573e-08,8.011491874748853e-08,8.763459442739476e-08,9.689611537056551e-08,1.0000503569841173e-07,1.2526641058667258e-07,1.261042878291374e-07,1.2577668210157665e-07,1.292735180960993e-07,1.3793396238941886e-07,1.4910809937161334e-07,1.5289821381827777e-07,1.703605732312987e-07,1.641348370431059e-07,1.6577783315735595e-07,1.7467650883621804e-07,1.8396395636273507e-07,1.896419199561707e-07,2.07488138283248e-07,3.1485913217023703e-07,3.284465707974418e-07,3.448972103844444e-07,3.7204109107176437e-07,4.039013452718808e-07,4.638695899571918e-07,4.815032424365375e-07,5.140303444179621e-07,5.511479132615107e-07,4.375480984771745e-07,4.692044652527192e-07,5.032122890010268e-07,7.545199913356054e-07,LC_V24_H3p5_T8,7.545199913356054e-07
15,"(15, 1)",59,1,thin,,K,6.235776445697243e-08,1.617273510232603e-08,1.6243277840482085e-08,1.6384989756408615e-08,1.636708480244516e-08,1.6767248151952093e-08,2.282452064174943e-08,2.2686754653003194e-08,2.4704785799479035e-08,2.3507309071640984e-08,2.316546485036916e-08,2.5235008468483845e-08,2.4453140362769582e-08,2.461672057181576e-08,2.4331704038818442e-08,2.6927478895272457e-08,2.592457775570231e-08,2.4658041643643933e-08,2.7178548748641213e-08,2.6046919074574053e-08,4.193999793065425e-08,4.165392597299715e-08,4.469437690423324e-08,4.359661941278127e-08,4.742007917310323e-08,4.4531490338532865e-08,5.004252079643508e-08,4.781309307007943e-08,3.437162689322848e-07,3.418413396695931e-07,3.499440428608321e-07,3.4469903275387837e-07,3.5292411514551725e-07,3.5523632408833696e-07,3.4525629497290057e-07,8.927676116101244e-07,9.048924041487217e-07,8.941298513378534e-07,9.101192861021475e-07,9.157151302390256e-07,9.438109057790203e-07,9.184540485227201e-07,1.505626009867804e-06,1.5281260762824541e-06,1.517469876668148e-06,1.5480071563909002e-06,1.556638676489256e-06,1.6003972085437907e-06,1.5559985740575865e-06,1.5985531705556157e-06,1.6089301916579677e-06,1.5958467654543063e-06,1.5815670410994546e-06,1.6061295445990865e-06,1.5747799981191354e-06,1.5972519703451915e-06,2.9863974813852572e-06,2.95217012335274e-06,2.9773716092976943e-06,2.943572925820162e-06,2.994248270839363e-06,3.938477558257418e-06,3.9642882361982154e-06,3.916609423208538e-06,3.960746059026954e-06,3.3962681113291714e-06,3.381535799689273e-06,3.419936667517873e-06,5.146781729389736e-06,LC_V24_H3p5_T8,5.146781729389736e-06
15,"(15, 1)",59,1,thick,,Y,1.6197667873869446e-08,7.036956958305762e-10,7.040891376491697e-10,7.153273342704574e-10,7.122683653981473e-10,7.637073005979717e-10,2.105381261212014e-09,2.0931880722525003e-09,2.2283747710842284e-09,2.151673714842563e-09,2.1274943453924334e-09,2.2830303788880544e-09,2.23342332822574e-09,5.549072414200142e-09,5.511946705592856e-09,5.696053610134866e-09,5.586372129089927e-09,5.440791671080241e-09,5.637914117131339e-09,5.523231769249087e-09,1.4772051606584587e-08,1.4728202861568222e-08,1.4997471496667612e-08,1.4886147058114776e-08,1.532094635721574e-08,1.4933632199715736e-08,1.5677985985919674e-08,1.536668251055093e-08,1.1590397334280749e-07,1.1574417366358225e-07,1.1583616662709917e-07,1.1520932824340455e-07,1.1559226035279732e-07,1.150604516195769e-07,1.1345592512233919e-07,2.207639246671802e-07,2.2037000730555992e-07,2.1891353642167374e-07,2.1891991648767074e-07,2.1732542523552199e-07,2.188251247490417e-07,2.1630371012193498e-07,3.564460162309686e-07,3.541941527127614e-07,3.521575746241022e-07,3.504406235027502e-07,3.4771378921379235e-07,3.4949800438777244e-07,3.451080151776547e-07,3.4740379560494755e-07,5.288832052214197e-07,5.182968708833592e-07,5.081508144926147e-07,5.031966448433472e-07,4.974195283068188e-07,4.943869112274257e-07,1.0565044030015498e-06,1.0384541195623543e-06,1.0319410994499747e-06,1.0134616395895417e-06,1.0126753967831548e-06,1.5890908526536598e-06,1.5651743729243915e-06,1.5287983317608472e-06,1.5119228449632894e-06,1.6670772756787103e-06,1.645768255142095e-06,1.6364262543154603e-06,2.5559691377920668e-06,LC_V24_H3p5_T8,2.5559691377920668e-06
15,"(15, 1)",59,1,thin,,Y,1.2948563954287796e-07,1.273407913878045e-08,1.2755086719847777e-08,1.2938855911481927e-08,1.2891784772867905e-08,1.3344337772439813e-08,3.341454189888335e-08,3.32258394982652e-08,3.5555022358930427e-08,3.4218768673380654e-08,3.381220130226564e-08,3.6426611157786744e-08,3.5577018271468025e-08,7.631883138855682e-08,7.574992710564293e-08,7.899000442133377e-08,7.723320030719137e-08,7.497045546694058e-08,7.851598504043198e-08,7.667482818039388e-08,1.919299825822933e-07,1.914607305953759e-07,1.9601534191827344e-07,1.9428149002616884e-07,2.0127013692580912e-07,1.9523499724212548e-07,2.0665465522058955e-07,2.0203184690162005e-07,1.5043823135748066e-06,1.501981345342623e-06,1.5038904604582927e-06,1.4944301500395547e-06,1.5030326598038601e-06,1.4981693522883079e-06,1.4722793884145653e-06,2.989068858356879e-06,2.993894916096509e-06,2.969865482098854e-06,2.980621947814102e-06,2.9673778502583544e-06,3.011339522301403e-06,2.97087479203124e-06,4.88169077884646e-06,4.8532669119054525e-06,4.825102141484302e-06,4.818801484292754e-06,4.78730102165532e-06,4.822930298569239e-06,4.754955854677511e-06,4.801598704543529e-06,6.922104790424903e-06,6.798689318309069e-06,6.679124453474425e-06,6.63701814188137e-06,6.546256499926937e-06,6.521595034793134e-06,1.3241654717254198e-05,1.3056460229261808e-05,1.3020495679083749e-05,1.282542832937449e-05,1.2857693241046633e-05,1.949504279266357e-05,1.9280643767574827e-05,1.8904135477261043e-05,1.876808360423909e-05,2.013625636029309e-05,1.9892342832753592e-05,1.9774966337969893e-05,2.9776875735632862e-05,LC_V24_H3p5_T8,2.9776875735632862e-05
15,"(15, 0)",67,1,thick,,K,1.4599156789493846e-08,3.247215626517154e-10,3.225314631169251e-10,4.2297150641845745e-10,4.005657717652847e-10,5.980490384952213e-10,8.027315112719885e-10,7.885293621197145e-10,1.154689824770787e-09,1.0258119661302008e-09,9.6207054112884e-10,1.5730413158422476e-09,1.4025469024488578e-09,2.3242204031336726e-09,2.2971661929709937e-09,3.0138896847039222e-09,2.9041417522690722e-09,2.6404346776759942e-09,3.803830975813119e-09,3.469720638485995e-09,2.5568628837438023e-09,2.5322511661074633e-09,3.2459385130545127e-09,3.142057852791866e-09,4.387168089855607e-09,3.729761963192709e-09,5.955270268075367e-09,5.218714492781029e-09,8.325029665880432e-08,8.287848331650932e-08,8.661139378401367e-08,8.549858492829652e-08,9.175360755997926e-08,9.725353679180659e-08,9.216182356078096e-08,1.3787662083845188e-07,1.4385404738099944e-07,1.414488805994104e-07,1.5121979523619791e-07,1.5924095229061618e-07,1.7761106971611133e-07,1.6691556303826107e-07,2.170325271528484e-07,2.2372296703624558e-07,2.2089227519320896e-07,2.3219816850535418e-07,2.4130538391747127e-07,2.634067525297033e-07,2.4972229995239195e-07,2.734433451061238e-07,2.658273572681727e-07,2.735504190367924e-07,2.8184023942781136e-07,3.1077553855301574e-07,2.9246828136389444e-07,3.191872592075878e-07,5.70226907252341e-07,5.826914907763764e-07,6.197950928789172e-07,6.31201660675542e-07,6.842669875639581e-07,7.640099698617925e-07,8.01632558086248e-07,8.073041029875105e-07,8.634649095260655e-07,6.741479043758834e-07,6.854599767561652e-07,7.346546639483364e-07,9.812713818787398e-07,LC_V24_H3p5_T8,9.812713818787398e-07
15,"(15, 0)",67,1,thin,,K,1.4925927009799528e-07,1.8335312044074042e-09,1.8137479362012702e-09,2.5786540118480434e-09,2.4340347114312175e-09,3.922674251034998e-09,4.07966560641035e-09,4.044455676832883e-09,5.639927336787596e-09,5.274495353538523e-09,5.039449779798331e-09,8.007771242654201e-09,7.3704302214414486e-09,1.4921857183188378e-08,1.4849954603155675e-08,1.8451627160537766e-08,1.825970961589678e-08,1.70906110418996e-08,2.3776350366154618e-08,2.216284232010572e-08,1.5790345388045495e-08,1.5806203412612355e-08,1.9467217096358714e-08,1.9394216647951208e-08,2.6657309974797578e-08,2.385670828850358e-08,3.6651720351622084e-08,3.3265272100817026e-08,5.495256207079667e-07,5.480317825883628e-07,5.644399117096357e-07,5.603405019032422e-07,5.925221982435658e-07,6.264820401401465e-07,6.022615588069347e-07,9.106080113592106e-07,9.327919478131583e-07,9.260968938526988e-07,9.73380621069429e-07,1.0264538466804435e-06,1.1240963708968691e-06,1.0826720605294226e-06,1.3623254833470538e-06,1.3967464367893286e-06,1.387163513905292e-06,1.4531711783313527e-06,1.521756942209586e-06,1.6535255575082138e-06,1.5923464781982034e-06,1.7425914118380749e-06,1.6855908530467672e-06,1.7427965645554314e-06,1.8041108326400909e-06,1.9399035129815387e-06,1.8418561806219909e-06,2.000673857923485e-06,3.7221180110769725e-06,3.779534242710061e-06,3.993855094948813e-06,4.06194070433091e-06,4.3590715368933025e-06,5.008975003238927e-06,5.243348462862102e-06,5.2924210148297684e-06,5.620001866248295e-06,4.007739165180293e-06,4.124141055504321e-06,4.416883070989199e-06,6.165127054784113e-06,LC_V24_H3p5_T8,6.165127054784113e-06
15,"(15, 0)",67,1,thick,,Y,1.3898779392591378e-07,1.061298293839964e-09,1.0601842097810342e-09,1.9731308291417343e-09,1.823987801081684e-09,3.977888116829063e-09,4.451046970812676e-09,4.38952678884684e-09,7.0384821114108975e-09,6.512565913958361e-09,6.16600194844321e-09,1.1629837597135442e-08,1.0511920982804893e-08,2.1221405285194288e-08,2.1183128094171233e-08,2.787428000758673e-08,2.774410805659343e-08,2.5652189388119606e-08,3.890628850253739e-08,3.593751873728619e-08,2.9763676357725274e-08,2.9680263915785092e-08,3.776666506242463e-08,3.754485529379369e-08,5.3320826938832984e-08,4.75990721407187e-08,7.596347569677156e-08,6.901078191858387e-08,9.361757308080995e-07,9.332346589623158e-07,9.683189456526917e-07,9.620519112642832e-07,1.0328344083321205e-06,1.1148253323398412e-06,1.0678385614226328e-06,1.3930094595995104e-06,1.4438939632389047e-06,1.4295658753042644e-06,1.5257361914596646e-06,1.6360361656352363e-06,1.8481416956112762e-06,1.760600728889455e-06,1.9979721656187177e-06,2.0668679213439022e-06,2.046683373707684e-06,2.170931906414746e-06,2.2964668899803737e-06,2.5500494116215205e-06,2.4361365531881817e-06,2.7360921015166422e-06,2.4830176190362736e-06,2.60114918084813e-06,2.7373578087958324e-06,3.0205002521742078e-06,2.8585742914189896e-06,3.1878944348562312e-06,5.652896347488902e-06,5.80819954053825e-06,6.215695203833181e-06,6.418260869168215e-06,7.022300710031683e-06,7.30852341721383e-06,7.738684565771651e-06,7.938139889914969e-06,8.605473292091421e-06,6.430577436963179e-06,6.712736495949685e-06,7.318573196245347e-06,9.356088184952326e-06,LC_V24_H3p5_T8,9.356088184952326e-06
15,"(15, 0)",67,1,thin,,Y,1.677105756094339e-06,1.3563167497772506e-08,1.3534595480450657e-08,2.4510132245568882e-08,2.269935779355237e-08,4.805898033032186e-08,5.406404281498222e-08,5.334447677738038e-08,8.44501888184923e-08,7.815440685565065e-08,7.401982568768891e-08,1.3766110370787497e-07,1.246354272593238e-07,2.510026131989871e-07,2.505168375720634e-07,3.2793527965979233e-07,3.2647171222824806e-07,3.02098882910518e-07,4.548490958198743e-07,4.2008970758804187e-07,3.438087212560655e-07,3.42982340725291e-07,4.3574719975154287e-07,4.335687836763515e-07,6.143777068033007e-07,5.481957838530128e-07,8.732641475657059e-07,7.928794881356648e-07,1.0926980937313851e-05,1.0890907929180078e-05,1.128333129931721e-05,1.120383372715812e-05,1.199369285960017e-05,1.289338780777867e-05,1.2379710790522324e-05,1.6318261177373113e-05,1.688792208862367e-05,1.6722244750599802e-05,1.775828727069576e-05,1.892510824995441e-05,2.11609335607665e-05,2.0211272747879556e-05,2.2496823374564262e-05,2.3111407990386622e-05,2.2935541292813083e-05,2.4103042614558024e-05,2.537722092021012e-05,2.7858379528336093e-05,2.6731077667421673e-05,2.9585654115941268e-05,2.7775682225574564e-05,2.881049251647262e-05,2.999806927230841e-05,3.244958120098446e-05,3.104841420367522e-05,3.389167113619981e-05,5.72241952650746e-05,5.816488936560517e-05,6.106270135914697e-05,6.215016693749958e-05,6.612896803849745e-05,7.230770370860721e-05,7.536284117533022e-05,7.614475748781602e-05,8.04613845729169e-05,6.28821730345063e-05,6.443926218203839e-05,6.864376843192046e-05,8.562729779485075e-05,LC_V24_H3p5_T8,8.562729779485075e-05
18,"(18, 1)",35,2,single,,TY,8.020942879265687e-09,2.543469738911317e-11,2.6190399635962404e-11,6.195955807965368e-11,6.696789467946689e-11,1.9259689260361598e-10,1.279439674716637e-10,1.2857274562952253e-10,1.9834690710540413e-10,2.208747380542732e-10,2.3343100468491596e-10,4.417928294186839e-10,4.856817893594819e-10,8.872682427742204e-10,8.941981428406275e-10,1.0990126792296525e-09,1.13646739258904e-09,1.1780753094017947e-09,1.7277316141579548e-09,1.7899298150086485e-09,1.6221255791217613e-09,1.6172116720737844e-09,1.9189787113509573e-09,1.936385417818804e-09,2.5902199494893985e-09,2.752188930242732e-09,3.952761420367872e-09,4.1448484189318e-09,4.733990105243795e-08,4.7286845451832857e-08,4.822215431213437e-08,4.82505151433064e-08,5.0833856035562616e-08,5.61132240970161e-08,5.65831807154536e-08,6.902063805362189e-08,7.071950768674398e-08,7.03797193361994e-08,7.426607751121396e-08,8.14639547204344e-08,9.203292018072523e-08,9.365830040843195e-08,1.0100095861744838e-07,1.0275348580770205e-07,1.0212321885030499e-07,1.0641980875656773e-07,1.1397452599631314e-07,1.2603039866264736e-07,1.2793084027972782e-07,1.466866658940758e-07,1.344773671021699e-07,1.386197396877002e-07,1.4715911384415922e-07,1.5277352906085437e-07,1.5455749554783536e-07,1.7336509913170963e-07,2.788262747054899e-07,2.869183543286142e-07,3.026452399975532e-07,3.26758072068088e-07,3.603492000581716e-07,3.644445547337858e-07,3.8246309755788344e-07,4.1018835104959303e-07,4.4885286363429523e-07,3.4437355664019517e-07,3.7736701150831104e-07,4.136038631607451e-07,5.686235654990064e-07,LC_V24_H3p5_T8,5.686235654990064e-07
18,"(18, 0)",36,1,single,,TY,7.745029056472046e-10,2.2738897648504285e-11,2.2824478136317564e-11,2.3719964358501268e-11,2.3593759854267935e-11,2.5482269269115532e-11,9.098105857042258e-11,9.042546399557042e-11,9.734527290275405e-11,9.365986630156321e-11,9.266353639488004e-11,1.0102551664322613e-10,9.8673925021763e-11,3.4122401701231385e-10,3.3992021463284743e-10,3.4821433156520794e-10,3.441670571655108e-10,3.360474698695364e-10,3.508165047819732e-10,3.4321520917683224e-10,8.316025633086981e-10,8.293085120194518e-10,8.501756190498667e-10,8.427464539238884e-10,8.725404755160373e-10,8.566148630225904e-10,9.02623411493901e-10,8.92387536630756e-10,8.896606237209529e-09,8.868813859247872e-09,8.896046452627393e-09,8.820426452752357e-09,8.8473379190172e-09,8.776703460671505e-09,8.673246493811816e-09,1.4429385237860573e-08,1.438512340639546e-08,1.4298205712371465e-08,1.4303790489543494e-08,1.4247462729798606e-08,1.440561614337923e-08,1.4203932353464337e-08,2.3137714655473353e-08,2.317766928363143e-08,2.3028204138570535e-08,2.3089225523426433e-08,2.293985321271682e-08,2.3139596181175372e-08,2.2742087018846262e-08,2.2969194963576102e-08,3.3741468050427505e-08,3.286156527043713e-08,3.2066335882754836e-08,3.2058240959915386e-08,3.1532316147262364e-08,3.142709238807437e-08,7.143455435006969e-08,6.984066283101155e-08,6.921796459255378e-08,6.800580526946831e-08,6.792390123275726e-08,1.0528133384780746e-07,1.0380891226577023e-07,1.0189538988932935e-07,1.0113785080993942e-07,1.013535450636519e-07,9.928527601041495e-08,9.82032031648152e-08,1.4755969787198674e-07,LC_V24_H3p5_T8,1.4755969787198674e-07
19,"(19, 1)",39,1,single,,TY,4.6208474529814714e-09,5.7447957044389086e-11,5.745464121506773e-11,5.916121860058e-11,6.15395915095774e-11,8.613495004434953e-11,3.3592677574310427e-10,3.3393448382694185e-10,3.5196162453886174e-10,3.3962428315699085e-10,3.391136351064517e-10,3.691695544863532e-10,4.137805410395217e-10,1.597973961189247e-09,1.5936396031623373e-09,1.6062026343042875e-09,1.593860891195223e-09,1.5742385779699267e-09,1.6159335814847305e-09,1.678379489646894e-09,5.8574735331411305e-09,5.851895178222351e-09,5.90214247431974e-09,5.922304731960867e-09,6.09207275902875e-09,6.70063729154465e-09,6.892602025921537e-09,7.577853121312232e-09,6.00395925222507e-08,5.991996853741161e-08,5.9590719511847836e-08,5.942433016585629e-08,5.932310644931492e-08,6.106115637763483e-08,6.311803580932572e-08,1.1064701355455814e-07,1.0978958503034866e-07,1.0946166342412526e-07,1.091072962258924e-07,1.1118409124586739e-07,1.1383342285696395e-07,1.1864046754952797e-07,1.4243643167243362e-07,1.4162661269252071e-07,1.4134348947895652e-07,1.410560135427745e-07,1.4299971012095837e-07,1.4552682521033883e-07,1.5065336004224675e-07,1.576249936032424e-07,1.845363439377884e-07,1.8078879333260565e-07,1.80329835148498e-07,1.7943170033974572e-07,1.831637927644116e-07,1.8877642690191171e-07,3.879404380493631e-07,3.8793659160351377e-07,3.8967917533503415e-07,4.059732395294049e-07,4.180537220805525e-07,5.786644931020411e-07,5.735531052015791e-07,5.916646467397638e-07,6.056026786358709e-07,5.499175847739249e-07,5.576382259039584e-07,5.664187806528158e-07,8.691494584468462e-07,LC_V24_H3p5_T8,8.691494584468462e-07
19,"(19, 0)",49,1,single,,TY,6.202370014105344e-08,2.6383643027026975e-10,2.6946942851520687e-10,5.803473289626386e-10,5.886030761145744e-10,1.5542752616807722e-09,1.2593126912248695e-09,1.2629281539623572e-09,1.9671362508963064e-09,2.0812042629159144e-09,2.1102000786327064e-09,4.009127869664629e-09,4.1064179078415735e-09,7.36798331847035e-09,7.406602278885486e-09,9.300493309246283e-09,9.533932103673482e-09,9.562596090271128e-09,1.427151245972003e-08,1.4250067385276845e-08,1.1510952468416167e-08,1.1477530965142867e-08,1.4039151545288757e-08,1.4156372319879052e-08,1.9592831160297936e-08,1.972555207460485e-08,2.980843166292513e-08,2.9788501272308062e-08,3.5648704489527794e-07,3.561307210637989e-07,3.655933811473415e-07,3.655696419922436e-07,3.888309545863522e-07,4.2918312784599776e-07,4.244926513324542e-07,5.353470567279038e-07,5.523067259680888e-07,5.486406328528273e-07,5.830644031820564e-07,6.370999677258002e-07,7.22042142070094e-07,7.175024728778878e-07,7.922805741821714e-07,8.080456329724815e-07,8.03142525533037e-07,8.411750023201934e-07,8.961515827192991e-07,9.921307249758383e-07,9.847972659618904e-07,1.1214816393437996e-06,1.0228222961808118e-06,1.0572133940825134e-06,1.119593030854538e-06,1.22435881424321e-06,1.2157480433254952e-06,1.3669843037902114e-06,2.1996153350969657e-06,2.2736998856857293e-06,2.426324911139311e-06,2.6086418397459397e-06,2.8940542553306496e-06,2.8805441336729657e-06,3.046519068498291e-06,3.251603120498639e-06,3.5800712482147984e-06,2.6795946602258273e-06,2.9028405349683046e-06,3.195612766575614e-06,4.2663125688169175e-06,LC_V24_H3p5_T8,4.2663125688169175e-06
20,"(20, 0)",38,2,thick,,K,1.1021029991452033e-08,1.4906716055278399e-09,1.4995166968523559e-09,1.5544762770674995e-09,1.5575217439241187e-09,1.6827948859828116e-09,2.7467232323189602e-09,2.731032551996314e-09,3.057469418518765e-09,2.9080718307226378e-09,2.875308699083787e-09,3.2801251207524437e-09,3.2000567163735414e-09,4.074854057554051e-09,4.0427130068019075e-09,4.473181434959144e-09,4.364847118961401e-09,4.209069163097045e-09,4.814240898618009e-09,4.670124215237874e-09,6.4961490112813285e-09,6.483031301288155e-09,7.018728842733463e-09,6.937195597279656e-09,7.75389746876495e-09,7.383005222123339e-09,8.596097563514396e-09,8.311928252165054e-09,7.303684528253025e-08,7.261225103782018e-08,7.463612279859197e-08,7.363607106398494e-08,7.613583702173592e-08,7.783430490184293e-08,7.544313525520695e-08,1.3989087755991313e-07,1.409518128865569e-07,1.4020416815089066e-07,1.4329235268597984e-07,1.4722006635631195e-07,1.543663261354535e-07,1.5183376856966998e-07,2.012848493458329e-07,2.0400836165677066e-07,2.0382048734348695e-07,2.0860904062639177e-07,2.143560202418059e-07,2.2513148816521317e-07,2.2079511584033838e-07,2.3322471160038117e-07,2.2126614739731387e-07,2.2082663489318006e-07,2.222712344442759e-07,2.2890914252088772e-07,2.2462175679798982e-07,2.3319369681945128e-07,4.5608050534486345e-07,4.549175756594707e-07,4.646579188410198e-07,4.669629148567853e-07,4.835147233177555e-07,6.113467125927825e-07,6.190894293378468e-07,6.156658875556259e-07,6.316642286643148e-07,4.972480384433804e-07,4.995367015919299e-07,5.147635635716219e-07,7.718344737297948e-07,LC_V24_H3p5_T8,7.718344737297948e-07
20,"(20, 0)",38,2,thin,,K,1.603179402434681e-07,2.4224151400024462e-08,2.437971951152207e-08,2.5254040243477158e-08,2.5307867183118856e-08,2.7330534636545692e-08,4.152450268551556e-08,4.128498561359918e-08,4.624786225667327e-08,4.404064416488136e-08,4.35878681847921e-08,4.991711547574429e-08,4.8608825797564214e-08,5.677016241645606e-08,5.6294014906843074e-08,6.270906834230947e-08,6.117199349360099e-08,5.892094449224175e-08,6.803112246956176e-08,6.600268284712262e-08,8.544475111615465e-08,8.519883738641722e-08,9.339347691121278e-08,9.230621674000066e-08,1.0436810268201756e-07,9.942325986750857e-08,1.1681969252696885e-07,1.1289640883546602e-07,9.77367403838213e-07,9.70710057695068e-07,1.0011962120234898e-06,9.86990110043406e-07,1.025770840878681e-06,1.0532043827439774e-06,1.0195242166378202e-06,1.9499095260848433e-06,1.9702866229511756e-06,1.9586741917551265e-06,2.0041301689903032e-06,2.061802918417322e-06,2.1727299317426033e-06,2.1341769814481546e-06,2.834503446395055e-06,2.884785046153057e-06,2.8825769750910045e-06,2.971059760971177e-06,3.055105568056789e-06,3.2216161493253744e-06,3.1552322483120007e-06,3.344968210992987e-06,2.994348629839169e-06,3.006669430507915e-06,3.048733003434414e-06,3.1539334771481945e-06,3.096109671173097e-06,3.229351007812198e-06,6.04735598604694e-06,6.051751351769386e-06,6.1973231319462486e-06,6.241401884368304e-06,6.4767147103334756e-06,7.895724086429938e-06,8.033324947735492e-06,8.028886977787784e-06,8.26700249153121e-06,6.441801644426372e-06,6.499481882910481e-06,6.726882932508392e-06,9.67272433990759e-06,LC_V24_H3p5_T8,9.67272433990759e-06
20,"(20, 0)",38,2,thick,,Y,4.798539786795107e-08,3.3992378326402306e-09,3.411301930980455e-09,3.547526436660606e-09,3.5348640808167882e-09,3.830681437871629e-09,9.879840374330726e-09,9.804456851553183e-09,1.0851126633044456e-08,1.0319873157930616e-08,1.0171759851626504e-08,1.1360727939951021e-08,1.1066905243949053e-08,2.279386937439911e-08,2.2645087640940725e-08,2.4100231853079573e-08,2.3658461483846254e-08,2.2955023117759593e-08,2.497768784305495e-08,2.431876275941686e-08,4.928767161903649e-08,4.9044769885066675e-08,5.089306849596123e-08,5.03475180234765e-08,5.3444056733155704e-08,5.160066756207934e-08,5.647136434618181e-08,5.5133577852245115e-08,5.05176849484349e-07,5.031778510045108e-07,5.064006406314036e-07,5.021071581652981e-07,5.067686467179486e-07,5.074462436687383e-07,4.967393058946194e-07,7.929819053008698e-07,7.927760679916158e-07,7.885791205563201e-07,7.948623032898651e-07,8.024476708017231e-07,8.228043290904609e-07,8.127462023436667e-07,1.1173389241423878e-06,1.12051449667436e-06,1.1178534309736417e-06,1.128113479029469e-06,1.1378241505173403e-06,1.1645001834730331e-06,1.145695122041823e-06,1.176101974665883e-06,1.449121689871345e-06,1.423291145903546e-06,1.403929915690904e-06,1.4159759718327563e-06,1.3888394137910422e-06,1.4070043294690478e-06,3.2008470186504946e-06,3.1286397943136395e-06,3.1313097134050642e-06,3.0789361973452076e-06,3.1086061902466395e-06,4.529215127159896e-06,4.507714536951795e-06,4.401449347895789e-06,4.4215485015663334e-06,3.931094615515429e-06,3.888609371443498e-06,3.90770109164284e-06,5.9972503936231055e-06,LC_V24_H3p5_T8,5.9972503936231055e-06
20,"(20, 0)",38,2,thin,,Y,6.87087106158104e-07,5.464257079978986e-08,5.486573388974428e-08,5.7038997793117296e-08,5.689044446082102e-08,6.163739274308557e-08,1.4611622319674873e-07,1.450498840620238e-07,1.6090854275036373e-07,1.531635762399764e-07,1.5100672143480744e-07,1.6920198246757047e-07,1.650020447927673e-07,3.1282420351157933e-07,3.108477166476095e-07,3.3244835907169066e-07,3.2610801902359353e-07,3.162304728809495e-07,3.467865406909071e-07,3.374959252822044e-07,6.450795456352558e-07,6.41623291797683e-07,6.69041216468199e-07,6.623767022112608e-07,7.087666958499987e-07,6.829713372717496e-07,7.55471780909568e-07,7.363511155778533e-07,6.672132514875345e-06,6.64492411899421e-06,6.700970037853316e-06,6.638218720786403e-06,6.715688158872697e-06,6.739621618909929e-06,6.595400153461769e-06,1.0614023480802858e-05,1.0623418227474349e-05,1.0570687953186648e-05,1.0663708015190453e-05,1.0776682596985235e-05,1.1069160418918902e-05,1.093357048145601e-05,1.4283275206066905e-05,1.435453771216488e-05,1.4325046956430136e-05,1.4483224481459907e-05,1.461642133682491e-05,1.4964681095935552e-05,1.4710421256181486e-05,1.5092223155725471e-05,1.7713768355397212e-05,1.7453689808212813e-05,1.7274932759783103e-05,1.7452333487782262e-05,1.7144684732765985e-05,1.7392979863339816e-05,3.71873840441996e-05,3.6480052724220677e-05,3.650478715098445e-05,3.597481658950821e-05,3.629303391361304e-05,5.051409688713803e-05,5.03048508224529e-05,4.944047347597614e-05,4.9660372769974545e-05,4.394245901851707e-05,4.3455059293972615e-05,4.3624616720893315e-05,6.464998747692297e-05,LC_V24_H3p5_T8,6.464998747692297e-05
20,"(20, 1)",52,2,thick,,K,2.664823470117524e-08,2.553877306696937e-10,2.5631585633463994e-10,3.866838770285434e-10,3.768716622022967e-10,6.823429321037246e-10,9.699484069734246e-10,9.591163846362742e-10,1.3598205229614456e-09,1.2901572602697922e-09,1.2568133797760155e-09,2.03767936747994e-09,1.944256905945155e-09,3.6342291476127728e-09,3.6220087427678706e-09,4.502029930494357e-09,4.473998915728471e-09,4.279782095465305e-09,5.987950519180749e-09,5.734922611170089e-09,5.034196039737789e-09,5.004145473540438e-09,6.09841471434725e-09,6.0347065616331735e-09,8.043952480810687e-09,7.516540966284573e-09,1.1053026526743227e-08,1.0476419534935102e-08,1.4746176489494237e-07,1.469672276516421e-07,1.5141812409941407e-07,1.503048628053383e-07,1.589504992316773e-07,1.7004394131295356e-07,1.6522865931392612e-07,2.2459470558286647e-07,2.3114213345958591e-07,2.2853016202605847e-07,2.406072566285436e-07,2.557204339486701e-07,2.832960700454718e-07,2.7520778482383774e-07,3.1759977213889673e-07,3.2471454329406667e-07,3.213967731812259e-07,3.362426569959791e-07,3.5216951324128865e-07,3.841452794169e-07,3.7255884756987804e-07,4.1261494934360235e-07,3.917377506627156e-07,4.027872648945785e-07,4.1923590935356587e-07,4.5174373368974267e-07,4.3730711302715434e-07,4.7889241881372e-07,8.925707824307969e-07,9.103154545812929e-07,9.591626682297903e-07,9.910299041488882e-07,1.0716086536048135e-06,1.1674511267930829e-06,1.2235369148638528e-06,1.2584787296158564e-06,1.3548436182833382e-06,1.0323827761847921e-06,1.0791518968009871e-06,1.1625781667209624e-06,1.582209568719153e-06,LC_V24_H3p5_T8,1.582209568719153e-06
20,"(20, 1)",52,2,thin,,K,1.879761322579231e-07,6.824544911950036e-10,6.915490611142372e-10,1.2463796994781273e-09,1.248357999294897e-09,2.7139629275439717e-09,2.277372195571503e-09,2.2654834622588624e-09,3.467422417459417e-09,3.440061675231515e-09,3.413073544516008e-09,6.21792049452321e-09,6.1592926639528e-09,1.2177592877199469e-08,1.2175647336341106e-08,1.503936983710711e-08,1.5242590521485387e-08,1.5144697918759916e-08,2.1762652222768665e-08,2.143590627957806e-08,1.841077448548798e-08,1.8430384434157252e-08,2.1841781883836454e-08,2.208589291768194e-08,2.944816790737242e-08,2.992537314842074e-08,4.345866143919374e-08,4.2994184001543645e-08,4.786813230617727e-07,4.784134582510552e-07,4.858468584838306e-07,4.864899717034737e-07,5.112594917940446e-07,5.58005767793774e-07,5.534126134945804e-07,7.525265021339259e-07,7.741684410411684e-07,7.660152190791956e-07,8.133969044707788e-07,8.851961082118729e-07,1.0017410790383457e-06,9.847810638826419e-07,1.2108925785552994e-06,1.239066309899031e-06,1.2299245101096067e-06,1.2884077716967106e-06,1.3653851304388714e-06,1.5090429250884184e-06,1.4825748446299261e-06,1.6725987482693632e-06,1.6548383850221718e-06,1.7023165318423731e-06,1.7904583757180224e-06,1.9263265785435187e-06,1.908339532913572e-06,2.113857133163985e-06,3.6157996973128514e-06,3.721302405694639e-06,3.9362240877609426e-06,4.144136431850246e-06,4.519050675597866e-06,4.93602290169206e-06,5.172726664776989e-06,5.408072280930148e-06,5.837252008632155e-06,4.496084320197911e-06,4.81027213642064e-06,5.238716014949868e-06,7.655517542459874e-06,LC_V24_H3p5_T8,7.655517542459874e-06
20,"(20, 1)",52,2,thick,,Y,3.501608073881878e-07,1.051023772914021e-09,1.0760181815808715e-09,2.5315274685478273e-09,2.53698377965319e-09,6.9787603467136235e-09,5.292260959469983e-09,5.298598144312406e-09,8.637517914893926e-09,9.00140583462557e-09,9.028922044673288e-09,1.795570470698255e-08,1.804818049442073e-08,3.433832825050312e-08,3.4541929210470435e-08,4.36328814430494e-08,4.482918444884482e-08,4.459064718513312e-08,6.702209276091432e-08,6.639432676434096e-08,5.6929554179988537e-08,5.72161303987209e-08,6.882101163597799e-08,7.043848050742903e-08,9.661339713514485e-08,9.823798846169059e-08,1.4722917386719058e-07,1.457433472094175e-07,1.7012558250294002e-06,1.6992781357932254e-06,1.7398821333151443e-06,1.740066271931432e-06,1.8442984922869073e-06,2.0328309525061906e-06,2.008676348853254e-06,2.4129598006831413e-06,2.4841504598749434e-06,2.467102320521063e-06,2.6248175523253153e-06,2.8756853110569554e-06,3.2780365605624695e-06,3.2403693718441775e-06,3.4370510673272733e-06,3.5185765620906948e-06,3.496250579508149e-06,3.695398525719083e-06,3.96435562407069e-06,4.43044544978139e-06,4.362831655088917e-06,5.006574452353863e-06,4.414034358769181e-06,4.601707997633193e-06,4.903981826529397e-06,5.400373815880067e-06,5.316099950284666e-06,5.998910242160136e-06,1.0082371837954192e-05,1.0414768977887957e-05,1.1094471898298216e-05,1.1833096261591044e-05,1.3075342857388408e-05,1.2919662897187708e-05,1.3659441721003434e-05,1.4508698659608681e-05,1.590217237700215e-05,1.1651985249137211e-05,1.2614039427394678e-05,1.3953141626379456e-05,1.836510795978222e-05,LC_V24_H3p5_T8,1.836510795978222e-05
20,"(20, 1)",52,2,thin,,Y,4.10540496352078e-06,1.242752198409119e-08,1.2716429672255102e-08,2.9453675927068775e-08,2.950943263466351e-08,7.999476488469414e-08,6.102344731489651e-08,6.113349861495478e-08,9.934032091169772e-08,1.031549088612132e-07,1.034160049630482e-07,2.0456074004400676e-07,2.0541092451124272e-07,3.906215285822925e-07,3.927205801487333e-07,4.956422679279017e-07,5.087441249823412e-07,5.059893623440445e-07,7.587685784110703e-07,7.511585879931832e-07,6.443781355297101e-07,6.478150868835241e-07,7.774692350293768e-07,7.966699350390818e-07,1.0900693266092673e-06,1.1098939424326043e-06,1.6585814490594518e-06,1.6419381202604056e-06,1.899003833849857e-05,1.896974660258227e-05,1.938475878920411e-05,1.9383634200277483e-05,2.0471436054997643e-05,2.238139226534687e-05,2.2103445818142126e-05,2.6844945814876616e-05,2.7603748505599664e-05,2.740920476088743e-05,2.8959242596724046e-05,3.134131999324156e-05,3.514797638259938e-05,3.460607601126662e-05,3.708215756401353e-05,3.781196341641446e-05,3.765366840380565e-05,3.938231322319028e-05,4.182558125228272e-05,4.57588370387238e-05,4.512751528542951e-05,5.013229208780695e-05,4.63945289396069e-05,4.778734399544854e-05,5.011220311633486e-05,5.399246636455943e-05,5.321906581192264e-05,5.824378633364979e-05,9.348103178314874e-05,9.512857985655246e-05,9.9155744849739e-05,0.00010318161453046989,0.0001098305174415158,0.00011677317744376789,0.00012096091528808222,0.00012456458838522557,0.00013138838215904865,0.0001054727784991528,0.00010992556152663463,0.00011692891200837124,0.0001477272642839534,LC_V24_H3p5_T8,0.0001477272642839534
20,"(20, 0)",55,1,thick,,K,1.3684318568748348e-08,8.195387514595808e-10,8.242587672525031e-10,8.318683189134791e-10,8.331375333285656e-10,9.057581927344018e-10,1.389541835030173e-09,1.3804741440416143e-09,1.508509057673442e-09,1.4271380169409496e-09,1.4080749264014596e-09,1.535078538073976e-09,1.5048874436677361e-09,1.805122663489775e-09,1.7903184100340164e-09,1.9368706938975974e-09,1.8765788568768833e-09,1.8589066572715447e-09,2.310871720837302e-09,2.4453685615663653e-09,3.041971826548705e-09,3.0319430018919845e-09,3.182290670381157e-09,3.1371892593967186e-09,3.46979973876701e-09,3.7494736158009585e-09,4.525981137236708e-09,4.925920161964724e-09,3.607533302675699e-08,3.599093875404203e-08,3.652734498448455e-08,3.675173283330073e-08,3.8722363270198475e-08,4.326701509442105e-08,4.3659464407517904e-08,6.313288889095045e-08,6.347616577747854e-08,6.390976514176714e-08,6.604469655660888e-08,7.18156991036484e-08,7.904988480533321e-08,8.245643335204937e-08,1.0130675925706968e-07,1.0253377153395117e-07,1.0276322746791389e-07,1.0573060252628318e-07,1.1212070808835662e-07,1.2069876811779763e-07,1.2303948570794345e-07,1.3642684745781631e-07,1.071826093790912e-07,1.0905495557903879e-07,1.1570944661339031e-07,1.1901941527830668e-07,1.2138372972981803e-07,1.341123691848884e-07,2.40238062559833e-07,2.431131910493968e-07,2.5240349624961477e-07,2.7139737898531015e-07,2.9450469802006456e-07,3.209183374391072e-07,3.309272454649494e-07,3.519212892307136e-07,3.760623988093543e-07,2.831788318110816e-07,3.0168344674990923e-07,3.23635107194113e-07,4.4041921259860625e-07,LC_V24_H3p5_T8,4.4041921259860625e-07
20,"(20, 0)",55,1,thin,,K,5.16008757667486e-08,1.5668712886914968e-08,1.5778278969708974e-08,1.587262628917852e-08,1.5901118877071054e-08,1.6234581325842813e-08,2.436953268640212e-08,2.4208322288470796e-08,2.645006003765543e-08,2.505932869959879e-08,2.4701367892359872e-08,2.6852875528681506e-08,2.5977942111029053e-08,2.8338734328648427e-08,2.8076427092909902e-08,3.0759940429297665e-08,2.9691045920803497e-08,2.8225217333113063e-08,3.0870907351713013e-08,2.9602479383666518e-08,4.4993650355829694e-08,4.4833137724603906e-08,4.7631908468629736e-08,4.6836004749726885e-08,5.0766789362623185e-08,4.7844596760192694e-08,5.342290742945386e-08,5.100030495020859e-08,4.0403230958261606e-07,4.0133846064929045e-07,4.127388585986918e-07,4.05511977471461e-07,4.1731976981245144e-07,4.20345543872514e-07,4.0645881057178406e-07,8.992455528677543e-07,9.113551100836493e-07,9.014543318127267e-07,9.159048346931174e-07,9.181925374353058e-07,9.44915979151253e-07,9.181551381065242e-07,1.4654781352631079e-06,1.4856186724346715e-06,1.4733901957207497e-06,1.497865834718221e-06,1.4996023490675078e-06,1.5315664668623869e-06,1.494549375609308e-06,1.5245141769536671e-06,1.488638036644228e-06,1.4656428411274485e-06,1.4430344062758256e-06,1.453091057131018e-06,1.4210707160506321e-06,1.4319902495540151e-06,2.911333538622468e-06,2.865534795693053e-06,2.877561389676572e-06,2.821285101155602e-06,2.8470546987988e-06,3.788411503211993e-06,3.7751150032403684e-06,3.6923915693119256e-06,3.688154626409329e-06,3.198096520731852e-06,3.135931331128494e-06,3.1617438444765695e-06,4.657604152834761e-06,LC_V24_H3p5_T8,4.657604152834761e-06
20,"(20, 0)",55,1,thick,,Y,1.3684318568748348e-08,6.149799719616639e-10,6.151995458849038e-10,6.283079855453022e-10,6.248463837319155e-10,6.708625467407433e-10,2.2364472434225443e-09,2.218086833315785e-09,2.404515868807943e-09,2.2846381892537645e-09,2.2496669356302283e-09,2.4323973973854835e-09,2.356711236356244e-09,5.903842652779602e-09,5.863588498798542e-09,6.071423972493821e-09,5.961962860758453e-09,5.799879892292276e-09,6.024657826520706e-09,5.88925209212437e-09,1.5162202186680832e-08,1.5110237716760197e-08,1.541931865035826e-08,1.5250988088612406e-08,1.5672424760627595e-08,1.5197093763795695e-08,1.587249663403315e-08,1.552390162117517e-08,1.2907890545790584e-07,1.2870338094015979e-07,1.284527951360248e-07,1.273842591159499e-07,1.2713033997523711e-07,1.2547514750858254e-07,1.233569837518096e-07,1.9934458760393198e-07,1.983406592743447e-07,1.9708594107041416e-07,1.9643715884359724e-07,1.9503126612803219e-07,1.962562718940507e-07,1.9367969573085209e-07,2.9637081053860064e-07,2.9516793922213815e-07,2.935837063631289e-07,2.925284761442368e-07,2.899132787311151e-07,2.9087749343173246e-07,2.8622222024927013e-07,2.870816696025499e-07,4.2431420582694564e-07,4.1135057345506e-07,3.996047755953566e-07,3.922322384989334e-07,3.877084420546775e-07,3.8250728674132615e-07,9.65964457920912e-07,9.401252507126056e-07,9.284162490625401e-07,9.041767653310554e-07,8.96559625355417e-07,1.4374011989416132e-06,1.4107465866718666e-06,1.3726226648750838e-06,1.3520921834810836e-06,1.2836944091768908e-06,1.2526572474083882e-06,1.2362063521697654e-06,1.9070272638755255e-06,LC_V24_H3p5_T8,1.9070272638755255e-06
20,"(20, 0)",55,1,thin,,Y,1.1133432273706237e-07,1.1377634610689194e-08,1.1402812063481757e-08,1.1623871532737268e-08,1.1578319414857501e-08,1.204670075960967e-08,3.534095398807924e-08,3.505877525415178e-08,3.812608711202953e-08,3.6154357353516015e-08,3.55917977520795e-08,3.854320741468405e-08,3.731568989806131e-08,8.252624817760723e-08,8.193543989539247e-08,8.532575396044359e-08,8.366688607590336e-08,8.118596683225423e-08,8.487644888983995e-08,8.278779577562772e-08,1.9710362982469681e-07,1.9646545357456522e-07,2.0128769851319422e-07,1.9905947433738284e-07,2.054969708104497e-07,1.987480120062463e-07,2.0938738608683164e-07,2.0390024749961065e-07,1.6947930770935927e-06,1.6882412588422573e-06,1.6916188323999382e-06,1.6753849806683166e-06,1.679318952487767e-06,1.6629531017906545e-06,1.631188978263486e-06,2.732228107663162e-06,2.723543271987754e-06,2.706700598071938e-06,2.7050957540772903e-06,2.6905449444720814e-06,2.7148496304418527e-06,2.6729251182874327e-06,4.107692940076662e-06,4.106106829718152e-06,4.077673994648073e-06,4.073400890704954e-06,4.042767218461185e-06,4.0659860750403155e-06,4.003191567281168e-06,4.019688808738612e-06,5.588686981355683e-06,5.435490721931672e-06,5.288654229666682e-06,5.201381370935571e-06,5.133396856857087e-06,5.076646827435775e-06,1.1972364444113703e-05,1.1682115954469423e-05,1.157411324698029e-05,1.1294873794492382e-05,1.1234601695591056e-05,1.739630927187121e-05,1.711997701612272e-05,1.6687312178188608e-05,1.646332751020047e-05,1.6089081723130204e-05,1.572812526117071e-05,1.554773739490639e-05,2.340236144337874e-05,LC_V24_H3p5_T8,2.340236144337874e-05
20,"(20, 1)",65,1,thick,,K,1.7443454098538997e-08,4.209409096907002e-10,4.1777214071623094e-10,5.472220297820035e-10,5.189099665617289e-10,7.723037676075496e-10,1.1293075430056215e-09,1.1062119620176566e-09,1.5784248003915067e-09,1.3928095709635496e-09,1.3160089752252892e-09,2.0480477347454452e-09,1.8421047375596173e-09,3.2192100895316833e-09,3.1862030969384256e-09,4.08307982312658e-09,3.927838474344007e-09,3.596212070209664e-09,4.996875832896134e-09,4.586236559863891e-09,3.1105185070048265e-09,3.0804123783614106e-09,3.982265631634227e-09,3.834984528211164e-09,5.2966964376100126e-09,4.489577137797681e-09,6.97604813817143e-09,6.149454716412866e-09,1.1599896613655481e-07,1.153329748259222e-07,1.2036026668547556e-07,1.184415462665177e-07,1.260050812863265e-07,1.3211944362337142e-07,1.2576361686587096e-07,1.796944826566925e-07,1.8591636177945342e-07,1.8245713081878945e-07,1.927452504314029e-07,2.0119967504290197e-07,2.2152139654539755e-07,2.0890729571606052e-07,2.453907550471923e-07,2.5423536690316265e-07,2.4983398389564343e-07,2.6351782364040573e-07,2.7253134776410475e-07,2.972281830921182e-07,2.8162237872671986e-07,3.0929094494044133e-07,2.8350267883213823e-07,2.920221858832471e-07,3.0014389807163373e-07,3.2651439109329255e-07,3.0798531506319193e-07,3.3475582573539576e-07,6.684414626414375e-07,6.751994495841853e-07,7.120639132371424e-07,7.211710121015884e-07,7.744448941889238e-07,8.956050258329615e-07,9.353660049058164e-07,9.392997488397053e-07,9.981971974375638e-07,6.788037502476601e-07,6.917448288862248e-07,7.407254384458389e-07,9.91976935548103e-07,LC_V20_H3p5_T8,9.981971974375638e-07
20,"(20, 1)",65,1,thin,,K,1.3243528941358596e-07,1.7553434973341126e-09,1.78193578173602e-09,2.3893857872379796e-09,2.294269125395785e-09,3.639140139674311e-09,5.295887899810832e-09,5.254184213054013e-09,7.095789202998205e-09,6.752320483291892e-09,6.472219076403665e-09,1.0112877389358283e-08,9.40178065432248e-09,1.6999871877073413e-08,1.6884989302632966e-08,2.0863218558212572e-08,2.0514235569567774e-08,1.926668031922825e-08,2.658427031234665e-08,2.4968565831026076e-08,2.169475413372496e-08,2.1529956678835915e-08,2.6083737288043502e-08,2.5644229729305752e-08,3.35721598240712e-08,3.035051937974087e-08,4.472346412037991e-08,4.120490198133896e-08,4.894411347688105e-07,4.882567378561096e-07,5.057685180247276e-07,5.029885182377124e-07,5.374529614872076e-07,5.782326753124533e-07,5.557271654941907e-07,9.329826171275715e-07,9.657440851942783e-07,9.543402949627905e-07,1.011825205644214e-06,1.0699835483132253e-06,1.1858681824922688e-06,1.1333280976279563e-06,1.6872019854565904e-06,1.7256006785769937e-06,1.7111787576430663e-06,1.7851414721852933e-06,1.8572328764220638e-06,2.0140494266357893e-06,1.932708420823761e-06,2.11283225997436e-06,2.2298165944842158e-06,2.2643419684061394e-06,2.3340235639215215e-06,2.482583557780896e-06,2.4192860684482474e-06,2.597379555568802e-06,4.378091349757633e-06,4.4690799350838985e-06,4.6904670515466414e-06,4.817926587003143e-06,5.184616923566747e-06,6.355666310869498e-06,6.606979508651562e-06,6.737423263578991e-06,7.139554633678934e-06,6.1260982807004854e-06,6.292362702584963e-06,6.686119477728719e-06,1.0262860319519535e-05,LC_V24_H3p5_T8,1.0262860319519535e-05
20,"(20, 1)",65,1,thick,,Y,1.376238528598229e-07,1.059078126387529e-09,1.0618393476587866e-09,1.933224851650458e-09,1.7895174232826823e-09,3.888144946864421e-09,4.751629803322055e-09,4.706016706621232e-09,7.49514419678274e-09,6.9733904664851035e-09,6.641968697012404e-09,1.2371223499263631e-08,1.1313737719906522e-08,2.2009525840999698e-08,2.191294508338094e-08,2.88642737818365e-08,2.8552953157627646e-08,2.6562538601509703e-08,4.015963088221491e-08,3.730102503608025e-08,3.173774280269082e-08,3.144152397444782e-08,4.0025593549435124e-08,3.934029510133226e-08,5.54174474800711e-08,4.974339659275081e-08,7.87590181520105e-08,7.19888084024532e-08,8.940356487765682e-07,8.912420660942485e-07,9.274540090280002e-07,9.213621706594438e-07,9.921238133081407e-07,1.0753598441468712e-06,1.0303914892551624e-06,1.3930684671484513e-06,1.4525100673903757e-06,1.4339588421157917e-06,1.539078345572512e-06,1.6557106797747789e-06,1.8759701950114846e-06,1.7882272334690092e-06,2.147401934808024e-06,2.2180041080259318e-06,2.1973401661359195e-06,2.325919340056022e-06,2.454468848470464e-06,2.7211114971732913e-06,2.6014660610513688e-06,2.91898499338849e-06,2.7147389637091445e-06,2.8079590736533776e-06,2.9405639887456093e-06,3.2428776939687962e-06,3.1217768378389015e-06,3.4656915566915605e-06,5.8949003394218865e-06,6.074313978867617e-06,6.483271528752315e-06,6.762301780035055e-06,7.423342713872254e-06,7.845243503124157e-06,8.266025883452374e-06,8.559583664711325e-06,9.290650026192534e-06,7.452976951071671e-06,7.804271501963684e-06,8.51250734909991e-06,1.1342156587798853e-05,LC_V24_H3p5_T8,1.1342156587798853e-05
20,"(20, 1)",65,1,thin,,Y,1.65004016865468e-06,1.3495855927872735e-08,1.3541702458525747e-08,2.3940076401525654e-08,2.2221677193915066e-08,4.694951260799688e-08,5.8544826544716826e-08,5.8016893625701066e-08,9.098374953846703e-08,8.484420264019599e-08,8.085503588470684e-08,1.4828265107075476e-07,1.358324468980745e-07,2.617611790531323e-07,2.606315283460329e-07,3.416567306493498e-07,3.3755777260552483e-07,3.1458031700225685e-07,4.7235517375099306e-07,4.392168707104076e-07,3.728300856863423e-07,3.6929716552931824e-07,4.683853652457463e-07,4.6056459318107947e-07,6.45837835568498e-07,5.796347698696416e-07,9.136171204073409e-07,8.353873403857973e-07,1.036584070082705e-05,1.0331569607378644e-05,1.0733187514798995e-05,1.0662238225786065e-05,1.144963893482442e-05,1.2365697399641597e-05,1.1885501252039249e-05,1.6359761491946326e-05,1.6987571223888308e-05,1.6795574276599393e-05,1.792624417865384e-05,1.9152680110108346e-05,2.143554897838769e-05,2.0472167257328904e-05,2.448422295469555e-05,2.5096702825719303e-05,2.4922435073345345e-05,2.6134343358839114e-05,2.741694851816054e-05,2.9966797240286243e-05,2.8820237395581002e-05,3.17278941682766e-05,3.068052777140182e-05,3.147928066932527e-05,3.261413515767506e-05,3.529513084351247e-05,3.4086461685319124e-05,3.706677784563332e-05,6.148591230233422e-05,6.265367933531212e-05,6.566277209092468e-05,6.727624703503034e-05,7.16266863676118e-05,7.868124155200995e-05,8.16544135145683e-05,8.289299774905313e-05,8.726310180199746e-05,7.363252252503548e-05,7.532789260296408e-05,7.992409166404327e-05,0.0001011969926237406,LC_V24_H3p5_T8,0.0001011969926237406
21,"(21, 0)",56,2,single,,K,2.6887392633175336e-08,5.670496099042014e-09,5.678252775072436e-09,5.791971964077224e-09,5.7749964210396235e-09,6.000109700716266e-09,8.915017828645642e-09,8.825804595655604e-09,9.600378398836142e-09,9.07058519761745e-09,8.96025046427713e-09,9.592021909497361e-09,9.361325353611986e-09,1.3174319455922019e-08,1.3088089795739188e-08,1.372833991904256e-08,1.3428674425213864e-08,1.3067857431980305e-08,1.3669905389179694e-08,1.3360391436474068e-08,2.9649005860676128e-08,2.9562860312690898e-08,3.0436967719264184e-08,3.009689399230087e-08,3.1053776591606724e-08,3.029242244071063e-08,3.157119768526853e-08,3.104045237524253e-08,1.9110319893813678e-07,1.9026244627288693e-07,1.930204518063592e-07,1.9068491852914173e-07,1.927543823577403e-07,1.919695103728596e-07,1.8914611723172727e-07,4.497509529440344e-07,4.518262443525135e-07,4.4859367111137223e-07,4.519770135822609e-07,4.5257274601375284e-07,4.595752516673926e-07,4.5288133418628905e-07,8.478996832979898e-07,8.56781905226043e-07,8.529804421953632e-07,8.622391879470852e-07,8.63082074370105e-07,8.744291353257383e-07,8.598421312327487e-07,8.697337287956045e-07,8.616471681588712e-07,8.491388496417962e-07,8.393463835978448e-07,8.241047790321664e-07,8.154740131795115e-07,8.125852162691373e-07,1.7285953604945831e-06,1.7023091301634658e-06,1.6928997402108477e-06,1.6654321548219607e-06,1.6599341603644336e-06,2.1787286113358843e-06,2.1616474925247747e-06,2.1247005849301393e-06,2.108974791533839e-06,1.9550433723514836e-06,1.921167575990455e-06,1.9098495466164387e-06,2.82553349111884e-06,LC_V24_H3p5_T8,2.82553349111884e-06
21,"(21, 0)",56,2,single,,Y,8.792754525027089e-08,5.8323638797086755e-09,5.819028422584971e-09,5.9975365281452055e-09,5.975416429090572e-09,6.355031259951493e-09,2.3368523484317325e-08,2.314838980526819e-08,2.4538666789381342e-08,2.342828635022112e-08,2.3159547320899956e-08,2.420479382599069e-08,2.3665910105538452e-08,6.882094414678012e-08,6.848421845643071e-08,6.893184299838606e-08,6.79287160803185e-08,6.682298099089548e-08,6.690896926388315e-08,6.60838824310363e-08,2.23342579123817e-07,2.2283274052770656e-07,2.2467400132787552e-07,2.2314621646316552e-07,2.2432898129602778e-07,2.2131766859117207e-07,2.2336858380333774e-07,2.2152956093546244e-07,1.5015588929883438e-06,1.4972942764478636e-06,1.4890284986084006e-06,1.4789246639138722e-06,1.464416239605611e-06,1.4377186158990385e-06,1.4275355353086753e-06,2.4824903908321714e-06,2.459267104135897e-06,2.450805961726375e-06,2.428583082924034e-06,2.3946783909194783e-06,2.376160162438393e-06,2.3597057970561504e-06,4.019849456120347e-06,4.00470727698289e-06,3.991647535297188e-06,3.970978409274879e-06,3.927166209751927e-06,3.909787203176393e-06,3.877952041203164e-06,3.85656338951455e-06,5.374707369117243e-06,5.2466002131314135e-06,5.122370434970736e-06,5.022226018313007e-06,4.974765862075951e-06,4.90058991333212e-06,1.1587714264943131e-05,1.1343970012086931e-05,1.1199235809699479e-05,1.0964113127729376e-05,1.0834857681285035e-05,1.6458204917527466e-05,1.615619623037618e-05,1.577637212819113e-05,1.551163227258347e-05,1.624107494288642e-05,1.5886130350310546e-05,1.5618205311656933e-05,2.3437785911793597e-05,LC_V24_H3p5_T8,2.3437785911793597e-05
21,"(21, 1)",64,2,single,,K,1.0687534737218852e-07,9.520172591239206e-10,9.417873294534925e-10,1.3066581499082458e-09,1.2420349006389418e-09,2.1291217216439578e-09,1.8602481044346316e-09,1.8598319816528834e-09,2.684604686460116e-09,2.3968582721216383e-09,2.3015300551740925e-09,4.309078439402421e-09,3.690234880749744e-09,9.543919300661688e-09,9.53485271448021e-09,1.135447238234289e-08,1.1073123050574589e-08,1.0630920039974774e-08,1.4486471003654859e-08,1.3449889528075455e-08,1.3148735077416382e-08,1.2937138687009024e-08,1.9190710627515905e-08,1.8115402771234675e-08,2.916210339623473e-08,2.3295516611667644e-08,4.2918999526250286e-08,3.615080647810455e-08,4.633187672802738e-07,4.617694843719235e-07,4.6904521335005207e-07,4.656454146555055e-07,4.793236966202012e-07,4.930248831011703e-07,4.828519127985905e-07,6.771021055933244e-07,6.837710831460285e-07,6.780847173315976e-07,6.959706698831385e-07,7.250307562233512e-07,8.052926732999014e-07,7.592545848113462e-07,1.0529852335567976e-06,1.0602939389412131e-06,1.0543585295887544e-06,1.0828121265835618e-06,1.117977006891166e-06,1.2160529859810305e-06,1.1613173268279908e-06,1.27939511650677e-06,1.1827932518345268e-06,1.2175106061840354e-06,1.2660546818851237e-06,1.3819614408643973e-06,1.322654050685227e-06,1.4548335508424566e-06,2.8417758764351575e-06,2.903410851773558e-06,3.074841784207154e-06,3.1755476349802074e-06,3.472650386108679e-06,3.6396855075268516e-06,3.847923408529273e-06,3.934293437945572e-06,4.2922393036344236e-06,3.0884722653873315e-06,3.1977148243729273e-06,3.6007736539543376e-06,4.7985978550608064e-06,LC_V24_H3p5_T8,4.7985978550608064e-06
21,"(21, 1)",64,2,single,,Y,1.6312127247693132e-06,9.162411494468872e-09,9.135199080793208e-09,1.7067960535870644e-08,1.566416936279228e-08,3.616672119042686e-08,3.4891952989130325e-08,3.4804476781136283e-08,5.7567328244415904e-08,5.206409938665584e-08,4.875114433352528e-08,1.033891004328975e-07,8.869577860312772e-08,2.2794566952003105e-07,2.2829917316244214e-07,2.8241565889418074e-07,2.7901295093274703e-07,2.6670088827539277e-07,3.831275637879616e-07,3.559839463602069e-07,3.6031843117364065e-07,3.5809678548740636e-07,4.933262395393966e-07,4.794656828625622e-07,7.277110586182251e-07,6.249119708772236e-07,1.0795220919894874e-06,9.483576821895076e-07,1.3433956558387109e-05,1.3394672513152032e-05,1.3795176163660232e-05,1.368489313498822e-05,1.4353910555388627e-05,1.5042797868673319e-05,1.4592596715678761e-05,1.818457826551251e-05,1.85972802286095e-05,1.837718579198912e-05,1.9204229074750276e-05,2.0102663380560257e-05,2.2186096483008307e-05,2.1100680811217638e-05,2.5541951985600314e-05,2.5789414671782853e-05,2.5674669256915547e-05,2.6531157702659383e-05,2.7628944758276525e-05,3.004426527241518e-05,2.8758057891758974e-05,3.155527449218879e-05,2.9025335274452892e-05,2.9830229934113403e-05,3.08836988046911e-05,3.3555674831678005e-05,3.215059932475485e-05,3.505140934039064e-05,6.30395014985625e-05,6.393780303848623e-05,6.688381816495392e-05,6.788542218172555e-05,7.228812136160041e-05,7.65885963813084e-05,7.951537831655029e-05,8.028874153912095e-05,8.47339972356679e-05,6.7805746059973e-05,6.91525553648275e-05,7.426755475830716e-05,9.05996011986297e-05,LC_V24_H3p5_T8,9.05996011986297e-05
21,"(21, 0)",69,1,single,,K,7.129843128404593e-08,2.615432066913221e-09,2.6039746287858037e-09,2.6983636949197765e-09,2.6639102901379183e-09,3.0035848817947188e-09,3.432445524926135e-09,3.379238669778419e-09,3.8235832541766975e-09,3.5182851834611858e-09,3.4585705320375535e-09,3.980085758057082e-09,3.693140910267708e-09,3.736013230823387e-09,3.658489007335161e-09,4.219653109754607e-09,3.990138286897125e-09,3.7482771988629755e-09,4.223934631987773e-09,4.0279853322641426e-09,9.13829687751111e-09,9.131068974364892e-09,9.6417565703438e-09,9.501251518335306e-09,1.0358110445968855e-08,9.687851568605843e-09,1.31558838099016e-08,1.1437164663284286e-08,4.4901846433857116e-08,4.474032387881447e-08,4.636361933476241e-08,4.593492858743304e-08,4.774709480956835e-08,4.897241073037494e-08,4.7867924752352846e-08,1.307220108050558e-07,1.3320960115548025e-07,1.3241436627319024e-07,1.358423887374811e-07,1.3816086794010197e-07,1.430120132013841e-07,1.3983588067566865e-07,2.2469017416488288e-07,2.2734378827653013e-07,2.2467671533935408e-07,2.2779599613326065e-07,2.29156449939061e-07,2.3477287416972693e-07,2.309068460827219e-07,2.370310284905974e-07,2.44996206219519e-07,2.4724432731143137e-07,2.4885958187677136e-07,2.5500209391378096e-07,2.501799758353339e-07,2.5571757713562555e-07,4.2652907417027673e-07,4.2627841062676047e-07,4.3210315772612125e-07,4.361991352017979e-07,4.452658990370543e-07,5.842036595464377e-07,5.941453159810914e-07,5.96744954181326e-07,6.082358236461185e-07,4.883605233485752e-07,4.843144430100075e-07,4.958269040584544e-07,8.088385310799959e-07,LC_V24_H3p5_T8,8.088385310799959e-07
21,"(21, 0)",69,1,single,,Y,7.129843128404593e-08,2.7174008540590245e-09,2.6964797314483134e-09,2.7912633984352596e-09,2.7425036345627033e-09,3.003622523569058e-09,1.0001750484371692e-08,9.887891872790283e-09,1.0682711809340679e-08,1.007964809036707e-08,9.953583936218547e-09,1.057993499132786e-08,1.0306750602607547e-08,2.516413470761604e-08,2.4905388089479702e-08,2.6367585566099652e-08,2.5608240436943098e-08,2.4843503245264995e-08,2.5945651003967013e-08,2.5341848366102007e-08,8.463864164671905e-08,8.426357963873988e-08,8.644633667341408e-08,8.526117511150912e-08,8.72589696104985e-08,8.544727646964535e-08,8.818173111394538e-08,8.700590778230584e-08,4.917004941377847e-07,4.902283857139997e-07,4.918792103861908e-07,4.882310472475846e-07,4.889051873319851e-07,4.866574657422084e-07,4.819378726811753e-07,9.052541973606491e-07,9.009902631075689e-07,8.990860285777168e-07,8.981303216940906e-07,8.961094718327494e-07,9.021903650143463e-07,8.926631732253804e-07,1.4561507492946178e-06,1.4526376751317338e-06,1.4435841700069933e-06,1.4435120187583577e-06,1.4377218413644621e-06,1.4450146092402383e-06,1.4316114937946364e-06,1.4391528118878777e-06,2.023627075171823e-06,1.9938264881332677e-06,1.961679948279172e-06,1.9643517559453546e-06,1.9366129637166144e-06,1.93369241114282e-06,4.379917564842462e-06,4.314721270375591e-06,4.30531443750248e-06,4.265943448606558e-06,4.270818314467519e-06,6.708426256843739e-06,6.671600304056329e-06,6.577142067185684e-06,6.55616641717593e-06,6.12388171466267e-06,5.9989750074803364e-06,5.957257526835172e-06,9.496152907385403e-06,LC_V24_H3p5_T8,9.496152907385403e-06
21,"(21, 1)",77,1,single,,K,2.3511894337581952e-08,7.701625483335361e-10,7.208229069346365e-10,8.5523580651372e-10,7.734027693681361e-10,9.717306427208122e-10,1.4145858782155024e-09,1.3628755102139494e-09,2.0714356766662154e-09,1.56498310369787e-09,1.4512770770722598e-09,2.0780559842960577e-09,1.761244186246889e-09,5.172371748650001e-09,5.01712219512305e-09,6.719081451799832e-09,5.955012981316621e-09,5.1670301911958094e-09,6.628111415517492e-09,5.8665277290420215e-09,8.00067916541267e-09,7.793585384331358e-09,1.0012120695294324e-08,9.04777242999935e-09,1.1412311315171654e-08,8.938876471106298e-09,1.2161750922247944e-08,1.0347708961610883e-08,2.0066684239075998e-07,1.9821330979671478e-07,2.1293769653908772e-07,2.0441463206913373e-07,2.175004772967808e-07,2.168154280921568e-07,2.031631779718752e-07,3.1201361047166206e-07,3.3071940670688997e-07,3.1842066048806263e-07,3.385429036449334e-07,3.4058200497210256e-07,3.669633499431902e-07,3.367976952914858e-07,5.60582258112146e-07,5.780642304701297e-07,5.641723868247961e-07,5.844569794534865e-07,5.831324124008102e-07,6.128045497037322e-07,5.758414910382082e-07,5.991007059540707e-07,6.162412720187991e-07,6.190988540508928e-07,6.149907332055087e-07,6.398293408345488e-07,6.018711170691904e-07,6.242877477435262e-07,1.3365222330999316e-06,1.3210046835277293e-06,1.3664212267374384e-06,1.3310309556888745e-06,1.3789066985878254e-06,1.734918095896653e-06,1.792524743046385e-06,1.7417503533242533e-06,1.7989089241236876e-06,1.5256722499731764e-06,1.4847570759184643e-06,1.541379313221395e-06,2.203044608053237e-06,LC_V24_H3p5_T8,2.203044608053237e-06
21,"(21, 1)",77,1,single,,Y,1.0014322554634927e-07,5.126736615249726e-09,4.8517062599630026e-09,5.658694633183774e-09,5.189724893561317e-09,6.431006282575766e-09,1.9621221250284718e-08,1.9060704571699097e-08,2.575615534533637e-08,2.096906037935587e-08,1.989144126507682e-08,2.5676313488589338e-08,2.28291640415383e-08,1.0008046810990509e-07,9.827990992730587e-08,1.1541745434270666e-07,1.0707840382864869e-07,9.898271484503823e-08,1.1347713467294678e-07,1.0554683004792776e-07,1.7352070353204862e-07,1.7100708436218163e-07,1.9859522847107427e-07,1.876546621280289e-07,2.1704350936441895e-07,1.883779574600659e-07,2.275251512782806e-07,2.070975689248325e-07,5.11967032341991e-06,5.076726339883465e-06,5.274169596942407e-06,5.134484973398586e-06,5.280944113296042e-06,5.203312184010559e-06,4.999626330401966e-06,7.1027807352451916e-06,7.259378027187247e-06,7.091670777448099e-06,7.252158787475649e-06,7.197929617930949e-06,7.445037026817086e-06,7.089580837379925e-06,1.1253310355009176e-05,1.1371012554767811e-05,1.1192908250435018e-05,1.1301261320121962e-05,1.1158931372439876e-05,1.1343609565258366e-05,1.0964608895112967e-05,1.1096843524356542e-05,1.2267092733469674e-05,1.216899706116848e-05,1.2002733507493254e-05,1.216149459228513e-05,1.1720709219378032e-05,1.1874426104608603e-05,2.6851437398223155e-05,2.6346476088919927e-05,2.6502911603816876e-05,2.5845599816984497e-05,2.603819219575472e-05,3.2789858105952744e-05,3.295384138446089e-05,3.2031408926217946e-05,3.2188795290145755e-05,2.8534879464282532e-05,2.7841245706281977e-05,2.817920765705001e-05,3.611399580870352e-05,LC_V24_H3p5_T8,3.611399580870352e-05
22,"(22, 0)",72,2,single,,K,1.4992207995076653e-06,7.024737592693114e-07,7.011860719608956e-07,7.033590236288615e-07,7.016224894050247e-07,7.063332641726585e-07,1.0247496896933177e-06,1.0192521696977577e-06,1.0615512350454081e-06,1.0283029589414145e-06,1.0214569936933679e-06,1.0493569516224723e-06,1.0344242230031204e-06,9.138949825913718e-07,9.08928280671808e-07,9.428748681274047e-07,9.247486532681845e-07,9.076166164413005e-07,9.305939955742812e-07,9.165808452278764e-07,1.1736643897315641e-06,1.171138839048659e-06,1.1966932942277906e-06,1.1830662377674396e-06,1.2076865967808733e-06,1.179957272057211e-06,1.2124323653100632e-06,1.1941315916148107e-06,2.633407223972071e-06,2.624121724774434e-06,2.665021813953974e-06,2.639145950510686e-06,2.6676210203049866e-06,2.6609705258177855e-06,2.630256719125613e-06,5.3330824021609965e-06,5.357171224758192e-06,5.330603752376468e-06,5.354062414306339e-06,5.341001111208013e-06,5.375782865861024e-06,5.324046132690681e-06,7.697854622701176e-06,7.742305361538884e-06,7.71430463007788e-06,7.757900357610376e-06,7.750828146358225e-06,7.799350284209478e-06,7.732784947954154e-06,7.772239705845455e-06,7.279742379986122e-06,7.246450222883528e-06,7.204287680580919e-06,7.270516751675457e-06,7.198502557568885e-06,7.225698231454228e-06,1.0904372953499832e-05,1.0846243377499602e-05,1.0860431113811885e-05,1.0785528686145033e-05,1.0805657795184737e-05,1.3259050205076033e-05,1.3256549087461625e-05,1.316503229726051e-05,1.3171541436043094e-05,1.3020173231604773e-05,1.291398395718551e-05,1.292917346615266e-05,1.7357779127427536e-05,LC_V24_H3p5_T8,1.7357779127427536e-05
22,"(22, 0)",72,2,single,,Y,2.105973891792387e-06,6.099813065696184e-07,6.081346693131299e-07,6.089914736524625e-07,6.066536499397509e-07,6.099239109960968e-07,1.2191716405066607e-06,1.2135105068031572e-06,1.2489457121440835e-06,1.2178262821347427e-06,1.2112786261854258e-06,1.2329077800090397e-06,1.2193956243255841e-06,1.772551409423547e-06,1.766632972663923e-06,1.7896054474056588e-06,1.7703002768264106e-06,1.750507541470807e-06,1.762148248375192e-06,1.7466031384114914e-06,3.091152505865473e-06,3.0873106948844143e-06,3.1079271035181043e-06,3.0927474275111033e-06,3.11026633800429e-06,3.0806314099790482e-06,3.1069476614426207e-06,3.0875697338688264e-06,8.739783394307761e-06,8.726497496341814e-06,8.713497156802704e-06,8.677709829558417e-06,8.647366658380566e-06,8.573835414810876e-06,8.534463941863424e-06,1.3131309855049779e-05,1.3077721413071544e-05,1.3044570127284573e-05,1.298900780299321e-05,1.289213995653929e-05,1.285678295505886e-05,1.2794647517870047e-05,1.7746373811948995e-05,1.769696172643158e-05,1.7662196978116213e-05,1.7606260226128945e-05,1.7489534482852066e-05,1.744879285894297e-05,1.7364497510696e-05,1.731608014635659e-05,2.0282282679762668e-05,2.003945939776548e-05,1.9797795182472796e-05,1.97735076019294e-05,1.965703984108958e-05,1.954480506339071e-05,3.238926889773206e-05,3.2024866146212746e-05,3.181843986979573e-05,3.147441268876896e-05,3.1309613903530646e-05,4.040708210660843e-05,4.005740402816243e-05,3.955774092062225e-05,3.926860349929435e-05,4.070060418485851e-05,4.021719050140595e-05,3.993547264769473e-05,5.283980211786768e-05,LC_V24_H3p5_T8,5.283980211786768e-05
22,"(22, 1)",80,2,single,,K,1.8388140982256667e-06,1.2550175832614226e-07,1.2218895034901541e-07,1.3990726670685095e-07,1.3229455781499045e-07,1.5958053194292314e-07,1.3928848135660176e-07,1.3827867556052358e-07,1.6882241503275413e-07,1.4638753018257527e-07,1.4161478052167024e-07,1.878505884510115e-07,1.6703681800132875e-07,4.4447263413040055e-07,4.4223543090171296e-07,4.5890645482113314e-07,4.519176744088395e-07,4.4243860112249784e-07,4.5885300684179363e-07,4.505578200165814e-07,6.600761473618742e-07,6.579904969356746e-07,6.762130250079309e-07,6.684971466878183e-07,6.895950280930614e-07,6.694514287382148e-07,7.023408406226962e-07,6.861716797147326e-07,4.2466205185132285e-06,4.239165066576339e-06,4.243992042853871e-06,4.222751094294917e-06,4.22210973570262e-06,4.188519075826693e-06,4.152691855012969e-06,6.196185759808742e-06,6.190335688415277e-06,6.156459753915905e-06,6.151076166818602e-06,6.106564551114505e-06,6.116117244106308e-06,6.0529520641079426e-06,9.257011045351728e-06,9.247883597223724e-06,9.20035530408542e-06,9.188179461912096e-06,9.115680338217103e-06,9.113800771144854e-06,9.037808440549578e-06,9.025591530321532e-06,1.0560540458972235e-05,1.0466718287959625e-05,1.0367879187383675e-05,1.0330198100243016e-05,1.0248663181901363e-05,1.0218164626100237e-05,1.6485777651302428e-05,1.635352929030113e-05,1.635510944632324e-05,1.620075203244563e-05,1.6209958639030703e-05,1.9822869777602207e-05,1.9825280497266426e-05,1.9586356474192167e-05,1.95610997266907e-05,1.838760302885644e-05,1.82107220029975e-05,1.8219236928519843e-05,2.4013791008070864e-05,LC_V24_H3p5_T8,2.4013791008070864e-05
22,"(22, 1)",80,2,single,,Y,2.898056546678181e-06,3.27957679364188e-07,3.195447574870579e-07,3.567338778525805e-07,3.389363439108501e-07,3.945051434475427e-07,7.168104002605734e-07,7.137186179702272e-07,7.9364268272526e-07,7.265331830240095e-07,7.129128769330364e-07,8.267371288854283e-07,7.732241074837692e-07,2.505197902815603e-06,2.501216237922156e-06,2.4928938828200756e-06,2.4794593466802545e-06,2.46439156397697e-06,2.4501665443347153e-06,2.4378413300954326e-06,3.5914143038545626e-06,3.5859601226519033e-06,3.5993133616705956e-06,3.5814618111615093e-06,3.5868075480054553e-06,3.5520147179513844e-06,3.5812255979684917e-06,3.5457731689134603e-06,2.8388115639893918e-05,2.8342774517449637e-05,2.8175843760574397e-05,2.8067975515565737e-05,2.7812542675488165e-05,2.7390309098518435e-05,2.7262423931317833e-05,3.75654357563665e-05,3.730373608181961e-05,3.715069815836899e-05,3.6824067691281296e-05,3.633991102830036e-05,3.601321098654827e-05,3.583580724800239e-05,5.018388741098278e-05,4.975755026811597e-05,4.962650439811343e-05,4.91531145745511e-05,4.850734606536497e-05,4.8038461483330265e-05,4.7853027183280465e-05,4.736200698853232e-05,5.488548468867265e-05,5.408686180949655e-05,5.327626553493713e-05,5.267088432418793e-05,5.243104172107121e-05,5.1840665937136705e-05,8.836143238952969e-05,8.716932712615673e-05,8.639045758523308e-05,8.517018380231931e-05,8.440336489831934e-05,0.00010076989796294781,9.988244130948947e-05,9.826857728795561e-05,9.73154566065309e-05,9.191329661907177e-05,9.063439648331811e-05,8.988572983068102e-05,0.00010919701793153288,LC_V24_H3p5_T8,0.00010919701793153288
22,"(22, 0)",85,1,single,,K,1.4826494575910786e-06,6.24783052771475e-07,6.23274730382113e-07,6.242068214981165e-07,6.226119716153209e-07,6.255910820917845e-07,9.008233480444433e-07,8.952255322886759e-07,9.339839095427921e-07,9.014818584392606e-07,8.955579695683036e-07,9.178128201109451e-07,9.049024035789138e-07,7.903384133984631e-07,7.845910908118054e-07,8.192579689770249e-07,7.987252539078541e-07,7.819111457731942e-07,8.007355410415397e-07,7.88061579629785e-07,1.0531644346732428e-06,1.0505768858399152e-06,1.072250816446216e-06,1.0576006372477168e-06,1.0762266122902182e-06,1.0510172988829338e-06,1.0741434031727043e-06,1.0583860363051475e-06,2.3649290213678217e-06,2.3555454779403203e-06,2.3965025992282653e-06,2.3677583422179537e-06,2.392627327076796e-06,2.3792992923062234e-06,2.350449587863152e-06,5.040173564880919e-06,5.056802305347425e-06,5.030113607976296e-06,5.043773189092678e-06,5.021318250468902e-06,5.040018525893371e-06,4.9939208492525635e-06,7.257219021943321e-06,7.286823003443216e-06,7.255687788531386e-06,7.281092783810732e-06,7.2622036088512555e-06,7.287344087496171e-06,7.237605014248442e-06,7.252765118018455e-06,7.223123253616717e-06,7.1761949151475644e-06,7.117077870405351e-06,7.107720175549985e-06,7.051146990333679e-06,7.037975280121671e-06,1.0368116743982265e-05,1.029612850802506e-05,1.0295656941593681e-05,1.0217321360637806e-05,1.0218234212153203e-05,1.2841643789991243e-05,1.2828576808985505e-05,1.2689895053787156e-05,1.266704733714331e-05,1.2263183779964047e-05,1.2142799666222977e-05,1.2138355381127486e-05,1.6501541784648774e-05,LC_V24_H3p5_T8,1.6501541784648774e-05
22,"(22, 0)",85,1,single,,Y,2.742519327948209e-06,8.572731417857985e-07,8.54694228586979e-07,8.547927000006267e-07,8.521552168902666e-07,8.549251476240586e-07,1.5142073477674128e-06,1.505288829022277e-06,1.560618171811212e-06,1.5112717854090598e-06,1.5021177380832857e-06,1.5321750367855873e-06,1.5126071283906702e-06,1.803479546320675e-06,1.7925400408010852e-06,1.8445917837866476e-06,1.809348860751324e-06,1.7781430622479912e-06,1.8031910641622286e-06,1.7802313407586606e-06,3.009840218342697e-06,3.0055016633366393e-06,3.0315813291063846e-06,3.0085377294449706e-06,3.0284772265071018e-06,2.989351181691207e-06,3.0156044392453076e-06,2.991213678951752e-06,8.05139398755714e-06,8.03168445902539e-06,8.069897313756647e-06,8.013387503398047e-06,8.01710798221578e-06,7.947402080258406e-06,7.893270172734628e-06,1.3563447208545962e-05,1.3530809253794922e-05,1.3484674108283891e-05,1.3448316311176222e-05,1.3349365107889172e-05,1.3323538413238252e-05,1.324176276509779e-05,1.8760193918208426e-05,1.876664583606967e-05,1.8692437086157286e-05,1.868476018297261e-05,1.8570513108651003e-05,1.8557066729258707e-05,1.8447192492050153e-05,1.8414440642258094e-05,2.101387923268425e-05,2.079885619538382e-05,2.056500025327222e-05,2.0428815185256217e-05,2.029860117733403e-05,2.0178839205180356e-05,3.2224708763507095e-05,3.1882538769263894e-05,3.173133714817119e-05,3.139653095738637e-05,3.126668859479268e-05,4.079099327323267e-05,4.052434584251829e-05,3.998417107500194e-05,3.972946332335929e-05,3.963393528540573e-05,3.915343545894857e-05,3.8931629450964527e-05,5.2259275484700206e-05,LC_V24_H3p5_T8,5.2259275484700206e-05
22,"(22, 1)",93,1,single,,K,1.3724178016801296e-06,1.4967913473545357e-07,1.4696675992343296e-07,1.5331968060148353e-07,1.4937803355428782e-07,1.5880779970689205e-07,2.006122622823789e-07,1.9706768136801131e-07,2.247858929856009e-07,2.049493694288319e-07,2.0019181959091134e-07,2.2218602564754503e-07,2.1177257164221313e-07,5.111899387615403e-07,5.057465107152075e-07,5.420466426271814e-07,5.235374091155914e-07,5.048805786407184e-07,5.322254529621677e-07,5.167225910582819e-07,6.169566832849633e-07,6.129939960915576e-07,6.485718687311842e-07,6.317339918858727e-07,6.677816619858142e-07,6.297461951127755e-07,6.793373909267839e-07,6.528443715257681e-07,4.5839429645045325e-06,4.569117264921486e-06,4.61465096095649e-06,4.566826489887467e-06,4.595782695390123e-06,4.550505473931445e-06,4.482216449796976e-06,6.553068171857505e-06,6.591939200532033e-06,6.529462641861148e-06,6.563014570310525e-06,6.51238133541285e-06,6.5581082194041205e-06,6.440147675436578e-06,9.64713066526317e-06,9.69276036202997e-06,9.612509378788094e-06,9.643196394028323e-06,9.560118993721425e-06,9.596324638707361e-06,9.460062735144046e-06,9.472963848959388e-06,1.0441775375684691e-05,1.0345276008003613e-05,1.0225210827781173e-05,1.0212346015752124e-05,1.0083667629857961e-05,1.0061771756805297e-05,1.6188512497292168e-05,1.6010060240249374e-05,1.6022156666255327e-05,1.5806328532776942e-05,1.5823713238001372e-05,1.931556509737354e-05,1.9320030860009577e-05,1.9022897444930394e-05,1.900321316356427e-05,1.755314046329158e-05,1.7336598360679725e-05,1.7383196300491357e-05,2.274579465942476e-05,LC_V24_H3p5_T8,2.274579465942476e-05
22,"(22, 1)",93,1,single,,Y,2.458415225765296e-06,3.8608228325986716e-07,3.809898474475827e-07,3.865669796838684e-07,3.803149234026394e-07,3.903530459224912e-07,7.870410093464982e-07,7.789176633893675e-07,8.286022084548542e-07,7.871353053144489e-07,7.782300501046356e-07,8.102662468286114e-07,7.920962063070576e-07,2.3403122571707328e-06,2.3285922749245697e-06,2.3779141734893214e-06,2.3391030010270813e-06,2.301770453659346e-06,2.3268477950732355e-06,2.2974341626633977e-06,2.991149832227218e-06,2.9815224257456983e-06,3.0403793760150364e-06,3.002967069680987e-06,3.0528903569905523e-06,2.978364550605304e-06,3.051982766169332e-06,3.0022677001168937e-06,2.4544793619079474e-05,2.4491336683580368e-05,2.4447823528537605e-05,2.4300013739467495e-05,2.416513160734869e-05,2.3803759903039384e-05,2.3623457912029272e-05,3.27370839310472e-05,3.2624157701149345e-05,3.243032268455216e-05,3.225691035345454e-05,3.185176361457399e-05,3.168091586629298e-05,3.140183283048865e-05,4.4414140013687986e-05,4.421867619967883e-05,4.400017062054907e-05,4.373823009384002e-05,4.318552167867205e-05,4.291606797424497e-05,4.2606759835809e-05,4.228496098839107e-05,4.775138951139145e-05,4.70800023368511e-05,4.6354033665454834e-05,4.598770170368947e-05,4.564650227326024e-05,4.5202211829770005e-05,7.608245537483706e-05,7.501313594414687e-05,7.44759793613931e-05,7.33419116290258e-05,7.28175704070226e-05,8.767244624996997e-05,8.70382973684478e-05,8.551544816962963e-05,8.479851572696945e-05,7.866875462096732e-05,7.752720050674745e-05,7.700928408361047e-05,9.524918460406701e-05,LC_V24_H3p5_T8,9.524918460406701e-05
23,"(23, 0)",88,2,single,,TY,1.298638154510109e-08,1.8580742675354832e-09,1.8561540334512054e-09,1.85051998175939e-09,1.8440563200032565e-09,1.8495801025217231e-09,4.6729159702589655e-09,4.627407159442505e-09,4.876623069600415e-09,4.651580632016557e-09,4.6086235773493415e-09,4.737604393511791e-09,4.651701187032888e-09,1.55207649858093e-08,1.545587670942525e-08,1.545980622292228e-08,1.5302336384065138e-08,1.5131364552786915e-08,1.5030624519681606e-08,1.4914008144804616e-08,6.459967710038373e-08,6.44862833883228e-08,6.465536314070881e-08,6.436037333415997e-08,6.431649735523978e-08,6.38414549473367e-08,6.38953199543656e-08,6.364114680611516e-08,3.649954245139082e-07,3.642683328280989e-07,3.614877616003838e-07,3.598637796295163e-07,3.55909749183647e-07,3.501097847323156e-07,3.4873605506584556e-07,5.428405287560686e-07,5.365681764263861e-07,5.350834878370735e-07,5.287066557211199e-07,5.203060217171294e-07,5.144404295151559e-07,5.120459348207245e-07,9.023965634727501e-07,8.95713870960268e-07,8.930548184445469e-07,8.857320901568201e-07,8.752107423037217e-07,8.681223674545798e-07,8.645506209527607e-07,8.57117998949535e-07,1.278760069055185e-06,1.2519049937664365e-06,1.226264891753795e-06,1.2075380651920063e-06,1.2003197837142167e-06,1.1826027592759172e-06,2.759951083122641e-06,2.7061810129656156e-06,2.673310095284535e-06,2.627582260030389e-06,2.5967886121787617e-06,4.003896829784571e-06,3.944414068662032e-06,3.867138549586804e-06,3.815856273508685e-06,3.949646606011227e-06,3.877174402246767e-06,3.824635539062551e-06,5.751973241643372e-06,LC_V24_H3p5_T8,5.751973241643372e-06
23,"(23, 1)",96,2,single,,TY,1.2338794055474765e-08,2.881128201208784e-09,2.8727510264854633e-09,2.8308355047793345e-09,2.815820193116306e-09,2.7947649751595424e-09,1.7452949120532485e-08,1.7285000038479948e-08,1.8024850613994612e-08,1.7294047043904065e-08,1.715862020690992e-08,1.749845033418903e-08,1.723699821476164e-08,7.922489015189046e-08,7.90058199744615e-08,7.891824415824408e-08,7.811799958627636e-08,7.730682374259651e-08,7.674322750613247e-08,7.606160995499911e-08,1.560507332578306e-07,1.5549349996967245e-07,1.5736009479203197e-07,1.5582663614704247e-07,1.5666326096601264e-07,1.5356848233887e-07,1.552680114383153e-07,1.5330762520926828e-07,3.552309894588831e-06,3.543623712401699e-06,3.510605235907766e-06,3.489796072985699e-06,3.4393883207450345e-06,3.354337488712956e-06,3.3272426932254423e-06,4.85040106400215e-06,4.7980337219924646e-06,4.767183631074259e-06,4.700552836910505e-06,4.603346953014486e-06,4.5366816215935484e-06,4.502155131081708e-06,7.007962992278736e-06,6.9189866551640615e-06,6.891959622245792e-06,6.79169628327551e-06,6.6590206706931185e-06,6.559755758165778e-06,6.523537009554126e-06,6.420951291224891e-06,7.571080423661409e-06,7.4088584045577574e-06,7.242646227610855e-06,7.170407021928289e-06,7.116748324475497e-06,6.998231268857503e-06,1.4986274097818207e-05,1.4702505791670385e-05,1.4503093643330515e-05,1.4213397718815172e-05,1.4015691216294694e-05,1.7416745606167228e-05,1.7188259267570617e-05,1.6799996678602957e-05,1.6562856823792033e-05,1.5135087925619319e-05,1.484376595432341e-05,1.4661167479763123e-05,1.841229645412825e-05,LC_V24_H3p5_T8,1.841229645412825e-05
25,"(25, 1)",60,2,single,,K,2.6079114079399298e-08,5.679817944674515e-09,5.737558372865783e-09,5.740592038484585e-09,5.7940128236184736e-09,5.922611710513181e-09,1.0028182881987607e-08,9.990189578855907e-09,1.0425275568583206e-08,1.012116366152738e-08,1.0076483222125487e-08,1.0473136003706419e-08,1.0352025699150633e-08,1.4088503990730856e-08,1.401098654242644e-08,1.447887919218882e-08,1.4225179033161167e-08,1.3904755409496762e-08,1.4354662811305996e-08,1.4076189337255846e-08,3.05658954986418e-08,3.049667175414562e-08,3.121880522238667e-08,3.08994084329133e-08,3.168163927790206e-08,3.119944929959605e-08,3.230621461582846e-08,3.2035322462371296e-08,2.240634239981231e-07,2.2310860265352766e-07,2.250098069310413e-07,2.2252364236839126e-07,2.2337479638640846e-07,2.2110404124381087e-07,2.182519437984729e-07,4.3876498156529185e-07,4.3731572902574056e-07,4.3485574008439844e-07,4.3449936472141293e-07,4.3191455938417833e-07,4.3396480484648413e-07,4.292043669038669e-07,7.797737564073537e-07,7.823082143752991e-07,7.786519950642753e-07,7.805141334630926e-07,7.766038174094466e-07,7.804547457832678e-07,7.73151087649002e-07,7.765643267741892e-07,7.681640358341426e-07,7.557907080290602e-07,7.431497663514132e-07,7.575386813373e-07,7.500536584710783e-07,7.523827457288347e-07,1.5926239771152647e-06,1.5636819662074695e-06,1.5529288610352639e-06,1.5273423092563965e-06,1.5217879569161848e-06,2.05661830621813e-06,2.041406272150542e-06,2.0002052785259408e-06,1.9911571976934406e-06,1.7137451574537719e-06,1.6926767474607607e-06,1.6926523329428438e-06,2.6920736724374974e-06,LC_V24_H3p5_T8,2.6920736724374974e-06
25,"(25, 1)",60,2,single,,Y,8.062535656807117e-08,6.639108228709391e-09,6.66578151410412e-09,6.747104739411002e-09,6.768674954016445e-09,7.037097361976053e-09,2.2263949366181796e-08,2.219336780701497e-08,2.2699043826381573e-08,2.218986451776069e-08,2.2093980892356115e-08,2.2738896672441615e-08,2.251424891827902e-08,6.812670048607398e-08,6.78544396225854e-08,6.78442602527012e-08,6.703988162522138e-08,6.6118498225041e-08,6.571936609827907e-08,6.495476464698762e-08,2.1223600911846711e-07,2.119051148867917e-07,2.127368301836418e-07,2.115034232404507e-07,2.1186569511101175e-07,2.0948494191440793e-07,2.1050184570272493e-07,2.0893984166043264e-07,1.6298540755876838e-06,1.625535804952317e-06,1.613553308032944e-06,1.6024768748074819e-06,1.5830616073086e-06,1.5510844592949497e-06,1.5415805235808261e-06,2.5292968368945905e-06,2.5017468906924284e-06,2.4922350243518575e-06,2.4638945986250226e-06,2.4218734049007845e-06,2.3958961676396267e-06,2.3767277121180503e-06,4.032676693307925e-06,4.003245278802514e-06,3.987464569325439e-06,3.950350746277082e-06,3.8935814571251324e-06,3.861512865482174e-06,3.83549475399474e-06,3.8005420391020836e-06,5.339493968349438e-06,5.216135258330999e-06,5.09309801802077e-06,5.044746607348361e-06,5.009205501645128e-06,4.949699491924001e-06,1.1350345278532536e-05,1.106636109918656e-05,1.0905249168171233e-05,1.0639647550348181e-05,1.0483358990760676e-05,1.635601122699838e-05,1.6078283393674868e-05,1.562928540954782e-05,1.5366732638993253e-05,1.6232608870302057e-05,1.595079380228562e-05,1.5789325559134214e-05,2.455322462367234e-05,LC_V24_H3p5_T8,2.455322462367234e-05
25,"(25, 0)",62,2,single,,K,1.1426831485581304e-07,7.402745638056797e-10,7.442839925089756e-10,1.1090475222488244e-09,1.034733071314238e-09,2.0194958944807956e-09,2.8573524674781868e-09,2.871731177859718e-09,3.372464810191366e-09,3.4489599640516244e-09,3.4596287757284248e-09,4.912935751780265e-09,4.675004781687799e-09,1.1054305133049926e-08,1.1092063791045455e-08,1.2715635484162888e-08,1.2565944513753307e-08,1.2227609523118178e-08,1.575287061037239e-08,1.508004257739499e-08,1.5731969393960058e-08,1.578417844956419e-08,1.9683618853776812e-08,1.9100828396565144e-08,2.8895922114923658e-08,2.3814266226111583e-08,4.205885014504717e-08,3.4474488219754094e-08,4.2725985288232396e-07,4.2605001440281497e-07,4.3212098887008497e-07,4.298888030096856e-07,4.412859536196045e-07,4.5855544412701925e-07,4.547145174249548e-07,7.056714680880331e-07,7.103240669126136e-07,7.047787290805837e-07,7.194110825226316e-07,7.426361573683337e-07,7.845878788295124e-07,7.769474550670058e-07,1.264702635856013e-06,1.275834716056175e-06,1.2702983945249307e-06,1.2952995525728376e-06,1.3269266651307933e-06,1.3838991629992978e-06,1.3700095853014723e-06,1.4437067627583486e-06,1.5339674439529104e-06,1.5276157116809943e-06,1.5410529177152428e-06,1.592638190911044e-06,1.5758418012185836e-06,1.6444167590819602e-06,3.115962922974209e-06,3.1426901193038204e-06,3.2091785531522878e-06,3.298108039332953e-06,3.4300895285869414e-06,4.133972559135424e-06,4.217971634511564e-06,4.309963414827385e-06,4.467158422000237e-06,3.7610206161369575e-06,3.829623012336396e-06,3.995721107262133e-06,5.5731753169541454e-06,LC_V24_H3p5_T8,5.5731753169541454e-06
25,"(25, 0)",62,2,single,,Y,1.696768600478728e-06,8.194104013558229e-09,8.179885599741348e-09,1.55490796296801e-08,1.420007514273396e-08,3.473947801228356e-08,4.177109161282343e-08,4.183967449059709e-08,6.143000931591341e-08,5.992115884807779e-08,5.796061139751657e-08,1.05079172802126e-07,9.57293762985335e-08,2.359541077330669e-07,2.3706864122259506e-07,2.897619855471738e-07,2.884219556054807e-07,2.7584758841073523e-07,3.8928675767028444e-07,3.6771893266797373e-07,3.781863179377007e-07,3.801088293142009e-07,4.82168809661021e-07,4.786012256655739e-07,7.01254712006244e-07,6.132799128906698e-07,1.0331370939904211e-06,8.950516235305827e-07,1.2787511171606647e-05,1.2751951734618133e-05,1.312686816079951e-05,1.3025027396134338e-05,1.3679070414572885e-05,1.4405409409375105e-05,1.4066451422954599e-05,1.83680737412923e-05,1.8751983203856856e-05,1.8533734162679408e-05,1.9293564451994967e-05,2.014373847844239e-05,2.1874828037656712e-05,2.1250385128058705e-05,2.831558942355969e-05,2.863774852019079e-05,2.8500627041619303e-05,2.9262373248046926e-05,3.0193503480077986e-05,3.197433492406384e-05,3.125561158251615e-05,3.338734759568144e-05,3.242531893015061e-05,3.297778233634398e-05,3.379784209532559e-05,3.579113051974073e-05,3.488556486920712e-05,3.717271394939511e-05,6.649633217461512e-05,6.721069404180416e-05,6.929653938079843e-05,7.053557466101971e-05,7.379266727103842e-05,8.218755348793057e-05,8.418150291686318e-05,8.505728744634171e-05,8.824331029581201e-05,7.380331213024537e-05,7.49700831948899e-05,7.841636600857022e-05,9.662863302841377e-05,LC_V24_H3p5_T8,9.662863302841377e-05
25,"(25, 1)",73,1,single,,K,6.397324547689558e-08,2.7557662037780295e-09,2.7700927276211794e-09,2.814557669178056e-09,2.810952728227113e-09,3.0455260731026767e-09,3.988611886481438e-09,3.976480364725456e-09,4.1985766963687184e-09,4.091329879403997e-09,4.060716062652657e-09,4.3677955691372e-09,4.258144130541332e-09,4.299408566281794e-09,4.290681207329599e-09,4.4760026829934486e-09,4.412047740257056e-09,4.366646331004447e-09,4.575059029485485e-09,4.527646820391788e-09,1.0212789910629585e-08,1.0194811832680982e-08,1.0517639949022316e-08,1.044111761749749e-08,1.0896876173011279e-08,1.073425847070768e-08,1.2744680416915005e-08,1.1551184918924855e-08,4.77449168996221e-08,4.7679662891889277e-08,4.867796930357632e-08,4.846484782802959e-08,4.9831779910860815e-08,5.1004634227724273e-08,5.021342715954723e-08,1.3798964039195256e-07,1.3878813474634833e-07,1.388619846723951e-07,1.4040705838240713e-07,1.4284995829738767e-07,1.4639543281628032e-07,1.4543218404037944e-07,2.3750419011763046e-07,2.385184765423016e-07,2.380514780761954e-07,2.4029731525717334e-07,2.4284243652534457e-07,2.482459484290987e-07,2.4565253867826717e-07,2.5164860161213685e-07,2.754351092645937e-07,2.766392009519031e-07,2.7828711722537393e-07,2.8248321030056696e-07,2.789812263188098e-07,2.838488327028726e-07,4.826584331704512e-07,4.804247580173528e-07,4.838050034378005e-07,4.830352248209298e-07,4.894579106299517e-07,6.741620785865288e-07,6.769421249008299e-07,6.768718678710158e-07,6.850496429624933e-07,6.73553653946586e-07,6.701528540567075e-07,6.765360986721152e-07,1.1107586121232706e-06,LC_V24_H3p5_T8,1.1107586121232706e-06
25,"(25, 1)",73,1,single,,Y,6.547682085184883e-08,3.1804978168752873e-09,3.184106290389091e-09,3.2296127204711096e-09,3.2214372922838508e-09,3.380839152798342e-09,9.93689433651867e-09,9.92440781543247e-09,1.0236595887154351e-08,1.0128818285734851e-08,1.0073511817935406e-08,1.052114551715477e-08,1.0411208243794341e-08,2.6072515513320547e-08,2.6011580454310677e-08,2.6243983016159904e-08,2.6113111275994343e-08,2.5872571740929698e-08,2.63498666422935e-08,2.61061696847633e-08,8.029773979800251e-08,8.039170299310395e-08,8.055906808236351e-08,8.073953209945778e-08,8.180444347954523e-08,8.168522366769227e-08,8.364140507995102e-08,8.334236149765952e-08,4.821299890177126e-07,4.81112407268369e-07,4.788212655848591e-07,4.764683305386927e-07,4.732389499428353e-07,4.695096180858274e-07,4.679839105082423e-07,9.466507659331287e-07,9.378530779621649e-07,9.354579619580943e-07,9.28913344434565e-07,9.257193637036436e-07,9.270319304230559e-07,9.226388813130253e-07,1.6079709411849006e-06,1.6000721732971757e-06,1.5951797871281045e-06,1.5900162533762474e-06,1.5860988739906478e-06,1.5907678692643144e-06,1.5817917284990357e-06,1.5896856114120407e-06,2.304148359304331e-06,2.2789762170485754e-06,2.260834275528279e-06,2.2639996931869477e-06,2.2441103766524443e-06,2.240943153603268e-06,4.928304138261591e-06,4.8458730882915626e-06,4.8112911578351855e-06,4.740458380658232e-06,4.724677824452994e-06,7.622166307919144e-06,7.538360187602126e-06,7.4188882546810435e-06,7.364486377117452e-06,8.04229706222204e-06,7.925363303942666e-06,7.883694836152625e-06,1.2516565135173056e-05,LC_V24_H3p5_T8,1.2516565135173056e-05
25,"(25, 0)",79,1,single,,K,1.4065107483387098e-08,5.667995270276909e-10,5.497797090848057e-10,6.210352012275257e-10,5.788633528879785e-10,6.896651532972067e-10,2.338621722355821e-09,2.2602143312410663e-09,3.1364643387151243e-09,2.4897816018119964e-09,2.353441932896246e-09,3.05193850189919e-09,2.689050385572893e-09,6.7816619424381586e-09,6.628429754345012e-09,8.218629938467634e-09,7.485085249846557e-09,6.741671034040395e-09,8.048065224911434e-09,7.340337319723704e-09,1.1909061993905829e-08,1.1707563123808483e-08,1.4291930064766406e-08,1.315152451223408e-08,1.592813891629905e-08,1.3017235330636957e-08,1.6704572255811622e-08,1.4586875232329565e-08,2.0865143372602449e-07,2.0630192404991476e-07,2.2117768848214638e-07,2.1277376810097252e-07,2.2553491729096985e-07,2.2415371924932314e-07,2.1118125384953697e-07,3.393821175517551e-07,3.554279930628851e-07,3.4311675824507586e-07,3.590467520738491e-07,3.568093250724661e-07,3.771533196643179e-07,3.50553633385811e-07,6.02214763422123e-07,6.255419054692187e-07,6.087508970796217e-07,6.318888188730649e-07,6.284365684187324e-07,6.562383914669856e-07,6.185817406252106e-07,6.388033610304096e-07,7.176854412317883e-07,7.182010855487404e-07,7.088773896176971e-07,7.302926926497532e-07,6.962630909397048e-07,7.093566784933679e-07,1.542262445880776e-06,1.5198613081134544e-06,1.5443584225447836e-06,1.505789715840151e-06,1.534494896629274e-06,1.9678679674650645e-06,2.0044741069389275e-06,1.9526105358573404e-06,1.9871399845603925e-06,1.761161220846572e-06,1.7206052033465854e-06,1.7598394423540407e-06,2.5287242057232955e-06,LC_V24_H3p5_T8,2.5287242057232955e-06
25,"(25, 0)",79,1,single,,Y,7.19758538046276e-08,4.424814999417206e-09,4.246078386609372e-09,4.836269257449739e-09,4.489433237822979e-09,5.4205424958937406e-09,2.4692581289353668e-08,2.4070407143604947e-08,3.11620223665608e-08,2.611797132800509e-08,2.4946503752846125e-08,3.097654601240318e-08,2.7955958881675833e-08,1.0931983849897114e-07,1.0785832804682962e-07,1.2250444577121868e-07,1.1555179588614697e-07,1.0827209562124739e-07,1.2078774056576887e-07,1.1373423865532968e-07,2.0128168423505792e-07,1.9868805444925513e-07,2.265281552546427e-07,2.1523608275331464e-07,2.4489973600557625e-07,2.164407460815791e-07,2.564489223418707e-07,2.3587961420740186e-07,5.101422748496393e-06,5.064887206079914e-06,5.233665330756881e-06,5.110459012490994e-06,5.237272315647704e-06,5.160622588515374e-06,4.976930850410344e-06,7.315126656997703e-06,7.441912896064701e-06,7.278296650032546e-06,7.4115656331691055e-06,7.324023439594814e-06,7.530691222034749e-06,7.183810116726384e-06,1.182212584147987e-05,1.1968038739366108e-05,1.1782313466529592e-05,1.1924150317070907e-05,1.1778145434907728e-05,1.196476284753393e-05,1.1569653501414335e-05,1.1689271185193345e-05,1.3093323781717547e-05,1.2955441916838932e-05,1.273910169058129e-05,1.2899273769826563e-05,1.2487646700984158e-05,1.2575191253161441e-05,2.836488447721257e-05,2.7891606207355006e-05,2.7972458619057166e-05,2.7347202607057336e-05,2.7447545428221814e-05,3.4477039202850786e-05,3.456337892034157e-05,3.368948770710108e-05,3.3806094548796426e-05,3.081778520092405e-05,3.0149320254684343e-05,3.0367129843562838e-05,3.895249771327072e-05,LC_V24_H3p5_T8,3.895249771327072e-05
26,"(26, 1)",76,2,single,,K,1.441791289648591e-06,6.922690781995401e-07,6.928911795396353e-07,6.927279974195078e-07,6.92506277069111e-07,6.953847871025576e-07,1.0728325525101218e-06,1.0667573082943478e-06,1.1169317955707398e-06,1.0768260361563274e-06,1.0693358173617588e-06,1.1018889412529852e-06,1.084046090110216e-06,9.512378518896471e-07,9.438955477898924e-07,9.966934134037449e-07,9.687148870999163e-07,9.444090685864655e-07,9.78870062496816e-07,9.588233071072388e-07,1.1824530874527968e-06,1.1766090743615609e-06,1.2235581624883688e-06,1.1995234842257423e-06,1.240630513036726e-06,1.1935837227597177e-06,1.2472224417389197e-06,1.2165570739992845e-06,2.8825957547433123e-06,2.8682377969253714e-06,2.9385853710947306e-06,2.895048487112496e-06,2.947682027245755e-06,2.9394624486673054e-06,2.889399819344527e-06,5.413298744699016e-06,5.457535027790787e-06,5.417775114687299e-06,5.4556690750347596e-06,5.437141474014041e-06,5.4896287900478095e-06,5.411564979231417e-06,7.69562320325142e-06,7.743588573451462e-06,7.71013916570697e-06,7.761037263832925e-06,7.753777256048516e-06,7.819376050706182e-06,7.731149564705772e-06,7.78271019868193e-06,7.327697095640177e-06,7.308815848210618e-06,7.269551828796647e-06,7.2949951579188e-06,7.198878742052435e-06,7.226616232064523e-06,1.0969936982926592e-05,1.0889012884528305e-05,1.091133092478193e-05,1.0805850579811433e-05,1.082343845740658e-05,1.3368821140384034e-05,1.3365458040124912e-05,1.3220092760589043e-05,1.3220248904784394e-05,1.2844368844248797e-05,1.27364882751255e-05,1.2746319674556088e-05,1.7189333962123368e-05,LC_V24_H3p5_T8,1.7189333962123368e-05
26,"(26, 1)",76,2,single,,Y,2.065157164851594e-06,6.130337427779451e-07,6.131686201509864e-07,6.113603895763088e-07,6.107754019826244e-07,6.11560791239438e-07,1.2027513194936064e-06,1.1977453481645581e-06,1.234921937583619e-06,1.20126214026565e-06,1.194721294515596e-06,1.2173427262553967e-06,1.2022620991720523e-06,1.765399230778004e-06,1.7563852734757677e-06,1.8002564016267043e-06,1.7709516238215388e-06,1.7425429492093905e-06,1.767456837917924e-06,1.74519641361087e-06,2.897047076222011e-06,2.891576642890138e-06,2.932021621146927e-06,2.9069173761498617e-06,2.9414851957620314e-06,2.8928670058234587e-06,2.9393320527507594e-06,2.907722584140976e-06,9.255500192389395e-06,9.232845257298725e-06,9.261842921661026e-06,9.198692208310024e-06,9.194331005237815e-06,9.108260316974789e-06,9.042945367619386e-06,1.340854132436976e-05,1.3383867074758214e-05,1.333178348319941e-05,1.3302283843106951e-05,1.3196063689783469e-05,1.3181913269126044e-05,1.3075042861707104e-05,1.771325355784175e-05,1.7689280506233702e-05,1.7635462949018953e-05,1.7602341550233678e-05,1.7491555052715008e-05,1.7482261892910092e-05,1.7361626747990907e-05,1.7332049545226313e-05,2.0041199659207106e-05,1.9821749139266797e-05,1.958792453757539e-05,1.9465527133275768e-05,1.9305437308985636e-05,1.920150233133221e-05,3.2500148697538004e-05,3.2044133340913486e-05,3.183732850831549e-05,3.1377159810648406e-05,3.118419353395569e-05,4.082380550050464e-05,4.0467437731573255e-05,3.9810608611023774e-05,3.948895933804958e-05,4.024490952143424e-05,3.974045980718741e-05,3.9470046046412085e-05,5.285869170088656e-05,LC_V24_H3p5_T8,5.285869170088656e-05
26,"(26, 0)",78,2,single,,K,1.621210522561617e-06,1.0088327772030941e-07,9.978432717388993e-08,1.1348675972173232e-07,1.0829828765001453e-07,1.3204147782725065e-07,2.1084616173252871e-07,2.0658982687849813e-07,2.65644683075044e-07,2.3245066598637362e-07,2.2206152791819157e-07,2.862626412000776e-07,2.610281994844506e-07,4.6270720928796265e-07,4.572509982356877e-07,5.196799999354805e-07,4.959005827034019e-07,4.674980828165544e-07,5.40146446761904e-07,5.067611739647928e-07,5.810945143014335e-07,5.790581527314383e-07,6.001141072690726e-07,5.915822773441504e-07,6.574437690314348e-07,5.947335055773268e-07,7.236497420118347e-07,6.612885947561509e-07,4.217261751843232e-06,4.210111175489829e-06,4.20848684569752e-06,4.1874437714793e-06,4.18337583805249e-06,4.147801127525877e-06,4.1097157763731505e-06,5.8926948673962865e-06,5.8990628082826385e-06,5.865347965689375e-06,5.873522453760199e-06,5.839341213154312e-06,5.863944789644872e-06,5.788230588775195e-06,8.616014966546725e-06,8.619853924711993e-06,8.575145457098841e-06,8.580986101893122e-06,8.521232708038847e-06,8.540698700753092e-06,8.450636283626303e-06,8.455659961527374e-06,9.698691483942772e-06,9.610022685768668e-06,9.515555004021636e-06,9.519658937391982e-06,9.42776085775506e-06,9.405831511480363e-06,1.5177289474489308e-05,1.5016778414621577e-05,1.4995887732429917e-05,1.4818230049721485e-05,1.4855213128378572e-05,1.8341545806123614e-05,1.8325287830394574e-05,1.8085985098803335e-05,1.8057731787374716e-05,1.6412257507688155e-05,1.6251500603400693e-05,1.6266702416051505e-05,2.2134815898539907e-05,LC_V24_H3p5_T8,2.2134815898539907e-05
26,"(26, 0)",78,2,single,,Y,2.551587590049182e-06,2.8122469074735834e-07,2.773122260210105e-07,3.029319061233057e-07,2.9025494827821326e-07,3.402713643766193e-07,8.803436698861161e-07,8.681958493449636e-07,1.0094223171888297e-06,9.232351648724609e-07,8.980068933778614e-07,1.0401261652569743e-06,9.809590319078302e-07,2.51189794057054e-06,2.497160872764446e-06,2.628515530011615e-06,2.5658420868625972e-06,2.494677373326208e-06,2.648001243781329e-06,2.5614071756409037e-06,3.255642708697347e-06,3.250928095448573e-06,3.2686681504461962e-06,3.249169892742714e-06,3.3979254535077272e-06,3.2333296118451567e-06,3.543220255452253e-06,3.383129020647229e-06,2.836633671286596e-05,2.8319389575037307e-05,2.8131308675569353e-05,2.8022233743693787e-05,2.774296770008107e-05,2.729549549550254e-05,2.716516924411555e-05,3.652312990597792e-05,3.625876183803542e-05,3.6108110881149145e-05,3.578139691289096e-05,3.529216043760952e-05,3.4959420570475454e-05,3.477284399026016e-05,4.779949418621574e-05,4.7396090339186284e-05,4.726147545734471e-05,4.680796102956504e-05,4.6177806072318975e-05,4.571790013966775e-05,4.5532461602816094e-05,4.504638735878462e-05,5.200905350795059e-05,5.122303889962121e-05,5.040692447889465e-05,4.991410322418129e-05,4.962678322713016e-05,4.906401215831077e-05,8.372237351198181e-05,8.245676556606749e-05,8.171594922344395e-05,8.043070338481804e-05,7.977244071932346e-05,9.578881817198044e-05,9.488556916992939e-05,9.32054489730737e-05,9.22482634414565e-05,8.483934598728977e-05,8.359951859782869e-05,8.284527220844193e-05,0.00010221909232795861,LC_V24_H3p5_T8,0.00010221909232795861
26,"(26, 1)",89,1,single,,K,1.2902883653778718e-06,6.212955511150771e-07,6.217005576595357e-07,6.199690402743567e-07,6.203424307852683e-07,6.203183721673268e-07,9.8895352578873e-07,9.837283793779763e-07,1.021119260176671e-06,9.893340262132064e-07,9.837704550064293e-07,1.005077899086134e-06,9.923517923708292e-07,8.849614665996236e-07,8.795583880965646e-07,9.148092585466806e-07,8.940737016913097e-07,8.773263443321642e-07,8.967870047567925e-07,8.839628247908998e-07,1.1268219555762849e-06,1.1243409996895894e-06,1.146511222625358e-06,1.1319014692993506e-06,1.1509989209378859e-06,1.126233270112563e-06,1.14980568478588e-06,1.1337555532725037e-06,2.461211493343294e-06,2.451122056548522e-06,2.4973328798709105e-06,2.4653980109122315e-06,2.4942081548763635e-06,2.4810384120648137e-06,2.4493107894460578e-06,5.181057565355844e-06,5.211331135917912e-06,5.178454358741797e-06,5.200815066572708e-06,5.178102740236363e-06,5.204317998688744e-06,5.149650008488356e-06,7.2107211169162146e-06,7.222979098328984e-06,7.1963856683073225e-06,7.206254180763047e-06,7.176184452428032e-06,7.194567555479837e-06,7.1412040873242675e-06,7.148826861364074e-06,7.421302559588899e-06,7.384463336620808e-06,7.3365350914242164e-06,7.3428256167292615e-06,7.291717182296048e-06,7.284165244204456e-06,1.0873284187887369e-05,1.0788911261644123e-05,1.0767674252657432e-05,1.0674101898978779e-05,1.0657663258678524e-05,1.3445490369387944e-05,1.33861880643236e-05,1.325245469113783e-05,1.3208035348025354e-05,1.3405973768882189e-05,1.328507260589618e-05,1.3261398192798967e-05,1.840733290437508e-05,LC_V24_H3p5_T8,1.840733290437508e-05
26,"(26, 1)",89,1,single,,Y,2.4153945690771176e-06,8.64766212523872e-07,8.64964100385576e-07,8.609885419535842e-07,8.612254958207157e-07,8.594785307197821e-07,1.6175191599758575e-06,1.6099181125677603e-06,1.6579045886086958e-06,1.6138896922704343e-06,1.6061385151950817e-06,1.631231875429896e-06,1.6140613933233459e-06,1.9643486824231867e-06,1.9553160929039282e-06,1.998806462449715e-06,1.96730686061292e-06,1.940668417084079e-06,1.960342714780063e-06,1.9404812472711697e-06,3.027215830023838e-06,3.0223782538413932e-06,3.0499911925202365e-06,3.0282190953489433e-06,3.0485706966733704e-06,3.0121097975408316e-06,3.03881955708431e-06,3.015819732076572e-06,8.233303384688637e-06,8.212586115001563e-06,8.253078313013896e-06,8.192696116550249e-06,8.196682127584793e-06,8.124238061365435e-06,8.068456405727705e-06,1.3888373698184618e-05,1.3884741947877356e-05,1.3825755722967273e-05,1.3809533635973134e-05,1.3710052480008065e-05,1.369781041753291e-05,1.3599858692293897e-05,1.88663824972576e-05,1.8837873073376517e-05,1.877864672062253e-05,1.873411957808169e-05,1.8611754921624106e-05,1.857363231659784e-05,1.848088361719927e-05,1.842757332980913e-05,2.1294863069798084e-05,2.1094507751279127e-05,2.08856383924186e-05,2.0794467549918298e-05,2.0681623984452396e-05,2.056977217925282e-05,3.354144997503406e-05,3.313802486145621e-05,3.2904010388028656e-05,3.250468526646848e-05,3.231026863068403e-05,4.226296840303552e-05,4.1893656314706785e-05,4.1311950624305786e-05,4.099274895549881e-05,4.2497561017127804e-05,4.200948674047249e-05,4.176189003117711e-05,5.709536762971837e-05,LC_V24_H3p5_T8,5.709536762971837e-05
26,"(26, 0)",95,1,single,,K,1.1354200403460572e-06,1.1842360040304651e-07,1.1707140242610595e-07,1.2125627591778887e-07,1.1896517190936427e-07,1.2573045105455842e-07,3.1576464139109773e-07,3.128499569518871e-07,3.37047004702106e-07,3.2018432864558223e-07,3.1588169433790643e-07,3.3596776033383706e-07,3.2679416028790245e-07,6.572880466437549e-07,6.531399530631685e-07,6.829629758699199e-07,6.689917107268038e-07,6.526326153134748e-07,6.776574075408908e-07,6.636915119001678e-07,8.368659206074528e-07,8.321812579223444e-07,8.67691433733131e-07,8.51489500762207e-07,8.857848565768365e-07,8.498317895830911e-07,8.98575294526035e-07,8.737155274322869e-07,4.969236387861986e-06,4.95703621236266e-06,4.979396245405772e-06,4.942786365069013e-06,4.956705240904519e-06,4.915640539812236e-06,4.857276312560123e-06,7.018851326777208e-06,7.038429218292486e-06,6.988399012237218e-06,7.008292834753026e-06,6.9628008013079756e-06,7.000752185146902e-06,6.899206507301243e-06,1.0084271693373635e-05,1.0098900657255962e-05,1.0032127070282539e-05,1.0040852812910275e-05,9.960863167533182e-06,9.985686842462644e-06,9.869748411223953e-06,9.877088227451245e-06,1.1485625644797515e-05,1.1390946258834734e-05,1.1280501688986165e-05,1.1310632058141343e-05,1.1191741486194696e-05,1.1166955343018034e-05,1.8074646363543624e-05,1.7898064010448428e-05,1.7890447769891793e-05,1.7684238070618136e-05,1.7685511519191226e-05,2.148665999798619e-05,2.1474936101747165e-05,2.1185094154989162e-05,2.1157025055349184e-05,1.9668461372780694e-05,1.9455874139497487e-05,1.947855958037246e-05,2.5882505309129186e-05,LC_V24_H3p5_T8,2.5882505309129186e-05
26,"(26, 0)",95,1,single,,Y,2.013620046219261e-06,3.181845840847662e-07,3.155610099773489e-07,3.1797502930151807e-07,3.145071356566366e-07,3.20297400749544e-07,1.052153754046119e-06,1.0456696627825605e-06,1.0853347273276883e-06,1.0517537940430377e-06,1.0445438129240433e-06,1.070903770654372e-06,1.0556004767113403e-06,2.6940893590058244e-06,2.6855413648613568e-06,2.716155325425758e-06,2.688276881947536e-06,2.657797207734029e-06,2.6757912190035748e-06,2.650556032760528e-06,3.527792378567895e-06,3.517643946481348e-06,3.568771019489787e-06,3.535578250279922e-06,3.5763344933727826e-06,3.5093005414022476e-06,3.5724615927523216e-06,3.528918064007505e-06,2.5692928317656714e-05,2.564618278796988e-05,2.5539217892303034e-05,2.541930734647791e-05,2.5235706528585455e-05,2.4869221011778752e-05,2.4714962771838406e-05,3.396116418827254e-05,3.3801146205857714e-05,3.363060381475186e-05,3.3423165221673353e-05,3.302458861861047e-05,3.28292787261486e-05,3.258745959585459e-05,4.5408200273879406e-05,4.5135185794548285e-05,4.496157793402561e-05,4.464089634399591e-05,4.4090905968366096e-05,4.378099281192294e-05,4.3525293643016486e-05,4.318199298328964e-05,4.9992267216222685e-05,4.932405094775519e-05,4.86277592321599e-05,4.834806533049874e-05,4.804685852943639e-05,4.760539276783924e-05,8.063774217746316e-05,7.955576474055694e-05,7.894978830893224e-05,7.781806973357926e-05,7.722879916083592e-05,9.241978097965226e-05,9.171494198389583e-05,9.023319963907574e-05,8.948591718802166e-05,8.333553914708203e-05,8.220970053296907e-05,8.167856492443159e-05,0.00010181145044306825,LC_V24_H3p5_T8,0.00010181145044306825
27,"(27, 1)",92,2,single,,TY,1.6376811227624045e-08,1.9372094744031913e-09,1.9322641581922746e-09,1.929215461368276e-09,1.9212852510751543e-09,1.9284269578097753e-09,4.381541680139497e-09,4.3396552592996116e-09,4.57026075810398e-09,4.3568660190603565e-09,4.3167192913947836e-09,4.43550964466437e-09,4.353091196426016e-09,1.3024287261488757e-08,1.2981766100745447e-08,1.2937978364986627e-08,1.2830186140971609e-08,1.2704924796242386e-08,1.2599857233870658e-08,1.2508270276373963e-08,5.3668514351735e-08,5.359075023782871e-08,5.366411406159156e-08,5.3441321519835014e-08,5.336232225546651e-08,5.298031881717358e-08,5.298409476178952e-08,5.276684938493865e-08,3.407265267698152e-07,3.4010059157484474e-07,3.3764328114486306e-07,3.36170755386943e-07,3.32574277914003e-07,3.2755873263643515e-07,3.266053898850134e-07,5.471645643256858e-07,5.420561566974083e-07,5.398943052170148e-07,5.342910287482772e-07,5.25577007501523e-07,5.200586441658627e-07,5.167110093607852e-07,9.380241744934382e-07,9.319615841249032e-07,9.281219643265085e-07,9.210038320668877e-07,9.090732028723684e-07,9.016830510924695e-07,8.968219158867839e-07,8.886226659448073e-07,1.371971567460369e-06,1.3452336791283976e-06,1.3191341706461943e-06,1.2971329997532338e-06,1.290549420147492e-06,1.2726646300561103e-06,2.8401325242180665e-06,2.7814063854894393e-06,2.745497913262123e-06,2.6889008795200254e-06,2.6572782656265085e-06,4.208556143589011e-06,4.149142267480245e-06,4.055465528645669e-06,3.9962391087674525e-06,4.4088886811464115e-06,4.329863325187516e-06,4.27539709507701e-06,6.411683198089804e-06,LC_V24_H3p5_T8,6.411683198089804e-06
27,"(27, 0)",94,2,single,,TY,1.4762717816164183e-08,3.078420138589293e-09,3.0553748798522633e-09,3.0270166164213284e-09,2.9972335685050633e-09,2.9944484284510104e-09,1.567151680188279e-08,1.5486403064710763e-08,1.6350021682035135e-08,1.5545129092594008e-08,1.5385107749248476e-08,1.5813489521011912e-08,1.5514368163885702e-08,7.489956683311533e-08,7.461410297293322e-08,7.49604490132056e-08,7.398848064167193e-08,7.299766400365697e-08,7.27239636696522e-08,7.193838889023233e-08,1.46890796897954e-07,1.462721975404098e-07,1.4845921000023064e-07,1.4647901853970524e-07,1.4745398914095407e-07,1.4399740500195805e-07,1.4572636725951485e-07,1.4367130531267505e-07,3.485994198966541e-06,3.4772549422476364e-06,3.4483102449839452e-06,3.4264556785052027e-06,3.3803882045530984e-06,3.2976018538820678e-06,3.268790178906129e-06,4.800492663244626e-06,4.7519306558090275e-06,4.718686221801852e-06,4.655406114682313e-06,4.558387509058258e-06,4.4937823703836495e-06,4.457866220664315e-06,7.024901183364406e-06,6.938062727239087e-06,6.9095005929248025e-06,6.811689680034659e-06,6.678331463130608e-06,6.580569056611102e-06,6.541819741637746e-06,6.440506068540494e-06,7.537151243556008e-06,7.374552063592504e-06,7.206527549176931e-06,7.132811438096734e-06,7.076759153134531e-06,6.960093111556017e-06,1.4842833514772434e-05,1.4561695866289197e-05,1.4369130169277124e-05,1.408206394347054e-05,1.3893345416172243e-05,1.7322336981996626e-05,1.7102700709221488e-05,1.6718629297448378e-05,1.648764079955279e-05,1.5108393319980714e-05,1.4817068272641159e-05,1.463747153700265e-05,1.8251033300078558e-05,LC_V24_H3p5_T8,1.8251033300078558e-05
29,"(29, 1)",58,2,single,,K,3.043091546923106e-08,7.041228725499783e-09,7.0696389256671196e-09,7.0701318819077e-09,7.086212308347259e-09,7.1651999653469284e-09,1.0900229616707964e-08,1.0845824957785789e-08,1.1430126388448425e-08,1.103251736393827e-08,1.0932412289412028e-08,1.1467451287511268e-08,1.1259341236743733e-08,1.2647421163563312e-08,1.2560088464636247e-08,1.3239412129012582e-08,1.2922256953512781e-08,1.2508581277232228e-08,1.3127132062713985e-08,1.2788511026918081e-08,3.021629402134702e-08,3.0166535732168744e-08,3.072954390823219e-08,3.0459028695822555e-08,3.115015987214436e-08,3.0484803542216426e-08,3.15610478297311e-08,3.110562564929289e-08,1.782826922485389e-07,1.7771809355627936e-07,1.793713380425351e-07,1.776191806372464e-07,1.7956332651552095e-07,1.7991009478491962e-07,1.7741712100396938e-07,4.671393887731459e-07,4.6763956920481044e-07,4.645713091353165e-07,4.661267696113851e-07,4.6626564953595787e-07,4.7119151629227064e-07,4.6740470010283305e-07,7.899790075389528e-07,7.924773219421701e-07,7.888497549102995e-07,7.918613813538315e-07,7.911785855616053e-07,7.979112830058147e-07,7.904505036983765e-07,7.989702625705379e-07,9.129299180142455e-07,8.982012479302066e-07,8.873814514309598e-07,8.743220020147996e-07,8.667969204445993e-07,8.641456413198973e-07,1.573946922515074e-06,1.5543032220597988e-06,1.550796348812317e-06,1.532586357132126e-06,1.5342386281126552e-06,2.1941900171887496e-06,2.1776778114276644e-06,2.140986736971645e-06,2.1323781650299147e-06,2.118415403972811e-06,2.096282090150369e-06,2.0861199000385608e-06,3.2333862809412866e-06,LC_V24_H3p5_T8,3.2333862809412866e-06
29,"(29, 1)",58,2,single,,Y,1.0148301220643428e-07,8.189160163236659e-09,8.194357796251678e-09,8.153390558702911e-09,8.13958255385293e-09,8.16300631374838e-09,2.596617169080307e-08,2.5813996261713875e-08,2.650017838588848e-08,2.570757273252774e-08,2.5524104547820667e-08,2.5921095161605424e-08,2.555043049932529e-08,6.732622453175737e-08,6.69948198269135e-08,6.757035407191109e-08,6.658176520361353e-08,6.54355734435652e-08,6.59492638517487e-08,6.501637726838314e-08,2.1929191105779544e-07,2.1912821183311548e-07,2.1827695742347197e-07,2.1747146858358903e-07,2.1656015679604372e-07,2.1517050522734268e-07,2.1483629098803339e-07,2.138141949888843e-07,1.44742528674062e-06,1.4437527581584678e-06,1.4358804810582192e-06,1.4272875596940172e-06,1.4133870966333086e-06,1.3889722463821254e-06,1.3800427756913017e-06,2.6366912951995677e-06,2.6110807813825814e-06,2.601211437744973e-06,2.576358039283591e-06,2.5377218781458686e-06,2.5162805698800347e-06,2.498206641915627e-06,4.192288538315942e-06,4.15307990103355e-06,4.13988845450278e-06,4.098378973037642e-06,4.040416953101258e-06,4.006566307181336e-06,3.979448014270402e-06,3.942972678095479e-06,5.928839493650748e-06,5.807696734028407e-06,5.692912791412725e-06,5.592007548223916e-06,5.547428278496292e-06,5.471390490813124e-06,1.2062368775886217e-05,1.1794730600005247e-05,1.1620088109678267e-05,1.135314109884916e-05,1.1203288965629544e-05,1.7974498004662974e-05,1.7630937282320193e-05,1.7203656928947656e-05,1.6901621625608908e-05,1.8902161307052737e-05,1.8542548175314308e-05,1.8253081161982598e-05,2.7647730104095465e-05,LC_V24_H3p5_T8,2.7647730104095465e-05
29,"(29, 0)",66,2,single,,K,1.036878025789875e-07,9.930819130464066e-10,9.898426734885179e-10,1.3513646698960204e-09,1.298658543873013e-09,2.1584524626578636e-09,2.4470455932213008e-09,2.4423200001158056e-09,3.056743122002331e-09,2.9744983067763805e-09,2.952978963423218e-09,4.419993949664319e-09,4.030174582661175e-09,9.086167475996334e-09,9.096464183154571e-09,1.08914755009523e-08,1.0722648741598486e-08,1.021381329247299e-08,1.3882430539071631e-08,1.3028735356660167e-08,1.0631303033985612e-08,1.0442699408944845e-08,1.5858963458931455e-08,1.4451444139749859e-08,2.395065245067804e-08,1.7745271556367568e-08,3.435965200839763e-08,2.790035231547076e-08,3.5431105785404016e-07,3.533749403783904e-07,3.559186067351032e-07,3.5438167283486527e-07,3.6291611369148996e-07,3.7595616984956977e-07,3.7014559540254137e-07,5.680694116650697e-07,5.714342194031713e-07,5.687930192926548e-07,5.81786869061872e-07,6.041967343237449e-07,6.46262694446936e-07,6.347098447951359e-07,8.353607054225939e-07,8.416827355868536e-07,8.385171916977623e-07,8.635035808465133e-07,8.958088550812682e-07,9.740213710560465e-07,9.378722090359825e-07,1.0317198144641545e-06,1.0086772499849074e-06,1.0217187860949747e-06,1.0519025689071065e-06,1.1534272884846766e-06,1.097391966996303e-06,1.2132858271775792e-06,2.2758488956182116e-06,2.3018418784480836e-06,2.4121713045338654e-06,2.472010497852472e-06,2.6669346897479006e-06,3.024518687490575e-06,3.147504648196223e-06,3.209240912394761e-06,3.4405004265774177e-06,2.7333046535877638e-06,2.8438770397333194e-06,3.167891108804605e-06,4.631050243696682e-06,LC_V24_H3p5_T8,4.631050243696682e-06
29,"(29, 0)",66,2,single,,Y,1.585546012582633e-06,9.952034589749574e-09,9.957668734157145e-09,1.7942429973808955e-08,1.664004010901247e-08,3.695333158376355e-08,4.391289746350983e-08,4.342875094564829e-08,6.589202493313693e-08,6.15162583502952e-08,5.915392900077762e-08,1.0799135548516993e-07,9.627352407016416e-08,2.1761191852271647e-07,2.1730196048276178e-07,2.7947750052405785e-07,2.761619570886267e-07,2.569279302805686e-07,3.800260321466282e-07,3.522972101152444e-07,3.1559176007586224e-07,3.124144457578478e-07,4.3007642953283837e-07,4.0988079112744646e-07,6.297882297036217e-07,5.178246389718005e-07,9.067880218051459e-07,7.819435686452647e-07,9.73086504907154e-06,9.70329808160851e-06,9.948188530691596e-06,9.894444136959962e-06,1.041369541524621e-05,1.1052210298469389e-05,1.0720218832701592e-05,1.4218415606943803e-05,1.4597174455393193e-05,1.4450482498504447e-05,1.5185745425155107e-05,1.604081751799193e-05,1.7698684735085583e-05,1.707181332623128e-05,1.944234945125916e-05,1.9857335134244554e-05,1.973317499106627e-05,2.059031617289741e-05,2.154819407305224e-05,2.3711528831738105e-05,2.2672806861579326e-05,2.5196750985577538e-05,2.402049384531583e-05,2.4705666575384666e-05,2.5775415287937302e-05,2.8296623264941344e-05,2.7040011992203056e-05,2.9791501357323817e-05,5.083132808217126e-05,5.154983614934236e-05,5.393350375285373e-05,5.5164057435431176e-05,5.8973496392547224e-05,6.40674686368789e-05,6.653223219328786e-05,6.74772153183452e-05,7.11531853173261e-05,5.801362317215522e-05,5.979563103210603e-05,6.471621706887208e-05,8.096259674475681e-05,LC_V24_H3p5_T8,8.096259674475681e-05
29,"(29, 1)",75,1,single,,K,6.788276008612917e-08,2.422467446590458e-09,2.4200837381181487e-09,2.477457745805366e-09,2.4568663176265853e-09,2.7376987590557026e-09,3.2402089185011273e-09,3.2029294308112636e-09,3.5243687828724474e-09,3.3097216657536276e-09,3.255257051181264e-09,3.7471266348393504e-09,3.4369917685734716e-09,3.459640133377443e-09,3.4265858267133964e-09,3.6994254229682944e-09,3.5823671173887326e-09,3.502814391584841e-09,3.8347531548078765e-09,3.6893904421638488e-09,8.377096434096198e-09,8.366034496347456e-09,8.644536277402081e-09,8.49301730057548e-09,9.223970903561176e-09,8.658688834335367e-09,1.1924985936547086e-08,1.033171691374235e-08,4.4052132304275e-08,4.3823392678842996e-08,4.57690512135102e-08,4.522377101664878e-08,4.726239854619846e-08,4.819217257785691e-08,4.6758921792089156e-08,1.1784606445477212e-07,1.1938653272384853e-07,1.1858591819427264e-07,1.2059431680104703e-07,1.2209230926923486e-07,1.253617310784144e-07,1.235979857329365e-07,2.3081456981068167e-07,2.308624384055173e-07,2.2913584198756765e-07,2.2972392364227055e-07,2.30604349727199e-07,2.3455540009188552e-07,2.3139486214328996e-07,2.3515477131048406e-07,2.2517729236365465e-07,2.2670364404110285e-07,2.286278016778594e-07,2.328568796811248e-07,2.2973504114331467e-07,2.3444519937394079e-07,3.9357309311015324e-07,3.933216156783983e-07,4.0000434859981964e-07,4.010482787640614e-07,4.1036606122267643e-07,5.311613792021596e-07,5.363085748477992e-07,5.348836019366388e-07,5.429096688396544e-07,4.908011749632644e-07,4.897989847969602e-07,4.963513600885339e-07,8.250362315709172e-07,LC_V24_H3p5_T8,8.250362315709172e-07
29,"(29, 1)",75,1,single,,Y,6.788276008612917e-08,2.4324840871298376e-09,2.4129451210151076e-09,2.4576014005829666e-09,2.426227635088362e-09,2.609912897137892e-09,8.178595597763661e-09,8.100011493942489e-09,8.568005260141817e-09,8.169752618933427e-09,8.082018444551015e-09,8.46835681710765e-09,8.263188679082802e-09,2.315761469696619e-08,2.309022982759005e-08,2.358740117778045e-08,2.3204017343825257e-08,2.287481878465373e-08,2.3342261049491108e-08,2.3013117639963604e-08,7.465523544456791e-08,7.445771516575932e-08,7.543732229648745e-08,7.474369044366626e-08,7.569982376320369e-08,7.423825704488916e-08,7.619714099235481e-08,7.504421998564438e-08,4.926967426576401e-07,4.922250335481174e-07,4.93060141799229e-07,4.91223387762628e-07,4.930620775319933e-07,4.918760634849487e-07,4.861439948420051e-07,8.740431444942909e-07,8.667838752394812e-07,8.648673879862876e-07,8.600257725302138e-07,8.548970168777664e-07,8.549501827774985e-07,8.496451384961897e-07,1.5070602747767064e-06,1.5000030798490913e-06,1.494144881598971e-06,1.4909030785181518e-06,1.4854160553150987e-06,1.4888543204970742e-06,1.4782471866204562e-06,1.4814678139718008e-06,2.0602700170954157e-06,2.0285224617914856e-06,2.000139270712627e-06,1.993169853414312e-06,1.9731822778814525e-06,1.96567259652736e-06,4.342173608176224e-06,4.253671688307893e-06,4.223514217252655e-06,4.142317814687112e-06,4.120168082852035e-06,6.53129602042875e-06,6.457738732393009e-06,6.328583789883182e-06,6.299366949614672e-06,6.588047686021688e-06,6.4785898422845195e-06,6.422289326289025e-06,1.023421586435278e-05,LC_V24_H3p5_T8,1.023421586435278e-05
29,"(29, 0)",83,1,single,,K,1.8734830692524553e-08,8.840681158407821e-10,8.402130489614545e-10,9.649217906281758e-10,8.892794767265252e-10,1.0714578161352064e-09,2.1465053935359947e-09,2.0499040664766786e-09,3.014270429025427e-09,2.2983475612413743e-09,2.1455531851596148e-09,2.8824519323500055e-09,2.499301823882316e-09,5.247218495539537e-09,5.047449545410192e-09,6.931969679600254e-09,6.054011535267205e-09,5.188153074428857e-09,6.641196587236468e-09,5.864916520722534e-09,8.494366252285244e-09,8.264815783054888e-09,1.0644300365523834e-08,9.572034058391107e-09,1.2079416588935669e-08,9.455969824282096e-09,1.2833215231605257e-08,1.0911752601720035e-08,1.5003277258120372e-07,1.482310538625837e-07,1.5869201594324382e-07,1.5236172043836193e-07,1.6126885388738005e-07,1.6004842033858273e-07,1.5049028634456715e-07,2.7069607842656867e-07,2.8483630313639834e-07,2.744564608897333e-07,2.884699528394906e-07,2.8693712315073893e-07,3.0491492483455823e-07,2.8187011249598147e-07,4.54351356100828e-07,4.7301890261253497e-07,4.5966270756885626e-07,4.803182597756076e-07,4.786323799271962e-07,5.042393827832336e-07,4.711073240582104e-07,4.902975255221245e-07,5.646005721604735e-07,5.697971485945394e-07,5.63968987322949e-07,5.885180244499672e-07,5.483213569836749e-07,5.682008853770791e-07,1.1418970401556127e-06,1.1273891493953578e-06,1.1675518638171126e-06,1.1323762399959401e-06,1.169596942280332e-06,1.5442855982641161e-06,1.59007756755867e-06,1.5409983005801245e-06,1.5818419991343075e-06,1.3104536016654394e-06,1.2804014774551002e-06,1.3159597538684485e-06,1.87762941806192e-06,LC_V24_H3p5_T8,1.87762941806192e-06
29,"(29, 0)",83,1,single,,Y,8.43653293376484e-08,6.280633722745159e-09,6.018036069057762e-09,6.81961601067429e-09,6.353098398649332e-09,7.574299040253785e-09,2.7478255465580995e-08,2.6505074492962523e-08,3.5502582308098066e-08,2.889715696200853e-08,2.7436223580200046e-08,3.4500421362724115e-08,3.0922137820746555e-08,9.834809235635262e-08,9.601882870844312e-08,1.1626602506995358e-07,1.074165762330883e-07,9.752835056364707e-08,1.1436273276506279e-07,1.0564702870790776e-07,1.7369536780946286e-07,1.7100534079166273e-07,1.9741028698131962e-07,1.859238896726303e-07,2.1337137109756375e-07,1.8483133235011078e-07,2.2266633774843857e-07,2.0208805902335652e-07,3.626659530648528e-06,3.60198536068155e-06,3.699893017216772e-06,3.6204770330235347e-06,3.699081901254851e-06,3.6443482733454633e-06,3.506620402260953e-06,5.585651320032388e-06,5.7090698576521395e-06,5.573491043694138e-06,5.690294008320667e-06,5.624898000809698e-06,5.786567151274271e-06,5.517532931931852e-06,8.588520552322975e-06,8.692637096576354e-06,8.543769675729307e-06,8.672696488742117e-06,8.57042747186076e-06,8.770487757421957e-06,8.418278360493958e-06,8.558591937904573e-06,1.0485376801541663e-05,1.041973021460595e-05,1.023622203566826e-05,1.038988189419737e-05,9.937678730391426e-06,1.0064796117653156e-05,2.1861461284417594e-05,2.1470883496659864e-05,2.1667388316668288e-05,2.1091453264638918e-05,2.1280952850496235e-05,2.7652714367395708e-05,2.7787988560480935e-05,2.697626835413296e-05,2.7134714960592098e-05,2.4070582671993474e-05,2.35829080674247e-05,2.378095807553346e-05,3.1069394673394054e-05,LC_V24_H3p5_T8,3.1069394673394054e-05
30,"(30, 1)",74,2,single,,K,1.5681716016112644e-06,7.308410381199846e-07,7.302661788726642e-07,7.315537039012221e-07,7.302982822790308e-07,7.347851397943835e-07,1.1178190049677131e-06,1.1110492878805666e-06,1.1657849826224092e-06,1.1220426188587345e-06,1.1136049385209593e-06,1.148657148215858e-06,1.1294763793981139e-06,9.509726851417537e-07,9.434983351660773e-07,9.984113818583475e-07,9.69127657586253e-07,9.437346523491608e-07,9.785641300845512e-07,9.582281503175696e-07,1.2371746165431012e-06,1.2333361977381564e-06,1.2678317081357588e-06,1.2495466298789944e-06,1.2823651459447374e-06,1.244983318100802e-06,1.2878572500032754e-06,1.2624405320081938e-06,2.6748382518082458e-06,2.6617053819078827e-06,2.7378744560511876e-06,2.696233396275824e-06,2.7533242817986867e-06,2.7508986921700424e-06,2.7027729869078726e-06,5.676919526719084e-06,5.735551455181037e-06,5.6853545396848526e-06,5.740154778986047e-06,5.726638567956244e-06,5.790433163344794e-06,5.704597921809237e-06,7.979788180829989e-06,8.028792452074816e-06,7.989241451766229e-06,8.038143221600107e-06,8.028100715153692e-06,8.096151590827549e-06,8.007467466453426e-06,8.06207919954135e-06,8.01370380313412e-06,7.989839880786098e-06,7.948842122866567e-06,8.01948052479171e-06,7.932560490780354e-06,7.96351305769689e-06,1.1644387731770441e-05,1.1605250291791655e-05,1.1668350528808957e-05,1.1590126202914107e-05,1.165787226176295e-05,1.4461771257568948e-05,1.4495903365882839e-05,1.4383678696832753e-05,1.4430516415072342e-05,1.4534009151987082e-05,1.441329221581712e-05,1.4453390989807913e-05,1.922911926784338e-05,LC_V24_H3p5_T8,1.922911926784338e-05
30,"(30, 1)",74,2,single,,Y,2.176147514772759e-06,6.460744593402724e-07,6.447775055853877e-07,6.444000898307576e-07,6.423512641303487e-07,6.448280769460109e-07,1.3217263482921447e-06,1.314707163636892e-06,1.3606300900407684e-06,1.3198351374671422e-06,1.3119509820108945e-06,1.338992395552107e-06,1.3215414558216466e-06,1.7919038356811945e-06,1.7829114018442647e-06,1.8283279493622103e-06,1.7970697975903012e-06,1.7685618119828157e-06,1.7924715179811965e-06,1.7704101971436295e-06,3.1074680369628897e-06,3.1032055993891463e-06,3.1299281981627827e-06,3.109190249902355e-06,3.132816161988285e-06,3.092852331283447e-06,3.1260125321995855e-06,3.099857573052183e-06,8.716172323525882e-06,8.69684359837542e-06,8.727886345347111e-06,8.672770688872017e-06,8.67467721002396e-06,8.603912635267821e-06,8.547408883460537e-06,1.3871055509309787e-05,1.3852936226360744e-05,1.3796338168607039e-05,1.3775178052045382e-05,1.3672493779375441e-05,1.3666172616821237e-05,1.3558533189598084e-05,1.867772203077925e-05,1.8641036473923592e-05,1.857920943970215e-05,1.854144242070594e-05,1.8415489631086593e-05,1.839288088118579e-05,1.827690235575976e-05,1.8239522733634013e-05,2.1813308247594204e-05,2.1598345918265666e-05,2.1380405929073726e-05,2.1360416955224933e-05,2.1226787419156855e-05,2.1126162684717034e-05,3.4765932127120746e-05,3.438987631080797e-05,3.422034870165292e-05,3.381364952896042e-05,3.3682026339550536e-05,4.4356352996712874e-05,4.401127075999057e-05,4.34191169890585e-05,4.313460458745332e-05,4.5651066754521934e-05,4.5136716842804553e-05,4.4884606103603964e-05,5.9280864244916885e-05,LC_V24_H3p5_T8,5.9280864244916885e-05
30,"(30, 0)",82,2,single,,K,1.8659373022279785e-06,1.2522392935932487e-07,1.2139153183871688e-07,1.4038355868466976e-07,1.320074453785035e-07,1.6091803526352644e-07,1.550650914599144e-07,1.501919729518903e-07,2.089298405071999e-07,1.7439278243245653e-07,1.6426179709711113e-07,2.2406398734651847e-07,1.9998114955426917e-07,3.909935589008902e-07,3.8893465522323837e-07,4.3477504421520513e-07,4.1039042327752866e-07,3.881571407982741e-07,4.492729068942752e-07,4.180722484828665e-07,5.716409179881774e-07,5.697515259168454e-07,5.903200583320992e-07,5.832725110148961e-07,6.075812148921273e-07,5.861275552249971e-07,6.306318998584464e-07,6.051559532068868e-07,3.3682725917106808e-06,3.361056113579678e-06,3.373030942935458e-06,3.351884502193933e-06,3.360878223437717e-06,3.3398580960264503e-06,3.304957580355974e-06,5.097733480532556e-06,5.118700834750125e-06,5.0786116268867186e-06,5.097168000533569e-06,5.066292907930416e-06,5.0989519191028675e-06,5.024924910934824e-06,7.549397540123052e-06,7.579479654130532e-06,7.523483649603439e-06,7.548924882534895e-06,7.494835334611927e-06,7.525861668025099e-06,7.429763047837765e-06,7.444660125893704e-06,8.996004436307467e-06,8.92149576516887e-06,8.831456295238582e-06,8.823900026582432e-06,8.722033604604909e-06,8.708660974316152e-06,1.3514391512896558e-05,1.3388054194744063e-05,1.3409474526196442e-05,1.3263259646937489e-05,1.3294517749969213e-05,1.7441276504049127e-05,1.748596074461407e-05,1.729411748246917e-05,1.7315271464999185e-05,1.6187912060518807e-05,1.6022225420802592e-05,1.604295640010064e-05,2.21578202991279e-05,LC_V24_H3p5_T8,2.21578202991279e-05
30,"(30, 0)",82,2,single,,Y,2.842423244985894e-06,3.299513210149829e-07,3.213832031307947e-07,3.5978688289910465e-07,3.4111686900073406e-07,4.0059013404108753e-07,7.932449802668438e-07,7.773052067237595e-07,9.33481313002804e-07,8.33227648066456e-07,8.056744345248996e-07,9.51327971298968e-07,8.886579809636482e-07,2.2473358140498476e-06,2.2427123537107533e-06,2.3437545547533037e-06,2.27399777028747e-06,2.2065457918698174e-06,2.3475571301437554e-06,2.264245456912791e-06,3.306108582583268e-06,3.3002437132659927e-06,3.318903895095841e-06,3.301148431091759e-06,3.3164020372424918e-06,3.274676024890784e-06,3.3397550862522355e-06,3.277559952835279e-06,2.2718591373895855e-05,2.2689588317604105e-05,2.2499848363081546e-05,2.242572705184474e-05,2.2180038751022188e-05,2.1818867941143663e-05,2.173070045815357e-05,3.101425708792146e-05,3.0796847322687506e-05,3.064504315966144e-05,3.03612574429973e-05,2.991855559180351e-05,2.962630915563591e-05,2.945288680050472e-05,4.065720998085145e-05,4.030170843225959e-05,4.01725602668075e-05,3.977037914106136e-05,3.9199797084123845e-05,3.879353456445508e-05,3.862228304209971e-05,3.8190858000043225e-05,4.670626935837553e-05,4.598215713852138e-05,4.524003577658501e-05,4.4709461507930025e-05,4.44814555269233e-05,4.394607034018238e-05,7.303262899923361e-05,7.190512120076191e-05,7.117173561373888e-05,7.003887481106768e-05,6.929998372916128e-05,8.67197480196758e-05,8.584063534764765e-05,8.437046655858642e-05,8.349007138588976e-05,8.016115078105665e-05,7.89586686265734e-05,7.821554661886772e-05,9.817264686485807e-05,LC_V24_H3p5_T8,9.817264686485807e-05
30,"(30, 1)",91,1,single,,K,1.5089392927633305e-06,5.613217886928819e-07,5.58659468076597e-07,5.611636886205915e-07,5.583584646672437e-07,5.630192846673899e-07,7.907024684610429e-07,7.85211893383104e-07,8.235066902590673e-07,7.914974621106931e-07,7.857431555723054e-07,8.075879962173913e-07,7.948713139113669e-07,7.211522214440023e-07,7.148113224955501e-07,7.534441759427081e-07,7.311577028678772e-07,7.128074679510702e-07,7.342145837132274e-07,7.202987854431299e-07,9.114284029477105e-07,9.079202038729109e-07,9.357158356760922e-07,9.191922902378228e-07,9.414660397418691e-07,9.124990106617867e-07,9.397641029504725e-07,9.21748620382195e-07,2.1933066105307795e-06,2.182687838345785e-06,2.2293589816053642e-06,2.196915124611981e-06,2.225729303801136e-06,2.2108219938296985e-06,2.179183032493661e-06,4.510913292693964e-06,4.539832919402654e-06,4.508129829054542e-06,4.530476401961452e-06,4.5092145919767536e-06,4.531609836436164e-06,4.4820250289836985e-06,6.652558762030539e-06,6.672017305610364e-06,6.6448942973728635e-06,6.658537969237926e-06,6.6299657735336954e-06,6.647964569965942e-06,6.596877831331937e-06,6.602200463349148e-06,6.476490296147973e-06,6.436123078237177e-06,6.382547374992351e-06,6.389638381895237e-06,6.322441392050604e-06,6.321131389123702e-06,9.43497736930343e-06,9.352624878861237e-06,9.358271739445286e-06,9.257629272586605e-06,9.255775728225769e-06,1.1736089390004644e-05,1.1722569083744987e-05,1.1579973072376196e-05,1.1555764586310098e-05,1.1431976099914774e-05,1.1312350388277301e-05,1.1288807547074938e-05,1.543571012965352e-05,LC_V24_H3p5_T8,1.543571012965352e-05
30,"(30, 1)",91,1,single,,Y,2.7871196367599436e-06,7.428229870968068e-07,7.374152025275657e-07,7.411426866658669e-07,7.356154680483153e-07,7.426125024055519e-07,1.2354475459819084e-06,1.2274787506779678e-06,1.2763589722672736e-06,1.2327418925093372e-06,1.2244737137579843e-06,1.2510158329534732e-06,1.2336286168908605e-06,1.6460401446299368e-06,1.6358259612580352e-06,1.6839715810766017e-06,1.6508588908959088e-06,1.6217471690160595e-06,1.6446529098552962e-06,1.6231222448392288e-06,2.5790632793807374e-06,2.573080263946894e-06,2.6107641390100396e-06,2.585255016526113e-06,2.6127325966363204e-06,2.5682697926057143e-06,2.6037415600172936e-06,2.5767047748487177e-06,7.40587864740166e-06,7.387616402870609e-06,7.41810430450904e-06,7.364388979857824e-06,7.363860861728145e-06,7.294965079476939e-06,7.245704378666125e-06,1.2381673465764693e-05,1.2374350426922559e-05,1.2317115911736266e-05,1.2299626810848158e-05,1.2202534645031088e-05,1.2189893879750668e-05,1.2094288961440768e-05,1.7298371231813054e-05,1.7277406798833603e-05,1.721979718473154e-05,1.7179895918850395e-05,1.7060421537359048e-05,1.702315688953756e-05,1.69334718989022e-05,1.6878863514251118e-05,1.939597039936172e-05,1.9184609463304478e-05,1.8957977652154133e-05,1.885461616635337e-05,1.8712893774456257e-05,1.8609352708506432e-05,2.9902598399115618e-05,2.9524671407910782e-05,2.9370953671080835e-05,2.8973546989942976e-05,2.883135843916676e-05,3.799635954292441e-05,3.773079101238797e-05,3.715233597443033e-05,3.688134397624647e-05,3.801240772298166e-05,3.752251223933364e-05,3.726086003221866e-05,5.044176229494782e-05,LC_V24_H3p5_T8,5.044176229494782e-05
30,"(30, 0)",99,1,single,,K,1.276091664013953e-06,1.4824867097409068e-07,1.4591944542746867e-07,1.5152511875508925e-07,1.4816718552346585e-07,1.5668726824086586e-07,2.474698904865416e-07,2.4471587491661924e-07,2.681496663926266e-07,2.522451537920748e-07,2.481657269162811e-07,2.677575935860211e-07,2.590470369108579e-07,4.961826646167485e-07,4.928038829127585e-07,5.174185724418135e-07,5.046476051882849e-07,4.912531558204467e-07,5.116186851404005e-07,4.997384284855444e-07,6.657627175943358e-07,6.6202642488945e-07,6.92618026320202e-07,6.78689173058652e-07,7.092357364488062e-07,6.769496272499687e-07,7.204425490839067e-07,6.977951125442444e-07,3.879075604176686e-06,3.868929686723769e-06,3.890952921845162e-06,3.8589378421025844e-06,3.872572118934427e-06,3.8406806643781524e-06,3.7929103729560665e-06,5.8604635490045645e-06,5.878670118099323e-06,5.833961833488009e-06,5.8501166868560825e-06,5.806925069318857e-06,5.837496842016844e-06,5.74529223325191e-06,8.433106816643958e-06,8.45964809684913e-06,8.390724098206462e-06,8.410539805096422e-06,8.33960065478245e-06,8.369613710173346e-06,8.257111172383467e-06,8.268733342306105e-06,9.58887625689963e-06,9.491704817815728e-06,9.380724894414582e-06,9.363145747151769e-06,9.251560036928174e-06,9.229998842577363e-06,1.4651155569119941e-05,1.4482770763535252e-05,1.4476381869107252e-05,1.4287715977615602e-05,1.4291403702238245e-05,1.8294138915933682e-05,1.8293419582186428e-05,1.8022648120054686e-05,1.8009707097847722e-05,1.6563192228435135e-05,1.6353861256827924e-05,1.636665871563558e-05,2.158886324605282e-05,LC_V24_H3p5_T8,2.158886324605282e-05
30,"(30, 0)",99,1,single,,Y,2.232718925796445e-06,3.9141590451340754e-07,3.8674939893433317e-07,3.9127563626070223e-07,3.8572934115339665e-07,3.942454692657105e-07,9.274945337105768e-07,9.210167685848495e-07,9.609370392860663e-07,9.27835959272723e-07,9.204394714266561e-07,9.47287178838212e-07,9.32340776717839e-07,2.221295157503372e-06,2.214448959412258e-06,2.2351900457953563e-06,2.209922563884972e-06,2.1845920527865474e-06,2.1925791781831777e-06,2.1715987475276595e-06,3.1145135441898946e-06,3.1056789502988716e-06,3.1508374361541624e-06,3.12081330025662e-06,3.1569484991086918e-06,3.0962424536081208e-06,3.1510346477112514e-06,3.1114615882227152e-06,2.0347701889340445e-05,2.031281195006858e-05,2.0214298549582893e-05,2.011442451510189e-05,1.9958946574068522e-05,1.965818282902008e-05,1.953830901843282e-05,2.834462894178593e-05,2.8207450638729755e-05,2.8051269721764335e-05,2.7863446032665626e-05,2.7495884809768778e-05,2.731993777532837e-05,2.7090312548443103e-05,3.769329956194115e-05,3.7486397723729425e-05,3.731143897771814e-05,3.7055287804302976e-05,3.656963806141482e-05,3.6316665801429766e-05,3.6065313460585045e-05,3.5774008278370157e-05,4.2499473640105585e-05,4.186882797406854e-05,4.1211563853880425e-05,4.085964978089933e-05,4.05756562388462e-05,4.017039676643542e-05,6.677642643836898e-05,6.579109389101579e-05,6.5266910044923e-05,6.424599469074854e-05,6.37001991593885e-05,7.982683017807534e-05,7.923134581348313e-05,7.783894433155361e-05,7.722381941546892e-05,7.209049879223458e-05,7.100339972430438e-05,7.044842991748422e-05,8.779674588824848e-05,LC_V24_H3p5_T8,8.779674588824848e-05
31,"(31, 1)",90,2,single,,TY,1.4611817526796536e-08,3.010212552903903e-09,3.022387792665711e-09,2.993884686358988e-09,3.003878623662947e-09,2.9813336615453664e-09,5.767125900214158e-09,5.7219302980560346e-09,5.970469926650498e-09,5.734761393220317e-09,5.690660398582241e-09,5.815217228099301e-09,5.723281908059276e-09,1.4894396123739076e-08,1.4852987189908891e-08,1.4760715624096545e-08,1.465560068591689e-08,1.4533095710036943e-08,1.4381538849974151e-08,1.4291209052318256e-08,5.605677243826827e-08,5.6046371652808e-08,5.579452483795419e-08,5.571334272728521e-08,5.545266006794432e-08,5.535282562829582e-08,5.510531692236278e-08,5.504917021855114e-08,3.676994584209505e-07,3.6700638292995907e-07,3.6422341884552155e-07,3.62621679948919e-07,3.585843648106585e-07,3.53080428693521e-07,3.52045267056054e-07,5.914186477909275e-07,5.849787875779573e-07,5.830823316737793e-07,5.76416666186694e-07,5.669407501096742e-07,5.605489836280469e-07,5.575107912089776e-07,9.81553979434393e-07,9.75491040244037e-07,9.716447948583425e-07,9.64577523409458e-07,9.526272492037493e-07,9.452744636780755e-07,9.401880585113975e-07,9.320899260168853e-07,1.3875676819110782e-06,1.3609766267923569e-06,1.3371373390793167e-06,1.3208507524427113e-06,1.3134957627174546e-06,1.2967430768075508e-06,3.0057966431278883e-06,2.9434414526413103e-06,2.9012135868188147e-06,2.842326057856144e-06,2.80651309675851e-06,4.440849092946987e-06,4.371875622443388e-06,4.273383438161012e-06,4.208193454725162e-06,4.554805480997572e-06,4.474656603777766e-06,4.423509553481001e-06,6.647709838175143e-06,LC_V24_H3p5_T8,6.647709838175143e-06
31,"(31, 0)",98,2,single,,TY,1.4072553681162966e-08,4.274329384537815e-09,4.264039567764708e-09,4.211226175599234e-09,4.2036822526308335e-09,4.173031691224304e-09,2.1327450636901382e-08,2.1156368230016253e-08,2.202058743266503e-08,2.1147775831109508e-08,2.099043346425966e-08,2.1383014621684886e-08,2.1061583489704703e-08,7.430889394332469e-08,7.404788295370867e-08,7.413112042490787e-08,7.320044057754153e-08,7.237546886002088e-08,7.183119551729965e-08,7.119773689030906e-08,1.4694048270173717e-07,1.465039288581713e-07,1.4799333829920732e-07,1.4648280938046727e-07,1.470904143158225e-07,1.444323497974498e-07,1.4552457045661098e-07,1.4394899978994678e-07,2.5136378091214584e-06,2.508487068858407e-06,2.4800463868680045e-06,2.4659844743443972e-06,2.4273883553853645e-06,2.3650218792569204e-06,2.3462169863671253e-06,3.8046647192149734e-06,3.7630496224261317e-06,3.735477046561772e-06,3.682403474613769e-06,3.6001751260882283e-06,3.54743728887821e-06,3.5124505286567393e-06,5.384017646514787e-06,5.313027535740074e-06,5.290268769198715e-06,5.210912082987706e-06,5.103683976721868e-06,5.027853305030863e-06,4.994831162691712e-06,4.915458952229996e-06,6.331847023087435e-06,6.192553937880056e-06,6.051589479702792e-06,5.98725795724761e-06,5.939306611124285e-06,5.841741022509258e-06,1.2162217908982462e-05,1.1908338168479828e-05,1.1736660223533815e-05,1.1483052254639972e-05,1.1306282437730672e-05,1.489884381641724e-05,1.4685127237743547e-05,1.4339671499966601e-05,1.4132367264360179e-05,1.3166850669048632e-05,1.291021281768113e-05,1.274218438388802e-05,1.640486325264422e-05,LC_V24_H3p5_T8,1.640486325264422e-05
33,"(33, 0)",54,2,single,,K,2.4107964993072702e-08,6.790339512609981e-09,6.83068008435631e-09,6.781787033814611e-09,6.8146631188713765e-09,6.81038654563471e-09,1.1695011432855144e-08,1.1621306190416777e-08,1.2286138562068405e-08,1.1764787447895104e-08,1.1665024551937713e-08,1.2144240626724182e-08,1.1898214327936292e-08,1.4458702015222231e-08,1.4329017291440477e-08,1.5185917291436017e-08,1.4741853574154902e-08,1.4280080991917735e-08,1.48861164554281e-08,1.4521629170652037e-08,3.309225927807342e-08,3.298116988152903e-08,3.352817488879666e-08,3.311462088941831e-08,3.3767771668688894e-08,3.2993922876207196e-08,3.392210340463671e-08,3.340791151674084e-08,2.0436523716787222e-07,2.0360063084173045e-07,2.0529653178909492e-07,2.0299774574249794e-07,2.0395807092421548e-07,2.0206779289574326e-07,1.9883671710738358e-07,4.503610552896762e-07,4.514312479906048e-07,4.4857727816965115e-07,4.496819962225132e-07,4.474633453153161e-07,4.5108489770423094e-07,4.443488007570707e-07,6.878726067587309e-07,6.895070921822945e-07,6.869620783958276e-07,6.892729728260464e-07,6.865143113569262e-07,6.910398739959556e-07,6.812659041858658e-07,6.855178059618102e-07,7.869729565576533e-07,7.740224557595328e-07,7.618398253930648e-07,7.705433723419512e-07,7.624448053430831e-07,7.630912222643645e-07,1.4340477439680352e-06,1.4143876042121387e-06,1.413930264646883e-06,1.394224348230469e-06,1.3991987384515301e-06,1.9553097603593584e-06,1.943704743477539e-06,1.90744075054503e-06,1.902420403875541e-06,1.718534249760438e-06,1.6942378619010495e-06,1.6970074406660374e-06,2.5533067694842425e-06,LC_V24_H3p5_T8,2.5533067694842425e-06
33,"(33, 0)",54,2,single,,Y,7.17680304376944e-08,7.2741283805588864e-09,7.283212309037524e-09,7.199505151173341e-09,7.197707500959099e-09,7.16782639122275e-09,2.7776024062043047e-08,2.7523863840173024e-08,2.874465257309654e-08,2.7493813228446256e-08,2.7230745249321917e-08,2.7851848974848894e-08,2.7324055353485607e-08,7.071129888751384e-08,7.019664316042464e-08,7.154247050743189e-08,7.014628429667399e-08,6.864491102935255e-08,6.926602332668517e-08,6.830360301360023e-08,2.299889467314216e-07,2.294757407235605e-07,2.301945733548482e-07,2.285890052123564e-07,2.2843988198437917e-07,2.2553283394709082e-07,2.260760052451197e-07,2.2431811529182043e-07,1.5355265842105864e-06,1.5325328262338626e-06,1.5186895711572355e-06,1.5102906191813122e-06,1.4913156269171918e-06,1.4607644069255261e-06,1.4504424716466395e-06,2.4321075125183872e-06,2.4121409157955325e-06,2.401319735628021e-06,2.3797319938256544e-06,2.3426469482664455e-06,2.3244191834770193e-06,2.3007004476765344e-06,3.605498518357507e-06,3.579611882794991e-06,3.5666038707260514e-06,3.537723581588639e-06,3.4985306386956555e-06,3.4839018471165054e-06,3.458554162877758e-06,3.4430795535309926e-06,5.02967939532079e-06,4.906311861636368e-06,4.789861221175471e-06,4.730510725582268e-06,4.684278945600988e-06,4.6182933481115546e-06,1.0685036085595033e-05,1.0457596847141595e-05,1.0326842124757246e-05,1.0144940021630665e-05,1.0039792641962992e-05,1.5886602466770787e-05,1.561812605966138e-05,1.525018363470538e-05,1.504633256831899e-05,1.499647478084036e-05,1.4692292339166444e-05,1.4495453610270301e-05,2.2182337916437652e-05,LC_V24_H3p5_T8,2.2182337916437652e-05
33,"(33, 1)",68,2,single,,K,1.1153214358252258e-07,9.426139588527774e-10,9.588053999085476e-10,1.221507860781749e-09,1.1985763776586636e-09,1.9475602422163726e-09,3.1049727798081386e-09,3.095794777207198e-09,3.7759997316369015e-09,3.707193821636373e-09,3.6615047001063288e-09,5.372120696283626e-09,4.8912692731951465e-09,1.030193386273482e-08,1.027296437630196e-08,1.1700619464423727e-08,1.1618509365448005e-08,1.1376992823519603e-08,1.4840058294283935e-08,1.3931466855215883e-08,1.3640637330191457e-08,1.3482677778687877e-08,1.8247263331917923e-08,1.711976453872507e-08,2.784835286743565e-08,2.151025454690782e-08,4.009752643687172e-08,3.31832201552738e-08,3.2368396662004213e-07,3.228461914782972e-07,3.268905743221882e-07,3.258758698128971e-07,3.369415737101397e-07,3.522753937329244e-07,3.449170478172192e-07,5.864820181386073e-07,5.93992552175956e-07,5.894143687294188e-07,6.06427179931008e-07,6.295799223524304e-07,6.752624914826552e-07,6.596999604070887e-07,1.0238835731425411e-06,1.0302233022812805e-06,1.0232502212327807e-06,1.043970509932268e-06,1.0661295076878749e-06,1.1190431084644293e-06,1.096429185072943e-06,1.1615146487791253e-06,1.3336569599393499e-06,1.3343636150054934e-06,1.3576036873234072e-06,1.413083095530514e-06,1.402189892262148e-06,1.4684905791654012e-06,2.612467345885328e-06,2.635328307195172e-06,2.7071721489100355e-06,2.7629933128711564e-06,2.904120397414115e-06,3.717996341095207e-06,3.7968195894183166e-06,3.844409948030803e-06,3.988480464682345e-06,3.447167595136036e-06,3.52814477621525e-06,3.6742217303403965e-06,5.624802313447214e-06,LC_V24_H3p5_T8,5.624802313447214e-06
33,"(33, 1)",68,2,single,,Y,1.6705626221250598e-06,1.0059026335160152e-08,1.0101604801462321e-08,1.739611706473443e-08,1.623407955360123e-08,3.6161068740371055e-08,4.616352492332456e-08,4.577885618774367e-08,6.808507207794929e-08,6.482251809298002e-08,6.25180143078355e-08,1.1399853738605032e-07,1.0172105525187318e-07,2.2261831289066987e-07,2.2208321495412203e-07,2.7888778560005036e-07,2.776980421709143e-07,2.629268782296927e-07,3.8330218957216975e-07,3.5529910378667686e-07,3.31193280540332e-07,3.2729734386107995e-07,4.391636362576163e-07,4.230777407529733e-07,6.499843628115925e-07,5.39690257973524e-07,9.478435099235735e-07,8.160933335479652e-07,9.184031140318814e-06,9.160554795803808e-06,9.42083507777547e-06,9.373875670367912e-06,9.923525195447322e-06,1.059901996196997e-05,1.0239218462187362e-05,1.4378629627960653e-05,1.4811479981557547e-05,1.4665229431638267e-05,1.5478991320660105e-05,1.6385812553618076e-05,1.8078627426149225e-05,1.739784566456935e-05,2.1709830451995072e-05,2.212247938507979e-05,2.1959108275835737e-05,2.281535815034544e-05,2.3722579237761628e-05,2.5586069792072978e-05,2.4720962252223103e-05,2.689101368794581e-05,2.7329881414253957e-05,2.784509848553098e-05,2.8630408719186166e-05,3.0545980425758394e-05,2.9684974799513874e-05,3.186074992193783e-05,5.483472527419006e-05,5.555523553049199e-05,5.774310451335803e-05,5.889145439207743e-05,6.214912695525207e-05,6.993854026661623e-05,7.204522876134074e-05,7.287629141234183e-05,7.611872571206252e-05,6.509368828710157e-05,6.638712276546805e-05,6.975308318004745e-05,8.899644594558204e-05,LC_V24_H3p5_T8,8.899644594558204e-05
33,"(33, 0)",71,1,single,,K,6.361630348909726e-08,2.2865296835259452e-09,2.2964074413027285e-09,2.332206085863707e-09,2.3251269813315164e-09,2.5836066179728473e-09,3.63386571563777e-09,3.594343608825133e-09,3.962461454197074e-09,3.730831272132841e-09,3.6803238026750086e-09,4.068418293973923e-09,3.89032419374982e-09,4.424363407322092e-09,4.3907534503259714e-09,4.800202770717923e-09,4.6644968089379686e-09,4.486190324736476e-09,4.930605918102996e-09,4.763382250138733e-09,1.1084673872530852e-08,1.1013370231255803e-08,1.1755474981953684e-08,1.1529049719064284e-08,1.2397065442280567e-08,1.1664154779906396e-08,1.4578554137038396e-08,1.2856112025108608e-08,4.771519264291359e-08,4.762470332484037e-08,4.8690855328572106e-08,4.845967536444464e-08,5.046937177425077e-08,5.2074907563660995e-08,5.071451885602218e-08,1.2780876319798772e-07,1.297443930619452e-07,1.2889806992579344e-07,1.312617766749545e-07,1.3249439237251642e-07,1.3616559363006038e-07,1.334508933401334e-07,2.2394408607788892e-07,2.2621452022333972e-07,2.2412971867533264e-07,2.266834122696058e-07,2.2818248442186948e-07,2.333566249981026e-07,2.3148821575789859e-07,2.374139259782509e-07,2.53374584356707e-07,2.5496994228249974e-07,2.5786688355370786e-07,2.622792680949723e-07,2.579276001559461e-07,2.6359956593704265e-07,4.638175922761244e-07,4.625857221560462e-07,4.666910692266792e-07,4.6983128427216563e-07,4.77635263336268e-07,6.436102138535435e-07,6.453193729958735e-07,6.474239951611713e-07,6.5529322923989e-07,5.547436729574738e-07,5.505081187361007e-07,5.62985802762696e-07,9.111463184357025e-07,LC_V24_H3p5_T8,9.111463184357025e-07
33,"(33, 0)",71,1,single,,Y,6.361630348909726e-08,2.089181055890881e-09,2.0891722311070985e-09,2.1115250512229015e-09,2.0950903936967937e-09,2.2544057967529577e-09,9.77982079612654e-09,9.67613599276822e-09,1.0291742814804084e-08,9.829015191393283e-09,9.742714087348792e-09,1.0285749161106935e-08,1.0067024274643378e-08,2.714471272232317e-08,2.6967650372284418e-08,2.7758568811880404e-08,2.7314937530277555e-08,2.675552926150945e-08,2.7589071024606948e-08,2.715444552496196e-08,9.124432238496036e-08,9.099306786135353e-08,9.291739478269114e-08,9.205976974055195e-08,9.422122879204487e-08,9.18311728820636e-08,9.594418760439823e-08,9.409206409390058e-08,5.033892381044782e-07,5.02551398950307e-07,5.02637494851613e-07,5.002698620599688e-07,4.999411653983161e-07,4.970340587990958e-07,4.926837801257498e-07,9.113218095075421e-07,9.048813658952881e-07,9.015220751036074e-07,8.969804813580569e-07,8.884601912930912e-07,8.882642475381242e-07,8.798379241356839e-07,1.4990418960440539e-06,1.4978006099019754e-06,1.4882790233263648e-06,1.48837999957857e-06,1.4791344045686933e-06,1.4828625090297633e-06,1.4731572647972252e-06,1.4780998072413827e-06,2.1400297046798104e-06,2.1175499647339113e-06,2.0965147897695344e-06,2.0956922689313873e-06,2.0713882624107836e-06,2.066959283677607e-06,4.710166705089897e-06,4.638495975586088e-06,4.602749315173018e-06,4.548461154516246e-06,4.529412818082605e-06,6.854375944676453e-06,6.7717674494138985e-06,6.660943521146189e-06,6.610890034500791e-06,6.866583402239233e-06,6.745915927744996e-06,6.687322177701173e-06,1.0302503143489965e-05,LC_V24_H3p5_T8,1.0302503143489965e-05
33,"(33, 1)",81,1,single,,K,1.6975771107038232e-08,8.487191135304106e-10,8.253753240562991e-10,9.15615346155473e-10,8.639197418798508e-10,1.0084757429519819e-09,2.7620510955463818e-09,2.6615377905749805e-09,3.7235851880270744e-09,2.9595171331435535e-09,2.776891945571288e-09,3.6588441169307032e-09,3.2053673578835578e-09,6.693248679972829e-09,6.448992112457713e-09,8.62159265800434e-09,7.652344164553552e-09,6.623815651114706e-09,8.382722616866526e-09,7.463159406332989e-09,1.0713712624337356e-08,1.0455604755902895e-08,1.301838706769889e-08,1.188104953328467e-08,1.4726942676083082e-08,1.1775464300498466e-08,1.5787234718101555e-08,1.3544404678259988e-08,1.553184719764134e-07,1.5395846687806067e-07,1.6550999741412057e-07,1.5956885353462903e-07,1.714700198225283e-07,1.7294558797286187e-07,1.616027078246967e-07,2.8280979696084816e-07,3.000502619558351e-07,2.890518309909534e-07,3.0709892375677444e-07,3.086000307721241e-07,3.3239573584851803e-07,3.059115347657313e-07,4.908601212910422e-07,5.091054488254356e-07,4.960934663691175e-07,5.173779723768906e-07,5.17604325272018e-07,5.488676435917197e-07,5.123383897627359e-07,5.373387780070326e-07,6.265559549670206e-07,6.280699499869921e-07,6.227130859724791e-07,6.495869230184766e-07,6.153538078137583e-07,6.336023855927551e-07,1.2653575005101078e-06,1.2598288900387157e-06,1.3046296699363891e-06,1.2814817501022475e-06,1.333780427084574e-06,1.7968966542400208e-06,1.8412883885725632e-06,1.804031238648423e-06,1.8565130393829227e-06,1.6654441360734363e-06,1.6311377176052593e-06,1.6811404174932293e-06,2.6442131912184465e-06,LC_V24_H3p5_T8,2.6442131912184465e-06
33,"(33, 1)",81,1,single,,Y,8.354119653706368e-08,6.3402834308478474e-09,6.126685355068104e-09,6.80176940410984e-09,6.399417238594504e-09,7.526690701266552e-09,2.980847750904614e-08,2.8784038082276675e-08,3.841609811213472e-08,3.137001374515128e-08,2.975942863207045e-08,3.7402811895177284e-08,3.361116889799001e-08,1.0680617947886182e-07,1.0408621285348792e-07,1.2685554287559253e-07,1.1659480475560646e-07,1.0544388826628604e-07,1.2397808244766827e-07,1.1432063516341093e-07,1.845565255263562e-07,1.810211015719515e-07,2.1036339938063846e-07,1.9704829272735127e-07,2.2596228001709448e-07,1.955346302913095e-07,2.355184712996363e-07,2.1396639350650595e-07,3.5916260529216537e-06,3.569779222126568e-06,3.679901135094955e-06,3.5985077862053225e-06,3.704056080645392e-06,3.6682945744438128e-06,3.5219044450596112e-06,5.680967064175351e-06,5.830108228808799e-06,5.681538592341227e-06,5.831535466118764e-06,5.7815726787611845e-06,5.993814687632179e-06,5.685376908941897e-06,9.004119034216082e-06,9.127307711261491e-06,8.9666618769465e-06,9.110266446537303e-06,9.018376788069895e-06,9.249692094993448e-06,8.874188497267123e-06,9.04307852481665e-06,1.1134580623980412e-05,1.1010675030536543e-05,1.0813280915072013e-05,1.0975478717965546e-05,1.0585679878435986e-05,1.0690688366751156e-05,2.3093198955001644e-05,2.2713991733763184e-05,2.2909101137164338e-05,2.2386084517232116e-05,2.2622506624601813e-05,2.955452090806964e-05,2.960044177175816e-05,2.884250726901376e-05,2.89519549252992e-05,2.6775897837736236e-05,2.6280204355444292e-05,2.6511391352346448e-05,3.5723463288953645e-05,LC_V24_H3p5_T8,3.5723463288953645e-05
34,"(34, 0)",70,2,single,,K,1.391228115844076e-06,7.242211831638782e-07,7.244715148236457e-07,7.248546754418412e-07,7.244698167721109e-07,7.274124744041971e-07,1.1437007039885383e-06,1.1385154914779463e-06,1.1798693649052181e-06,1.1474755279582993e-06,1.1406378264223382e-06,1.1689011367360372e-06,1.1537533500984213e-06,9.941735968003749e-07,9.892339189353948e-07,1.0236052167512288e-06,1.0053097863664047e-06,9.875608437492813e-07,1.010962213043782e-06,9.964591729577645e-07,1.301107222197778e-06,1.297359255630309e-06,1.325990046561677e-06,1.3112795649357391e-06,1.3376276108700099e-06,1.3070325528836526e-06,1.3419794192200899e-06,1.321176880477614e-06,2.8876564282232167e-06,2.879400764984532e-06,2.917945265846843e-06,2.8930532114769038e-06,2.9232881946101396e-06,2.9172243137023595e-06,2.8831915593140347e-06,5.704506037853529e-06,5.723967219439373e-06,5.6991045700459215e-06,5.722076070875007e-06,5.708972405336128e-06,5.744079834339496e-06,5.684381153099224e-06,7.821574527319125e-06,7.83979030369976e-06,7.826303174213086e-06,7.858732443177242e-06,7.861261608571984e-06,7.911367554275116e-06,7.850040543848419e-06,7.892648553781968e-06,7.7823644905581e-06,7.752919294475158e-06,7.712310748830807e-06,7.71102695919952e-06,7.649200426291634e-06,7.654805234488961e-06,1.1241045736699148e-05,1.1181124326847869e-05,1.1188450019240116e-05,1.112409912180851e-05,1.1139991652097861e-05,1.3826604266237964e-05,1.3796143888148378e-05,1.3679736333275578e-05,1.3666536736279587e-05,1.3045372104920603e-05,1.2944090158850529e-05,1.2951941208245152e-05,1.7468677474287433e-05,LC_V24_H3p5_T8,1.7468677474287433e-05
34,"(34, 0)",70,2,single,,Y,2.01957435000169e-06,6.330948510680363e-07,6.320832966192911e-07,6.322943718856967e-07,6.307660585589188e-07,6.332974239140178e-07,1.347283852068734e-06,1.3415022793553211e-06,1.3780565304727929e-06,1.3455321620871329e-06,1.3385535952223535e-06,1.3612572060329549e-06,1.3465463862087943e-06,1.8201672360381973e-06,1.813099644674774e-06,1.842654776687677e-06,1.820609159788497e-06,1.797862461742535e-06,1.813828315054169e-06,1.7961203987528915e-06,3.2260959980446386e-06,3.22366497149974e-06,3.237390943659234e-06,3.2219613294782247e-06,3.2368468787172176e-06,3.2059498483701903e-06,3.228931536763568e-06,3.2084670426592093e-06,9.136891802596758e-06,9.123231072940129e-06,9.109764986792549e-06,9.070886273127015e-06,9.038728791958525e-06,8.955454538442819e-06,8.90848980023713e-06,1.3319301411851179e-05,1.3274204332510798e-05,1.3236379969712448e-05,1.3191022083012002e-05,1.3087939944575087e-05,1.3059574004528025e-05,1.2972412750307378e-05,1.7407198193056016e-05,1.736445198803847e-05,1.732715147235347e-05,1.7290117666969354e-05,1.7194879657579354e-05,1.7177123973505962e-05,1.7085844388446723e-05,1.7057934970218617e-05,2.012108770019579e-05,1.9895130156076192e-05,1.967040211540703e-05,1.9531897616120995e-05,1.941625065850383e-05,1.9284846486499554e-05,3.194421489225304e-05,3.155959667295591e-05,3.135687912335085e-05,3.100982374936528e-05,3.083872574937708e-05,4.045872216814273e-05,4.009827166476057e-05,3.9543922708206564e-05,3.923455098798991e-05,3.908572700541282e-05,3.860466676976881e-05,3.833816589636126e-05,5.0981462589987514e-05,LC_V24_H3p5_T8,5.0981462589987514e-05
34,"(34, 1)",84,2,single,,K,1.5781490088952733e-06,1.1410990172959078e-07,1.1197465869959736e-07,1.294660806725269e-07,1.2275529621200216e-07,1.4975064429982074e-07,2.0227165671978395e-07,1.9866089486903753e-07,2.497363018605223e-07,2.220965297931789e-07,2.1283395187185175e-07,2.705103174845131e-07,2.4814328960814426e-07,4.214254480257835e-07,4.158241667106891e-07,4.81900457654508e-07,4.600082889213225e-07,4.2913349383724516e-07,5.042887597076485e-07,4.7300738271467654e-07,6.14468464194048e-07,6.118781238529087e-07,6.320115441699945e-07,6.236031516123695e-07,6.476601430732967e-07,6.249554364701684e-07,6.748200985818047e-07,6.444212108919919e-07,3.4960192205082332e-06,3.489430476084307e-06,3.4939413745701795e-06,3.474967140220266e-06,3.477341072413303e-06,3.451956167232867e-06,3.4185446987609597e-06,5.052102602197039e-06,5.058176491170521e-06,5.023474763880195e-06,5.02683622013148e-06,4.989400361396616e-06,5.038010389661316e-06,4.9503822265955884e-06,7.287198519247458e-06,7.29005263133481e-06,7.248873256510531e-06,7.250767853976194e-06,7.196993168580366e-06,7.207708248882224e-06,7.133155841117264e-06,7.131709392850354e-06,8.570530083103028e-06,8.47973823053287e-06,8.382001429963062e-06,8.372555841285319e-06,8.296124857655012e-06,8.262430889998932e-06,1.321574048994283e-05,1.307216228395882e-05,1.3047822659038483e-05,1.2895314212668076e-05,1.2879917102692563e-05,1.6574629207611666e-05,1.6560694891184918e-05,1.6337909021343265e-05,1.6318614494031646e-05,1.5184126851483022e-05,1.5019391321678464e-05,1.5026006176831014e-05,2.027290182092274e-05,LC_V24_H3p5_T8,2.027290182092274e-05
34,"(34, 1)",84,2,single,,Y,2.54004474031513e-06,3.3299050565478564e-07,3.2718835639721724e-07,3.6110823373327555e-07,3.459445590064077e-07,3.985095091306341e-07,8.675497459122079e-07,8.560843273707511e-07,9.849048792311145e-07,9.075889754994331e-07,8.82995056628342e-07,1.0159697936090824e-06,9.60649306137278e-07,2.2971316512524918e-06,2.2794404857460056e-06,2.4400914623762816e-06,2.3755412521766827e-06,2.286606705540369e-06,2.4617647292756827e-06,2.3755362252655723e-06,3.3250013025032525e-06,3.3175878120262085e-06,3.3382344767643454e-06,3.3163385020056718e-06,3.334337474878706e-06,3.285676675640459e-06,3.3725839022149426e-06,3.2914416457124336e-06,2.309442334261711e-05,2.3059805803499756e-05,2.287617994481434e-05,2.2789878282967473e-05,2.2542367354119074e-05,2.2162512580294045e-05,2.2058530419700117e-05,3.0578011247491536e-05,3.0359988424404646e-05,3.02142613624188e-05,2.993388559787215e-05,2.949375137329623e-05,2.924357260505044e-05,2.9019968620442576e-05,3.9339469782279874e-05,3.9014165615603706e-05,3.8876008600162485e-05,3.85016889530772e-05,3.794797413799407e-05,3.757114716409572e-05,3.737966996936979e-05,3.697422008809587e-05,4.469680198282343e-05,4.398131671807118e-05,4.324183202785804e-05,4.2822315284765266e-05,4.256059660816435e-05,4.20567040365432e-05,7.102669830037178e-05,6.986280359072246e-05,6.915111569274693e-05,6.797522977641113e-05,6.723545240734603e-05,8.352657721369973e-05,8.270894184343382e-05,8.114097124672425e-05,8.031885011569626e-05,7.50629254299853e-05,7.388402099685912e-05,7.314736580750406e-05,9.013063791990765e-05,LC_V24_H3p5_T8,9.013063791990765e-05
34,"(34, 0)",87,1,single,,K,1.2821583999798898e-06,5.338492273441216e-07,5.335202673961975e-07,5.331138989236822e-07,5.326260341451821e-07,5.339915294034206e-07,9.211647309868086e-07,9.159739859488829e-07,9.529414351226393e-07,9.21663853185011e-07,9.161311003451245e-07,9.372981363420961e-07,9.248554882962498e-07,8.435947159091304e-07,8.380058842232029e-07,8.720494282209337e-07,8.518929835321343e-07,8.353198720930499e-07,8.541522848183541e-07,8.413670090241316e-07,1.0895216099823859e-06,1.0855578042989733e-06,1.1130920461544473e-06,1.0969780548898393e-06,1.1178473442101327e-06,1.0907119363326064e-06,1.1169794378089994e-06,1.1001102842352927e-06,2.357085082572884e-06,2.348163915465443e-06,2.384586276791018e-06,2.357259045750855e-06,2.378948960532679e-06,2.3641897556227877e-06,2.3371364534487246e-06,4.701166439248594e-06,4.720404998357687e-06,4.693653203146957e-06,4.7077648570261114e-06,4.685026836384695e-06,4.701642660649805e-06,4.658930317341026e-06,6.643553153319889e-06,6.6605806390876645e-06,6.6363252373926255e-06,6.6503114334049994e-06,6.627739017039843e-06,6.6476243927658695e-06,6.599712866913677e-06,6.611559975671767e-06,6.642209707186465e-06,6.600973784736568e-06,6.549106893697687e-06,6.552188527812329e-06,6.497823307252001e-06,6.490371029530748e-06,9.60575782565678e-06,9.531029740775324e-06,9.521202113817748e-06,9.437713946167937e-06,9.430779380399077e-06,1.2024517277701634e-05,1.1972474153960556e-05,1.1854230319683434e-05,1.1813462585756889e-05,1.1738642729044083e-05,1.1624035059937244e-05,1.1593968386050365e-05,1.6076214898747096e-05,LC_V24_H3p5_T8,1.6076214898747096e-05
34,"(34, 0)",87,1,single,,Y,2.4172294117217326e-06,6.822744148272281e-07,6.810399638294823e-07,6.798842917555356e-07,6.783269584022175e-07,6.796416254433923e-07,1.4885154262278771e-06,1.4803974653194295e-06,1.5292068314058588e-06,1.485044979588442e-06,1.4768660932044265e-06,1.50265075060724e-06,1.485577810532197e-06,1.8861314999828016e-06,1.8762965514863536e-06,1.9219620900416993e-06,1.8895586280711422e-06,1.8612715538668771e-06,1.882409423210545e-06,1.86134851482181e-06,3.002627503095266e-06,2.996222981874964e-06,3.0343832942430403e-06,3.0078958991566406e-06,3.0355513047373466e-06,2.990433846434894e-06,3.0265733995550667e-06,2.9993869681460626e-06,7.75805840266379e-06,7.740401649827352e-06,7.76145711195446e-06,7.710138876371455e-06,7.702028928586796e-06,7.627940410747192e-06,7.577545339756276e-06,1.2417010298055155e-05,1.239515081609613e-05,1.2347675061160097e-05,1.2318041786087406e-05,1.2221311901195359e-05,1.219747927192799e-05,1.2120166303187639e-05,1.6826529313715164e-05,1.6802294665225172e-05,1.67523410346197e-05,1.671735514799932e-05,1.660893959784604e-05,1.658092230160869e-05,1.649107609827619e-05,1.6448930359100692e-05,1.8958512785799757e-05,1.8748914807565936e-05,1.8524971006455696e-05,1.8433129124314788e-05,1.8304590639547124e-05,1.8197956890793963e-05,2.9109381682355127e-05,2.876429281774466e-05,2.858956268110438e-05,2.8265912083894276e-05,2.8103134031379174e-05,3.7111265308791495e-05,3.677643445759461e-05,3.629885311360424e-05,3.6022203502002354e-05,3.670509866551421e-05,3.6261573422470914e-05,3.600319276473473e-05,4.8960512022431634e-05,LC_V24_H3p5_T8,4.8960512022431634e-05
34,"(34, 1)",97,1,single,,K,1.2348038187240428e-06,1.479009060432363e-07,1.4631180956353392e-07,1.507543203950952e-07,1.4810532423206942e-07,1.5525961314016312e-07,3.112836503492543e-07,3.0834625717051637e-07,3.344938630133825e-07,3.1576592860225385e-07,3.114585734280173e-07,3.327528120842964e-07,3.2274904651400223e-07,6.037645192751842e-07,5.998281145139679e-07,6.280401924298788e-07,6.129755740492278e-07,5.98424013971953e-07,6.201812081835282e-07,6.075313232724837e-07,7.746771929851999e-07,7.701890057885366e-07,8.090870301286383e-07,7.909888050118517e-07,8.290067756127167e-07,7.89917976783415e-07,8.419453605684811e-07,8.145743264561069e-07,4.142264563472346e-06,4.131328218286392e-06,4.157287363560976e-06,4.119700573460893e-06,4.137404885672194e-06,4.1015037131976414e-06,4.048480240270701e-06,6.090654999021196e-06,6.113747993965291e-06,6.058292464939251e-06,6.077595631930307e-06,6.025005458377724e-06,6.0574723690807375e-06,5.957871170234228e-06,8.666961898200063e-06,8.705189649404939e-06,8.636278194683884e-06,8.666584284346205e-06,8.601785974324239e-06,8.64399128525817e-06,8.520142388546823e-06,8.541125053398258e-06,1.0149590504336176e-05,1.0070598262217305e-05,9.971182041762274e-06,1.0017865299486802e-05,9.879463472133466e-06,9.87116881849257e-06,1.5519504287886824e-05,1.534844154032752e-05,1.5353537345812293e-05,1.5149017487831775e-05,1.5156539610032717e-05,1.948242685149022e-05,1.9487258158327213e-05,1.9225007911424516e-05,1.9223340127186865e-05,1.7922017651228883e-05,1.771852923705145e-05,1.7729543238384305e-05,2.4298914684862357e-05,LC_V24_H3p5_T8,2.4298914684862357e-05
34,"(34, 1)",97,1,single,,Y,2.221518025840218e-06,4.004045086316531e-07,3.9734322654762643e-07,3.9997595529787984e-07,3.960015660841285e-07,4.022588685543115e-07,1.051101870165188e-06,1.0439614376805078e-06,1.0912094923246035e-06,1.0512607345249574e-06,1.0430926804418083e-06,1.0738111077244397e-06,1.056243178114482e-06,2.4681676289419365e-06,2.4599924927164823e-06,2.489118919575984e-06,2.4576978923709142e-06,2.430129345891013e-06,2.441478374818016e-06,2.4187740252279926e-06,3.329670747969979e-06,3.3192978625429433e-06,3.3825121723153414e-06,3.344436197489538e-06,3.3954656727632024e-06,3.320271092792205e-06,3.3923210528668957e-06,3.3432656410758425e-06,2.107087785145936e-05,2.103293106414447e-05,2.094636646446031e-05,2.083215798978367e-05,2.068277281706208e-05,2.0369473440790313e-05,2.023537057386792e-05,2.8811126152857873e-05,2.8685171601955885e-05,2.850567551741193e-05,2.8322613542255945e-05,2.793435606225965e-05,2.7761072274210414e-05,2.7513203885875626e-05,3.792405017293978e-05,3.773617449956345e-05,3.755704640042242e-05,3.732290367351978e-05,3.684927184928465e-05,3.662210668319457e-05,3.6351713087381804e-05,3.608043916605641e-05,4.331486992134245e-05,4.273250665437904e-05,4.210488988339894e-05,4.188258017503308e-05,4.1543211871468996e-05,4.1169843778222116e-05,6.807461812794221e-05,6.70653120768091e-05,6.65216472514087e-05,6.547320125534988e-05,6.493255024270557e-05,8.165990403859848e-05,8.101518959615641e-05,7.966239827666977e-05,7.903000989101358e-05,7.43267112477933e-05,7.325917635910792e-05,7.274870162352083e-05,9.324232179781794e-05,LC_V24_H3p5_T8,9.324232179781794e-05
35,"(35, 0)",86,2,single,,TY,1.45838708053974e-08,2.9093858943417785e-09,2.922878544217353e-09,2.89364846294515e-09,2.9037857154086524e-09,2.882418333622038e-09,6.111444963500657e-09,6.0659208791038196e-09,6.369129842387443e-09,6.084755352262794e-09,6.038741254246802e-09,6.19120815169367e-09,6.083262277738901e-09,1.5082466623223968e-08,1.5004803767981e-08,1.5103933829721688e-08,1.4913441664523834e-08,1.4699574003529627e-08,1.4669857643368212e-08,1.4517774791669463e-08,6.312163991719482e-08,6.306114150515405e-08,6.308992046378235e-08,6.286374467801677e-08,6.278246959035259e-08,6.241236852655018e-08,6.240878665463523e-08,6.220534753627113e-08,3.7192636409368085e-07,3.714414195437115e-07,3.6810723381363746e-07,3.669707650827959e-07,3.628082570607563e-07,3.574982229838689e-07,3.5669873196754764e-07,5.896809213714386e-07,5.83849237878213e-07,5.818356251265223e-07,5.756913102034798e-07,5.670317799465654e-07,5.612389189299249e-07,5.584614170976747e-07,9.621443989899759e-07,9.564278607295117e-07,9.52715341047479e-07,9.459954648311463e-07,9.346485270883694e-07,9.277327813795166e-07,9.233365855064061e-07,9.160463973169495e-07,1.381663414968252e-06,1.3548129933887207e-06,1.3291852784489674e-06,1.3063723627621484e-06,1.2980153768323784e-06,1.280884956804346e-06,2.952368124824298e-06,2.897448473508673e-06,2.8638906732470013e-06,2.8154412604957188e-06,2.7845100417332363e-06,4.263475220809793e-06,4.207503176041804e-06,4.126647693462015e-06,4.073551251030402e-06,4.174872592983237e-06,4.100334894197557e-06,4.046597810033547e-06,6.054785127240693e-06,LC_V24_H3p5_T8,6.054785127240693e-06
35,"(35, 1)",100,2,single,,TY,1.3145628887020366e-08,4.2010943530425764e-09,4.18276509812914e-09,4.146841727258133e-09,4.126697909222061e-09,4.1124947855395664e-09,2.0279231507527564e-08,2.0124457996016668e-08,2.086101002097371e-08,2.009306769838396e-08,1.9953053015577757e-08,2.0271211048065425e-08,1.999817246573113e-08,7.015715164609302e-08,6.997040901274327e-08,6.97219733266165e-08,6.896009207540289e-08,6.831328539619871e-08,6.758831683507187e-08,6.704959541265903e-08,1.4269522370445373e-07,1.422828066064595e-07,1.4331048855476357e-07,1.4211292652599422e-07,1.4234268423085881e-07,1.400742744070509e-07,1.4085668736018573e-07,1.3946608504175277e-07,2.468899509788398e-06,2.4639063989426998e-06,2.4343120404283655e-06,2.4215918281888102e-06,2.3820628539054874e-06,2.3203845104090764e-06,2.303164819215287e-06,3.781937400663787e-06,3.738946800973898e-06,3.7134061087631403e-06,3.6598487855550517e-06,3.580199394674569e-06,3.5271132308141177e-06,3.495041301322572e-06,5.414504436560939e-06,5.340850705578537e-06,5.318996510782561e-06,5.236911035525897e-06,5.12842012003233e-06,5.048631521174914e-06,5.018020337882548e-06,4.935209988221127e-06,6.3588332927044604e-06,6.218054293821253e-06,6.075169238086041e-06,6.006544214085931e-06,5.959859097986476e-06,5.8600894538549804e-06,1.2148735707245899e-05,1.1893876281679173e-05,1.1719059315971669e-05,1.1465391223637075e-05,1.128642371491257e-05,1.4907774663064998e-05,1.4697675480164929e-05,1.4347743384331112e-05,1.4143368216827019e-05,1.3197667559228147e-05,1.2941226233414696e-05,1.2764248009438443e-05,1.6325077763208928e-05,LC_V24_H3p5_T8,1.6325077763208928e-05
37,"(37,)",37,2,single,B_as_chord,X,3.522143460758204e-07,6.217851075023496e-09,6.156094273356092e-09,6.394126734576312e-09,6.25873598538911e-09,6.708030835027002e-09,3.274259407408921e-08,3.2410389711763505e-08,3.484446730779123e-08,3.313903857045838e-08,3.2535676371245055e-08,3.506594698206111e-08,3.3907881163059255e-08,1.4332682508737158e-07,1.422324015292464e-07,1.4576901722781967e-07,1.4308336650697605e-07,1.3879072761401122e-07,1.4304445234485042e-07,1.3934017220662897e-07,3.755566193887147e-07,3.7470896971625044e-07,3.781157658562419e-07,3.748465170001963e-07,3.8032847014079564e-07,3.721925650588367e-07,3.839152402827291e-07,3.7732731848989645e-07,3.97357479273614e-06,3.9619857258659075e-06,3.922551079006113e-06,3.893693727815679e-06,3.847122376538973e-06,3.7645159135797603e-06,3.718174881409291e-06,5.325518140130428e-06,5.259823739090098e-06,5.233788744250766e-06,5.1792798791721265e-06,5.101884471943304e-06,5.087862914199304e-06,5.020375181031748e-06,7.309453270050949e-06,7.234162341363556e-06,7.19757219935104e-06,7.139986996861892e-06,7.032059497227924e-06,7.018345808979247e-06,6.902521348955844e-06,6.890517637569554e-06,1.11781485952485e-05,1.0869141492175505e-05,1.0565174573964757e-05,1.0446309272524806e-05,1.0258214653028278e-05,1.0140339727367341e-05,2.518458785679746e-05,2.4356020477978558e-05,2.3936836743353417e-05,2.3203827764058444e-05,2.2887882977760447e-05,3.7953070145623184e-05,3.715140718201725e-05,3.5918575492719496e-05,3.52680169969825e-05,3.3467546467312695e-05,3.256123022761367e-05,3.1987606429112734e-05,5.162994690620954e-05,LC_V24_H3p5_T8,5.162994690620954e-05
37,"(37,)",39,2,single,A_as_chord,X,3.0068020625842284e-07,4.787013892264185e-09,4.783559021236005e-09,4.8652530771207315e-09,4.806238764485473e-09,5.042403265113049e-09,3.0001605431262275e-08,2.982835108001603e-08,3.112381269953768e-08,3.014235564161338e-08,2.985840973827569e-08,3.131522836353006e-08,3.0714847317460334e-08,1.5388241463283382e-07,1.5329469901777193e-07,1.5354833270319773e-07,1.5198655794659635e-07,1.4906536712066122e-07,1.507010446962806e-07,1.480618787166042e-07,4.1538941799546855e-07,4.1433583904150063e-07,4.185352922954696e-07,4.161704376330252e-07,4.219725945184179e-07,4.161266359389507e-07,4.2715332508364143e-07,4.228025903493339e-07,4.1450403058242386e-06,4.131668686884634e-06,4.104442771155471e-06,4.076762686460879e-06,4.039381621213158e-06,3.96592461143027e-06,3.927562325522119e-06,6.252993201955927e-06,6.181318919082834e-06,6.149418614579329e-06,6.083657964071459e-06,5.986263570752987e-06,5.960242207460967e-06,5.889933065745917e-06,9.7212195368962e-06,9.654887224330124e-06,9.598546390587262e-06,9.531551398473565e-06,9.384181443896493e-06,9.35027878033269e-06,9.216272222859973e-06,9.174753056961577e-06,1.526582301112329e-05,1.4768306762046236e-05,1.4308462150954502e-05,1.4026896389365828e-05,1.3830083722292906e-05,1.3585365773411945e-05,3.1654377179591405e-05,3.076638928413189e-05,3.023535205482313e-05,2.94184774056252e-05,2.9006595642815456e-05,4.7560377133188535e-05,4.657541463810069e-05,4.5249077854871204e-05,4.447010344033896e-05,4.5918135746390247e-05,4.474732721176143e-05,4.391212587200622e-05,6.716385333645385e-05,LC_V24_H3p5_T8,6.716385333645385e-05
38,"(38,)",41,2,single,B_as_chord,X,3.168993036399082e-07,7.793770707535251e-09,7.776762425611214e-09,7.890398275128478e-09,7.799590996842527e-09,8.100731732338639e-09,3.168623643124037e-08,3.1459234534029404e-08,3.282185889203014e-08,3.1703106378100906e-08,3.134063293084611e-08,3.2980143733711775e-08,3.225479136453836e-08,1.4837968092433118e-07,1.477488831176024e-07,1.4830364444201936e-07,1.4663010713377917e-07,1.4371237998706177e-07,1.4509889876816197e-07,1.4251335310231685e-07,3.908954709707102e-07,3.89863322757758e-07,3.923583965035099e-07,3.892343404976504e-07,3.93076085475087e-07,3.8646597541616635e-07,3.9443238049321344e-07,3.897427856931445e-07,3.7580226296905797e-06,3.7497579121372798e-06,3.7131037467578377e-06,3.6938457804974524e-06,3.6588266936842126e-06,3.600876853818487e-06,3.563900726213872e-06,6.212676135858156e-06,6.147920871066817e-06,6.1095470338289365e-06,6.049704881748204e-06,5.947695378163501e-06,5.920776982328332e-06,5.8457011642360945e-06,9.511017697973767e-06,9.386195438886144e-06,9.332311976671884e-06,9.214362433873683e-06,9.031450840876501e-06,8.957788919805036e-06,8.839795175192683e-06,8.766086897343203e-06,1.557372228275613e-05,1.5099629802130057e-05,1.4661543105327135e-05,1.4389316100183001e-05,1.4213453442910833e-05,1.395571989584952e-05,3.231435866788233e-05,3.1420732690845076e-05,3.088079371660284e-05,2.99967634959825e-05,2.9570260917072077e-05,4.8930297196604404e-05,4.7856284247100504e-05,4.642189535993191e-05,4.547675869621481e-05,5.0047221270262045e-05,4.88342461324459e-05,4.795177487917715e-05,7.516207250744401e-05,LC_V24_H3p5_T8,7.516207250744401e-05
38,"(38,)",43,2,single,A_as_chord,X,3.8172966625199434e-07,5.960911488652253e-09,5.842927335786076e-09,6.141491198742079e-09,5.980839224980097e-09,6.50805249265533e-09,2.4957403218177045e-08,2.477349739626853e-08,2.6049056721947137e-08,2.5036797632668452e-08,2.466432497603536e-08,2.62454514389381e-08,2.546658497726926e-08,1.4976285536530556e-07,1.490746263016533e-07,1.5071899940287434e-07,1.4891835191507623e-07,1.4564807426520153e-07,1.4852861296179732e-07,1.4544041309112815e-07,3.5909378328699936e-07,3.587236594988567e-07,3.6423872087897525e-07,3.628807697467283e-07,3.716209482908871e-07,3.6547227069471517e-07,3.797245059922231e-07,3.743386791916872e-07,4.6055030832838836e-06,4.588096614309002e-06,4.557810430146406e-06,4.5181139136682175e-06,4.4736214860613346e-06,4.391793107683073e-06,4.342489533310543e-06,6.363954781579124e-06,6.291120063230031e-06,6.255348192979435e-06,6.195030686492142e-06,6.0911755883347645e-06,6.0614281957268966e-06,5.9699220860563735e-06,8.971244306145366e-06,8.890831947435953e-06,8.834490513288006e-06,8.752773447013144e-06,8.61429724466782e-06,8.572768675296097e-06,8.459449571583374e-06,8.418986570526545e-06,1.314724132230911e-05,1.2726551723928254e-05,1.2329869453913663e-05,1.2152480301416853e-05,1.1970416999786725e-05,1.1807221151080829e-05,2.9956834001616844e-05,2.8975119352680462e-05,2.8499375882675655e-05,2.7568347029092597e-05,2.7181674779399087e-05,4.390021400019448e-05,4.300923096731143e-05,4.1527328151959616e-05,4.0783411940431926e-05,4.035103146782471e-05,3.930420751531444e-05,3.8680720501778745e-05,6.166039732413788e-05,LC_V24_H3p5_T8,6.166039732413788e-05
39,"(39,)",45,2,single,B_as_chord,X,6.43145782152017e-06,2.9038524935087882e-08,2.9633542037713472e-08,6.219917975397141e-08,6.376671747543119e-08,1.5960074875882978e-07,1.2308858217168674e-07,1.2429635871853812e-07,1.917337907877984e-07,2.0269249831305507e-07,2.0452005160309332e-07,3.9278892896721013e-07,4.0014906932880755e-07,7.974501596777733e-07,8.059634397176221e-07,9.640068729307881e-07,9.914540441522903e-07,1.0168234015771335e-06,1.4370110472103722e-06,1.4560584393331728e-06,1.1936392315987348e-06,1.2042083365089717e-06,1.4543960468947777e-06,1.487247500505592e-06,2.02565243596676e-06,2.1426069162476264e-06,3.1206426110100834e-06,3.210470769758518e-06,4.656002959899517e-05,4.646683415210657e-05,4.749992752149847e-05,4.733225813012838e-05,4.936579380023013e-05,5.22526238713798e-05,5.1647336528906584e-05,6.043744772655838e-05,6.156879241032196e-05,6.118564298161484e-05,6.367879623414602e-05,6.73884724374869e-05,7.296807475341015e-05,7.228427004156775e-05,8.042300256956405e-05,8.1017926314831e-05,8.080788413694688e-05,8.281874205782857e-05,8.630178596157971e-05,9.181430246572456e-05,9.104766889733658e-05,9.804123602160754e-05,9.20287011199889e-05,9.340808748746361e-05,9.638553944984194e-05,0.00010179038639740126,0.0001004643791334964,0.00010746053508162223,0.0001793062168910358,0.00018124671106663974,0.0001864142535481045,0.00019108943087708743,0.00019974026250715667,0.00021337386010844358,0.00021838003637524123,0.0002224292578416129,0.0002311054992540668,0.00018424137092542942,0.00018865425116921448,0.0001975896962926616,0.00024101823386413472,LC_V24_H3p5_T8,0.00024101823386413472
39,"(39,)",47,2,single,A_as_chord,X,6.1960089119498664e-06,2.7440905677668064e-08,2.815894450536753e-08,5.818764710133691e-08,6.0243733036168e-08,1.5216859586091868e-07,1.3494034703545397e-07,1.3647008287191751e-07,2.0744846019658917e-07,2.2014563473357123e-07,2.2356854938672453e-07,4.212627771490447e-07,4.301840351892736e-07,8.125299554893281e-07,8.20769643663007e-07,9.866919892566782e-07,1.0135218757884934e-06,1.0372274441243531e-06,1.4733318501847312e-06,1.4952453322839843e-06,1.3093839096323278e-06,1.3211721412753075e-06,1.5794142457689646e-06,1.6152214849061559e-06,2.1844951811413823e-06,2.3237737773072033e-06,3.3562183125486614e-06,3.4482742165290387e-06,4.443443247583007e-05,4.4322315533907616e-05,4.547688060733547e-05,4.528579914455985e-05,4.740112147613724e-05,5.0429795705005664e-05,4.990742360208322e-05,6.086193128430913e-05,6.210393624037263e-05,6.173879706475979e-05,6.435266365297403e-05,6.81676665364472e-05,7.414165451462215e-05,7.352320768591421e-05,8.585890599359401e-05,8.654338635593234e-05,8.631571286378874e-05,8.849700802665327e-05,9.211858832627519e-05,9.774592212897976e-05,9.684806896530999e-05,0.00010398415515707711,9.930106904389228e-05,0.00010073101622197829,0.00010379107461998289,0.0001097436836296565,0.0001083545604935116,0.00011554605947495372,0.00018951096568124316,0.00019195740898292433,0.00019761704957508772,0.0002028378949122027,0.0002119765752178278,0.00022648470172095,0.000231802590172078,0.00023629520640272033,0.000245072829153121,0.00020387060004178233,0.0002086393442809485,0.00021772650653753754,0.00026480208961325146,LC_V24_H3p5_T8,0.00026480208961325146
40,"(40,)",49,2,single,B_as_chord,X,6.083280598180599e-06,3.237671508601929e-08,3.299838204744174e-08,6.537879974719106e-08,6.670621963958489e-08,1.640754121768356e-07,1.4617380083401626e-07,1.4638119627716974e-07,2.2048539610112664e-07,2.3149045861571813e-07,2.351538189452049e-07,4.276320632233915e-07,4.3987099467837327e-07,7.578376962760165e-07,7.606587510396179e-07,9.474936473112911e-07,9.690495895576428e-07,9.732010560584153e-07,1.4335412292091685e-06,1.4353774141332157e-06,1.1393753237362548e-06,1.1351385686139884e-06,1.38309136929448e-06,1.3956583261866912e-06,1.921581400554388e-06,1.9384933893561865e-06,2.907664829396608e-06,2.9159529358868805e-06,3.3999408959034346e-05,3.395065014226835e-05,3.471322231349454e-05,3.46253132141408e-05,3.64330700462763e-05,3.9226207477859505e-05,3.8841876805738945e-05,4.984844560387572e-05,5.0961866888423e-05,5.0743528320741436e-05,5.3212231284453786e-05,5.702941773360222e-05,6.272781516024506e-05,6.205565347265197e-05,6.898886471498707e-05,6.974224854258454e-05,6.956365458322111e-05,7.182042478052748e-05,7.535391059772501e-05,8.085352550977875e-05,7.993124479874599e-05,8.689114680746888e-05,8.434062332217478e-05,8.605716884935963e-05,8.940096588575421e-05,9.513709008561904e-05,9.42724579165623e-05,0.00010130404242953245,0.00015965798476424257,0.00016202521724080601,0.00016759332128423325,0.00017259106215521166,0.00018145466685232816,0.0001972763570238684,0.00020251425273254344,0.00020684743764041717,0.00021552326150237476,0.0001801882951249648,0.0001855197481155606,0.00019442485680993814,0.00024056678872655236,LC_V24_H3p5_T8,0.00024056678872655236
40,"(40,)",51,2,single,A_as_chord,X,6.360814534421656e-06,3.1980688003116645e-08,3.2595580906368454e-08,6.60825871403985e-08,6.757278777345597e-08,1.6690848009239054e-07,1.423262138823369e-07,1.4231532072345686e-07,2.168848481329598e-07,2.247339104990732e-07,2.2699307518132994e-07,4.181682020658288e-07,4.2683745139083677e-07,7.595292244209956e-07,7.627008912102182e-07,9.532596702939194e-07,9.739087700434985e-07,9.751762073059832e-07,1.4358523500994756e-06,1.4348788429200672e-06,1.0841399894335087e-06,1.0845622062728211e-06,1.3300100776375755e-06,1.3483395112478384e-06,1.8692520627154851e-06,1.8879962742821191e-06,2.8451716826462796e-06,2.8503277630552846e-06,3.565017521693041e-05,3.56054129647798e-05,3.6382553468051756e-05,3.626770237584641e-05,3.808235500655063e-05,4.082296380725374e-05,4.032828037862436e-05,4.917559631035026e-05,5.021640585647812e-05,4.997422257492002e-05,5.230946887770007e-05,5.59968001476795e-05,6.159123472635386e-05,6.0950317114886336e-05,6.378531389903572e-05,6.470120047600226e-05,6.44851567400086e-05,6.677003799097433e-05,7.041329798682161e-05,7.596274395485222e-05,7.50940026126352e-05,8.21980457842938e-05,7.71511684903714e-05,7.906164592840417e-05,8.234942711660147e-05,8.802021328365793e-05,8.672845983083286e-05,9.389114024455948e-05,0.0001494315360373694,0.00015139779341757952,0.00015685365801929987,0.00016167184068408347,0.00017045755255971313,0.0001829778093084816,0.00018835566085906202,0.000192356232582052,0.00020126003495722752,0.0001600234712361151,0.00016559707156743706,0.0001745944733835182,0.00021531591356020946,LC_V24_H3p5_T8,0.00021531591356020946
41,"(41,)",53,2,single,B_as_chord,X,4.174598887449767e-07,2.739029833021051e-08,2.7243206319348247e-08,2.728418651634944e-08,2.7049024282733838e-08,2.7374753907413426e-08,7.334951870580107e-08,7.250625785959203e-08,7.734159444356222e-08,7.290257609560528e-08,7.185274368010399e-08,7.493333807601877e-08,7.278799019807447e-08,1.6930617852148288e-07,1.6751070463734553e-07,1.7460217468697457e-07,1.695715138738532e-07,1.6360061261124344e-07,1.6861259428051284e-07,1.6440485101500835e-07,4.0371502004526243e-07,4.0267760754805965e-07,4.061908896531551e-07,4.016879573832991e-07,4.0512797105371256e-07,3.9628924039589267e-07,4.0772540762074627e-07,4.028643994429886e-07,3.3328730464126534e-06,3.3191253851294417e-06,3.305440385432216e-06,3.2719561791108306e-06,3.246661184606095e-06,3.186387395040561e-06,3.147060189129019e-06,5.824702219312419e-06,5.772963132949966e-06,5.734667339402433e-06,5.703001302827114e-06,5.649218762960289e-06,5.664063741776968e-06,5.593458303002143e-06,8.912775531234282e-06,8.932857993223303e-06,8.883678096411019e-06,8.91210672990698e-06,8.85098965413328e-06,8.918681147812277e-06,8.767765220734806e-06,8.832550989284286e-06,1.1847961175021273e-05,1.1570133600983328e-05,1.1300329007647944e-05,1.1199063252598838e-05,1.1021435457679559e-05,1.0910168180966558e-05,2.4813475523074867e-05,2.4178354501608645e-05,2.389670049186825e-05,2.3336171819534818e-05,2.3127502790823265e-05,3.571568433455925e-05,3.508080021547657e-05,3.395663668935541e-05,3.341135135606609e-05,3.13700838935338e-05,3.056121591818523e-05,3.015870871383113e-05,4.677767487083361e-05,LC_V24_H3p5_T8,4.677767487083361e-05
41,"(41,)",55,2,single,A_as_chord,X,3.27236855609593e-07,2.317264982282415e-08,2.3312954030649835e-08,2.3660821972147524e-08,2.3678623409442487e-08,2.4545715714112172e-08,7.467785976479458e-08,7.413812855683446e-08,7.87696813808941e-08,7.526074239626359e-08,7.44231138229e-08,7.811542455097195e-08,7.634311856154086e-08,1.9888862320414768e-07,1.9778779750439936e-07,2.0065196635475688e-07,1.9711716853915148e-07,1.9270740966077944e-07,1.9464032697726126e-07,1.908373839761361e-07,4.7035672549551005e-07,4.6927786606143077e-07,4.7493235198813136e-07,4.710847282438658e-07,4.763923005452945e-07,4.674405549189851e-07,4.7598275674872995e-07,4.699182888406382e-07,3.4294291019772974e-06,3.416687539795715e-06,3.403526636014135e-06,3.371024950889976e-06,3.34514611255555e-06,3.2825071560746575e-06,3.2470166584319293e-06,6.42716204361416e-06,6.36526840613734e-06,6.335581800670299e-06,6.276115168503831e-06,6.177088950022493e-06,6.13884048410453e-06,6.077024276541991e-06,1.0942056505298944e-05,1.0906328914795965e-05,1.0843157626725241e-05,1.0790010610208826e-05,1.0630240197406981e-05,1.0594688694144758e-05,1.0456519133849362e-05,1.0400840396225406e-05,1.5177398294097125e-05,1.4737060985041925e-05,1.4316727728642522e-05,1.4006583764428533e-05,1.3848458884490004e-05,1.3605972298367566e-05,2.9380521529485105e-05,2.8654380045765813e-05,2.8223688649992805e-05,2.753595024013988e-05,2.716250776777918e-05,4.3238743985434425e-05,4.2412804659835236e-05,4.126996330643801e-05,4.057065222428526e-05,4.150520847762354e-05,4.044985008480821e-05,3.975949046180135e-05,6.062519635210717e-05,LC_V24_H3p5_T8,6.062519635210717e-05
42,"(42,)",57,2,single,B_as_chord,X,3.409185000001916e-07,3.1510975168351403e-08,3.1631629743338154e-08,3.124429737633547e-08,3.130137954884892e-08,3.1071092886134056e-08,8.083154590056374e-08,8.035931293928056e-08,8.338165757445676e-08,8.04079265964959e-08,7.969277900007646e-08,8.182337449390769e-08,8.026546433265463e-08,1.9005434182691703e-07,1.8873779788892186e-07,1.9301623923441937e-07,1.8892660632853844e-07,1.8404324708127022e-07,1.8663922408704812e-07,1.8255541972052698e-07,4.385797265853536e-07,4.377796041226895e-07,4.408561671468969e-07,4.370600299067962e-07,4.403196337230927e-07,4.3249147219825576e-07,4.385103742769499e-07,4.329883043428586e-07,3.397442114626677e-06,3.3842236462963173e-06,3.4071385344570613e-06,3.374025766555381e-06,3.3882754615744946e-06,3.3639485243292527e-06,3.31916162303548e-06,6.609963357789272e-06,6.572932718571623e-06,6.5218738153831085e-06,6.4775211850589386e-06,6.36233121972842e-06,6.3270701649996816e-06,6.239522155740776e-06,1.0793394875860922e-05,1.068524720685251e-05,1.0628664207546123e-05,1.0522168413203105e-05,1.0332941506765641e-05,1.0243780224843695e-05,1.01334943338045e-05,1.0032739597438475e-05,1.5852399692009534e-05,1.5451477095013197e-05,1.5053366583251752e-05,1.475708538491278e-05,1.4595740064557071e-05,1.433547604900482e-05,3.0000903781674294e-05,2.9237285868968418e-05,2.8746556884250477e-05,2.79977679952956e-05,2.7599087587432737e-05,4.5095948180660975e-05,4.416420329818074e-05,4.29680228097062e-05,4.2162081111691786e-05,4.5832209510106784e-05,4.475449844616887e-05,4.4022393698575266e-05,6.900478303624356e-05,LC_V24_H3p5_T8,6.900478303624356e-05
42,"(42,)",59,2,single,A_as_chord,X,4.5745681183061326e-07,2.5247777301808358e-08,2.518986345703446e-08,2.5769469973210603e-08,2.5590645083530935e-08,2.695550003093311e-08,6.0623256314589e-08,6.037517394447046e-08,6.396238760702123e-08,6.186719178669266e-08,6.12853626138143e-08,6.56153923456207e-08,6.434139560292123e-08,1.6589211566529698e-07,1.6474438575548814e-07,1.6978326157158188e-07,1.66201997864945e-07,1.6192449289268792e-07,1.6693483486112767e-07,1.6288344464620293e-07,3.492093805559237e-07,3.48549203555384e-07,3.5472307228649663e-07,3.5060828010711816e-07,3.5702130861088433e-07,3.473331173122168e-07,3.594923197025671e-07,3.518350238220228e-07,3.6319857565780184e-06,3.614686469742878e-06,3.6062871700917006e-06,3.5632755411438787e-06,3.5276208951826614e-06,3.4411981111518e-06,3.400068718795409e-06,6.115255883488292e-06,6.064396496905805e-06,6.02135009737879e-06,5.964944084054412e-06,5.848450743011745e-06,5.798971315812509e-06,5.710879916114582e-06,1.0003197459039446e-05,9.951007155193645e-06,9.88978792270901e-06,9.818378881811465e-06,9.656710520035078e-06,9.588445805787995e-06,9.476735365328745e-06,9.387861687639135e-06,1.3181659453350135e-05,1.2809637662123198e-05,1.245075125331202e-05,1.2277988188515824e-05,1.2131863963280457e-05,1.1971965433011028e-05,2.648660340416832e-05,2.5629973089883894e-05,2.521660971876305e-05,2.442528158597914e-05,2.4068821616758445e-05,3.813512093870726e-05,3.741421562030906e-05,3.609010791378351e-05,3.541661745040296e-05,3.463010980890148e-05,3.3742308304791395e-05,3.32053480219899e-05,5.322289071385744e-05,LC_V24_H3p5_T8,5.322289071385744e-05
43,"(43,)",61,2,single,B_as_chord,X,5.240595411207016e-06,5.04389614910691e-08,5.049179053394075e-08,8.470235538932844e-08,8.055684553271811e-08,1.580049020992563e-07,1.5183030300326766e-07,1.5142989314653e-07,2.3022683161479725e-07,2.2116786583917076e-07,2.1200670560703287e-07,3.8862382734394314e-07,3.6006423514531546e-07,7.332732819806821e-07,7.349767099286638e-07,9.08797797744359e-07,9.128234110864115e-07,8.808787381518803e-07,1.257408353020163e-06,1.1982265017638369e-06,9.64569671223031e-07,9.717212606341536e-07,1.2003612428672933e-06,1.209449671457483e-06,1.6737291101762179e-06,1.5991676497170176e-06,2.4388309666372667e-06,2.327961580197632e-06,3.627979476742897e-05,3.617007198063503e-05,3.7291284919297e-05,3.703337012531519e-05,3.8954946489536865e-05,4.096967698265311e-05,3.9830145497080106e-05,4.9672727915424295e-05,5.089040372651366e-05,5.041047464539471e-05,5.2709141969089384e-05,5.5354620569829064e-05,6.008218792393909e-05,5.8184195640345345e-05,6.840919536842934e-05,6.92241863251602e-05,6.891985205735914e-05,7.089483281061796e-05,7.325641148070112e-05,7.7798072371986e-05,7.592522852270417e-05,8.122064188813513e-05,7.64716434409523e-05,7.794627810021906e-05,8.004195836086e-05,8.482348278898754e-05,8.255574880443648e-05,8.809448856161537e-05,0.00014936176160676405,0.00015064213049094724,0.0001553426663396413,0.00015732863640168033,0.00016436504965001972,0.00017854646667073192,0.00018343970710179883,0.00018480466332418928,0.00019181785344900848,0.0001532677397423593,0.00015526737386928945,0.00016262182145754256,0.0001987397530636082,LC_V24_H3p5_T8,0.0001987397530636082
43,"(43,)",63,2,single,A_as_chord,X,4.425549880702082e-06,4.509556824637069e-08,4.569582934173173e-08,7.471078803150328e-08,7.194627494614686e-08,1.4017059375692113e-07,1.914411617987523e-07,1.9129109120434149e-07,2.7864034015720437e-07,2.7006961606461783e-07,2.6046884677590584e-07,4.5284644402778067e-07,4.2341190130468846e-07,7.993641138503686e-07,8.015461123975073e-07,9.82829472159364e-07,9.856029716861545e-07,9.469470720090941e-07,1.3317584806043212e-06,1.2707002494197655e-06,1.1735762828395028e-06,1.1795719606760969e-06,1.4333054292247674e-06,1.444289817159601e-06,1.948225225720787e-06,1.8941092053961019e-06,2.779735327046909e-06,2.665306019951598e-06,3.5007806191092636e-05,3.4886425856728276e-05,3.606631366540962e-05,3.5747650939214316e-05,3.771941704933024e-05,3.9687326511917656e-05,3.854047485732655e-05,5.038361983317628e-05,5.164786933012759e-05,5.114485160623318e-05,5.350504033203752e-05,5.6187693985936456e-05,6.108672528113593e-05,5.905587802983682e-05,7.373288039522522e-05,7.465730284086663e-05,7.432642379923504e-05,7.652887610036066e-05,7.901276632178813e-05,8.361378083400618e-05,8.148478537602873e-05,8.677435294646685e-05,8.401025623477717e-05,8.550768076520458e-05,8.759232484812148e-05,9.264940517058236e-05,9.016800516674042e-05,9.562896934657654e-05,0.00016012774181206434,0.00016172794839362748,0.00016655320145854416,0.00016879933135800646,0.00017584351101968912,0.00019291467427853305,0.00019762064310182374,0.00019919660909895328,0.00020618985555781273,0.00017405815373622212,0.0001760751620586683,0.00018343204151128004,0.00022361332866308416,LC_V24_H3p5_T8,0.00022361332866308416
44,"(44,)",65,2,single,B_as_chord,X,4.60835112853122e-06,5.7750692359632296e-08,5.8246237956941736e-08,9.049796607612672e-08,8.665572162260081e-08,1.6164273122177614e-07,2.1552001372957603e-07,2.139432219076941e-07,3.115604628434986e-07,2.97449959564971e-07,2.870983406059327e-07,4.85692847198192e-07,4.5624589029526133e-07,7.61401791674989e-07,7.582956906020665e-07,9.711930743891096e-07,9.624095920954142e-07,9.101995118151974e-07,1.3316127125716029e-06,1.2585018721633148e-06,1.035839785450078e-06,1.0284965251384731e-06,1.2852734207352942e-06,1.2708126039557493e-06,1.74788149156535e-06,1.6017603780470628e-06,2.468888965114336e-06,2.2976120079777355e-06,2.6361602505409053e-05,2.629192544023418e-05,2.714983011077723e-05,2.7011084038694575e-05,2.873394610989119e-05,3.06576728545817e-05,2.966712384232271e-05,4.1317647221539056e-05,4.253553962603883e-05,4.216459117706987e-05,4.446512813605097e-05,4.71389914503215e-05,5.1789226891320925e-05,4.999393295758823e-05,5.9230492454244437e-05,6.022056620985806e-05,6.0031427732233545e-05,6.221592107533067e-05,6.484150668620644e-05,6.959656192150809e-05,6.754494819871147e-05,7.292512725465847e-05,7.199207277567692e-05,7.332827066956178e-05,7.561777086426934e-05,8.063534010784521e-05,7.86174445758739e-05,8.411811166638787e-05,0.00013593051529757648,0.0001378467720583475,0.0001428805325105158,0.00014542014810323072,0.00015270894665256264,0.0001692283268730369,0.00017384881523613865,0.00017594377783505886,0.00018298922940406957,0.0001565297069220861,0.0001591543545170611,0.0001665675402290519,0.00020756850639706107,LC_V24_H3p5_T8,0.00020756850639706107
44,"(44,)",67,2,single,A_as_chord,X,4.919836809608678e-06,5.8630531958065166e-08,5.866152047582277e-08,9.330205648843419e-08,8.904618540064636e-08,1.678504949750519e-07,1.9275565780530488e-07,1.904462862101746e-07,2.8150133105618987e-07,2.656558550095656e-07,2.555490928492262e-07,4.40198868477558e-07,4.106904365996894e-07,7.150995751968929e-07,7.14922365544985e-07,9.184866679195962e-07,9.17569830405896e-07,8.650531015910771e-07,1.2730325470325514e-06,1.1943877206834811e-06,9.145992664381378e-07,9.121318714599983e-07,1.1507218726495773e-06,1.1497151324567606e-06,1.6127803456676322e-06,1.4704244736414586e-06,2.309815998539706e-06,2.1369642996849674e-06,2.7513020254254527e-05,2.7446108240935086e-05,2.8281355753588567e-05,2.814854679927546e-05,2.988175454799481e-05,3.1812072241590666e-05,3.073147290376466e-05,4.0865553338765e-05,4.18834275454527e-05,4.1592955722917416e-05,4.366072576171145e-05,4.609519719688472e-05,5.058239832702778e-05,4.884015458911238e-05,5.4566551298652995e-05,5.570582398826669e-05,5.540077975472825e-05,5.773747993558666e-05,6.03386356120088e-05,6.50954299473545e-05,6.310300197442488e-05,6.849280890601949e-05,6.516753181775269e-05,6.688393758626589e-05,6.906289676085181e-05,7.385067483527771e-05,7.13307489722575e-05,7.674209770945589e-05,0.00012611097405661284,0.00012761514790439498,0.0001325655306794467,0.0001344672398148943,0.00014150772921448263,0.00015607640798347952,0.00016094331953709132,0.00016214599784929575,0.00016910402599133623,0.00013534935141402849,0.00013816509457558414,0.0001452788964889225,0.00017928043262048144,LC_V24_H3p5_T8,0.00017928043262048144
45,"(45,)",69,2,single,B_as_chord,X,2.5982631522241875e-06,3.5341374204351844e-07,3.5041289701346084e-07,3.506531779677359e-07,3.4755362998225355e-07,3.518229508954439e-07,8.719993210995024e-07,8.66486817339069e-07,8.917891959421878e-07,8.654292037263493e-07,8.602485174681649e-07,8.721288904645063e-07,8.619666951514709e-07,1.7271273174031435e-06,1.7191643054919965e-06,1.7366134587338733e-06,1.7140929607334042e-06,1.6912943723712975e-06,1.6932376874038149e-06,1.6766091141450953e-06,3.292395896420782e-06,3.2870089546496155e-06,3.3031448427252203e-06,3.2843433614171164e-06,3.291948717857431e-06,3.260292140679289e-06,3.275157080671246e-06,3.255958019454326e-06,1.1128551550351444e-05,1.1106457825813912e-05,1.1049385017037175e-05,1.0993861287156151e-05,1.0898605955865866e-05,1.073958161457287e-05,1.0690836475592e-05,1.4653194511242388e-05,1.4535679434149147e-05,1.4488554446368326e-05,1.4363299659346154e-05,1.417441421794003e-05,1.4058251814146085e-05,1.397231436897485e-05,1.908172829606264e-05,1.8998302008712414e-05,1.8918859870199075e-05,1.8810638872530387e-05,1.859601180496433e-05,1.8489109711914363e-05,1.8372650907899093e-05,1.8249466476390932e-05,2.4029974797288014e-05,2.3615448920152672e-05,2.3201848027203175e-05,2.2946261533697212e-05,2.2779082117306854e-05,2.2526037913251542e-05,3.848375183560225e-05,3.776544511732412e-05,3.734851550519787e-05,3.6713301200402536e-05,3.633183043336393e-05,5.015534364327599e-05,4.953883852376722e-05,4.859249057011432e-05,4.8017626052802344e-05,4.714619446311689e-05,4.634280143636329e-05,4.5844977088912435e-05,6.276681194199083e-05,LC_V24_H3p5_T8,6.276681194199083e-05
45,"(45,)",71,2,single,A_as_chord,X,2.3188764300234427e-06,2.8377817804169046e-07,2.8282139100660136e-07,2.8136119550622005e-07,2.8030388388619773e-07,2.8157422012832063e-07,8.943558924738217e-07,8.90587749864102e-07,9.056445644494086e-07,8.86660345555887e-07,8.83089443868906e-07,8.888560655134061e-07,8.815788949737247e-07,1.8676428522190384e-06,1.8600707684590824e-06,1.870971851683203e-06,1.8505376640174814e-06,1.829714822620108e-06,1.8288189599991779e-06,1.8141439764766758e-06,3.4423984257908064e-06,3.436979291031131e-06,3.4485507665503574e-06,3.4311318323436374e-06,3.4338836495056263e-06,3.4033962919230572e-06,3.41385909850294e-06,3.395650333497636e-06,1.1144730950091895e-05,1.1127329597144047e-05,1.1069568474233981e-05,1.1025351629222828e-05,1.0937909459064151e-05,1.0798645439269098e-05,1.0758150026577803e-05,1.5567213889748207e-05,1.5455013548205997e-05,1.5404627441244367e-05,1.5281380660840395e-05,1.5091923398160629e-05,1.4977580006728365e-05,1.4899306026832584e-05,2.1164362583410425e-05,2.1045234662348404e-05,2.0974669730344658e-05,2.0836697060540462e-05,2.0605021680744954e-05,2.0467608761210226e-05,2.0372369134902913e-05,2.022574080941085e-05,2.693429409164441e-05,2.6505857056992994e-05,2.607580359744181e-05,2.5859460188506047e-05,2.5704803110011717e-05,2.5420203780969266e-05,4.27179324576758e-05,4.206305945927175e-05,4.163907510715311e-05,4.104680416104447e-05,4.0676848067819524e-05,5.4888334358960305e-05,5.4214176776467074e-05,5.333515926094282e-05,5.2735686845463625e-05,5.418900602538054e-05,5.3340095606844376e-05,5.2742290951210794e-05,7.089961422036523e-05,LC_V24_H3p5_T8,7.089961422036523e-05
46,"(46,)",73,2,single,B_as_chord,X,2.3415754299953203e-06,3.796338069318133e-07,3.783372354689017e-07,3.750696853107661e-07,3.739884906908449e-07,3.719378382742004e-07,8.859936624224586e-07,8.822863245506005e-07,8.966869360700816e-07,8.78627281961927e-07,8.750461663638718e-07,8.807442476553126e-07,8.737370780005054e-07,1.825105115539059e-06,1.8200421658953135e-06,1.8205803381282635e-06,1.8052024218386773e-06,1.789828758237827e-06,1.7806858819005913e-06,1.7693573662789151e-06,3.2497282544364886e-06,3.2468578809814447e-06,3.2487630122483613e-06,3.2372575922806875e-06,3.2350627259504277e-06,3.2158038787881507e-06,3.218209271559885e-06,3.2065486082220944e-06,1.0733615715346845e-05,1.0716072176369128e-05,1.0662221843645098e-05,1.0619481376168533e-05,1.0535710596301832e-05,1.040700302522348e-05,1.037643692749867e-05,1.5789143326093162e-05,1.567359123888289e-05,1.5626376794026243e-05,1.5501358547201765e-05,1.5311382941887787e-05,1.5194463074985696e-05,1.5119763125152178e-05,2.143661250323132e-05,2.1333417477181782e-05,2.125507847100988e-05,2.1129184747651934e-05,2.0905094819760717e-05,2.0777512482325333e-05,2.0679147634203168e-05,2.054056090124681e-05,2.7318136885511493e-05,2.6894704088306105e-05,2.647794249977484e-05,2.6242827637546367e-05,2.6099948014663636e-05,2.58109948025416e-05,4.382477798700618e-05,4.312287549505028e-05,4.2662697170102064e-05,4.1993604199003345e-05,4.1600066616926576e-05,5.776008803688687e-05,5.7033211429972665e-05,5.604907698444347e-05,5.539666570039885e-05,5.828621043115248e-05,5.740670424418916e-05,5.681836300579725e-05,7.796611728188972e-05,LC_V24_H3p5_T8,7.796611728188972e-05
46,"(46,)",75,2,single,A_as_chord,X,2.685305657203665e-06,3.359872127483748e-07,3.3247238400415896e-07,3.335830932207445e-07,3.300494654105698e-07,3.3487727179604e-07,7.062497443831321e-07,7.02342060626945e-07,7.23971062846122e-07,7.042642523554373e-07,6.998067255437163e-07,7.166210559900412e-07,7.072470762993429e-07,1.6987180656149272e-06,1.6917301186747653e-06,1.7064447505822515e-06,1.6846526327664658e-06,1.6638333240549365e-06,1.665888144388527e-06,1.6492522450074654e-06,2.9005032892926062e-06,2.895138854086963e-06,2.909116169964209e-06,2.8916106988938684e-06,2.896328125545497e-06,2.8656237961919902e-06,2.8813930928067764e-06,2.8612736891387967e-06,1.1495871071747951e-05,1.1471607679807997e-05,1.1416552715318108e-05,1.135806980075784e-05,1.1261456603219137e-05,1.1095943251746228e-05,1.1043749378341286e-05,1.53991936377911e-05,1.5290837643266646e-05,1.5238527572744762e-05,1.5121534123520776e-05,1.4931496983568907e-05,1.4821586482267005e-05,1.472555486771954e-05,2.0253732878935667e-05,2.0133307736440878e-05,2.0066581344141213e-05,1.993016081219078e-05,1.971190559992812e-05,1.958012056584326e-05,1.9480465021286248e-05,1.9332021762100836e-05,2.4972611962834632e-05,2.4544154593087393e-05,2.412157704294497e-05,2.3840602804562602e-05,2.3683744996812593e-05,2.342000169102031e-05,4.039791517654915e-05,3.95964309013341e-05,3.9128745544965786e-05,3.838124008106727e-05,3.796514401256131e-05,5.2328993855405374e-05,5.1644300180466695e-05,5.055252247664869e-05,4.990460667825255e-05,5.058588157637273e-05,4.973738412701367e-05,4.9220606578105344e-05,6.746091552821832e-05,LC_V24_H3p5_T8,6.746091552821832e-05
47,"(47,)",77,2,single,B_as_chord,X,4.590902366533833e-06,7.697925486025029e-07,7.500157185954781e-07,8.204476501803837e-07,7.850692966933928e-07,8.925158484139365e-07,1.8380549700112682e-06,1.8099195426084578e-06,2.1130850403219044e-06,1.911378762482217e-06,1.8589723652178799e-06,2.1332651342816604e-06,2.0115600447553254e-06,4.667580345869242e-06,4.632555818474843e-06,4.981208843347978e-06,4.825189207328907e-06,4.6476088551922754e-06,4.972784441196157e-06,4.806587974099476e-06,5.346006977031379e-06,5.310277898570357e-06,5.731259425966075e-06,5.570625673030785e-06,6.031974887131871e-06,5.602662577790525e-06,6.239769972825135e-06,5.926624948335489e-06,4.716567783235866e-05,4.6997968252796264e-05,4.757248350345048e-05,4.703497586049097e-05,4.749501625941131e-05,4.713287216839537e-05,4.62876949103668e-05,6.08690983702658e-05,6.125259709437622e-05,6.062392017581821e-05,6.107312027424249e-05,6.0725665614869e-05,6.153510019986492e-05,6.01493836053595e-05,7.801732769945909e-05,7.815429485964051e-05,7.760847688855446e-05,7.780575752082157e-05,7.72140624233451e-05,7.777420427675296e-05,7.644048548823274e-05,7.684880264672296e-05,8.394716997986067e-05,8.337677766023786e-05,8.255201871359685e-05,8.292874534620227e-05,8.131386620131408e-05,8.171541624734322e-05,0.00013518682322027084,0.00013359814007041007,0.00013391166937331314,0.00013190239123109582,0.00013240789198368661,0.0001530446033524901,0.00015329019201657784,0.0001506939696664998,0.00015102409549584534,0.00013646353714564754,0.00013451398412773135,0.00013529474525710082,0.00016070602135545293,LC_V24_H3p5_T8,0.00016070602135545293
47,"(47,)",79,2,single,A_as_chord,X,4.0126973915486835e-06,7.13166832735359e-07,6.982974216658619e-07,7.593167920769042e-07,7.291942708131367e-07,8.238592996548632e-07,2.0864167349461087e-06,2.058138853335724e-06,2.3630506612152636e-06,2.161190619574094e-06,2.1078150790163377e-06,2.386576187078018e-06,2.261850911544386e-06,4.901285595909133e-06,4.868551904480206e-06,5.196158878567119e-06,5.051529947222786e-06,4.88080151786319e-06,5.19197777686437e-06,5.0268659264272285e-06,5.898197543432482e-06,5.858865845340786e-06,6.291621592154235e-06,6.122648493134301e-06,6.600290350313029e-06,6.161707184445587e-06,6.8257164022511145e-06,6.503074842936779e-06,4.66320025646741e-05,4.6473737104270166e-05,4.7069876224798074e-05,4.655258473499778e-05,4.704452826155833e-05,4.6713361337049845e-05,4.5881153503578606e-05,6.185121877724587e-05,6.224148664980184e-05,6.16130690552324e-05,6.210353126828655e-05,6.174974210465165e-05,6.256338228045979e-05,6.117994685916202e-05,8.097668117854847e-05,8.116669115210318e-05,8.059149560368259e-05,8.08535119645923e-05,8.025092922344615e-05,8.083628123482827e-05,7.944512994199545e-05,7.9880813980328e-05,8.827566551538364e-05,8.761103530141987e-05,8.674376147965186e-05,8.740099018931922e-05,8.576957275554683e-05,8.614984404306177e-05,0.0001417396280867339,0.00014020630402737126,0.00014042487313567593,0.00013853976413593587,0.0001390222454747795,0.00016078960918016166,0.0001610553309498747,0.0001585635659899684,0.0001589440968171114,0.00014698086628335536,0.00014489419404877936,0.00014564139283397312,0.00017389793757089137,LC_V24_H3p5_T8,0.00017389793757089137
48,"(48,)",81,2,single,B_as_chord,X,4.067234744063676e-06,8.400552463639729e-07,8.248930749138709e-07,8.869700933189727e-07,8.563444580497526e-07,9.536694148868516e-07,2.1875526388972903e-06,2.1522616429770255e-06,2.4821641801363674e-06,2.2566461290995146e-06,2.1998271946859047e-06,2.4844766658049545e-06,2.3558182054972056e-06,4.642590814484521e-06,4.595972464833424e-06,4.997955008519365e-06,4.822784633770808e-06,4.614598266920349e-06,4.975357664687177e-06,4.790709054365246e-06,5.696083927746149e-06,5.645611968079468e-06,6.09410370038276e-06,5.906226716419333e-06,6.370944789125435e-06,5.897862864795593e-06,6.5568217723549714e-06,6.218511278324075e-06,3.89222403309023e-05,3.880154870902245e-05,3.924218310821194e-05,3.882490481066051e-05,3.925060833988313e-05,3.89927852292439e-05,3.826788935025678e-05,5.3645487261018886e-05,5.408306689031623e-05,5.348487672943052e-05,5.3959650844342555e-05,5.364452015485057e-05,5.4406039358423015e-05,5.311970904157294e-05,6.868333735561728e-05,6.883300247701703e-05,6.832694865759551e-05,6.859139187599038e-05,6.806908121736061e-05,6.871618510179949e-05,6.735767515440935e-05,6.786779910203039e-05,7.777184763767556e-05,7.714472282614142e-05,7.630353876683176e-05,7.690116889721655e-05,7.541584055800277e-05,7.577214430623351e-05,0.0001234971882743385,0.0001222128732066713,0.00012271520962391677,0.00012093709616759365,0.00012159301861358166,0.00014432881548406416,0.00014436924833330294,0.0001420506104521199,0.0001423324896099453,0.0001341030232844755,0.00013234162426172964,0.00013296158231965397,0.00016192520562621096,LC_V24_H3p5_T8,0.00016192520562621096
48,"(48,)",83,2,single,A_as_chord,X,4.4820005009219515e-06,8.471933101051593e-07,8.282286345500765e-07,8.996099733977569e-07,8.639125825812294e-07,9.723395251126184e-07,2.072385659930205e-06,2.0361456916030626e-06,2.374252304763024e-06,2.140134241263134e-06,2.0827631587603575e-06,2.374665681612669e-06,2.2413143199979636e-06,4.5001466772640525e-06,4.453062583441625e-06,4.869395477142687e-06,4.691609963327182e-06,4.4806227835443035e-06,4.8591895570760645e-06,4.67016457598397e-06,5.455261474662063e-06,5.409343060836061e-06,5.855309473288894e-06,5.671789527224818e-06,6.152481561399681e-06,5.677015092724702e-06,6.359747740330801e-06,6.011693001810571e-06,3.955206876812091e-05,3.941446842834853e-05,3.9903768381628006e-05,3.945889894458922e-05,3.988998260251839e-05,3.961039891429922e-05,3.8830440843499115e-05,5.2742446962773316e-05,5.317505406320384e-05,5.259285681426038e-05,5.3067660380188554e-05,5.276173594327492e-05,5.3558891626775746e-05,5.2221165258216346e-05,6.605827996113866e-05,6.637174062193549e-05,6.580908899650927e-05,6.622123207504237e-05,6.577457584378075e-05,6.657985818725694e-05,6.51241704057516e-05,6.574497082030355e-05,7.434247146339037e-05,7.392339371113657e-05,7.315995188790884e-05,7.374710718863851e-05,7.200304892268847e-05,7.250637460332393e-05,0.00011869575300402106,0.00011730120978039814,0.00011787654778979507,0.00011597907871993795,0.00011665671100098044,0.0001377256413147275,0.00013809844411533976,0.00013558857286089302,0.00013608436906684004,0.00012352148308069746,0.00012176512763502638,0.00012238970491765995,0.00014718506075148927,LC_V24_H3p5_T8,0.00014718506075148927
49,"(49,)",85,2,single,B_as_chord,X,6.411802021241968e-07,1.6814118868433186e-07,1.6816572802662862e-07,1.6780411064050587e-07,1.676800761063395e-07,1.6794710761028068e-07,2.2531280430886692e-07,2.2327564252177718e-07,2.3748835094031215e-07,2.2507053148038964e-07,2.229259846559119e-07,2.307127327472158e-07,2.258586713500148e-07,2.547826385413195e-07,2.512776419915861e-07,2.700165370610542e-07,2.594458269334886e-07,2.4965261452988626e-07,2.601222666789381e-07,2.531041979654351e-07,6.268912106052729e-07,6.257618930816271e-07,6.33495037426833e-07,6.274161321905865e-07,6.340941926010768e-07,6.227775474443163e-07,6.306501231944463e-07,6.234829452575475e-07,2.25318573250579e-06,2.243925527137013e-06,2.27372392562479e-06,2.2486361656369143e-06,2.261910034182475e-06,2.2420068126624315e-06,2.218498345116722e-06,5.4497037391246305e-06,5.444734962992637e-06,5.421679766799329e-06,5.4153082820538025e-06,5.377882031729036e-06,5.376923771704017e-06,5.335984858637461e-06,8.25430304740259e-06,8.276064282153299e-06,8.234159446726612e-06,8.248027676524451e-06,8.200594697143097e-06,8.209402670435567e-06,8.147612505375602e-06,8.142333745434034e-06,9.085117128802061e-06,8.991050349384612e-06,8.885953489407533e-06,8.84771836451815e-06,8.780033356440401e-06,8.731599928546026e-06,1.5038291716246637e-05,1.4873102969575872e-05,1.4824622717340962e-05,1.4655870486794173e-05,1.4610931588899315e-05,2.002200349429489e-05,1.992512708189703e-05,1.9635500943925014e-05,1.9520835095506194e-05,1.927956811909619e-05,1.9021849053493477e-05,1.8934361350017483e-05,2.684460187020811e-05,LC_V24_H3p5_T8,2.684460187020811e-05
49,"(49,)",87,2,single,A_as_chord,X,4.815829981299073e-07,1.1806549529293078e-07,1.1880284955952927e-07,1.1754317585292238e-07,1.1807026587336005e-07,1.1725994534461053e-07,2.2556169461826986e-07,2.2344948411429409e-07,2.3691124986618052e-07,2.2530060778047378e-07,2.2316726854109896e-07,2.3056769648994682e-07,2.2606148354227998e-07,2.974342529643563e-07,2.9508495041011877e-07,3.073937039891427e-07,2.99126855198734e-07,2.9238988233293454e-07,2.986148445965056e-07,2.934188020212767e-07,6.804444795064651e-07,6.775779009293782e-07,6.923023824211316e-07,6.834547552205003e-07,6.939761787553347e-07,6.787132796665572e-07,6.923624049069866e-07,6.829956430521467e-07,2.25836720467064e-06,2.251968750817088e-06,2.2705686459491614e-06,2.248792615370669e-06,2.255381640667234e-06,2.2336948686712235e-06,2.2128069799652523e-06,4.9344798084222395e-06,4.939584059082193e-06,4.9143961139377795e-06,4.913605819800981e-06,4.877450729623323e-06,4.879468581244249e-06,4.83924787558917e-06,7.478864139090381e-06,7.485022486462135e-06,7.4562473301126124e-06,7.4519492895076854e-06,7.407881586015807e-06,7.4054189958816595e-06,7.358175875887871e-06,7.34814151371626e-06,8.361175472626618e-06,8.269268567464583e-06,8.169746251625806e-06,8.134714564250976e-06,8.07144660743629e-06,8.028547019645004e-06,1.3762253722462324e-05,1.3598582645787981e-05,1.3526617169844643e-05,1.3371238977856944e-05,1.331077199228428e-05,1.8444809770424744e-05,1.829166524969587e-05,1.8047481554889696e-05,1.7919173419681463e-05,1.816127270065284e-05,1.7932444493982288e-05,1.781231055520324e-05,2.5637733084900593e-05,LC_V24_H3p5_T8,2.5637733084900593e-05
50,"(50,)",89,2,single,B_as_chord,X,5.149785552841856e-07,1.7732965266024285e-07,1.7883887058819427e-07,1.7613633300193947e-07,1.776831458556807e-07,1.751562140855618e-07,2.659666470752331e-07,2.6473494561746177e-07,2.7554010721134765e-07,2.65374707013153e-07,2.6395815150024443e-07,2.6951235894955455e-07,2.6554622379377173e-07,3.1402998585371515e-07,3.1177606812536043e-07,3.249704886836085e-07,3.1636887578487086e-07,3.093726965978702e-07,3.160656884423435e-07,3.106875074581065e-07,6.750557266211514e-07,6.741618459102433e-07,6.820090446412606e-07,6.75593526822411e-07,6.818956218133403e-07,6.717799399739297e-07,6.797489075791787e-07,6.735551562857498e-07,2.3238619139563194e-06,2.3145105013174255e-06,2.3455500125868515e-06,2.3195252835295543e-06,2.3327021787701314e-06,2.311941713760402e-06,2.286773755232238e-06,5.589189411832547e-06,5.607396746239387e-06,5.572744830582254e-06,5.582941398242541e-06,5.545496906890901e-06,5.553159466543132e-06,5.499966834370858e-06,8.430955966374953e-06,8.433794967165857e-06,8.39899589994877e-06,8.393120548115807e-06,8.34098589825778e-06,8.336441720579205e-06,8.284436839071422e-06,8.270388222132812e-06,9.458516520041055e-06,9.367075091179316e-06,9.270853030683685e-06,9.236613260706736e-06,9.176604775971629e-06,9.132698395265436e-06,1.5944968042043097e-05,1.5744726884461578e-05,1.563902200850937e-05,1.543913999066216e-05,1.535380503890336e-05,2.108975512673243e-05,2.0908073490785608e-05,2.0611352181045136e-05,2.045038101917553e-05,2.100507927008165e-05,2.0751263548399184e-05,2.0644276325805625e-05,3.014834341353574e-05,LC_V24_H3p5_T8,3.014834341353574e-05
50,"(50,)",91,2,single,A_as_chord,X,6.9905310766519e-07,1.2785607258433455e-07,1.2692275939048558e-07,1.2793281536819675e-07,1.2687475164664764e-07,1.2867046020009105e-07,1.6211164421916575e-07,1.6018584951985473e-07,1.7195289528807857e-07,1.6195096848713533e-07,1.6000622166634874e-07,1.6667676838759853e-07,1.6268730241936878e-07,2.1337984147557975e-07,2.1124641691961106e-07,2.2296020844703923e-07,2.1552689508756887e-07,2.0933048370120404e-07,2.1534276878192335e-07,2.106701871792646e-07,5.160488532405306e-07,5.142066971324891e-07,5.287234187646473e-07,5.203074394944864e-07,5.31087163281239e-07,5.164234322038328e-07,5.296771869694068e-07,5.208317782237949e-07,2.0407669350622697e-06,2.033600525992905e-06,2.057811736761443e-06,2.034656451049993e-06,2.0449444019176858e-06,2.0256649793624264e-06,2.0047584758757792e-06,4.722759720611635e-06,4.741284737557878e-06,4.707133125367341e-06,4.717574648436334e-06,4.682865857023247e-06,4.693534796883981e-06,4.6407849598431026e-06,7.507318512206652e-06,7.511930470493198e-06,7.482406896224808e-06,7.478742079295919e-06,7.43205787644456e-06,7.428412391469668e-06,7.382683237567714e-06,7.368643155347944e-06,8.28367134778882e-06,8.193656234059646e-06,8.094440918676853e-06,8.069023114310384e-06,7.991303062325175e-06,7.955811164158703e-06,1.3559825008093537e-05,1.3376545704931716e-05,1.3327018685895138e-05,1.3123958169194762e-05,1.3082611127609016e-05,1.8092496245296732e-05,1.8003857354767957e-05,1.7702632684459006e-05,1.7591530486299733e-05,1.8093870047456872e-05,1.7843070197984397e-05,1.7735611964391304e-05,2.5440512053875972e-05,LC_V24_H3p5_T8,2.5440512053875972e-05
51,"(51,)",93,2,single,B_as_chord,X,5.349838149258786e-07,4.1174630022659876e-08,4.047741406646966e-08,4.107115555951443e-08,4.0295203136350235e-08,4.128747267117243e-08,8.59553513403151e-08,8.46026494195336e-08,9.194674337086041e-08,8.5519911807382e-08,8.434200959336427e-08,8.822723760039274e-08,8.581507281333608e-08,3.0648872642102844e-07,3.0401560752143284e-07,3.1347665978425026e-07,3.055100038665911e-07,2.984798931496734e-07,3.018225133350303e-07,2.966400648056253e-07,5.298547133003921e-07,5.272574880883653e-07,5.384254728133868e-07,5.305953144158619e-07,5.374176823188007e-07,5.228333301877789e-07,5.327585901379515e-07,5.237467351538789e-07,9.116613206293638e-06,9.093075922023147e-06,9.049671142800991e-06,8.983794852296426e-06,8.89511045808991e-06,8.708283781338506e-06,8.63327245998749e-06,1.3546011071353316e-05,1.3477077536657523e-05,1.3377706756763959e-05,1.3269165860549305e-05,1.3047494416200056e-05,1.2931618177867138e-05,1.2812607980211196e-05,2.031875693168134e-05,2.0200295344353645e-05,2.0090236492147797e-05,1.9931507414466695e-05,1.9624221456909272e-05,1.944892956551286e-05,1.9304202846036538e-05,1.909922680365991e-05,2.177804849695688e-05,2.1403973154774725e-05,2.100523884077208e-05,2.080941187587566e-05,2.0644139262085263e-05,2.0377823670792702e-05,3.779361180792808e-05,3.718151048707813e-05,3.6854598151172856e-05,3.621618226404149e-05,3.587363273228857e-05,4.456053296694877e-05,4.418598566566589e-05,4.334544831554389e-05,4.291899970750664e-05,3.951828383999357e-05,3.88728701357149e-05,3.855156483937694e-05,4.930880217928257e-05,LC_V24_H3p5_T8,4.930880217928257e-05
51,"(51,)",95,2,single,A_as_chord,X,3.5479747993891325e-07,3.188553102110781e-08,3.197702574024872e-08,3.153611910714427e-08,3.160409989936138e-08,3.132028150855546e-08,1.451021354754564e-07,1.4380987032849642e-07,1.5066843268996187e-07,1.4451973197304575e-07,1.4335348740348633e-07,1.469191924408889e-07,1.4462553232671017e-07,4.2522698124603185e-07,4.2296362442959525e-07,4.300690586493444e-07,4.2297935062151997e-07,4.1627626253455086e-07,4.182136093839115e-07,4.13203235196545e-07,7.368327516906684e-07,7.338688926329633e-07,7.45521294083754e-07,7.37763583269435e-07,7.444205726296365e-07,7.299363311059639e-07,7.398926958313708e-07,7.311175868596802e-07,9.853449192462638e-06,9.830858053938341e-06,9.774203353209177e-06,9.713463215811992e-06,9.610567544907268e-06,9.411754315493756e-06,9.342262904850854e-06,1.4411678753118186e-05,1.4318059559817359e-05,1.4231921978634944e-05,1.4101190453827908e-05,1.3878270244594821e-05,1.3743456357800066e-05,1.3635313384051381e-05,2.100718891398466e-05,2.085409441855516e-05,2.076229292163255e-05,2.0572807255314863e-05,2.0263411124024563e-05,2.0067704033639773e-05,1.9944244665514327e-05,1.9729425993049474e-05,2.3553404915812315e-05,2.3171908265788313e-05,2.2777425904957012e-05,2.24896163449092e-05,2.235703505821627e-05,2.2082760891452214e-05,4.075557543353699e-05,4.013706907894361e-05,3.975860968828311e-05,3.912151920424851e-05,3.873582107754649e-05,4.7837002070186914e-05,4.7402440022950407e-05,4.6569573424020656e-05,4.610158210609064e-05,4.264547303196106e-05,4.2012467256516895e-05,4.1664880503779385e-05,5.416240447290056e-05,LC_V24_H3p5_T8,5.416240447290056e-05
52,"(52,)",97,2,single,B_as_chord,X,4.4161350430246234e-07,5.0235371093157314e-08,5.038260491480239e-08,4.971489274113991e-08,4.990576940182559e-08,4.9368753932054674e-08,1.6450853660698415e-07,1.6355951614696904e-07,1.6940032345382866e-07,1.634190998304249e-07,1.6252233256418373e-07,1.6515440776676495e-07,1.6298759059196194e-07,3.9577395386333335e-07,3.93684905919933e-07,4.008716803949928e-07,3.9301631008761943e-07,3.869456468407236e-07,3.8816666761673977e-07,3.8356451908487885e-07,6.800034066453681e-07,6.776136274360861e-07,6.890554472459862e-07,6.804943485306882e-07,6.873336100514454e-07,6.725862396942189e-07,6.821630635332035e-07,6.732374906448919e-07,7.570654914726563e-06,7.554208482503673e-06,7.49741391743167e-06,7.449283620010563e-06,7.3640879236096145e-06,7.200971990073571e-06,7.146982908927601e-06,1.1933848478742185e-05,1.1869032174323833e-05,1.1778477898502831e-05,1.1677102396764968e-05,1.1475501435559988e-05,1.136666953385424e-05,1.1261095375543547e-05,1.732460382874982e-05,1.721111484524091e-05,1.7121865886845817e-05,1.6969851237147742e-05,1.670264575759061e-05,1.654186648261531e-05,1.642956536974823e-05,1.6246617789110643e-05,2.0351753558585274e-05,2.0020091799627634e-05,1.9671006372612485e-05,1.943447508936666e-05,1.929712538657847e-05,1.9060620841996594e-05,3.4231824138419345e-05,3.366763534344129e-05,3.333437721707535e-05,3.2757582148860725e-05,3.24171404591259e-05,4.2332880246587847e-05,4.1927594671657864e-05,4.117773440137647e-05,4.076854214810083e-05,3.832494143341287e-05,3.7741914495102444e-05,3.741305846901607e-05,4.9958987490754306e-05,LC_V24_H3p5_T8,4.9958987490754306e-05
52,"(52,)",99,2,single,A_as_chord,X,4.415980857167072e-07,4.940236929595268e-08,4.8889796536805215e-08,4.921738432337577e-08,4.86898887618242e-08,4.9345636774704116e-08,1.2648908908454828e-07,1.252097190756284e-07,1.3207945396539945e-07,1.2589578171048018e-07,1.2467009940231127e-07,1.2822812320092024e-07,1.2592793403633857e-07,2.9618274802468943e-07,2.9424661093347527e-07,3.00278744767429e-07,2.9400382628322677e-07,2.8860865874676054e-07,2.8984043854117354e-07,2.8585649092906366e-07,5.517495810731066e-07,5.500597429172745e-07,5.576114579706492e-07,5.503950107634446e-07,5.552520245692409e-07,5.430984849823756e-07,5.504239417746615e-07,5.431747523029398e-07,6.971335723143983e-06,6.9541575507159815e-06,6.9007071453096285e-06,6.856450601397582e-06,6.771459825160923e-06,6.618014778695643e-06,6.566168489881266e-06,1.1454810773558318e-05,1.1380361531564557e-05,1.130339077291409e-05,1.1198032884832043e-05,1.1008005570686748e-05,1.090108140233806e-05,1.0807246534117631e-05,1.687159639854782e-05,1.6753398072337805e-05,1.666367758408813e-05,1.650996479956621e-05,1.6241478119550498e-05,1.6075274719204824e-05,1.5962502794063332e-05,1.5778568972451304e-05,1.939510628377581e-05,1.9056487032592958e-05,1.8701434619637384e-05,1.8525668521050434e-05,1.8382637383899185e-05,1.814446589894117e-05,3.303876650284266e-05,3.247759348964958e-05,3.21649600912183e-05,3.157988041060637e-05,3.124080149310391e-05,4.088343718680614e-05,4.0538658897395626e-05,3.974895050989242e-05,3.9363935482702e-05,3.629849561048779e-05,3.5697770350436206e-05,3.5352798893351236e-05,4.595090937327583e-05,LC_V24_H3p5_T8,4.595090937327583e-05
