node,sub_joint_id,brace_member,brace_end,chord_t_scenario,direction,treatment,LC_V26_H3p5_T8,LC_V2_H0p5_T5,LC_V2_H0p5_T6,LC_V2_H1p0_T7,LC_V2_H1p0_T8,LC_V2_H1p5_T8,LC_V4_H0p5_T5,LC_V4_H0p5_T6,LC_V4_H1p0_T5,LC_V4_H1p0_T7,LC_V4_H1p0_T8,LC_V4_H1p5_T7,LC_V4_H1p5_T8,LC_V6_H0p5_T5,LC_V6_H0p5_T6,LC_V6_H1p0_T5,LC_V6_H1p0_T6,LC_V6_H1p0_T8,LC_V6_H1p5_T7,LC_V6_H1p5_T8,LC_V8_H0p5_T5,LC_V8_H0p5_T6,LC_V8_H1p0_T5,LC_V8_H1p0_T6,LC_V8_H1p5_T6,LC_V8_H1p5_T8,LC_V8_H2p0_T7,LC_V8_H2p0_T8,LC_V10_H0p5_T5,LC_V10_H0p5_T6,LC_V10_H1p0_T5,LC_V10_H1p0_T6,LC_V10_H1p5_T6,LC_V10_H2p0_T7,LC_V10_H2p0_T8,LC_V12_H0p5_T5,LC_V12_H1p0_T5,LC_V12_H1p0_T6,LC_V12_H1p5_T6,LC_V12_H2p0_T7,LC_V12_H2p5_T7,LC_V12_H2p5_T8,LC_V14_H0p5_T5,LC_V14_H1p0_T5,LC_V14_H1p0_T6,LC_V14_H1p5_T6,LC_V14_H2p0_T7,LC_V14_H2p5_T7,LC_V14_H2p5_T8,LC_V14_H3p0_T8,LC_V16_H1p0_T5,LC_V16_H1p5_T6,LC_V16_H2p0_T7,LC_V16_H2p5_T7,LC_V16_H2p5_T8,LC_V16_H3p0_T8,LC_V18_H1p5_T6,LC_V18_H2p0_T7,LC_V18_H2p5_T7,LC_V18_H3p0_T8,LC_V18_H3p5_T8,LC_V20_H2p0_T7,LC_V20_H2p5_T7,LC_V20_H3p0_T8,LC_V20_H3p5_T8,LC_V22_H2p5_T7,LC_V22_H3p0_T8,LC_V22_H3p5_T8,LC_V24_H3p5_T8,worst_bin,worst_bin_damage
3,"(3, 1)",33,2,single,,TY,2.0446205221676385e-09,4.491921283126407e-12,4.604898790415779e-12,1.1012763806326753e-11,1.2006490246784283e-11,3.410545517860416e-11,2.125902957458974e-11,2.1655054259361312e-11,3.327662354267258e-11,3.760341863154816e-11,3.9666077087088555e-11,7.632404313102433e-11,8.334681646640434e-11,1.7079337534329435e-10,1.724264801811188e-10,2.0298535974279307e-10,2.1004593985776756e-10,2.2208850917290093e-10,3.107025710658126e-10,3.253989252963404e-10,3.2652604222114403e-10,3.2940004679320966e-10,3.8342990335124637e-10,3.95132212773774e-10,5.1868334226926e-10,5.785608475255096e-10,8.010937058010216e-10,8.619988876599086e-10,1.1497294499038778e-08,1.1483265858546177e-08,1.1756851869614774e-08,1.1740523614734209e-08,1.2337075983336327e-08,1.3420712273394886e-08,1.3507254145091117e-08,1.5499902396641787e-08,1.5790238187820663e-08,1.568903134181441e-08,1.6434019679636003e-08,1.777126099403607e-08,1.97849351053425e-08,2.0051958568951415e-08,2.2189484010320325e-08,2.2462272070298378e-08,2.23605421389097e-08,2.311150625282821e-08,2.455575757953309e-08,2.6849043983816107e-08,2.7233586603267755e-08,3.075607536466939e-08,2.663259253612915e-08,2.7194901610400636e-08,2.863097800613416e-08,3.250957499730605e-08,3.265315471972279e-08,3.6808090146305986e-08,6.491018913158735e-08,6.751662559809268e-08,7.156787623252252e-08,7.849086579665612e-08,8.69718732242704e-08,8.117158920258875e-08,8.529481455879084e-08,9.244192634131742e-08,1.0116824777564548e-07,7.048445667625596e-08,7.686719687225974e-08,8.51381397190457e-08,1.1000782599414293e-07,LC_V24_H3p5_T8,1.1000782599414293e-07
3,"(3, 0)",36,2,single,,TY,1.7748706507024845e-10,5.89762246997299e-12,5.902081192472681e-12,6.149150426822114e-12,6.087209017255224e-12,6.612373010816931e-12,2.074995633340888e-11,2.0556299449872216e-11,2.265351259703653e-11,2.1427810601926714e-11,2.10895278051695e-11,2.338637246826441e-11,2.2640354326682326e-11,6.120240665712417e-11,6.075589353713797e-11,6.375974282251684e-11,6.260091734102027e-11,6.063454151513782e-11,6.468039313711946e-11,6.292346523030391e-11,1.3863099082598602e-10,1.380521891836546e-10,1.418881425418305e-10,1.4051408678090304e-10,1.4654255237589798e-10,1.4190114138564952e-10,1.5229410035525922e-10,1.4859432816656783e-10,1.5572396907949032e-09,1.5509371537074588e-09,1.5511128736057779e-09,1.5368077738639505e-09,1.5384319422722699e-09,1.52568251113684e-09,1.496744951971104e-09,2.250754930035734e-09,2.241730513418254e-09,2.228676621619271e-09,2.2309259720798285e-09,2.2311345899481047e-09,2.2639521201296136e-09,2.2346123426008454e-09,3.0878398208379133e-09,3.0839106442052972e-09,3.0719641438779344e-09,3.0838025558088564e-09,3.0781852018622915e-09,3.119031160723611e-09,3.067291770188805e-09,3.114238520555917e-09,4.3135670089259926e-09,4.2100406780392405e-09,4.1108938501041905e-09,4.167422442000756e-09,4.0779465026586665e-09,4.097103671867269e-09,1.0155996567188906e-08,9.859746626019142e-09,9.753942133314356e-09,9.507919060610154e-09,9.48149863193503e-09,1.549251197984023e-08,1.5242319262152992e-08,1.4847800315353155e-08,1.4710610177854757e-08,1.3577794296300785e-08,1.3252145476335273e-08,1.3130537473577299e-08,2.1000852813811147e-08,LC_V24_H3p5_T8,2.1000852813811147e-08
4,"(4, 0)",37,1,single,,TY,8.452289388535989e-10,1.433596272182432e-11,1.4230126362160971e-11,1.4742773888164103e-11,1.4519677054769502e-11,1.886547357132792e-11,7.333372034842702e-11,7.256662546814726e-11,7.827765349543614e-11,7.430586316831914e-11,7.297911102931789e-11,7.896998608424754e-11,7.745215745959794e-11,2.9298912258499364e-10,2.90792214522775e-10,2.992414520781191e-10,2.938218289443915e-10,2.849269023954968e-10,2.950324774884847e-10,2.9020250064634007e-10,7.718872697392835e-10,7.703305955275923e-10,7.789124192463658e-10,7.767177907964006e-10,7.961964271834202e-10,8.578732260075279e-10,8.828850117858679e-10,9.764546103598436e-10,7.961035715139128e-09,7.946135749383434e-09,7.860202661114159e-09,7.81695922245274e-09,7.740142030632181e-09,7.813360728056315e-09,8.012624746935306e-09,1.415037274505418e-08,1.404723612199332e-08,1.4010707912902558e-08,1.399446255242395e-08,1.432999847584463e-08,1.4747684290927403e-08,1.5504625161062036e-08,1.620358454426297e-08,1.604732858722234e-08,1.6019761733981472e-08,1.5947763691110466e-08,1.6109344149603167e-08,1.641651859572131e-08,1.71441875445871e-08,1.812330849700515e-08,2.2349945048753602e-08,2.1707229435955874e-08,2.108724327846973e-08,2.0873059597256527e-08,2.080795995939517e-08,2.12066499572085e-08,5.2502551755012356e-08,5.070522524337255e-08,4.986858429337893e-08,4.88875124356613e-08,4.8704496949105006e-08,8.15149169767444e-08,7.981707235322366e-08,7.723792874933986e-08,7.694714511897634e-08,7.04007827988045e-08,6.841646000122249e-08,6.749384529779483e-08,1.1020007962857568e-07,LC_V24_H3p5_T8,1.1020007962857568e-07
4,"(4, 1)",45,1,single,,TY,1.3291747123960216e-08,4.70859569883471e-11,4.805914357998665e-11,1.0967054725296706e-10,1.1148107207242081e-10,2.982583633285518e-10,2.097733586072586e-10,2.1218010998883087e-10,3.3895615077409924e-10,3.606376986481079e-10,3.624269464748414e-10,7.29593158590446e-10,7.375456769141366e-10,1.5366504874107214e-09,1.552492945267754e-09,1.8712239666118858e-09,1.92738185177167e-09,1.969948591751802e-09,2.821920380601202e-09,2.8465072928470527e-09,2.3833560334140484e-09,2.404557921371992e-09,2.9172786115772083e-09,2.9845695740409263e-09,4.099091438039476e-09,4.317367325509508e-09,6.368711436094936e-09,6.530069314352318e-09,9.914734111808075e-08,9.903540665153805e-08,1.0210629328579962e-07,1.0180332490031214e-07,1.0780367939956207e-07,1.1687324353440116e-07,1.1567658253646999e-07,1.3227138590244156e-07,1.3537988777526996e-07,1.3434598274864236e-07,1.416655410679418e-07,1.5288634930533156e-07,1.7116049161495128e-07,1.694095167779513e-07,1.8366949561941354e-07,1.8640533254240662e-07,1.8600495476095348e-07,1.9359895548603093e-07,2.0647113554958341e-07,2.268041698760151e-07,2.2594289742001804e-07,2.5445884249774843e-07,2.146271673958198e-07,2.2055886128537218e-07,2.3275879652652558e-07,2.5504937501366244e-07,2.522084082697903e-07,2.8309548777320797e-07,5.132128530214664e-07,5.315817285695331e-07,5.640250247007098e-07,6.038879096174359e-07,6.640486844929406e-07,6.436606851593788e-07,6.782304730966671e-07,7.220428772053378e-07,7.874602724949127e-07,5.374885941765699e-07,5.741945912520741e-07,6.337048137138403e-07,8.036305055466846e-07,LC_V24_H3p5_T8,8.036305055466846e-07
5,"(5, 0)",40,2,thick,,K,1.5989271638960246e-09,1.9685949688318175e-10,1.9802524573209065e-10,2.0726896541496939e-10,2.076027052881168e-10,2.2663313321478532e-10,3.641040530616579e-10,3.623270036848583e-10,4.0070968967448646e-10,3.8456106565435953e-10,3.8194598267346133e-10,4.3043056085012153e-10,4.233261686462665e-10,6.57212799602682e-10,6.545603177934838e-10,7.08123821773336e-10,6.961470522451242e-10,6.757079698101073e-10,7.536760397185409e-10,7.341104385349941e-10,1.1561754908547627e-09,1.1555331609543305e-09,1.2189132414194527e-09,1.207420590222053e-09,1.3185266075078092e-09,1.3004906140853315e-09,1.4714838821782251e-09,1.4533015467468432e-09,1.209418846131744e-08,1.204208304580154e-08,1.2398200480860259e-08,1.2226931766995355e-08,1.2676294931430385e-08,1.2988767485575264e-08,1.2739989948230434e-08,2.5994195757064106e-08,2.6250196929850025e-08,2.6092714414069752e-08,2.6679314511221773e-08,2.7340593783424954e-08,2.8548356616960528e-08,2.8046782779956593e-08,4.5155116367182596e-08,4.5702538943068346e-08,4.548579156366176e-08,4.6434013949243697e-08,4.7139666665539366e-08,4.880465743854801e-08,4.7851182032841924e-08,4.968486904293532e-08,5.1763945455279566e-08,5.109570560088731e-08,5.09308521648966e-08,5.2216417408674133e-08,5.129822138538361e-08,5.2547652140810085e-08,1.0153706977621328e-07,1.005144943100678e-07,1.0117085049653595e-07,1.0102016857132845e-07,1.0332744426725562e-07,1.3102074944990095e-07,1.3139239284038653e-07,1.309185504994791e-07,1.3319297027821283e-07,1.2029489122479927e-07,1.1987389721909685e-07,1.218819769262587e-07,1.7220920176852508e-07,LC_V24_H3p5_T8,1.7220920176852508e-07
5,"(5, 0)",40,2,thin,,K,1.402320661908323e-07,2.033568548325928e-08,2.047628288385021e-08,2.1376171260248508e-08,2.14196703909352e-08,2.3309791592563307e-08,3.3749917080398995e-08,3.3573868843335646e-08,3.7287866540462415e-08,3.571634305319399e-08,3.5474570069752747e-08,4.0102126774459506e-08,3.94620444774764e-08,5.385037493160696e-08,5.355992565088068e-08,5.855449855626617e-08,5.7440196019727946e-08,5.551954956225209e-08,6.268360559724349e-08,6.091923135398655e-08,8.877000699566084e-08,8.859453654386659e-08,9.412880593387048e-08,9.298734997848462e-08,1.0293446308323328e-07,1.0132795869528902e-07,1.1619638612518321e-07,1.1462466270898054e-07,9.281673367279587e-07,9.235820194155479e-07,9.575628714523175e-07,9.423393119788049e-07,9.837049338975646e-07,1.0184947826207688e-06,9.948229679875745e-07,2.103545659970138e-06,2.127835538740542e-06,2.1127530948824256e-06,2.1658222162909653e-06,2.2265492510393394e-06,2.3372199524048904e-06,2.289388664562299e-06,3.6573126182614705e-06,3.7097524546140173e-06,3.6897584488586926e-06,3.780113923682216e-06,3.853009104603829e-06,4.010289808255996e-06,3.927959044192894e-06,4.099277739847841e-06,3.960705849828174e-06,3.936164088977797e-06,3.943384216142567e-06,4.0645384483323956e-06,3.995354162628612e-06,4.125484670704137e-06,7.560996237582182e-06,7.545276307692394e-06,7.640385136002921e-06,7.68510584904647e-06,7.889741884480778e-06,9.589906599371887e-06,9.68316734348649e-06,9.704604719982441e-06,9.910052129772575e-06,8.79965832460996e-06,8.802553912992124e-06,9.002385053516305e-06,1.261197324423447e-05,LC_V24_H3p5_T8,1.261197324423447e-05
5,"(5, 0)",40,2,thick,,Y,8.663485822523005e-09,4.668225411230531e-10,4.690564596120384e-10,4.928773878253695e-10,4.919219376053223e-10,5.398301832868235e-10,1.5374681313911267e-09,1.5290912304825933e-09,1.6647473503703456e-09,1.6049319710150944e-09,1.5912687346283032e-09,1.7606494680734623e-09,1.7281801807248093e-09,4.748848821511966e-09,4.731721521482839e-09,4.910450794152645e-09,4.860502016339044e-09,4.751185220231666e-09,5.074828172415349e-09,4.970848830194495e-09,1.1224773137369446e-08,1.1206306064461523e-08,1.1585763711889703e-08,1.1506694952289803e-08,1.2062801994469851e-08,1.1928215681186229e-08,1.2745812111507401e-08,1.2659543922131418e-08,1.114965055661863e-07,1.1113120044176742e-07,1.1209284953293459e-07,1.1109512678837975e-07,1.1228655273823537e-07,1.1251780184053298e-07,1.1118255623542426e-07,1.9559816053384792e-07,1.955979920373821e-07,1.948096258787462e-07,1.958729428766715e-07,1.9724430855757238e-07,2.0141524587850413e-07,1.9900973274818956e-07,3.25941056272395e-07,3.278071529374164e-07,3.259806851819154e-07,3.2848833504884415e-07,3.286544688061912e-07,3.3413744706758847e-07,3.28861600644077e-07,3.350836816544267e-07,4.3980623843407874e-07,4.3104260643719913e-07,4.239004307085832e-07,4.2605980665859456e-07,4.196451878325723e-07,4.213218396725332e-07,9.25651620870838e-07,9.079766166062871e-07,9.035764837880968e-07,8.924913841264328e-07,8.971787801305754e-07,1.2981630879344645e-06,1.2861321508160426e-06,1.271306811562891e-06,1.269075078933534e-06,1.2470084506246208e-06,1.2258942062454618e-06,1.2214065182616934e-06,1.7848525014308704e-06,LC_V24_H3p5_T8,1.7848525014308704e-06
5,"(5, 0)",40,2,thin,,Y,6.080392541044662e-07,4.093910281247439e-08,4.1124240959025746e-08,4.3228309965864004e-08,4.319327118211966e-08,4.737197721727831e-08,1.1462000642066348e-07,1.1406452750622755e-07,1.2485449886962675e-07,1.2011139371867723e-07,1.1917078067203428e-07,1.326921264925189e-07,1.3034780452480388e-07,3.1093934225473483e-07,3.100073660267009e-07,3.2424475533258885e-07,3.2052113839450556e-07,3.132203448628216e-07,3.3770942762047976e-07,3.3026393801388333e-07,6.851501800202627e-07,6.844608366497139e-07,7.098985244899376e-07,7.053948674616898e-07,7.441196730501304e-07,7.37826165006732e-07,7.968068307555782e-07,7.917772125475378e-07,6.915959225493586e-06,6.88858323040347e-06,6.982466521392853e-06,6.911899773704947e-06,7.016900486290095e-06,7.059711323986212e-06,6.962267103831303e-06,1.2266257426221675e-05,1.2281742795818064e-05,1.2220110900370208e-05,1.231970569274449e-05,1.2420164965033822e-05,1.27160426339641e-05,1.2565819183504998e-05,1.9841798656185936e-05,1.991760183805463e-05,1.9797482034700933e-05,1.992866424308103e-05,1.9888583383016208e-05,2.0203563841585353e-05,1.9863904860464036e-05,2.0221317649725586e-05,2.5036999438486285e-05,2.4647736704410332e-05,2.4345266982431966e-05,2.4611324379723584e-05,2.4233790584593186e-05,2.446844257491579e-05,4.9003369875633294e-05,4.829814275434525e-05,4.821867735901371e-05,4.780928404013521e-05,4.809856567150414e-05,6.610051389700399e-05,6.561478344511573e-05,6.478693660896293e-05,6.468972901656018e-05,6.458070859675914e-05,6.376110639258679e-05,6.364989079830232e-05,8.961308099033997e-05,LC_V24_H3p5_T8,8.961308099033997e-05
5,"(5, 1)",48,2,thick,,K,3.84645726753489e-09,4.208804380001055e-11,4.242212832162483e-11,6.122707337148152e-11,6.022652490659183e-11,1.0275960384074106e-10,1.514720533097019e-10,1.5121323330053143e-10,2.0586197601980485e-10,1.9862834298834197e-10,1.9466734965765912e-10,3.067041874608913e-10,2.954409477208561e-10,6.146738873094413e-10,6.151478301862958e-10,7.270205681423745e-10,7.252310132402164e-10,7.085605840433478e-10,9.353678432424338e-10,9.082449288865993e-10,8.99897392912866e-10,9.039961715534667e-10,1.0545983073195088e-09,1.061683762649004e-09,1.3643977187175747e-09,1.347504186644313e-09,1.865684631290969e-09,1.8231312664037346e-09,2.9600741924045347e-08,2.9487579590444298e-08,3.047789652494371e-08,3.01353533730915e-08,3.164592113265434e-08,3.331567535280252e-08,3.2487451576759444e-08,4.353002919916221e-08,4.4478366223204796e-08,4.400845627326899e-08,4.596232434975143e-08,4.8278508231190894e-08,5.2692393976970484e-08,5.1054370295118905e-08,6.697210184024207e-08,6.801632752496765e-08,6.765739258477965e-08,7.005579922691632e-08,7.297242527794213e-08,7.809979861283936e-08,7.642865901594849e-08,8.282125472935778e-08,7.798530001278812e-08,7.915694769020083e-08,8.137105471753206e-08,8.63212545639911e-08,8.434436109455649e-08,9.081913444261668e-08,1.7267143519324587e-07,1.755901570885015e-07,1.830082764422268e-07,1.8920336626018558e-07,2.0149863159304152e-07,2.1963255712483614e-07,2.2797472862563296e-07,2.3586888988788405e-07,2.501484862435996e-07,1.960631549666707e-07,2.0025378789745757e-07,2.1303148224927e-07,2.782756231992458e-07,LC_V24_H3p5_T8,2.782756231992458e-07
5,"(5, 1)",48,2,thin,,K,1.7049650123167866e-07,7.032147085274732e-10,7.106060726211112e-10,1.2601464139351312e-09,1.2563172533687193e-09,2.680953751598494e-09,1.745142841069727e-09,1.7469268464817282e-09,2.5898225942874324e-09,2.659194442862787e-09,2.6609052528698996e-09,5.060181927718552e-09,5.035000313867739e-09,1.2097444763057322e-08,1.216403775270784e-08,1.4529484222166976e-08,1.4840792829091193e-08,1.4981803590533618e-08,2.088218777892346e-08,2.0779723353215365e-08,2.2533033989235172e-08,2.2757896061790935e-08,2.6061184497691645e-08,2.682333331568393e-08,3.4771497656553777e-08,3.706169391177068e-08,5.153625168221097e-08,5.2688210581958e-08,6.4741256502442e-07,6.449571117052011e-07,6.675683353339579e-07,6.620363318044931e-07,6.997817734673461e-07,7.533180889483986e-07,7.42987718048047e-07,9.626955865575745e-07,9.842349839793789e-07,9.780974766431474e-07,1.02746861982412e-06,1.1090148863476044e-06,1.2343595145228888e-06,1.2248790081417842e-06,1.6998489277225544e-06,1.742175945539724e-06,1.7346334716668522e-06,1.809605931806183e-06,1.9083781526195976e-06,2.0669145754541855e-06,2.046083292225392e-06,2.2636576887581574e-06,2.325249707683263e-06,2.366161138371396e-06,2.452229224955033e-06,2.620953511227161e-06,2.5931111381314e-06,2.819651944175548e-06,5.071308084060319e-06,5.212461133411096e-06,5.4488618155018515e-06,5.768392683753787e-06,6.202425356344646e-06,7.082077713886191e-06,7.3373214218253274e-06,7.63870335043145e-06,8.124435550542077e-06,6.61747054036406e-06,6.933131907154374e-06,7.423843806208516e-06,1.0578700530063556e-05,LC_V24_H3p5_T8,1.0578700530063556e-05
5,"(5, 1)",48,2,thick,,Y,7.579293766290857e-08,2.17441857577187e-10,2.228087517968441e-10,5.401952275579248e-10,5.485809622427999e-10,1.5437027296008776e-09,1.0997436174651178e-09,1.1188499703006723e-09,1.806533597235665e-09,1.9291003319457405e-09,1.9338602915342724e-09,3.969811744588265e-09,3.968257763524971e-09,8.448173293289462e-09,8.530116469663785e-09,1.0348508634090425e-08,1.069294862171106e-08,1.0878122754444728e-08,1.5786726432692133e-08,1.582583471309428e-08,1.613856012655605e-08,1.6277932697508223e-08,1.928474936235176e-08,1.9845155865957304e-08,2.6636372573784966e-08,2.8126522889844276e-08,4.108559141432971e-08,4.1850860126679995e-08,5.36222706814899e-07,5.35148087489686e-07,5.53327108777355e-07,5.513756618456827e-07,5.857701531840364e-07,6.382108908304277e-07,6.308878191114613e-07,7.430237684052949e-07,7.619375319421147e-07,7.56380442159178e-07,7.978919071805706e-07,8.636210298515329e-07,9.722097856888053e-07,9.627422802796227e-07,1.1526614347970572e-06,1.178007113567485e-06,1.1740216603533526e-06,1.2263474733783226e-06,1.2998585419967783e-06,1.425060224210203e-06,1.4089101924038048e-06,1.5833330614993726e-06,1.414870310349297e-06,1.454469116408007e-06,1.5319746677978337e-06,1.6702030899145364e-06,1.6470965525129054e-06,1.833051175803606e-06,3.234237782207594e-06,3.358754472657844e-06,3.553164655592293e-06,3.829561680933881e-06,4.196320774415051e-06,4.148694521080255e-06,4.363828682249267e-06,4.624271447198768e-06,5.012199513345881e-06,3.7863796901441045e-06,4.0305820939928464e-06,4.406386031453283e-06,5.635174782815003e-06,LC_V24_H3p5_T8,5.635174782815003e-06
5,"(5, 1)",48,2,thin,,Y,3.853914132866123e-06,1.1257890114831972e-08,1.1516752280435905e-08,2.7411770255181464e-08,2.7794541099902988e-08,7.658437099246604e-08,5.3700573370920246e-08,5.460633390948299e-08,8.800337070474828e-08,9.354889344694508e-08,9.387623886545283e-08,1.9154199669169356e-07,1.9124794831676016e-07,4.111286321742305e-07,4.1489570518196097e-07,5.029200515582375e-07,5.191162469698502e-07,5.27899239334521e-07,7.639347949113314e-07,7.651625245551566e-07,7.891607216733148e-07,7.955402722572056e-07,9.391326146549826e-07,9.666209208682215e-07,1.2916273854821781e-06,1.3676888009145197e-06,1.9895018203324045e-06,2.0261637524653772e-06,2.529989699747821e-05,2.5263868901445713e-05,2.5925208250416172e-05,2.5871753651750965e-05,2.7228065010545078e-05,2.923683398603949e-05,2.8901808519385567e-05,3.4733162115091514e-05,3.5456723841250936e-05,3.519891899874336e-05,3.678504492262161e-05,3.934701569640048e-05,4.335734476755628e-05,4.3111381110361634e-05,5.1550845247430404e-05,5.224084083902534e-05,5.211268442328786e-05,5.382406857779901e-05,5.635744155943941e-05,6.0432133209457455e-05,5.978948813544592e-05,6.498105695403304e-05,6.264095513876762e-05,6.393262968993886e-05,6.635049268381402e-05,7.063076072541795e-05,6.970148621373869e-05,7.492820074427554e-05,0.00012482498336801172,0.00012682356068308232,0.00013092747833496417,0.00013520263768421716,0.00014198234397373968,0.00015467382353522778,0.00015876550795429367,0.0001624721419002885,0.00016902910222227655,0.00014263718490041763,0.00014674683965435682,0.00015361006726960199,0.00019028062612469715,LC_V24_H3p5_T8,0.00019028062612469715
5,"(5, 0)",53,1,thick,,K,2.2275165680688253e-09,1.2395003442222907e-10,1.239617652630457e-10,1.2494611961060243e-10,1.2488519627049474e-10,1.3252436375100714e-10,1.8828526542860103e-10,1.8627526401735222e-10,2.0462243765171355e-10,1.9178770491125293e-10,1.8873595466544216e-10,2.0679797351230543e-10,2.0699265368936488e-10,2.710518320553797e-10,2.686857511404952e-10,2.921027045899512e-10,2.8304212833331607e-10,2.7397160331832563e-10,3.154457469307506e-10,3.313026535788683e-10,4.885367791190056e-10,4.869738828167073e-10,5.116302643773347e-10,5.02198068721149e-10,5.37181545379222e-10,5.398048383757385e-10,6.579599863229549e-10,7.5789089330661e-10,4.8750396291873384e-09,4.8743122649616754e-09,5.003458777819574e-09,5.03032554449679e-09,5.340283022733896e-09,6.007880897576867e-09,6.1417450066905746e-09,1.0186575832649639e-08,1.0294567541267783e-08,1.0270030799528668e-08,1.0585222276116586e-08,1.1561948180048618e-08,1.2839814655627794e-08,1.320665639173083e-08,1.807260436208336e-08,1.831658479014857e-08,1.8212264596377733e-08,1.862613360120637e-08,1.9518066757956833e-08,2.0939554187305455e-08,2.1213589850197438e-08,2.36759432601879e-08,2.106184646128979e-08,2.1179804115364182e-08,2.2159864081219717e-08,2.3392490742791517e-08,2.3765287107433325e-08,2.5983680772651245e-08,4.042594987898781e-08,4.1531886935868606e-08,4.352072244567841e-08,4.7718596127761595e-08,5.235255100639622e-08,5.651578712670403e-08,5.851974525253213e-08,6.369925356575019e-08,6.953854964168849e-08,5.447826658648295e-08,5.896887316769528e-08,6.424878102051799e-08,9.310936759603301e-08,LC_V24_H3p5_T8,9.310936759603301e-08
5,"(5, 0)",53,1,thin,,K,6.124163150525065e-08,1.5195208262099623e-08,1.5211558272330144e-08,1.530564515611157e-08,1.5259927827686307e-08,1.5553533852025553e-08,2.0565067427071227e-08,2.0348308704319304e-08,2.2413052765435097e-08,2.0980162004179064e-08,2.065574724486593e-08,2.2429041102613742e-08,2.1690062976685267e-08,2.5686768242254122e-08,2.547134990563984e-08,2.7902485324533702e-08,2.6932961902498754e-08,2.5685478850639665e-08,2.8059117535099675e-08,2.696393055586806e-08,4.248376820748721e-08,4.224826642261561e-08,4.4925567546743944e-08,4.365888323077574e-08,4.7541749276869884e-08,4.4922376974671466e-08,5.060781050484508e-08,4.8570279573428034e-08,3.7513132754188006e-07,3.7270332276591724e-07,3.871977386876586e-07,3.7933293835136103e-07,3.9358388672111e-07,3.967918650335902e-07,3.8352789593534887e-07,9.223123111754525e-07,9.348641273120903e-07,9.246057675762223e-07,9.442940149392287e-07,9.514938707599614e-07,9.837748162906582e-07,9.551233826970692e-07,1.687096934656377e-06,1.7171585988081222e-06,1.7031127320953953e-06,1.7388618470845453e-06,1.7512167246919e-06,1.803662222799373e-06,1.7542620374103654e-06,1.8025340373463315e-06,1.6542520628578395e-06,1.6379272693906122e-06,1.6216661068290976e-06,1.6464953192089282e-06,1.613293689894043e-06,1.6348334086411572e-06,3.1970716290865144e-06,3.1658604726272836e-06,3.1817793265286874e-06,3.1419232167309224e-06,3.172466055043326e-06,3.912168511169404e-06,3.927509115175873e-06,3.880532652718013e-06,3.9071573879283305e-06,3.395851992847296e-06,3.3521051110089867e-06,3.391623973308795e-06,4.812374120201926e-06,LC_V24_H3p5_T8,4.812374120201926e-06
5,"(5, 0)",53,1,thick,,Y,2.2275165680688253e-09,1.0469926363476083e-10,1.0424173511544322e-10,1.0422798829202774e-10,1.0363152725540572e-10,1.0667734413799012e-10,3.887638413882497e-10,3.8553701650276134e-10,4.1058318691560494e-10,3.9186703028506533e-10,3.8680487867769464e-10,4.0952458262862244e-10,3.9945737049308764e-10,1.2105947231483979e-09,1.2035924565544298e-09,1.2443057837735912e-09,1.2240041978671063e-09,1.1915059925983491e-09,1.2375269859500453e-09,1.2112251399876155e-09,3.3527706564421066e-09,3.3488876900092444e-09,3.431122561521646e-09,3.412877138999367e-09,3.5266739720721e-09,3.4714433514353747e-09,3.622997604097884e-09,3.5833070614817264e-09,2.8677525233057977e-08,2.8583181527447023e-08,2.8674744554555364e-08,2.845143323000303e-08,2.8476481567099342e-08,2.824000180413239e-08,2.7904278097240708e-08,4.816641849244129e-08,4.795886632487422e-08,4.7768805257679754e-08,4.769907497258053e-08,4.745531234601305e-08,4.7758139460568737e-08,4.718825461184411e-08,7.938555744950092e-08,7.953775732237493e-08,7.917480711813074e-08,7.942811615289548e-08,7.906484308056681e-08,7.965236044828234e-08,7.841102079742271e-08,7.893765259768027e-08,1.1002004236382835e-07,1.0741999303956087e-07,1.0509923182989157e-07,1.0380678734135076e-07,1.0238487092171483e-07,1.0162098397995562e-07,2.4260820134831415e-07,2.3772585845863643e-07,2.3556793590846643e-07,2.311630622165367e-07,2.298686228141894e-07,3.449021668067783e-07,3.3996913083049925e-07,3.3448523606345463e-07,3.3134405313158645e-07,3.320115464580558e-07,3.2486778148072224e-07,3.2087367658306194e-07,4.713099136975267e-07,LC_V24_H3p5_T8,4.713099136975267e-07
5,"(5, 0)",53,1,thin,,Y,1.215202014823722e-07,1.1197158032734305e-08,1.1161462937342535e-08,1.1178925639082585e-08,1.1125606145237125e-08,1.1266732954387226e-08,3.129087306012975e-08,3.102092062386856e-08,3.343586942446527e-08,3.1727816163089714e-08,3.127410116399322e-08,3.3403895100979505e-08,3.247397511112154e-08,8.01620723228562e-08,7.966569609742135e-08,8.333341312677047e-08,8.172532237088869e-08,7.92021197617493e-08,8.333926458182873e-08,8.124002122604484e-08,2.006582963301323e-07,2.0016504279128943e-07,2.061988499647485e-07,2.0436846697118129e-07,2.128796794844126e-07,2.0809279457892145e-07,2.196924105488393e-07,2.165271731105012e-07,1.7405377331935363e-06,1.7340796409833789e-06,1.7500607097441941e-06,1.732896328311799e-06,1.7464381056317328e-06,1.7378493894267918e-06,1.713266196208923e-06,3.1290394000772344e-06,3.126251785872798e-06,3.1110249188307635e-06,3.119397854743452e-06,3.11426759727242e-06,3.1531372843582772e-06,3.110247266307401e-06,5.33926954843329e-06,5.371529734764551e-06,5.345576844411735e-06,5.376559931219249e-06,5.354964231638521e-06,5.414759762281515e-06,5.320135779646908e-06,5.375741091447801e-06,6.848985875391331e-06,6.715537275847496e-06,6.593538620711549e-06,6.549108090540249e-06,6.455861897030314e-06,6.440196488579849e-06,1.4097773754330589e-05,1.3860999817993243e-05,1.3777534239544319e-05,1.3568629891980361e-05,1.3542814549433568e-05,1.9272499557141115e-05,1.9061456279880818e-05,1.8734554061423586e-05,1.859415881012342e-05,1.90808065216123e-05,1.8727600623739782e-05,1.8579433514013383e-05,2.6596326508790315e-05,LC_V24_H3p5_T8,2.6596326508790315e-05
5,"(5, 1)",61,1,thick,,K,2.5496767822604166e-09,3.287121621231559e-11,3.28330230743782e-11,4.642898458268677e-11,4.369847479758179e-11,7.176672987597618e-11,8.228186652952011e-11,8.148892334252258e-11,1.1802329248416917e-10,1.0678005474192543e-10,1.0094172463268446e-10,1.663924132432036e-10,1.4872416513867988e-10,2.929142189524319e-10,2.9147182283604407e-10,3.6723847126847343e-10,3.596136044906432e-10,3.344826899882024e-10,4.682166989203295e-10,4.3402301462544435e-10,3.384077851376506e-10,3.3879214737085904e-10,4.180727669844644e-10,4.1291248779784333e-10,5.575146270370754e-10,5.09691737805621e-10,7.703157455975274e-10,7.12381767803787e-10,1.3599509004103382e-08,1.3555131222615292e-08,1.4055262168599534e-08,1.3918492310180784e-08,1.475668970213832e-08,1.556846812512464e-08,1.5008642528232256e-08,2.014159880556536e-08,2.0735544623329096e-08,2.0497102668417916e-08,2.1605493552130366e-08,2.280927302434374e-08,2.517121007240905e-08,2.396591127910843e-08,3.2009782280778277e-08,3.261266827115627e-08,3.229967467222568e-08,3.354970223898916e-08,3.4757045222271354e-08,3.735522670665308e-08,3.5954162617567153e-08,3.894401903872634e-08,3.5942903014893174e-08,3.692462391778239e-08,3.821731517558533e-08,4.12920703797711e-08,3.9565834054055404e-08,4.300208407209685e-08,8.384681618075046e-08,8.497951123198848e-08,8.923355287594615e-08,9.072716597844286e-08,9.723383049807553e-08,1.0563776050143641e-07,1.1011493485920816e-07,1.1166766716107262e-07,1.1900442730490108e-07,8.856127409186814e-08,8.975948658249822e-08,9.638399134409123e-08,1.300130194759232e-07,LC_V24_H3p5_T8,1.300130194759232e-07
5,"(5, 1)",61,1,thin,,K,1.697444197379395e-07,1.798977378895249e-09,1.7699116583568224e-09,2.576535522595912e-09,2.4227326881221562e-09,4.014961237363721e-09,3.0169269410426275e-09,3.0051715509541975e-09,4.3723041689409045e-09,4.128939772353869e-09,3.928920602232223e-09,6.783990859900443e-09,6.1778232927583976e-09,1.5360035457171096e-08,1.5315375508064737e-08,1.8745944627671607e-08,1.8610642402716268e-08,1.761572894019607e-08,2.4367885406598794e-08,2.2821789740230784e-08,1.5468717380745373e-08,1.5571931221306442e-08,1.9185115629140938e-08,1.9236971807119705e-08,2.6323479417608284e-08,2.449181932406069e-08,3.725629011409829e-08,3.4870548443086114e-08,7.102454123100141e-07,7.07758355519031e-07,7.322829044707723e-07,7.250366202815466e-07,7.662469550882323e-07,8.051798715455087e-07,7.767843023310704e-07,1.065394295963885e-06,1.0946956259827092e-06,1.0833037549321328e-06,1.1389428511014128e-06,1.2020125139821346e-06,1.3229118938780675e-06,1.2653237223967234e-06,1.6901782614357681e-06,1.7222529970223243e-06,1.708459302630743e-06,1.7756057005915953e-06,1.8428484917897009e-06,1.9792041064236362e-06,1.9174300491875717e-06,2.0820440344682335e-06,1.924628602223105e-06,1.9766641893224443e-06,2.0492289596826466e-06,2.192386267184757e-06,2.107882695507802e-06,2.287044972431278e-06,4.363751678938087e-06,4.415514662886254e-06,4.6360140416196035e-06,4.723661422997898e-06,5.060172046920752e-06,5.7487596120211576e-06,6.018128879495315e-06,6.096417317145216e-06,6.488340267251871e-06,4.5504058026088254e-06,4.641379323154646e-06,5.015863242503736e-06,7.2827692629751506e-06,LC_V24_H3p5_T8,7.2827692629751506e-06
5,"(5, 1)",61,1,thick,,Y,3.3893994028525724e-08,2.0917724153620779e-10,2.0855214379281425e-10,4.106894505069314e-10,3.777950339705404e-10,8.599977582897215e-10,7.885411913574341e-10,7.83658983229078e-10,1.3134051073450894e-09,1.237544249400831e-09,1.1583601817338085e-09,2.3788754893946613e-09,2.123935951172658e-09,4.991185399748739e-09,4.995240203753171e-09,6.319453861066043e-09,6.3186024379930905e-09,6.0113690546834935e-09,8.817037054847761e-09,8.275627052952434e-09,7.220357446696151e-09,7.278796032757817e-09,9.175102892961448e-09,9.204877238490177e-09,1.2972714884085497e-08,1.2072882035023848e-08,1.8920199114497e-08,1.7710424579545922e-08,2.943132884623828e-07,2.9338927276868824e-07,3.0620628256816884e-07,3.033785702129746e-07,3.2438728892615474e-07,3.465726653138891e-07,3.3399427895781966e-07,4.046503033443133e-07,4.1890925040028936e-07,4.1327069716978043e-07,4.407023802106258e-07,4.7071906494613746e-07,5.278517786105695e-07,5.024567401831977e-07,5.971912879462046e-07,6.106457196513649e-07,6.0689446048695e-07,6.359633717760009e-07,6.688728197029289e-07,7.313750143465889e-07,7.06483891291622e-07,7.8222067129099e-07,6.784590809877912e-07,7.024051661409779e-07,7.353276129924543e-07,8.022709163299585e-07,7.702752014269492e-07,8.535978452136364e-07,1.6030676582484987e-06,1.6479617891002797e-06,1.751188218750638e-06,1.8141160456759183e-06,1.9769861610383515e-06,2.0278305047729815e-06,2.142548638553491e-06,2.2094929024136245e-06,2.390054326617427e-06,1.7244269249389195e-06,1.7808509579661544e-06,1.9426752674626467e-06,2.4572560761033178e-06,LC_V24_H3p5_T8,2.4572560761033178e-06
5,"(5, 1)",61,1,thin,,Y,1.8453646556082615e-06,1.2389958319001964e-08,1.2358507549542102e-08,2.329585843367694e-08,2.14967905125292e-08,4.689074194564347e-08,4.205877137182494e-08,4.1803896906864696e-08,6.889805730413331e-08,6.493911496006311e-08,6.088430725459254e-08,1.2259997846034433e-07,1.0969700433855193e-07,2.595796911716519e-07,2.598064321751506e-07,3.27028708590513e-07,3.26958299661882e-07,3.109510194102082e-07,4.5274893227370124e-07,4.247987531215172e-07,3.59302962820455e-07,3.619912321692391e-07,4.5506066762553297e-07,4.5649444249986665e-07,6.415225725920581e-07,5.97287387571276e-07,9.339175564287001e-07,8.740910698328706e-07,1.4899373230813076e-05,1.4856271372045118e-05,1.5409505064184998e-05,1.5290673013078648e-05,1.6241692268702333e-05,1.722854666053238e-05,1.6665231970718486e-05,2.049363112821495e-05,2.1091815109177496e-05,2.0830532831964425e-05,2.1980841255831963e-05,2.3249593760668556e-05,2.5671902352057348e-05,2.4576210250333385e-05,2.9099197012189833e-05,2.9509011023909926e-05,2.9364149022374087e-05,3.042298016524746e-05,3.175106047677415e-05,3.421717971994382e-05,3.318811520668629e-05,3.6088991326546856e-05,3.3119728298602476e-05,3.407497455364115e-05,3.5227248331300266e-05,3.7762522474612655e-05,3.639674359369491e-05,3.942936398012346e-05,6.946776052630947e-05,7.03789927620644e-05,7.328334711406591e-05,7.44248959979936e-05,7.867950333035511e-05,8.502145201066083e-05,8.807405564077249e-05,8.90444838619869e-05,9.344035478674448e-05,7.306601728627848e-05,7.429774556510419e-05,7.874446293229939e-05,9.746002837914684e-05,LC_V24_H3p5_T8,9.746002837914684e-05
8,"(8, 0)",33,1,single,,TY,1.406451089332253e-09,4.240182248878273e-12,4.341479649850208e-12,1.0480220957862704e-11,1.1350418682132252e-11,3.2972517180178584e-11,2.2825545792968507e-11,2.322052539505856e-11,3.577453026538952e-11,4.016473565779199e-11,4.224055101592929e-11,8.106557882241303e-11,8.782985161074704e-11,1.7307549811549766e-10,1.7476497942553938e-10,2.0847863453125405e-10,2.1553217066795652e-10,2.272148251576983e-10,3.2042966236226713e-10,3.352248650252674e-10,3.4051297097418575e-10,3.4289265965527626e-10,4.010181652476216e-10,4.1108375251729025e-10,5.416882958706534e-10,5.994708009621572e-10,8.355858753456412e-10,8.93150731189494e-10,1.1315509385519428e-08,1.1296903305419195e-08,1.161905688329529e-08,1.1576835641021843e-08,1.2196802597266226e-08,1.3306803326684375e-08,1.3369479604294964e-08,1.5649499735439225e-08,1.596731048717005e-08,1.5863237384814384e-08,1.664116764855707e-08,1.8057123673339203e-08,2.020507314914473e-08,2.043770883158975e-08,2.3386234398691348e-08,2.372577415249171e-08,2.3645551895449693e-08,2.4538499409004352e-08,2.613392150343132e-08,2.858467407012615e-08,2.8883849399360703e-08,3.257761176043303e-08,2.8766282203547763e-08,2.938279651826698e-08,3.088181034677721e-08,3.180354579240537e-08,3.1876355297033885e-08,3.520132990059769e-08,6.317715479447007e-08,6.521307567094316e-08,6.84012527045929e-08,7.424235022836901e-08,8.107491081118173e-08,7.925375794282256e-08,8.25461042908573e-08,8.833177993941713e-08,9.537843468225544e-08,7.080681321972005e-08,7.604424953110885e-08,8.283224075050377e-08,1.0786604090196188e-07,LC_V24_H3p5_T8,1.0786604090196188e-07
8,"(8, 1)",34,2,single,,TY,1.485398354264551e-10,6.773827706227676e-12,6.785338809574354e-12,6.959902799222092e-12,6.915085014983006e-12,7.306547849741273e-12,2.0268438908277107e-11,2.0135730086400112e-11,2.164146567295139e-11,2.0773319569144328e-11,2.0501060172460125e-11,2.234302092717538e-11,2.1803468410755455e-11,6.020470209390729e-11,5.983163925165742e-11,6.201813189491622e-11,6.097079666554529e-11,5.915417525885547e-11,6.205535956414058e-11,6.054913894626234e-11,1.4663520409031413e-10,1.4609371382161875e-10,1.4974646149027865e-10,1.4804878339543682e-10,1.5341574759052443e-10,1.4869440542906772e-10,1.5728282843501199e-10,1.5384608263359702e-10,1.4301208538878917e-09,1.4270200854098791e-09,1.4222504218761386e-09,1.414945294523743e-09,1.4134881864768662e-09,1.4048564140757997e-09,1.3853771595381441e-09,2.525967458426267e-09,2.520906104864378e-09,2.5038310497314748e-09,2.507097879094441e-09,2.4941932113527154e-09,2.520674394900516e-09,2.4823278716591335e-09,4.008059573660391e-09,3.980963927772499e-09,3.9538235147776935e-09,3.931136911920043e-09,3.880373584318335e-09,3.891494487065958e-09,3.8334912847509764e-09,3.852140172487948e-09,6.161967884499396e-09,6.008098797490289e-09,5.865704417448636e-09,5.839357581597672e-09,5.762953506295083e-09,5.7296289216377816e-09,1.2672411243230033e-08,1.242668190594435e-08,1.2367489663470382e-08,1.2112367078600671e-08,1.210938610168821e-08,1.919678554691069e-08,1.8892284143324932e-08,1.8413880223170418e-08,1.8221832218443317e-08,1.985495832058696e-08,1.953670654280345e-08,1.9392068544612255e-08,3.0988407502484614e-08,LC_V24_H3p5_T8,3.0988407502484614e-08
9,"(9, 1)",41,1,single,,TY,6.355976080221488e-10,1.7795889089104388e-11,1.7759056138289134e-11,1.8100816907430777e-11,1.7868308165558113e-11,1.9269427136141554e-11,7.041066435782049e-11,6.9907522818098e-11,7.353885756526361e-11,7.096551081277426e-11,6.999327702432228e-11,7.448128677818739e-11,7.277498685412329e-11,2.992397693198507e-10,2.9794903548822473e-10,3.010962434851558e-10,2.9739017767322254e-10,2.906953431633053e-10,2.96270234435981e-10,2.899652438911417e-10,7.940891813361728e-10,7.919039406156213e-10,8.009992182781584e-10,7.943807027132724e-10,8.080922496767256e-10,8.157766119200985e-10,8.391019113996842e-10,8.850196479808479e-10,7.475566832448693e-09,7.45718822347879e-09,7.409119956689391e-09,7.367572496081928e-09,7.3214679739818256e-09,7.241763072429691e-09,7.2103332658741e-09,1.423984526393429e-08,1.4127922689106664e-08,1.4067989340090474e-08,1.3998466062417966e-08,1.4129446345284721e-08,1.434926730871552e-08,1.4873265063431841e-08,1.9481678913845906e-08,1.925793493893163e-08,1.91400925364485e-08,1.8927096749785388e-08,1.8635444839574955e-08,1.8563931129780745e-08,1.8438902498237977e-08,1.8695829495827163e-08,3.199323171353557e-08,3.1074025074915044e-08,3.020408163506403e-08,2.989186434445323e-08,2.9500086366646778e-08,2.902220575502424e-08,6.833116644275735e-08,6.644209832341877e-08,6.546917399111092e-08,6.355173186274647e-08,6.27976942885523e-08,1.059897972140327e-07,1.0348425006478997e-07,1.0017511268641796e-07,9.815827233286189e-08,1.1221978468215925e-07,1.096796721023179e-07,1.079241516450583e-07,1.756504214919724e-07,LC_V24_H3p5_T8,1.756504214919724e-07
9,"(9, 0)",47,1,single,,TY,1.2133375833809862e-08,4.392067340676047e-11,4.5037249357367424e-11,1.0071287647674853e-10,1.0359513088548153e-10,2.798163187856644e-10,2.304484558307689e-10,2.334904083595121e-10,3.663098476500784e-10,3.916007618941963e-10,3.9525658568833636e-10,7.779250171305233e-10,7.867028903133616e-10,1.551647171849196e-09,1.5675361298871344e-09,1.8989855799693964e-09,1.9536255638349777e-09,1.9922918060175517e-09,2.865092291983289e-09,2.894956032150525e-09,2.6163156486158627e-09,2.6371721959624046e-09,3.16430902145019e-09,3.2362753920097435e-09,4.399239136174887e-09,4.659410924878309e-09,6.794800660459763e-09,6.967896479409554e-09,9.420065643539375e-08,9.400975580159321e-08,9.735527471678902e-08,9.691808345590253e-08,1.0305363879451755e-07,1.1236509865080266e-07,1.1135137940739462e-07,1.3268981305763386e-07,1.360897605602666e-07,1.3514952906198145e-07,1.425800520241053e-07,1.5422411595642777e-07,1.7325378836655845e-07,1.7154457794921963e-07,2.0018262679511995e-07,2.0376593842152964e-07,2.0302593582840189e-07,2.1146550887053526e-07,2.2489096007700936e-07,2.4638655141999214e-07,2.4461529444212823e-07,2.7455649622359244e-07,2.389680242615642e-07,2.450322460615861e-07,2.578511307376773e-07,2.7934320875762963e-07,2.7551768962184596e-07,3.0677299287041284e-07,5.351618391422892e-07,5.556044345101573e-07,5.889722194967017e-07,6.341782847034133e-07,6.970841842573878e-07,6.725413123173704e-07,7.091727178326088e-07,7.548522411835288e-07,8.218320747279202e-07,6.044146159071925e-07,6.428850377823317e-07,7.042542917548726e-07,8.869519467229333e-07,LC_V24_H3p5_T8,8.869519467229333e-07
10,"(10, 1)",44,2,thick,,K,1.7947000843631994e-09,2.0004090845376822e-10,2.0094386879439783e-10,2.1239944364364108e-10,2.1209101953096247e-10,2.3475228580633513e-10,3.944272402424065e-10,3.9208076337888627e-10,4.3604375061055947e-10,4.1732723141561897e-10,4.1250306121585387e-10,4.694386587076741e-10,4.5835468774532096e-10,6.870864517234171e-10,6.859906353061983e-10,7.435233920305899e-10,7.343237496824928e-10,7.110589824107579e-10,8.004595357763587e-10,7.780693607119743e-10,1.1170287267849036e-09,1.115839511897489e-09,1.1925624840114704e-09,1.1807007155163022e-09,1.3061825603361368e-09,1.289272618840165e-09,1.482675345669619e-09,1.4675990651606462e-09,1.492580624806175e-08,1.4836007198954138e-08,1.5192505709446193e-08,1.4990710360480277e-08,1.5420789090494858e-08,1.571861809519465e-08,1.5367737295708027e-08,2.589584852001926e-08,2.6088741431718737e-08,2.5914533896896454e-08,2.6397749706349505e-08,2.6843840240899152e-08,2.7981998108455734e-08,2.7458217677944223e-08,4.0544996364723575e-08,4.102993683652085e-08,4.0876609942250376e-08,4.164433387430351e-08,4.2341371772473836e-08,4.3979390242769845e-08,4.318497668483732e-08,4.504842572894048e-08,4.27215407489318e-08,4.2347666824835644e-08,4.227119809843762e-08,4.312505797920377e-08,4.2430743461962914e-08,4.369548184835309e-08,9.302952718456247e-08,9.193046680333384e-08,9.255913131631327e-08,9.215730068939645e-08,9.40929781067333e-08,1.1905906343849978e-07,1.1963273692093627e-07,1.1895543078302691e-07,1.209440036359985e-07,9.178477380039302e-08,9.221566161152985e-08,9.45524929594675e-08,1.3979457204533185e-07,LC_V24_H3p5_T8,1.3979457204533185e-07
10,"(10, 1)",44,2,thin,,K,1.5587488609639848e-07,2.0523435589836605e-08,2.0656081735826378e-08,2.1743831090048316e-08,2.1754191606410847e-08,2.3980103595980515e-08,3.6891936622556335e-08,3.6674491085418696e-08,4.089547666649658e-08,3.917873142576431e-08,3.8748287075311313e-08,4.4213928948128816e-08,4.320253186219596e-08,5.701992326891455e-08,5.6920436358354794e-08,6.219219118096177e-08,6.143844306473203e-08,5.930020358536272e-08,6.773864980205744e-08,6.570340128607844e-08,8.762576899260441e-08,8.725222344398192e-08,9.387499187721429e-08,9.288797837209738e-08,1.0360985497202601e-07,1.0212266630485675e-07,1.1893127246174129e-07,1.1767768978092977e-07,1.1472943423392011e-06,1.1400937985927662e-06,1.1758229761203299e-06,1.1571352326499724e-06,1.1987487153042073e-06,1.2288307144488483e-06,1.200361197461433e-06,2.108583009737567e-06,2.1300882281784963e-06,2.113340548912608e-06,2.1587122392047984e-06,2.199868176041116e-06,2.303338400904719e-06,2.255642097505574e-06,3.339701965840828e-06,3.3913314939184643e-06,3.3759897227624505e-06,3.4550005123683087e-06,3.530059065054266e-06,3.687712735570807e-06,3.623339423003359e-06,3.801896993399852e-06,3.39077825881047e-06,3.3702725113516394e-06,3.3749447862727375e-06,3.460614470949536e-06,3.4047303335825876e-06,3.527757708992185e-06,7.131244291625827e-06,7.07372624180657e-06,7.149782270279958e-06,7.150527954053353e-06,7.3225627826802935e-06,8.964256945039944e-06,9.04623809293953e-06,9.023184569108227e-06,9.20847627922779e-06,6.848396941719972e-06,6.911424074874866e-06,7.135903254332145e-06,1.0312979663528143e-05,LC_V24_H3p5_T8,1.0312979663528143e-05
10,"(10, 1)",44,2,thick,,Y,9.743422975142218e-09,4.932445177543839e-10,4.920997229223912e-10,5.256440410781821e-10,5.210346925233512e-10,5.827814736822621e-10,1.5713536827233228e-09,1.5609156541080174e-09,1.6962336258027783e-09,1.6254845913974462e-09,1.6031263911025073e-09,1.7801562662773147e-09,1.7319791996488507e-09,4.833626809162666e-09,4.8200662129401545e-09,5.022079029438943e-09,4.977095743272649e-09,4.869199256908792e-09,5.208606851636602e-09,5.097428205781214e-09,1.0268850177013489e-08,1.026445273562816e-08,1.0672290099786507e-08,1.063428581482314e-08,1.1309971321678098e-08,1.1198190500287078e-08,1.2172237080820081e-08,1.20538356742737e-08,1.326657687292869e-07,1.32098663938668e-07,1.3307316023092584e-07,1.317087470212317e-07,1.3270103479923833e-07,1.3249869934423493e-07,1.3049477832910824e-07,1.952871071880074e-07,1.9469625144643967e-07,1.9361261785914196e-07,1.9425727931601076e-07,1.9473927236084055e-07,1.9828377225994382e-07,1.9518968074193502e-07,2.893635771231375e-07,2.890649484195233e-07,2.87744913843462e-07,2.890008858740627e-07,2.8893600754963826e-07,2.932749659353984e-07,2.890985250084141e-07,2.941970584065332e-07,3.52761950821023e-07,3.4582658713558094e-07,3.399053871809047e-07,3.407145398405772e-07,3.356933448102883e-07,3.3803946886022083e-07,8.344070794341226e-07,8.1691608754261e-07,8.141077286607014e-07,8.01034290926966e-07,8.022413538318398e-07,1.151952474179589e-06,1.1434091201086927e-06,1.1205106592786928e-06,1.119083317083601e-06,9.722795312742053e-07,9.587083953550985e-07,9.591646762650896e-07,1.5142088633260964e-06,LC_V24_H3p5_T8,1.5142088633260964e-06
10,"(10, 1)",44,2,thin,,Y,6.852750271814071e-07,4.273138023712478e-08,4.2715156525948544e-08,4.553133594803284e-08,4.5249144508070753e-08,5.049124425050349e-08,1.1926423249667148e-07,1.1853248401294149e-07,1.2965038935109847e-07,1.2423521781014042e-07,1.2258216887957932e-07,1.372012618457827e-07,1.3351280758981818e-07,3.1753355125196263e-07,3.166842584525249e-07,3.3287150023560643e-07,3.296910719042793e-07,3.220684836637729e-07,3.490970240147536e-07,3.40809773540149e-07,6.31105099323281e-07,6.309467699479049e-07,6.61636730831774e-07,6.578815704907546e-07,7.072401555036176e-07,6.995575676756888e-07,7.710896392749073e-07,7.631492559654964e-07,8.303098848756156e-06,8.265971685935936e-06,8.35641160556239e-06,8.26274111980171e-06,8.353431986080487e-06,8.367566194768726e-06,8.234309083417358e-06,1.2440970669176335e-05,1.2437874078561744e-05,1.2366363520496213e-05,1.2443130406628229e-05,1.2485414755807906e-05,1.2755566509442016e-05,1.2551840518774512e-05,1.7676781539969346e-05,1.7658556494667197e-05,1.7578346743193426e-05,1.7639603415820574e-05,1.7644441337178428e-05,1.7920732037095486e-05,1.7656955797653133e-05,1.797050390567783e-05,2.0833757904724503e-05,2.0498315082323984e-05,2.0230512072230408e-05,2.0347338330898918e-05,2.0031141701323674e-05,2.024800331310306e-05,4.478880694884498e-05,4.393585989454236e-05,4.3838409738627666e-05,4.3109997359436816e-05,4.322356387555738e-05,5.937611441649709e-05,5.894403495440957e-05,5.7799990408432445e-05,5.770264280255915e-05,5.182037045459305e-05,5.119137901667383e-05,5.132202862351492e-05,7.58741187298876e-05,LC_V24_H3p5_T8,7.58741187298876e-05
10,"(10, 0)",46,2,thick,,K,3.5564365762777557e-09,2.580126900479186e-11,2.6026633267813e-11,4.086323907069987e-11,4.01368556923222e-11,7.478224540342565e-11,1.0003612347918046e-10,9.960443448627239e-11,1.4197112402220598e-10,1.3621627054556697e-10,1.323688549281658e-10,2.2033427285256008e-10,2.088899661181519e-10,4.5648826058999815e-10,4.5701493534547205e-10,5.421018815201265e-10,5.42250922180197e-10,5.312179175913259e-10,7.10724815061799e-10,6.915560918366033e-10,6.615480847107524e-10,6.639980132337396e-10,7.86238322319083e-10,7.896430639288165e-10,1.026351416542163e-09,1.005003326727464e-09,1.4111964175553937e-09,1.377156284406231e-09,2.318489875244902e-08,2.3095071380961365e-08,2.393431796712027e-08,2.369233272951766e-08,2.502883069746941e-08,2.640801972056804e-08,2.5677774658282244e-08,3.2955622889641265e-08,3.3720572746437254e-08,3.3372294898516745e-08,3.50085267494038e-08,3.672895262348187e-08,4.0215519564665425e-08,3.8801065233624315e-08,4.851218567010208e-08,4.926537321757318e-08,4.9006458351774155e-08,5.075005867217798e-08,5.287956964803281e-08,5.677741712002871e-08,5.5463846513125734e-08,6.031435477219755e-08,5.4642691290148905e-08,5.572753845598076e-08,5.7594522750442035e-08,6.139100926694772e-08,5.981550210689625e-08,6.487774583549447e-08,1.2863892634716213e-07,1.3119366119333823e-07,1.371668052851833e-07,1.4184564031604374e-07,1.5190627375661924e-07,1.64415289365831e-07,1.7084981527137524e-07,1.7609770766933246e-07,1.8733325158655317e-07,1.3976433456347956e-07,1.4372113673791177e-07,1.5390519291578172e-07,1.9883511679771714e-07,LC_V24_H3p5_T8,1.9883511679771714e-07
10,"(10, 0)",46,2,thin,,K,1.9592243596940008e-07,8.148163439628358e-10,8.256218799337967e-10,1.4283513131015414e-09,1.4354423260312313e-09,2.9397525137092153e-09,2.2127551136415605e-09,2.218636148370924e-09,3.3627754791227766e-09,3.4100878207884375e-09,3.404708726526711e-09,6.188089595392791e-09,6.1353786674524835e-09,1.3447825436343816e-08,1.3462605033735163e-08,1.6170658070816285e-08,1.6310702506806494e-08,1.6427099072452952e-08,2.254996915305259e-08,2.260883948682906e-08,2.0402568697711592e-08,2.0521102570458265e-08,2.4423440143833802e-08,2.4779096045038532e-08,3.2839102726795965e-08,3.379892087451631e-08,4.831972074491292e-08,4.8791740161590905e-08,6.382550252691242e-07,6.382523344783456e-07,6.537984467974694e-07,6.533457211884629e-07,6.894528867813014e-07,7.465650770091002e-07,7.407837178376855e-07,9.527274293922999e-07,9.782227728738136e-07,9.690693120817614e-07,1.0192846482728892e-06,1.0913609996349144e-06,1.2127195216545128e-06,1.197188431136172e-06,1.559502688785627e-06,1.588553118373792e-06,1.5788125633843393e-06,1.6405845938391235e-06,1.7243134390966339e-06,1.8765951889128932e-06,1.846229644188427e-06,2.042328602124588e-06,1.9441793423622614e-06,1.98531753708014e-06,2.0603215088131466e-06,2.199794508237135e-06,2.166013065258333e-06,2.3759329238266577e-06,4.5511446319144146e-06,4.639525470258889e-06,4.848911657145978e-06,5.103247994976847e-06,5.50631512544812e-06,5.966283014316544e-06,6.211457264513358e-06,6.497767581874199e-06,6.969255289980311e-06,5.171747985636858e-06,5.433140799134683e-06,5.879254364377765e-06,8.631269074620296e-06,LC_V24_H3p5_T8,8.631269074620296e-06
10,"(10, 0)",46,2,thick,,Y,8.201640109479051e-08,2.497367757382261e-10,2.551736287387525e-10,5.945456974012985e-10,5.965793754730313e-10,1.6230590472355172e-09,1.1527154307045054e-09,1.168031418059913e-09,1.898777360113721e-09,2.005991376238633e-09,1.9977509828438344e-09,4.095657257759731e-09,4.070174061468432e-09,8.634526500063088e-09,8.700368576620513e-09,1.0598245276744332e-08,1.0903281626970746e-08,1.1011144739694778e-08,1.597243570528765e-08,1.592467795778587e-08,1.4768839301175265e-08,1.4887946168247453e-08,1.7998323524081305e-08,1.8401417469151122e-08,2.5076378986860812e-08,2.6098744886097037e-08,3.834273319676002e-08,3.8881882541192226e-08,5.486650754267124e-07,5.485086219777631e-07,5.646127718129581e-07,5.644806997977233e-07,5.984928278800285e-07,6.502690295622332e-07,6.440840950613445e-07,7.38484426016162e-07,7.582318630274743e-07,7.519023621346532e-07,7.94305635315055e-07,8.569414393127422e-07,9.600910616181646e-07,9.469247148001935e-07,1.0649808354948966e-06,1.0835807923230506e-06,1.0782670099157195e-06,1.1230560451440903e-06,1.1966467008561639e-06,1.3139895758858802e-06,1.3039867236952126e-06,1.4662042317043477e-06,1.246324648264356e-06,1.2854247239855218e-06,1.3566961828798925e-06,1.4799817077078576e-06,1.4620544395195672e-06,1.6362849722781396e-06,3.019407988143872e-06,3.1155485098908717e-06,3.29496520689922e-06,3.5094240822603535e-06,3.845985240542233e-06,3.7739671231417946e-06,3.96978504446774e-06,4.214286887909429e-06,4.579117750277789e-06,3.206842043442025e-06,3.4200847100196904e-06,3.76804840147174e-06,4.926109096923399e-06,LC_V24_H3p5_T8,4.926109096923399e-06
10,"(10, 0)",46,2,thin,,Y,4.231207914727837e-06,1.3228058024509915e-08,1.3501673830210195e-08,3.04446150815969e-08,3.056262635623922e-08,8.093104589336686e-08,5.8058373767710435e-08,5.877312985066488e-08,9.505034310760151e-08,9.993634164893396e-08,9.951621615307862e-08,2.0173314488504666e-07,2.002093547448897e-07,4.2352948485305944e-07,4.2647789781861995e-07,5.199950610216412e-07,5.335609142631721e-07,5.376026497585426e-07,7.778353987885046e-07,7.750285753576962e-07,7.181962422890227e-07,7.237819863572732e-07,8.740180460605354e-07,8.92570791777041e-07,1.2134899528030864e-06,1.2622064565186847e-06,1.850605916063931e-06,1.8756082490456011e-06,2.582065950247639e-05,2.580580189733766e-05,2.6400402034089686e-05,2.6399545557345006e-05,2.7737957325649274e-05,2.973824787661749e-05,2.94358037641045e-05,3.4450766205652585e-05,3.522200110043922e-05,3.49390813396551e-05,3.6580555924439965e-05,3.9021147123369685e-05,4.2880951821334826e-05,4.247173564247088e-05,4.8092657444954935e-05,4.855721057646912e-05,4.840514853774383e-05,4.986667639006453e-05,5.216873940367953e-05,5.606149493965047e-05,5.549671857112215e-05,6.047909083801407e-05,5.58970065653757e-05,5.720156557697127e-05,5.948003374403811e-05,6.336884966043529e-05,6.258083307343031e-05,6.762674854092275e-05,0.00011611381677676812,0.00011769136390732674,0.0001216334979008053,0.00012518559661729904,0.00013156096434878612,0.00014053610687194404,0.00014434626620245695,0.00014762162142021128,0.00015396725618586337,0.00012296310762491646,0.00012663262017580668,0.00013336506771653768,0.00016644666836401168,LC_V24_H3p5_T8,0.00016644666836401168
10,"(10, 1)",57,1,thick,,K,2.0320146136454416e-09,1.2949844866770022e-10,1.3064400159640283e-10,1.294606522575418e-10,1.3027453237055033e-10,1.3263039882544761e-10,2.120104902510595e-10,2.1115767280020382e-10,2.237971568523358e-10,2.1522798823728846e-10,2.131248571270957e-10,2.2593868508553645e-10,2.2068109127515943e-10,2.9857875040670706e-10,2.969258827782039e-10,3.156412298975186e-10,3.088618909755361e-10,2.9831238129938104e-10,3.184439573949926e-10,3.084918110482643e-10,5.02755758379533e-10,5.015557836579868e-10,5.24652241050671e-10,5.186752957786136e-10,5.484858106815799e-10,5.290292684608617e-10,5.875494623023993e-10,6.170873335503177e-10,5.2553397768082475e-09,5.221543110080466e-09,5.340269967627866e-09,5.250465655414838e-09,5.3879376621054905e-09,5.785646323972619e-09,5.926953967296991e-09,9.941230767402578e-09,9.984299293687806e-09,9.893638656370246e-09,9.976215306952922e-09,9.97939387034753e-09,1.0381424940914076e-08,1.0395280636862004e-08,1.6382352514528818e-08,1.6540671625280228e-08,1.646121313294997e-08,1.668415641798708e-08,1.680348794739525e-08,1.7196048044356286e-08,1.686519191591098e-08,1.7450140399116325e-08,1.7811286553893487e-08,1.752052785679255e-08,1.7234816170342957e-08,1.716283573473314e-08,1.691484931371727e-08,1.74191007238579e-08,3.600285404536391e-08,3.5534446942957644e-08,3.572797635720144e-08,3.6065886133726786e-08,3.745252440612011e-08,4.648785222120493e-08,4.637429788221786e-08,4.665092777345928e-08,4.7918082539525026e-08,3.9012429057923475e-08,3.839636742376189e-08,3.9153145454809705e-08,6.310654213246944e-08,LC_V24_H3p5_T8,6.310654213246944e-08
10,"(10, 1)",57,1,thin,,K,5.0936809984383155e-08,1.565633840331902e-08,1.579826466100918e-08,1.5675058410364754e-08,1.5771053133607006e-08,1.5773089461468013e-08,2.3374663863499365e-08,2.326796152341472e-08,2.4834047682256803e-08,2.3821452931222213e-08,2.3576902835486424e-08,2.5110278801154285e-08,2.4501768916301378e-08,2.8804086607070428e-08,2.863637391377853e-08,3.066489160423503e-08,2.999671263629911e-08,2.8863700743609582e-08,3.1106512059419624e-08,3.0015985083735825e-08,4.564802389690745e-08,4.5448568541251876e-08,4.790451806904386e-08,4.70679921426007e-08,5.021611360618036e-08,4.80498269668346e-08,5.2903600823807734e-08,5.147778653397737e-08,4.5515269868524017e-07,4.5198636729781325e-07,4.652519106041528e-07,4.56690859395482e-07,4.6980984607747733e-07,4.7010584276025693e-07,4.5595065065156266e-07,9.360485178597508e-07,9.425044014093638e-07,9.324605015875375e-07,9.432981383510427e-07,9.428063857676451e-07,9.647732189361917e-07,9.385558197751057e-07,1.5660236300202992e-06,1.5891657520770514e-06,1.5784309456537715e-06,1.6085911618617721e-06,1.6222798974987933e-06,1.666673911701396e-06,1.6297551737071096e-06,1.6705794708939772e-06,1.6003607808624208e-06,1.5786552387070282e-06,1.5565837196209808e-06,1.551263329164083e-06,1.528374602829968e-06,1.5296476749539457e-06,3.080677514746121e-06,3.025137317526132e-06,3.013531592123852e-06,2.9534999065840763e-06,2.958111150156495e-06,3.89474953255078e-06,3.873759456840268e-06,3.7982913218573747e-06,3.798472213882963e-06,3.1849673447120063e-06,3.125866879120898e-06,3.124515783230165e-06,5.1738043288596435e-06,LC_V24_H3p5_T8,5.1738043288596435e-06
10,"(10, 1)",57,1,thick,,Y,2.0320146136454416e-09,1.2322915911240773e-10,1.2339726683545063e-10,1.219167905721533e-10,1.2209977596229695e-10,1.2198407510099098e-10,3.9246707686424666e-10,3.9086119938735675e-10,4.01094920406735e-10,3.8973241315176306e-10,3.8744210506946495e-10,3.9506716833058266e-10,3.898042163243165e-10,1.243946678868146e-09,1.2394658212171304e-09,1.2575128756389557e-09,1.2434931628617654e-09,1.2242081663851376e-09,1.2480445982273867e-09,1.2297989179581754e-09,3.0708161481944533e-09,3.0733693114647765e-09,3.1311584564572205e-09,3.1202197444644082e-09,3.230301259790459e-09,3.2035417993658172e-09,3.36019658983647e-09,3.338022534520777e-09,3.284990439674463e-08,3.2739085223563716e-08,3.268188300527723e-08,3.2406113830631476e-08,3.233848848858607e-08,3.203110730972593e-08,3.175885629887455e-08,4.7763577208633484e-08,4.737589707246951e-08,4.710461230743879e-08,4.686988296334171e-08,4.6462367520988814e-08,4.669851299714295e-08,4.603580517569747e-08,7.198493787546022e-08,7.160191499072064e-08,7.126922486611314e-08,7.104193147557408e-08,7.062974066503912e-08,7.089785998652615e-08,7.01872653738553e-08,7.057640361376207e-08,9.889706237915833e-08,9.640653903287521e-08,9.413400425649567e-08,9.294986594131288e-08,9.209716365606043e-08,9.111450199833043e-08,2.2209753362048666e-07,2.1618680865400922e-07,2.133583022496625e-07,2.0811536923266028e-07,2.0597002693695635e-07,3.2998825423287765e-07,3.231401670920277e-07,3.1445150157365773e-07,3.0909152809971394e-07,3.243281291165022e-07,3.1645509707958406e-07,3.112690266643138e-07,5.047455257682123e-07,LC_V24_H3p5_T8,5.047455257682123e-07
10,"(10, 1)",57,1,thin,,Y,1.1716769398620151e-07,1.2668818243137789e-08,1.2725864629457337e-08,1.2574813832896666e-08,1.2618481496302918e-08,1.2555884855943341e-08,3.29621465333437e-08,3.281157098015233e-08,3.401406063129407e-08,3.289645817683775e-08,3.266129668723735e-08,3.367838151055874e-08,3.311345223211915e-08,8.355092928865025e-08,8.319715648053064e-08,8.546881431813312e-08,8.428146767759991e-08,8.243284716475726e-08,8.5114922805692e-08,8.343768139641433e-08,1.8821120943701665e-07,1.8820924479626256e-07,1.926453039683325e-07,1.9176166435836817e-07,1.9859913003437534e-07,1.9590673534706926e-07,2.0780623964883247e-07,2.058180936903292e-07,2.0408956437142383e-06,2.0332380855224366e-06,2.0427303031693548e-06,2.023235239834492e-06,2.0279998649186325e-06,2.014166626076832e-06,1.9885030586150467e-06,3.1026505373488226e-06,3.084671284905673e-06,3.0637503999206714e-06,3.0551535075151205e-06,3.035733287680348e-06,3.0649548078989933e-06,3.01689769217828e-06,4.7774134495066335e-06,4.767775484677068e-06,4.741423713247863e-06,4.738664345171649e-06,4.7143169834875405e-06,4.749397400670036e-06,4.695613013343301e-06,4.742918597039795e-06,6.154319150879687e-06,6.0108514263362485e-06,5.8775317457285495e-06,5.814685779489987e-06,5.76255793998674e-06,5.716850350097327e-06,1.3124636188751131e-05,1.2799648333418766e-05,1.2668428818223158e-05,1.2382151263635792e-05,1.2289159671443262e-05,1.843253890181041e-05,1.8092754535712792e-05,1.7629028223863378e-05,1.7384825048916154e-05,1.806532140247919e-05,1.7661835999906975e-05,1.7405819456199393e-05,2.7150186275863786e-05,LC_V24_H3p5_T8,2.7150186275863786e-05
10,"(10, 0)",63,1,thick,,K,2.240438097958703e-09,5.002150711881695e-11,4.963137743562663e-11,6.604435968234513e-11,6.250366324397569e-11,9.389110023578171e-11,1.2668942192073536e-10,1.2518338330853366e-10,1.7799340084838722e-10,1.5909591008200304e-10,1.5048672609395782e-10,2.374550461300254e-10,2.1262011069785603e-10,4.246286953152645e-10,4.2146762104511467e-10,5.190391265463009e-10,5.033263162238487e-10,4.694199208121662e-10,6.292565447253944e-10,5.846922828443952e-10,4.447221515464348e-10,4.4517777728376256e-10,5.368740252627694e-10,5.346434300269237e-10,7.059418202582544e-10,6.707919505711237e-10,9.628585881550175e-10,9.089040294571582e-10,1.8353578257844053e-08,1.8237186711431274e-08,1.9046718571763963e-08,1.8690532484264394e-08,1.979284426307519e-08,2.0499218312874953e-08,1.9531373559583778e-08,2.643399501474862e-08,2.7322790346407043e-08,2.6842605313650726e-08,2.831886012205401e-08,2.9366255098510476e-08,3.215440855998344e-08,3.0163999803293245e-08,3.943577708429356e-08,4.039933010046593e-08,3.9912923808972104e-08,4.1576997503209586e-08,4.2910438795582637e-08,4.606880008779677e-08,4.406938265560816e-08,4.7490936789990265e-08,4.490848682927179e-08,4.540862378045416e-08,4.643514034528021e-08,4.9408889956441404e-08,4.7701213751552174e-08,5.103469067091131e-08,1.05319652589464e-07,1.0617167926068825e-07,1.100661248574451e-07,1.1204146798329214e-07,1.1848034873963846e-07,1.3629120239288433e-07,1.409863716632056e-07,1.4249782896916244e-07,1.4979364082965523e-07,1.1170399219501505e-07,1.134639610826176e-07,1.206995900907567e-07,1.6349906582743956e-07,LC_V24_H3p5_T8,1.6349906582743956e-07
10,"(10, 0)",63,1,thin,,K,1.1545331408111517e-07,1.3590671395694374e-09,1.3827114321664537e-09,1.905062136918921e-09,1.8322584347123475e-09,2.9432930090745677e-09,4.896396372409685e-09,4.8983599107487555e-09,6.48121087483078e-09,6.283804524969778e-09,6.067318676826246e-09,9.351150796355355e-09,8.710447964582183e-09,1.8246963341776602e-08,1.8217642148724063e-08,2.1598154116558654e-08,2.1537657030219284e-08,2.0552997436163858e-08,2.7012165806645073e-08,2.5736136438287464e-08,2.5439084471677808e-08,2.547109103238701e-08,2.9787100489334212e-08,2.991428187920888e-08,3.81236182969907e-08,3.700491975713146e-08,5.117117601412958e-08,4.89530186730953e-08,6.461738681462206e-07,6.435430720677108e-07,6.69225428108996e-07,6.619999148314786e-07,7.021727151204643e-07,7.414805906392665e-07,7.165487464076018e-07,1.1168857488063944e-06,1.1461062295944816e-06,1.1333203038973387e-06,1.1908690545645645e-06,1.2506240437355065e-06,1.3674169105431848e-06,1.3106003530785567e-06,2.065622477607228e-06,2.1211518062923572e-06,2.1028051923545216e-06,2.1907024805768258e-06,2.2656212035302633e-06,2.420374558360995e-06,2.336214606154208e-06,2.5056771257980587e-06,2.5343734209725636e-06,2.5585068550657223e-06,2.6075280073342376e-06,2.7434628226978528e-06,2.6655712537403743e-06,2.8262074899751976e-06,5.127994911014816e-06,5.204274847192023e-06,5.4145170383526314e-06,5.551473703765816e-06,5.880426297702319e-06,7.004261669553657e-06,7.2717271654444165e-06,7.393486728895827e-06,7.772554063033849e-06,6.566452822413387e-06,6.661975260216388e-06,7.040340203986755e-06,9.919241916335432e-06,LC_V24_H3p5_T8,9.919241916335432e-06
10,"(10, 0)",63,1,thick,,Y,2.9217907589343774e-08,1.8563307604289932e-10,1.8591780316366972e-10,3.6091233790622976e-10,3.3374490121054407e-10,7.63098655702732e-10,9.549007144966853e-10,9.516209059716205e-10,1.5273756334570032e-09,1.4474826759779964e-09,1.3658944222019957e-09,2.6498193615112543e-09,2.38278442134715e-09,5.24566555625811e-09,5.2581193411150345e-09,6.589171791143562e-09,6.586272171330464e-09,6.257459397833569e-09,9.041364764669778e-09,8.510258467591144e-09,8.264682283277741e-09,8.296905729170084e-09,1.0354180793171721e-08,1.0366988096017286e-08,1.4306137949227265e-08,1.3389756944101083e-08,2.049612398548622e-08,1.919824407106128e-08,2.8610278498798335e-07,2.8500247833320356e-07,2.982699251009535e-07,2.9495577055070164e-07,3.159972499485431e-07,3.374440388496942e-07,3.2491190714730273e-07,4.089928369345698e-07,4.2346073553330293e-07,4.1750667384540255e-07,4.4444571059803574e-07,4.724947356916398e-07,5.298536462904742e-07,5.022942689930235e-07,6.408038080469805e-07,6.584643586913956e-07,6.528010706342719e-07,6.838053045194241e-07,7.160209291799516e-07,7.8012501479099e-07,7.509368232628353e-07,8.255263254847549e-07,7.321700672779138e-07,7.560142364479651e-07,7.883683610875542e-07,8.607903742653368e-07,8.257845858003961e-07,9.087060068133153e-07,1.6735025454011431e-06,1.7267191439063382e-06,1.8319453179368717e-06,1.9032184634808015e-06,2.064416635171299e-06,2.1302140585073498e-06,2.250397802573007e-06,2.326043797392127e-06,2.5026775243622285e-06,1.918110469127233e-06,1.9715472343254827e-06,2.1380955885193447e-06,2.6620631202172126e-06,LC_V24_H3p5_T8,2.6620631202172126e-06
10,"(10, 0)",63,1,thin,,Y,1.5315234334648382e-06,1.0673061537789156e-08,1.0725279460272467e-08,1.986976988225787e-08,1.8468062278288758e-08,4.038228873967956e-08,5.3358417207292544e-08,5.3212605222797886e-08,8.306905001629269e-08,7.895011055821632e-08,7.48101377667937e-08,1.4055349437890515e-07,1.270733252193784e-07,2.765508026970768e-07,2.771731871148006e-07,3.450918456893739e-07,3.444669443489949e-07,3.275214750532501e-07,4.678932205674466e-07,4.4115050133470493e-07,4.2877922297420445e-07,4.3042444279290593e-07,5.334427102451631e-07,5.347536958452969e-07,7.3161690399896e-07,6.877718961006784e-07,1.0404736993493717e-06,9.76751555273169e-07,1.4322501073614124e-05,1.426993222202363e-05,1.4842513593712274e-05,1.4695043181488955e-05,1.5645616475044143e-05,1.6609146829416613e-05,1.6018801525924603e-05,2.0719574573994204e-05,2.1350745998060204e-05,2.105343145794074e-05,2.2216340352893854e-05,2.3409387791395857e-05,2.5812996681666062e-05,2.470226907123344e-05,3.173242050930855e-05,3.2310360452441e-05,3.210597937509816e-05,3.326203044936322e-05,3.4473582276512854e-05,3.6881905991081116e-05,3.570686600874288e-05,3.8432313711091434e-05,3.6343349725094906e-05,3.730103928990154e-05,3.8528068788477214e-05,4.132211562724082e-05,3.9866926231254476e-05,4.279904421437605e-05,7.428605989583734e-05,7.538685865539933e-05,7.83183280925051e-05,7.962446892013205e-05,8.387216102969179e-05,9.185907834761621e-05,9.46710906488003e-05,9.561519124267113e-05,9.983439803722925e-05,8.322311663235177e-05,8.446851896483723e-05,8.886036660414614e-05,0.00010904188840198639,LC_V24_H3p5_T8,0.00010904188840198639
13,"(13, 1)",34,1,single,,TY,1.8358849522921115e-10,4.838655620443588e-12,4.803378554471226e-12,5.128074612704156e-12,5.057148577969152e-12,5.6448296142111435e-12,1.6859884976682453e-11,1.672854284762817e-11,1.8108391018894322e-11,1.729717682192549e-11,1.702906597723587e-11,1.8781237510425754e-11,1.8204639353359514e-11,6.355831690503016e-11,6.328709887089532e-11,6.543872314270242e-11,6.464679563474145e-11,6.314123802732886e-11,6.646373600370645e-11,6.49904645710612e-11,1.368936637492088e-10,1.367615227010245e-10,1.4092068632377717e-10,1.3999944037185366e-10,1.4701748412498262e-10,1.448185653882542e-10,1.551745180423637e-10,1.5306447327753233e-10,1.9081401942006314e-09,1.8997575451085495e-09,1.9087794335543813e-09,1.8891739950800886e-09,1.8935160901162185e-09,1.8755777291749865e-09,1.847088278007456e-09,2.6799324960424088e-09,2.6660997835774668e-09,2.6491689135108446e-09,2.64811362408867e-09,2.636916853666119e-09,2.6647692527744736e-09,2.6214620617284504e-09,3.835728779403111e-09,3.823208142511816e-09,3.804267315710181e-09,3.8056866109874645e-09,3.781423864366369e-09,3.811798869078904e-09,3.755320977172691e-09,3.796185534107841e-09,5.023232492259305e-09,4.8993500601303516e-09,4.787765486357184e-09,4.8443124737083916e-09,4.767268321115808e-09,4.77034059530756e-09,1.2208562800356414e-08,1.1910827745309964e-08,1.180968542487675e-08,1.1542391556923351e-08,1.1503103404820455e-08,1.732659175407866e-08,1.7115879331826693e-08,1.666916785072809e-08,1.6569298210459653e-08,1.5394439461930973e-08,1.5056175529330578e-08,1.4877625749580434e-08,2.4139043418595754e-08,LC_V24_H3p5_T8,2.4139043418595754e-08
13,"(13, 0)",35,1,single,,TY,1.9370002137119032e-09,4.474542532493203e-12,4.616500338994804e-12,1.0925805620781186e-11,1.1848573446702367e-11,3.381597597219566e-11,2.2769880286536073e-11,2.2904646275127396e-11,3.498864447748332e-11,3.8532590980290604e-11,4.068051375388906e-11,7.63542590833513e-11,8.406002802276662e-11,1.5865977792785123e-10,1.5982624168230466e-10,1.9410966688435372e-10,2.0035937875459188e-10,2.0773392918125487e-10,2.993648016746336e-10,3.1114238819455126e-10,2.8472455694030753e-10,2.8419192037017315e-10,3.352379153238821e-10,3.3895753763661625e-10,4.4962132433586506e-10,4.797258925230886e-10,6.820340014587926e-10,7.16184773269037e-10,8.617719567914951e-09,8.604155702261698e-09,8.741401719318743e-09,8.741945301351433e-09,9.176418882974977e-09,1.0062448210561351e-08,1.01521124820651e-08,1.2113397710662304e-08,1.2371629576068165e-08,1.2328801559920613e-08,1.2966303653093614e-08,1.416318286323032e-08,1.592739912848039e-08,1.6219406359537264e-08,1.7080023757842653e-08,1.7383285115146323e-08,1.7286424683590958e-08,1.8036532977582388e-08,1.9301532928799843e-08,2.134744980957162e-08,2.157746758095979e-08,2.4673819327841976e-08,2.2143936289505018e-08,2.2875826413977566e-08,2.42991717420745e-08,2.7982775320161494e-08,2.8294778448147707e-08,3.2294600182947255e-08,5.158582661152735e-08,5.3455675724597e-08,5.700529483302849e-08,6.219070820210774e-08,6.949572234695961e-08,6.592000956436642e-08,6.986913651397972e-08,7.593647432629579e-08,8.430373729463167e-08,6.07483002886283e-08,6.739647193924366e-08,7.506247018825694e-08,1.014218393850659e-07,LC_V24_H3p5_T8,1.014218393850659e-07
14,"(14, 0)",43,1,single,,TY,8.357918448098571e-10,1.2863323803065888e-11,1.2640737727718075e-11,1.3308022168686145e-11,1.3036734931763097e-11,1.697742646271006e-11,5.596932608121388e-11,5.555542974009928e-11,5.860133705129781e-11,5.624629842278482e-11,5.55393191375756e-11,5.980100348762192e-11,6.305478798795063e-11,3.055986704006635e-10,3.04327329071316e-10,3.082823927335108e-10,3.048151969899488e-10,2.981194850567494e-10,3.0519700119529384e-10,3.016470002100023e-10,7.686124520649003e-10,7.680915472230939e-10,7.793729808255812e-10,7.792341818001158e-10,8.038561144286923e-10,8.477879101076229e-10,8.787220066297573e-10,9.662587131717057e-10,9.4952268779458e-09,9.467237591261753e-09,9.41241670821754e-09,9.352213785957254e-09,9.313932209510476e-09,9.546407467071858e-09,9.881159916950761e-09,1.61435910662534e-08,1.6018775935434362e-08,1.5959917776747475e-08,1.5889371748365725e-08,1.612363508403044e-08,1.6442543624179112e-08,1.70924225685944e-08,1.9285645163191536e-08,1.91176838627936e-08,1.9054282477765774e-08,1.8933591599824884e-08,1.899549734997749e-08,1.920051797886643e-08,1.9832542663330962e-08,2.073920153895457e-08,2.6246892355907613e-08,2.542902176896764e-08,2.4699606665203312e-08,2.4364326289432158e-08,2.4117365712332753e-08,2.4161688551885506e-08,6.294765839813916e-08,6.10247175924273e-08,6.007191846602643e-08,5.858791245116886e-08,5.83017691700129e-08,9.392205511262945e-08,9.191274669331064e-08,8.858584763284612e-08,8.776099567483459e-08,8.429995330549861e-08,8.192130392069463e-08,8.079166993928282e-08,1.351498690706142e-07,LC_V24_H3p5_T8,1.351498690706142e-07
14,"(14, 1)",51,1,single,,TY,1.3035942663273684e-08,4.952539550288493e-11,5.0669190104238434e-11,1.1307492174444576e-10,1.1523644618662727e-10,3.065913781327714e-10,2.408264279096153e-10,2.4117720009403904e-10,3.8036214200468585e-10,3.967418755234299e-10,3.997560460667285e-10,7.725016737643882e-10,7.855161202750525e-10,1.4499845367766824e-09,1.457344325566173e-09,1.8338007506762326e-09,1.880101583079349e-09,1.8768985568796777e-09,2.8056037532198835e-09,2.7939571544030593e-09,2.169937136918557e-09,2.1726953586440712e-09,2.6660129338127625e-09,2.7043722203955096e-09,3.769240596680123e-09,3.795620639527615e-09,5.7744792136486446e-09,5.745578013490058e-09,7.367375093947044e-08,7.354236539871765e-08,7.539508833455558e-08,7.522366477394497e-08,7.986950425658529e-08,8.771151925083254e-08,8.670162683663176e-08,1.035033275069409e-07,1.0653041913495089e-07,1.0577075744633835e-07,1.1228044266687286e-07,1.225437349389253e-07,1.3886014200245775e-07,1.3795656954088413e-07,1.4055657557789307e-07,1.4390301034452655e-07,1.4286019580190022e-07,1.5025708162028757e-07,1.6145877782810838e-07,1.800049569165937e-07,1.7834189995115805e-07,2.0496627229890246e-07,1.763259692528037e-07,1.8426003603919897e-07,1.9654685718893038e-07,2.1856283482107076e-07,2.145440307814726e-07,2.4369515896865995e-07,4.110003371615465e-07,4.24990019338114e-07,4.5480914997986864e-07,4.864294618393455e-07,5.410190419251336e-07,5.186296241896265e-07,5.513864441986942e-07,5.87774943134447e-07,6.504481718321427e-07,4.540589322027438e-07,4.945300102995744e-07,5.508285248587383e-07,7.140325812574299e-07,LC_V24_H3p5_T8,7.140325812574299e-07
15,"(15, 1)",42,2,thick,,K,1.5838019579049824e-09,2.5173486283786065e-10,2.5306707782390996e-10,2.6057092194406203e-10,2.6076591658589463e-10,2.7846423393733604e-10,4.3639194956937844e-10,4.3434988288263136e-10,4.780359396684938e-10,4.591787099520629e-10,4.537379226901622e-10,5.105323873351565e-10,4.988758490994801e-10,6.201439675840593e-10,6.155099623076174e-10,6.765915205454717e-10,6.591522868413586e-10,6.33967305679016e-10,7.150069745198708e-10,6.934319977828378e-10,1.1336925801358973e-09,1.126847669192674e-09,1.209116607477764e-09,1.1876769937428717e-09,1.3013735460272191e-09,1.2435327060075634e-09,1.4129029747956482e-09,1.3693633272973758e-09,1.0481542678954964e-08,1.0440874440175058e-08,1.0648593646291708e-08,1.0555658630267039e-08,1.087951586826395e-08,1.1134007702828225e-08,1.0902520941783834e-08,2.426207948837944e-08,2.458087048262111e-08,2.4376443927545714e-08,2.4914764905906584e-08,2.5467352811356385e-08,2.6585544136036907e-08,2.6168963197979935e-08,4.000872446124787e-08,4.039507606901086e-08,4.019412515705645e-08,4.0947603093257745e-08,4.143654997254359e-08,4.279515996341615e-08,4.19428815261396e-08,4.3568096037140635e-08,4.8999260314628215e-08,4.857909954641266e-08,4.8429089013867116e-08,4.9551727172219455e-08,4.897524973946078e-08,5.0070805947700576e-08,9.271873381362607e-08,9.26454525846735e-08,9.42642303016391e-08,9.45957662123716e-08,9.722538191640883e-08,1.3010179260260607e-07,1.312040371917723e-07,1.3089481537426325e-07,1.3324378386830108e-07,1.21443022204345e-07,1.22054847929144e-07,1.2407497988639537e-07,1.8635202554425227e-07,LC_V24_H3p5_T8,1.8635202554425227e-07
15,"(15, 1)",42,2,thin,,K,1.3839702789883903e-07,2.4997265050985736e-08,2.512652967103686e-08,2.5889044494555127e-08,2.592135238173184e-08,2.7688218114028452e-08,3.984858094769227e-08,3.967187223900848e-08,4.376590065864019e-08,4.205290732372556e-08,4.1571660270248615e-08,4.679969614902773e-08,4.578926452689062e-08,5.112317629038048e-08,5.0675111420983535e-08,5.628519591924168e-08,5.4765579842579205e-08,5.262069324321652e-08,5.99656468150236e-08,5.814212723019569e-08,8.688880730644663e-08,8.646041782211248e-08,9.347255152210455e-08,9.168217440554595e-08,1.0187806354497546e-07,9.722236566815364e-08,1.1207962680203817e-07,1.0844626925845066e-07,8.207684481210751e-07,8.170253250956814e-07,8.374195267190133e-07,8.287405220621498e-07,8.566487177508565e-07,8.800273404095157e-07,8.606922140893547e-07,1.966156756108895e-06,1.9956246773630723e-06,1.978908892184892e-06,2.0277755581331107e-06,2.0763818441981205e-06,2.176503587384426e-06,2.1382988504281593e-06,3.2564635775776388e-06,3.306883927578132e-06,3.2870205409112156e-06,3.3650516185300773e-06,3.411231396003671e-06,3.538199566838152e-06,3.4637057184686614e-06,3.613110455509819e-06,3.768046909753373e-06,3.7425145791798533e-06,3.7463409177193602e-06,3.8543877416551675e-06,3.8084992081532e-06,3.916741842753336e-06,6.991090993974344e-06,7.015912887711408e-06,7.159539495552802e-06,7.2119292124295965e-06,7.443274556389135e-06,9.654026840122665e-06,9.760037968263216e-06,9.746722506263965e-06,9.959762726004889e-06,8.754355626818846e-06,8.827722507587067e-06,9.006225454647159e-06,1.3307039906614158e-05,LC_V24_H3p5_T8,1.3307039906614158e-05
15,"(15, 1)",42,2,thick,,Y,8.59997651179285e-09,7.051372857725065e-10,7.073544015702608e-10,7.29254586428443e-10,7.265983792269895e-10,7.738552391052833e-10,1.8697979349285853e-09,1.8585638542763691e-09,2.008468204973267e-09,1.9379882796739478e-09,1.916529384086552e-09,2.110692885553733e-09,2.0665723453334835e-09,4.4955057475069875e-09,4.467479879310689e-09,4.6971237818768595e-09,4.6135288676164816e-09,4.478857038626174e-09,4.7889887278363535e-09,4.6748188471094875e-09,1.0784577592908987e-08,1.0749427629839493e-08,1.1093877060969592e-08,1.098895545969485e-08,1.1501299744444477e-08,1.1159314216808653e-08,1.1970297200404575e-08,1.171057961492011e-08,9.636534643200249e-08,9.612328964144479e-08,9.641286652833255e-08,9.579288082428505e-08,9.656645204408749e-08,9.691409595787568e-08,9.54406272317867e-08,1.839955678222591e-07,1.8440537643467547e-07,1.8307311240643007e-07,1.843690745986102e-07,1.8506755115242166e-07,1.8890644491749387e-07,1.8621820417912662e-07,2.9718059450512646e-07,2.9605144489797436e-07,2.945299641920403e-07,2.946143128962104e-07,2.931257074030041e-07,2.96501593092214e-07,2.926935074639532e-07,2.970821375842218e-07,4.3498273470331556e-07,4.26467290435791e-07,4.1947903270620385e-07,4.205143520424099e-07,4.1565391873616583e-07,4.1647747732684115e-07,8.672705212820196e-07,8.546762555605832e-07,8.548492503695125e-07,8.424957297206675e-07,8.476616015363461e-07,1.293179334169333e-06,1.2788397794585912e-06,1.2535133171169262e-06,1.247735270212327e-06,1.3231004699679568e-06,1.3108867737669744e-06,1.3081365285042048e-06,2.048375282757248e-06,LC_V24_H3p5_T8,2.048375282757248e-06
15,"(15, 1)",42,2,thin,,Y,6.032181634137656e-07,5.947847313601171e-08,5.973364082560137e-08,6.15311371145629e-08,6.142182264211414e-08,6.542675640621418e-08,1.4027552782907832e-07,1.3939529468043726e-07,1.5162789185000835e-07,1.4617925735156752e-07,1.446286197677738e-07,1.6020920741221789e-07,1.5685229796325717e-07,2.9294204320805885e-07,2.908575708928004e-07,3.0935876662712904e-07,3.032257213232726e-07,2.93176315690855e-07,3.183358944540691e-07,3.092419878134912e-07,6.605610924190072e-07,6.585009499895128e-07,6.838483752276167e-07,6.766243084264325e-07,7.141148465213431e-07,6.898081260948676e-07,7.500032746302008e-07,7.328676065608666e-07,5.925746624428972e-06,5.907437769626258e-06,5.941079081802659e-06,5.900062324092612e-06,5.983855190403739e-06,6.035216783551691e-06,5.933453361744679e-06,1.1574564603251665e-05,1.1622791374316934e-05,1.1531668359859187e-05,1.1641357439255356e-05,1.1736027590669498e-05,1.2037758353944969e-05,1.1856094595396306e-05,1.8152828670187965e-05,1.8120541515148165e-05,1.8028540562881808e-05,1.807632058057972e-05,1.802061423283327e-05,1.8284898718820182e-05,1.8010616283917306e-05,1.8298915742050972e-05,2.4568680451346093e-05,2.4179538747927194e-05,2.3866586608984144e-05,2.4037660523005775e-05,2.3777962222927933e-05,2.3921154751796992e-05,4.693694066831179e-05,4.637884975775865e-05,4.646907304230995e-05,4.5908820319277616e-05,4.623878801604975e-05,6.635742448600386e-05,6.593361144270871e-05,6.492717958324547e-05,6.483727890781308e-05,6.640462197231733e-05,6.571755480146427e-05,6.563855140118994e-05,9.511518403437075e-05,LC_V24_H3p5_T8,9.511518403437075e-05
15,"(15, 0)",50,2,thick,,K,3.843060098861565e-09,5.330540958320888e-11,5.344902194335646e-11,7.315211106915152e-11,7.17308709823278e-11,1.1660936617482163e-10,1.7778325140083027e-10,1.761698637069961e-10,2.390497737790044e-10,2.274893059920188e-10,2.221732664512566e-10,3.385604301762242e-10,3.24865995623873e-10,5.915930585406597e-10,5.892552794735223e-10,7.176547425841195e-10,7.111345214440557e-10,6.819542716281747e-10,9.266187923959484e-10,8.886533397901667e-10,8.223187562784721e-10,8.150759387817488e-10,9.79109242400309e-10,9.64336142268171e-10,1.2479164534869804e-09,1.160594664465375e-09,1.6593214690593694e-09,1.5729548859846634e-09,2.2477331165118078e-08,2.2410090503919057e-08,2.298465355648475e-08,2.2809799710521735e-08,2.3994392291724624e-08,2.5439823028346597e-08,2.4727465375033604e-08,3.511809307338366e-08,3.615569849576099e-08,3.580151452631875e-08,3.7644036792278866e-08,3.978413780950296e-08,4.3732150151265174e-08,4.2496873496151596e-08,5.3176023019882044e-08,5.422788175305874e-08,5.3811792014943e-08,5.592661010109077e-08,5.825582720219992e-08,6.285601673366952e-08,6.123195044839625e-08,6.683273635445831e-08,6.620261601101795e-08,6.751271379851233e-08,6.967886900524439e-08,7.442675415512787e-08,7.245782518140676e-08,7.840336769450935e-08,1.4563231566695085e-07,1.482154426473295e-07,1.550973833826978e-07,1.5987679560409198e-07,1.714345274330756e-07,1.9303007948782477e-07,2.0052835354150508e-07,2.060321737963669e-07,2.1902013034987017e-07,1.751390299535944e-07,1.8138657840096058e-07,1.9297480301806043e-07,2.6532227674947857e-07,LC_V24_H3p5_T8,2.6532227674947857e-07
15,"(15, 0)",50,2,thin,,K,1.7651761158081514e-07,8.027628370636101e-10,8.240337998553466e-10,1.3701465745670386e-09,1.3718616405908176e-09,2.793101630091762e-09,2.1048078144228767e-09,2.0847858128696855e-09,3.0700810230315092e-09,3.028169850536543e-09,2.9999668021317844e-09,5.477517849094479e-09,5.428531904880983e-09,1.1489449380136732e-08,1.1516171625983575e-08,1.426519329812773e-08,1.4453629041867291e-08,1.4177373740700411e-08,2.0405185503162845e-08,1.992130172849948e-08,1.7699350318963135e-08,1.7622145085312398e-08,2.0635780807569556e-08,2.070337810925761e-08,2.7128515149616335e-08,2.7648107014230813e-08,3.9778786680069776e-08,4.0016928451097405e-08,4.907506532874873e-07,4.89767512358426e-07,5.015929761687752e-07,4.996276300921351e-07,5.291938269283983e-07,5.751067268866605e-07,5.677021562594871e-07,7.645316623250697e-07,7.838537715798106e-07,7.81539166742577e-07,8.261555674312469e-07,8.973965758949606e-07,1.0039307307976259e-06,9.993060800076213e-07,1.3051259879077728e-06,1.335378123875221e-06,1.3285631788878562e-06,1.3880234338397422e-06,1.4727520779549062e-06,1.6114964925573883e-06,1.5917375986090251e-06,1.7791868164383468e-06,1.9815077294492904e-06,2.0133398553052865e-06,2.105373954111252e-06,2.2531918921722955e-06,2.2685231172533673e-06,2.4765329159040256e-06,3.995290431469306e-06,4.103654115777829e-06,4.309260752151053e-06,4.554252257797806e-06,4.9371242648224e-06,5.911635125578556e-06,6.16853379593245e-06,6.4633533320765095e-06,6.931296985345632e-06,5.93258880182226e-06,6.296050654049068e-06,6.772017842071377e-06,1.0681622472960705e-05,LC_V24_H3p5_T8,1.0681622472960705e-05
15,"(15, 0)",50,2,thick,,Y,7.488627186477997e-08,2.3900428315711425e-10,2.456730409685524e-10,5.768653958582614e-10,5.767638907550434e-10,1.5989347595660138e-09,1.1998132584263011e-09,1.2024951236452432e-09,1.939115707690892e-09,2.0270299717002183e-09,2.0365965006874155e-09,4.030965378484847e-09,4.078314431567948e-09,7.876295060027194e-09,7.924002570919626e-09,1.00209571216117e-08,1.027715131967081e-08,1.021282819231718e-08,1.53905899119805e-08,1.521027803176856e-08,1.3494510062971077e-08,1.3461166041049768e-08,1.6177825776505396e-08,1.6322533348689153e-08,2.225539085775904e-08,2.237562102824189e-08,3.360751980971843e-08,3.3363087481116306e-08,3.906400020079587e-07,3.900130434791599e-07,4.002408971895044e-07,3.9986071467735296e-07,4.258665415963604e-07,4.694662968569067e-07,4.6353746698617696e-07,5.700446086604015e-07,5.868331798383506e-07,5.841652136716752e-07,6.202632689779178e-07,6.808478039183614e-07,7.714757617101294e-07,7.690646463090497e-07,8.653145569537395e-07,8.869394249403342e-07,8.816064853262802e-07,9.269240343403827e-07,9.907008179587782e-07,1.0991070871313206e-06,1.0872747839411242e-06,1.2376394058805942e-06,1.1793689568051829e-06,1.2168534303893728e-06,1.293396515179552e-06,1.4150964056449525e-06,1.4125368021871332e-06,1.5840887525151575e-06,2.521770683101502e-06,2.6091480854148077e-06,2.7786630540201194e-06,2.9754489292713604e-06,3.2935785029889637e-06,3.3759154686932003e-06,3.5719155285606037e-06,3.7989597820206396e-06,4.164347314379519e-06,3.2861283612352495e-06,3.5570527152692043e-06,3.908100817763114e-06,5.367132000651724e-06,LC_V24_H3p5_T8,5.367132000651724e-06
15,"(15, 0)",50,2,thin,,Y,3.8080577807352184e-06,1.2438518352087598e-08,1.2819589758456731e-08,2.9178174610818643e-08,2.927187449233515e-08,7.904952092899231e-08,5.964472847346861e-08,5.97180375146105e-08,9.589485428066692e-08,9.953917868754652e-08,9.984998440969647e-08,1.9624285648339808e-07,1.9822982725057898e-07,3.8501374300756734e-07,3.871636596604296e-07,4.889093840253819e-07,5.005822732779382e-07,4.967692380207311e-07,7.461308281935918e-07,7.362390619413908e-07,6.547687620186817e-07,6.526138346781627e-07,7.816017507252236e-07,7.887158947330237e-07,1.0706287081507351e-06,1.0770612432869042e-06,1.613868835537189e-06,1.6031952442572804e-06,1.87262506230589e-05,1.8700781523268915e-05,1.9172536489799365e-05,1.914685078461742e-05,2.032999105980755e-05,2.2164823644571925e-05,2.1853446557291117e-05,2.729779255564845e-05,2.796788340317658e-05,2.7870682424956e-05,2.9394674169757692e-05,3.187615364131488e-05,3.5547354765547136e-05,3.518817561253175e-05,4.006089373312124e-05,4.07601347699222e-05,4.0647318079311634e-05,4.2262817385871474e-05,4.477870214278977e-05,4.857987084164611e-05,4.806977633393464e-05,5.306632038719669e-05,5.241613741298009e-05,5.3582587519140824e-05,5.607633111447272e-05,6.008974109581665e-05,5.9713429124939016e-05,6.4800563411292e-05,0.00010165605828783158,0.00010371080052192098,0.00010765674488718816,0.00011174248153525032,0.00011827183989703654,0.00013059186503180722,0.00013454757205408878,0.00013813028327691943,0.0001445364347160599,0.00012474162831079002,0.00012924045503860944,0.00013600571719698246,0.00017464109245268774,LC_V24_H3p5_T8,0.00017464109245268774
15,"(15, 1)",59,1,thick,,K,2.3164582366740508e-09,1.3324765357574365e-10,1.3385008584726756e-10,1.3537901159140473e-10,1.3542183826102723e-10,1.4474714864100154e-10,2.0938071501818622e-10,2.0817802057285478e-10,2.2622005220501462e-10,2.155132469089118e-10,2.1253072438521532e-10,2.3144231724816242e-10,2.277232460174147e-10,2.5854941812134477e-10,2.558427378197766e-10,2.7989182201343184e-10,2.7030261957633233e-10,2.59248996911277e-10,3.001245769847272e-10,3.0839499187344865e-10,4.803933935776777e-10,4.770645947709742e-10,5.069330031347735e-10,4.961752946183231e-10,5.323112779267798e-10,5.102815186695082e-10,5.976892146293332e-10,6.359480758295255e-10,4.105996556702217e-09,4.106283627555898e-09,4.156327548382519e-09,4.1753343327716154e-09,4.382833668586459e-09,4.950514888986621e-09,5.060212820078823e-09,9.527886771717632e-09,9.643709971387156e-09,9.55026481995552e-09,9.776023596235888e-09,1.012987628776959e-08,1.1181585079265268e-08,1.1592739994913095e-08,1.605764625837719e-08,1.6179680324867315e-08,1.6062458277788213e-08,1.6289329932642806e-08,1.648346450712499e-08,1.743107334030526e-08,1.777212042916868e-08,1.9751743574446675e-08,1.956988093465402e-08,1.9617026228672924e-08,2.0383882456232682e-08,2.1414145393809843e-08,2.2155683054869955e-08,2.437658398703678e-08,3.6662885311391905e-08,3.8164928593418056e-08,4.016140989675213e-08,4.36519977168018e-08,4.786168670354407e-08,5.4771469624881056e-08,5.702706615413671e-08,6.156329347355375e-08,6.699738769974457e-08,5.215820885944616e-08,5.723187368124715e-08,6.264925640753427e-08,9.762995553520841e-08,LC_V24_H3p5_T8,9.762995553520841e-08
15,"(15, 1)",59,1,thin,,K,6.235776445697243e-08,1.617273510232603e-08,1.6243277840482085e-08,1.6384989756408615e-08,1.636708480244516e-08,1.6767248151952093e-08,2.282452064174943e-08,2.2686754653003194e-08,2.4704785799479035e-08,2.3507309071640984e-08,2.316546485036916e-08,2.5235008468483845e-08,2.4453140362769582e-08,2.461672057181576e-08,2.4331704038818442e-08,2.6927478895272457e-08,2.592457775570231e-08,2.4658041643643933e-08,2.7178548748641213e-08,2.6046919074574053e-08,4.193999793065425e-08,4.165392597299715e-08,4.469437690423324e-08,4.359661941278127e-08,4.742007917310323e-08,4.4531490338532865e-08,5.004252079643508e-08,4.781309307007943e-08,3.437162689322848e-07,3.418413396695931e-07,3.499440428608321e-07,3.4469903275387837e-07,3.5292411514551725e-07,3.5523632408833696e-07,3.4525629497290057e-07,8.927676116101244e-07,9.048924041487217e-07,8.941298513378534e-07,9.101192861021475e-07,9.157151302390256e-07,9.438109057790203e-07,9.184540485227201e-07,1.505626009867804e-06,1.5281260762824541e-06,1.517469876668148e-06,1.5480071563909002e-06,1.556638676489256e-06,1.6003972085437907e-06,1.5559985740575865e-06,1.5985531705556157e-06,1.6089301916579677e-06,1.5958467654543063e-06,1.5815670410994546e-06,1.6061295445990865e-06,1.5747799981191354e-06,1.5972519703451915e-06,2.9863974813852572e-06,2.95217012335274e-06,2.9773716092976943e-06,2.943572925820162e-06,2.994248270839363e-06,3.938477558257418e-06,3.9642882361982154e-06,3.916609423208538e-06,3.960746059026954e-06,3.3962681113291714e-06,3.381535799689273e-06,3.419936667517873e-06,5.146781729389736e-06,LC_V24_H3p5_T8,5.146781729389736e-06
15,"(15, 1)",59,1,thick,,Y,2.3164582366740508e-09,1.2226054312172026e-10,1.221784900630411e-10,1.2431830536562848e-10,1.2355588937791035e-10,1.299506099869319e-10,3.989526524216485e-10,3.9678303011235326e-10,4.209444320255968e-10,4.0737490672236586e-10,4.0303048648776006e-10,4.313090529054286e-10,4.22429320129063e-10,1.1554141091096976e-09,1.1481108637621717e-09,1.1805035715823388e-09,1.1599509125319385e-09,1.1318796483369971e-09,1.1657091587266306e-09,1.1442448135009171e-09,3.1841689436254e-09,3.17438399077695e-09,3.2245909408686207e-09,3.1999756157053915e-09,3.285116205062633e-09,3.204358056147697e-09,3.352923197528433e-09,3.2921126492017473e-09,2.5029682261553624e-08,2.49922267925078e-08,2.4978855213199313e-08,2.485733970569174e-08,2.4893103632509187e-08,2.476189838587594e-08,2.44440923245543e-08,4.639296105687975e-08,4.622909141479669e-08,4.594103818180668e-08,4.585734349925263e-08,4.544787189169645e-08,4.564727491306827e-08,4.5163066211626914e-08,7.43514947415723e-08,7.385182106534255e-08,7.344148799416422e-08,7.300772633272313e-08,7.225186862872372e-08,7.248290225831654e-08,7.16465578196238e-08,7.199761071787975e-08,1.1238987769071922e-07,1.1002500411298375e-07,1.07808481192824e-07,1.0655658812424414e-07,1.054317091093155e-07,1.0460874021819741e-07,2.2714210618669876e-07,2.2299194642086519e-07,2.2129845127452666e-07,2.1702858938726804e-07,2.1646703805680966e-07,3.440511638034849e-07,3.382596703214897e-07,3.3007667596901904e-07,3.2588379108733126e-07,3.6338423889088377e-07,3.583429462390443e-07,3.557967482313419e-07,5.574661934318948e-07,LC_V24_H3p5_T8,5.574661934318948e-07
15,"(15, 1)",59,1,thin,,Y,1.2948563954287796e-07,1.273407913878045e-08,1.2755086719847777e-08,1.2938855911481927e-08,1.2891784772867905e-08,1.3344337772439813e-08,3.341454189888335e-08,3.32258394982652e-08,3.5555022358930427e-08,3.4218768673380654e-08,3.381220130226564e-08,3.6426611157786744e-08,3.5577018271468025e-08,7.631883138855682e-08,7.574992710564293e-08,7.899000442133377e-08,7.723320030719137e-08,7.497045546694058e-08,7.851598504043198e-08,7.667482818039388e-08,1.919299825822933e-07,1.914607305953759e-07,1.9601534191827344e-07,1.9428149002616884e-07,2.0127013692580912e-07,1.9523499724212548e-07,2.0665465522058955e-07,2.0203184690162005e-07,1.5043823135748066e-06,1.501981345342623e-06,1.5038904604582927e-06,1.4944301500395547e-06,1.5030326598038601e-06,1.4981693522883079e-06,1.4722793884145653e-06,2.989068858356879e-06,2.993894916096509e-06,2.969865482098854e-06,2.980621947814102e-06,2.9673778502583544e-06,3.011339522301403e-06,2.97087479203124e-06,4.88169077884646e-06,4.8532669119054525e-06,4.825102141484302e-06,4.818801484292754e-06,4.78730102165532e-06,4.822930298569239e-06,4.754955854677511e-06,4.801598704543529e-06,6.922104790424903e-06,6.798689318309069e-06,6.679124453474425e-06,6.63701814188137e-06,6.546256499926937e-06,6.521595034793134e-06,1.3241654717254198e-05,1.3056460229261808e-05,1.3020495679083749e-05,1.282542832937449e-05,1.2857693241046633e-05,1.949504279266357e-05,1.9280643767574827e-05,1.8904135477261043e-05,1.876808360423909e-05,2.013625636029309e-05,1.9892342832753592e-05,1.9774966337969893e-05,2.9776875735632862e-05,LC_V24_H3p5_T8,2.9776875735632862e-05
15,"(15, 0)",67,1,thick,,K,2.2464527426919253e-09,3.817996770144632e-11,3.801997753282971e-11,5.013704294388378e-11,4.759250499051199e-11,7.307855970362078e-11,9.81836082918945e-11,9.643343633090217e-11,1.4047507245129112e-10,1.245960843279134e-10,1.1683433167847662e-10,1.8954680216944126e-10,1.6886578600025895e-10,2.812718659136102e-10,2.781858261006706e-10,3.635654449736559e-10,3.5321709319567453e-10,3.2230386599139914e-10,4.6495809839302116e-10,4.25310177388673e-10,3.2854139553864295e-10,3.2598130370376193e-10,4.0725756637949713e-10,3.985934801587122e-10,5.472941866338508e-10,4.824535858090076e-10,7.505259196995208e-10,6.722348074333045e-10,1.0468846984730956e-08,1.043843030508789e-08,1.0770074792433487e-08,1.0678438220740992e-08,1.134353637722837e-08,1.2012897211126901e-08,1.1511873869718467e-08,1.6959943987615253e-08,1.750028418015269e-08,1.7275641070113576e-08,1.8309766084340948e-08,1.9248824248175607e-08,2.127306055590854e-08,2.0245172458498387e-08,2.611680366230493e-08,2.686418153154918e-08,2.6516979823856907e-08,2.7862217312891825e-08,2.896717151028854e-08,3.160427629766469e-08,3.016649648079942e-08,3.3076381693337525e-08,3.207166468761026e-08,3.304336144565644e-08,3.419351489306788e-08,3.727314924756249e-08,3.517919141758363e-08,3.837508353162471e-08,7.200955467605463e-08,7.335595626774735e-08,7.770095761142948e-08,7.90741291745637e-08,8.524745842633678e-08,9.646048414828392e-08,1.0107425259166236e-07,1.0193515748985131e-07,1.0865186984255961e-07,8.169614883085373e-08,8.315564442646812e-08,8.908533175444169e-08,1.1772472684032712e-07,LC_V24_H3p5_T8,1.1772472684032712e-07
15,"(15, 0)",67,1,thin,,K,1.4925927009799528e-07,1.8335312044074042e-09,1.8137479362012702e-09,2.5786540118480434e-09,2.4340347114312175e-09,3.922674251034998e-09,4.07966560641035e-09,4.044455676832883e-09,5.639927336787596e-09,5.274495353538523e-09,5.039449779798331e-09,8.007771242654201e-09,7.3704302214414486e-09,1.4921857183188378e-08,1.4849954603155675e-08,1.8451627160537766e-08,1.825970961589678e-08,1.70906110418996e-08,2.3776350366154618e-08,2.216284232010572e-08,1.5790345388045495e-08,1.5806203412612355e-08,1.9467217096358714e-08,1.9394216647951208e-08,2.6657309974797578e-08,2.385670828850358e-08,3.6651720351622084e-08,3.3265272100817026e-08,5.495256207079667e-07,5.480317825883628e-07,5.644399117096357e-07,5.603405019032422e-07,5.925221982435658e-07,6.264820401401465e-07,6.022615588069347e-07,9.106080113592106e-07,9.327919478131583e-07,9.260968938526988e-07,9.73380621069429e-07,1.0264538466804435e-06,1.1240963708968691e-06,1.0826720605294226e-06,1.3623254833470538e-06,1.3967464367893286e-06,1.387163513905292e-06,1.4531711783313527e-06,1.521756942209586e-06,1.6535255575082138e-06,1.5923464781982034e-06,1.7425914118380749e-06,1.6855908530467672e-06,1.7427965645554314e-06,1.8041108326400909e-06,1.9399035129815387e-06,1.8418561806219909e-06,2.000673857923485e-06,3.7221180110769725e-06,3.779534242710061e-06,3.993855094948813e-06,4.06194070433091e-06,4.3590715368933025e-06,5.008975003238927e-06,5.243348462862102e-06,5.2924210148297684e-06,5.620001866248295e-06,4.007739165180293e-06,4.124141055504321e-06,4.416883070989199e-06,6.165127054784113e-06,LC_V24_H3p5_T8,6.165127054784113e-06
15,"(15, 0)",67,1,thick,,Y,3.119363717651908e-08,2.2999101531979164e-10,2.298324724150975e-10,4.3492198497219147e-10,4.018580241383984e-10,8.913718182945305e-10,9.930531352140313e-10,9.790664956852373e-10,1.5818200833511837e-09,1.4636818616578088e-09,1.3854392876998724e-09,2.6354860441851456e-09,2.379612380427812e-09,4.8126620287954e-09,4.803296711184201e-09,6.340095524320287e-09,6.309197488439434e-09,5.831655705015834e-09,8.8809081908468e-09,8.203604216982286e-09,6.843163571266264e-09,6.822419709087195e-09,8.690102157667588e-09,8.634331056800958e-09,1.2275705023431337e-08,1.0960696308495056e-08,1.7516265843314944e-08,1.591224209083351e-08,2.134081342358559e-07,2.1274479175653671e-07,2.2083828804772355e-07,2.1944586939525545e-07,2.3573550361128757e-07,2.547295694481144e-07,2.439441628012186e-07,3.166975004697377e-07,3.2844575432032235e-07,3.250608658655269e-07,3.473647477044487e-07,3.728821393947626e-07,4.218443277888152e-07,4.0164133121597535e-07,4.5491813656962263e-07,4.7076174880097733e-07,4.6603748426743047e-07,4.945782721433143e-07,5.234443708237846e-07,5.816783635056414e-07,5.55521309735304e-07,6.243933342406974e-07,5.661130771672015e-07,5.930530537936725e-07,6.244421053774106e-07,6.89879618461848e-07,6.528183672129873e-07,7.286668094946789e-07,1.293339314857067e-06,1.3295934929245304e-06,1.4276209559190038e-06,1.4741645038677843e-06,1.617932453576002e-06,1.6640748077024341e-06,1.7664116180886464e-06,1.8157381752593862e-06,1.9767387154880354e-06,1.4752492829396396e-06,1.5424798118706186e-06,1.6842784390585585e-06,2.1549722728083535e-06,LC_V24_H3p5_T8,2.1549722728083535e-06
15,"(15, 0)",67,1,thin,,Y,1.677105756094339e-06,1.3563167497772506e-08,1.3534595480450657e-08,2.4510132245568882e-08,2.269935779355237e-08,4.805898033032186e-08,5.406404281498222e-08,5.334447677738038e-08,8.44501888184923e-08,7.815440685565065e-08,7.401982568768891e-08,1.3766110370787497e-07,1.246354272593238e-07,2.510026131989871e-07,2.505168375720634e-07,3.2793527965979233e-07,3.2647171222824806e-07,3.02098882910518e-07,4.548490958198743e-07,4.2008970758804187e-07,3.438087212560655e-07,3.42982340725291e-07,4.3574719975154287e-07,4.335687836763515e-07,6.143777068033007e-07,5.481957838530128e-07,8.732641475657059e-07,7.928794881356648e-07,1.0926980937313851e-05,1.0890907929180078e-05,1.128333129931721e-05,1.120383372715812e-05,1.199369285960017e-05,1.289338780777867e-05,1.2379710790522324e-05,1.6318261177373113e-05,1.688792208862367e-05,1.6722244750599802e-05,1.775828727069576e-05,1.892510824995441e-05,2.11609335607665e-05,2.0211272747879556e-05,2.2496823374564262e-05,2.3111407990386622e-05,2.2935541292813083e-05,2.4103042614558024e-05,2.537722092021012e-05,2.7858379528336093e-05,2.6731077667421673e-05,2.9585654115941268e-05,2.7775682225574564e-05,2.881049251647262e-05,2.999806927230841e-05,3.244958120098446e-05,3.104841420367522e-05,3.389167113619981e-05,5.72241952650746e-05,5.816488936560517e-05,6.106270135914697e-05,6.215016693749958e-05,6.612896803849745e-05,7.230770370860721e-05,7.536284117533022e-05,7.614475748781602e-05,8.04613845729169e-05,6.28821730345063e-05,6.443926218203839e-05,6.864376843192046e-05,8.562729779485075e-05,LC_V24_H3p5_T8,8.562729779485075e-05
18,"(18, 1)",35,2,single,,TY,1.4398400022295111e-09,4.5770656652279366e-12,4.71274000488535e-12,1.1117450443362135e-11,1.2010224548142548e-11,3.4462862559459065e-11,2.2878543254922484e-11,2.299188992006939e-11,3.544457801487227e-11,3.946325028260464e-11,4.1694201428783135e-11,7.887813980695422e-11,8.669761391277498e-11,1.5861211483457625e-10,1.5984152851056084e-10,1.9640270088825795e-10,2.0308186044420227e-10,2.1048700059320571e-10,3.0861867548450864e-10,3.196540153913009e-10,2.896134770260102e-10,2.8871115243449535e-10,3.425914058041554e-10,3.456354964988795e-10,4.622456415654459e-10,4.910999935806442e-10,7.05241908186068e-10,7.3952609995863e-10,8.449147301590427e-09,8.439578709615246e-09,8.606145754810471e-09,8.610531002503199e-09,9.071264721236056e-09,1.001208101104492e-08,1.0096183591179003e-08,1.2328715770024693e-08,1.2631982135858605e-08,1.2570224340149608e-08,1.3263845812529183e-08,1.4547789415517862e-08,1.6433571820324638e-08,1.6724271377908185e-08,1.8076582915152193e-08,1.838818160907091e-08,1.827626693942441e-08,1.9042293029392917e-08,2.0393042046609695e-08,2.2547182975972027e-08,2.288709749832082e-08,2.6237916843620982e-08,2.4101388330497598e-08,2.4839446706409363e-08,2.636534314598851e-08,2.7365983701263298e-08,2.7687376415243548e-08,3.1049394655166335e-08,4.99254932064687e-08,5.137164873099697e-08,5.417964669040497e-08,5.848669932270216e-08,6.44826942020382e-08,6.533869498888904e-08,6.85506786836038e-08,7.35030922101816e-08,8.03951729182949e-08,6.178942135834151e-08,6.769382640224438e-08,7.417083975918937e-08,1.0210335394349882e-07,LC_V24_H3p5_T8,1.0210335394349882e-07
18,"(18, 0)",36,1,single,,TY,1.446376805945995e-10,4.422367006468355e-12,4.44045376579298e-12,4.619698219193114e-12,4.596079910363821e-12,4.972846956867185e-12,1.720704588984106e-11,1.710308400158987e-11,1.844906486050145e-11,1.7743413679079912e-11,1.755445674996127e-11,1.9192592335363652e-11,1.8740074701293842e-11,6.322779822891763e-11,6.297572336838517e-11,6.46301822592261e-11,6.387319926399122e-11,6.234374633629163e-11,6.524561601605039e-11,6.381668545337557e-11,1.5218378581521937e-10,1.517782200586326e-10,1.5574409179920858e-10,1.5436466500693327e-10,1.6006651762721965e-10,1.5714248020913281e-10,1.6595677592687583e-10,1.6410363611585565e-10,1.6348354831486304e-09,1.629557352428172e-09,1.6358844383552104e-09,1.6216867154167412e-09,1.6279745904609814e-09,1.6163078184830883e-09,1.5968916153577224e-09,2.671609885989026e-09,2.6646285585426276e-09,2.6485315496162046e-09,2.651830036394435e-09,2.6435134481726682e-09,2.675728409419795e-09,2.637166937306885e-09,4.299906684187471e-09,4.309186368112789e-09,4.280660872051267e-09,4.294085103350441e-09,4.2689961987783854e-09,4.309704486356396e-09,4.234932531974823e-09,4.281727660594439e-09,6.2338548358662046e-09,6.074208552380193e-09,5.930206984208847e-09,5.9333486256284306e-09,5.835434664154275e-09,5.820460832764994e-09,1.3161994126702636e-08,1.2873649195763645e-08,1.2765017820363449e-08,1.2548701860332024e-08,1.2543025788542961e-08,1.9331373244376185e-08,1.9070633465671723e-08,1.872682655301324e-08,1.859698268358981e-08,1.8617257340043362e-08,1.824372458866775e-08,1.8059678940170305e-08,2.7073393208706205e-08,LC_V24_H3p5_T8,2.7073393208706205e-08
19,"(19, 1)",39,1,single,,TY,6.14771867486436e-10,1.0892842224293913e-11,1.0892347316943467e-11,1.1160675763125297e-11,1.102336904870019e-11,1.25407297048966e-11,6.473997746642207e-11,6.435946847780329e-11,6.775466545467289e-11,6.541717630033982e-11,6.464756384132266e-11,6.858459619449277e-11,6.71324826038056e-11,3.10473122256365e-10,3.0934636005425296e-10,3.1154552276128183e-10,3.0832808938633304e-10,3.019900346563526e-10,3.0795170976133603e-10,3.026532571092831e-10,8.483295107783694e-10,8.457796046228165e-10,8.581589221067194e-10,8.5414530564112e-10,8.727654127183235e-10,8.952282450994127e-10,9.254812898088168e-10,9.890347899896566e-10,8.293175245134703e-09,8.270579936224661e-09,8.234215610166677e-09,8.184055038697936e-09,8.14066247137007e-09,8.117905519248261e-09,8.272366047920691e-09,1.4553020291572106e-08,1.4440807773720591e-08,1.4398231310556908e-08,1.4350968047332206e-08,1.4634949783007947e-08,1.498984402829945e-08,1.565920383284966e-08,2.0304315835818882e-08,2.0214693343554916e-08,2.012062169932618e-08,2.0048186944375236e-08,1.992351603406228e-08,2.0041127012728455e-08,2.027485010473798e-08,2.0758433697868677e-08,3.1377853465477686e-08,3.037978861836914e-08,2.9421962571589527e-08,2.9143353691770635e-08,2.864896583624382e-08,2.8221622324372357e-08,6.870091839229442e-08,6.677422715768474e-08,6.574866186760345e-08,6.406401987702044e-08,6.332957639447902e-08,1.0571469682138671e-07,1.0357640534074664e-07,1.0078741485231994e-07,9.914738876346841e-08,1.0077648539505431e-07,9.80556402507419e-08,9.620943664529866e-08,1.47932888085204e-07,LC_V24_H3p5_T8,1.47932888085204e-07
19,"(19, 0)",49,1,single,,TY,1.2084570440463539e-08,5.058505871495294e-11,5.1684476339837863e-11,1.1203663049375153e-10,1.1361369753676345e-10,3.015707680315654e-10,2.428942631033108e-10,2.4365575195234524e-10,3.80100492309194e-10,4.02641841151933e-10,4.0833157253096266e-10,7.776785219782064e-10,7.965762406096543e-10,1.4334334087108985e-09,1.441177411737852e-09,1.8098249873744377e-09,1.8561068839927653e-09,1.862094544780112e-09,2.780504667503859e-09,2.7765689306977587e-09,2.250157674145627e-09,2.2440476811102033e-09,2.743741272357103e-09,2.7669429059392425e-09,3.828878008738312e-09,3.85567112529128e-09,5.825190453729592e-09,5.821993434327838e-09,6.952426906904893e-08,6.945522040886463e-08,7.129801548603916e-08,7.129827857813668e-08,7.584131491500997e-08,8.372563152447059e-08,8.281773736110857e-08,1.0426363334327825e-07,1.0756103373143955e-07,1.068555009992991e-07,1.1356569703634039e-07,1.2411725826510343e-07,1.4068205432114494e-07,1.398225840377328e-07,1.5422408856977455e-07,1.5729035906120557e-07,1.563398926772905e-07,1.6378176593373786e-07,1.7453386459721744e-07,1.9326649140973502e-07,1.9183615851203842e-07,2.185063550786767e-07,1.9918420857846003e-07,2.059185078728534e-07,2.1812959094087623e-07,2.386487461187588e-07,2.369671070611139e-07,2.6654239043386255e-07,4.28742993368576e-07,4.4322067213967115e-07,4.730155768361375e-07,5.08603785150087e-07,5.643553830821167e-07,5.612210466042346e-07,5.936399959732083e-07,6.33751926862504e-07,6.979447443940221e-07,5.224742138186417e-07,5.661468753439644e-07,6.233860240157573e-07,8.318583963134411e-07,LC_V24_H3p5_T8,8.318583963134411e-07
20,"(20, 0)",38,2,thick,,K,1.8342755746005857e-09,2.416339621434384e-10,2.4304762648862625e-10,2.520234338707276e-10,2.5246112248283467e-10,2.7280751884325003e-10,4.5327914907812716e-10,4.5060029626153294e-10,5.042808426755222e-10,4.796323793136157e-10,4.741103726090245e-10,5.404703489034831e-10,5.273910558872738e-10,6.854208663766587e-10,6.801129216118361e-10,7.510539334457269e-10,7.331257097725965e-10,7.072485957176275e-10,8.067605745671273e-10,7.829193775043098e-10,1.1078153166490306e-09,1.1059496638143116e-09,1.195036571924773e-09,1.1807966117249692e-09,1.3154810754026085e-09,1.2532599763308907e-09,1.455608015249713e-09,1.4080140322799006e-09,1.240263322928309e-08,1.2331635875656565e-08,1.2664147157349458e-08,1.2495001619558916e-08,1.290861700948373e-08,1.3181059535479187e-08,1.2784932143381216e-08,2.3533109410374564e-08,2.3699859267412095e-08,2.3579122261977012e-08,2.4084717239012504e-08,2.4726483888332548e-08,2.59074060223089e-08,2.548430001059218e-08,3.3777686967449605e-08,3.421224651724412e-08,3.417991247517119e-08,3.495657203440939e-08,3.587514920755298e-08,3.764791538825332e-08,3.693063099552985e-08,3.897045258250883e-08,3.745985588505474e-08,3.7352398644401805e-08,3.7542253268370337e-08,3.860842864039492e-08,3.787632978197846e-08,3.927835134459457e-08,7.751489030686097e-08,7.723209052627143e-08,7.87960519714393e-08,7.906580645088186e-08,8.178932829645751e-08,1.0417713724934768e-07,1.0540461233489521e-07,1.047426468258607e-07,1.0734846578137287e-07,8.498079590907059e-08,8.529970829092474e-08,8.779938752438962e-08,1.2889818575452216e-07,LC_V24_H3p5_T8,1.2889818575452216e-07
20,"(20, 0)",38,2,thin,,K,1.603179402434681e-07,2.4224151400024462e-08,2.437971951152207e-08,2.5254040243477158e-08,2.5307867183118856e-08,2.7330534636545692e-08,4.152450268551556e-08,4.128498561359918e-08,4.624786225667327e-08,4.404064416488136e-08,4.35878681847921e-08,4.991711547574429e-08,4.8608825797564214e-08,5.677016241645606e-08,5.6294014906843074e-08,6.270906834230947e-08,6.117199349360099e-08,5.892094449224175e-08,6.803112246956176e-08,6.600268284712262e-08,8.544475111615465e-08,8.519883738641722e-08,9.339347691121278e-08,9.230621674000066e-08,1.0436810268201756e-07,9.942325986750857e-08,1.1681969252696885e-07,1.1289640883546602e-07,9.77367403838213e-07,9.70710057695068e-07,1.0011962120234898e-06,9.86990110043406e-07,1.025770840878681e-06,1.0532043827439774e-06,1.0195242166378202e-06,1.9499095260848433e-06,1.9702866229511756e-06,1.9586741917551265e-06,2.0041301689903032e-06,2.061802918417322e-06,2.1727299317426033e-06,2.1341769814481546e-06,2.834503446395055e-06,2.884785046153057e-06,2.8825769750910045e-06,2.971059760971177e-06,3.055105568056789e-06,3.2216161493253744e-06,3.1552322483120007e-06,3.344968210992987e-06,2.994348629839169e-06,3.006669430507915e-06,3.048733003434414e-06,3.1539334771481945e-06,3.096109671173097e-06,3.229351007812198e-06,6.04735598604694e-06,6.051751351769386e-06,6.1973231319462486e-06,6.241401884368304e-06,6.4767147103334756e-06,7.895724086429938e-06,8.033324947735492e-06,8.028886977787784e-06,8.26700249153121e-06,6.441801644426372e-06,6.499481882910481e-06,6.726882932508392e-06,9.67272433990759e-06,LC_V24_H3p5_T8,9.67272433990759e-06
20,"(20, 0)",38,2,thick,,Y,9.690725433179876e-09,6.353260990758048e-10,6.372875762187341e-10,6.6288419341347e-10,6.601416796767042e-10,7.152786714180595e-10,1.9532874022132946e-09,1.9384865264967367e-09,2.140315658242363e-09,2.0350103837970783e-09,2.006228883337792e-09,2.2347830585542856e-09,2.175306521687603e-09,4.733087509321491e-09,4.700676919112148e-09,4.9856927224950225e-09,4.895660039338722e-09,4.751990533877097e-09,5.145840322114098e-09,5.013395136806479e-09,1.0544548325191929e-08,1.0496873219487795e-08,1.0855404943939595e-08,1.0746051357921726e-08,1.1339938308202946e-08,1.0962903442498484e-08,1.1913074292900937e-08,1.1645757203203026e-08,1.072306236799024e-07,1.0680818486962434e-07,1.0726112849781591e-07,1.063722023839853e-07,1.0716148035598624e-07,1.0706116595432899e-07,1.0486791907612257e-07,1.6518841345376468e-07,1.649347598594766e-07,1.6412342411849549e-07,1.651990217558047e-07,1.6641336436310155e-07,1.7023424816320386e-07,1.683426339167766e-07,2.323189103343063e-07,2.326818384562551e-07,2.3219539075532322e-07,2.3399365014395828e-07,2.3550125910177545e-07,2.4047135501021673e-07,2.366185280007441e-07,2.422030601770973e-07,3.054852933388035e-07,2.998069139168632e-07,2.9541453956644537e-07,2.974686478415992e-07,2.9173883950964444e-07,2.949716224744234e-07,6.797147038782403e-07,6.633900006288884e-07,6.627622667982181e-07,6.508872320395117e-07,6.556356218262334e-07,9.6803582495729e-07,9.620312912355202e-07,9.383995070054957e-07,9.409369439743166e-07,8.436850660351949e-07,8.335760576181099e-07,8.360134507025144e-07,1.2891869731002662e-06,LC_V24_H3p5_T8,1.2891869731002662e-06
20,"(20, 0)",38,2,thin,,Y,6.87087106158104e-07,5.464257079978986e-08,5.486573388974428e-08,5.7038997793117296e-08,5.689044446082102e-08,6.163739274308557e-08,1.4611622319674873e-07,1.450498840620238e-07,1.6090854275036373e-07,1.531635762399764e-07,1.5100672143480744e-07,1.6920198246757047e-07,1.650020447927673e-07,3.1282420351157933e-07,3.108477166476095e-07,3.3244835907169066e-07,3.2610801902359353e-07,3.162304728809495e-07,3.467865406909071e-07,3.374959252822044e-07,6.450795456352558e-07,6.41623291797683e-07,6.69041216468199e-07,6.623767022112608e-07,7.087666958499987e-07,6.829713372717496e-07,7.55471780909568e-07,7.363511155778533e-07,6.672132514875345e-06,6.64492411899421e-06,6.700970037853316e-06,6.638218720786403e-06,6.715688158872697e-06,6.739621618909929e-06,6.595400153461769e-06,1.0614023480802858e-05,1.0623418227474349e-05,1.0570687953186648e-05,1.0663708015190453e-05,1.0776682596985235e-05,1.1069160418918902e-05,1.093357048145601e-05,1.4283275206066905e-05,1.435453771216488e-05,1.4325046956430136e-05,1.4483224481459907e-05,1.461642133682491e-05,1.4964681095935552e-05,1.4710421256181486e-05,1.5092223155725471e-05,1.7713768355397212e-05,1.7453689808212813e-05,1.7274932759783103e-05,1.7452333487782262e-05,1.7144684732765985e-05,1.7392979863339816e-05,3.71873840441996e-05,3.6480052724220677e-05,3.650478715098445e-05,3.597481658950821e-05,3.629303391361304e-05,5.051409688713803e-05,5.03048508224529e-05,4.944047347597614e-05,4.9660372769974545e-05,4.394245901851707e-05,4.3455059293972615e-05,4.3624616720893315e-05,6.464998747692297e-05,LC_V24_H3p5_T8,6.464998747692297e-05
20,"(20, 1)",52,2,thick,,K,3.5062511076768506e-09,3.124314781143319e-11,3.1339059521220693e-11,4.668764321649456e-11,4.547809499933753e-11,8.146669247226973e-11,1.1745792316757622e-10,1.1611317827686732e-10,1.6409800076281403e-10,1.5519239559895657e-10,1.5101834565352896e-10,2.4329084354603055e-10,2.3161643138614266e-10,4.321537201856382e-10,4.305463739997571e-10,5.351268970563907e-10,5.309514234636224e-10,5.070170508549076e-10,7.07630210943524e-10,6.766355932427869e-10,5.992400432061851e-10,5.95588719646628e-10,7.256056819982348e-10,7.172881708881157e-10,9.53645677215657e-10,8.882912318883412e-10,1.3033017825334142e-09,1.2330305473004816e-09,1.73635029487434e-08,1.7302912313085696e-08,1.7834431661564748e-08,1.7695531071534035e-08,1.8714856626482895e-08,1.9998423632329405e-08,1.9417664891133735e-08,2.656368300860382e-08,2.7341488294088727e-08,2.7025811699685686e-08,2.8451440495367617e-08,3.0210239499832174e-08,3.34399831082538e-08,3.243908722921778e-08,3.764557031220188e-08,3.850635912162689e-08,3.809726065511799e-08,3.9843955680787615e-08,4.1703962836316374e-08,4.545435796571968e-08,4.4056509326753264e-08,4.87394389960457e-08,4.64661229039747e-08,4.7741446438169244e-08,4.9646102251030965e-08,5.3435009092027127e-08,5.1711335534160003e-08,5.654691956360718e-08,1.0575187777440151e-07,1.0778677857074413e-07,1.135081052951136e-07,1.1714006073648665e-07,1.2654884684156112e-07,1.3883332152030972e-07,1.456154267297438e-07,1.4993622339536543e-07,1.6123675253399578e-07,1.230004841193665e-07,1.2837476003305558e-07,1.3808770855134498e-07,1.8873467542257432e-07,LC_V24_H3p5_T8,1.8873467542257432e-07
20,"(20, 1)",52,2,thin,,K,1.879761322579231e-07,6.824544911950036e-10,6.915490611142372e-10,1.2463796994781273e-09,1.248357999294897e-09,2.7139629275439717e-09,2.277372195571503e-09,2.2654834622588624e-09,3.467422417459417e-09,3.440061675231515e-09,3.413073544516008e-09,6.21792049452321e-09,6.1592926639528e-09,1.2177592877199469e-08,1.2175647336341106e-08,1.503936983710711e-08,1.5242590521485387e-08,1.5144697918759916e-08,2.1762652222768665e-08,2.143590627957806e-08,1.841077448548798e-08,1.8430384434157252e-08,2.1841781883836454e-08,2.208589291768194e-08,2.944816790737242e-08,2.992537314842074e-08,4.345866143919374e-08,4.2994184001543645e-08,4.786813230617727e-07,4.784134582510552e-07,4.858468584838306e-07,4.864899717034737e-07,5.112594917940446e-07,5.58005767793774e-07,5.534126134945804e-07,7.525265021339259e-07,7.741684410411684e-07,7.660152190791956e-07,8.133969044707788e-07,8.851961082118729e-07,1.0017410790383457e-06,9.847810638826419e-07,1.2108925785552994e-06,1.239066309899031e-06,1.2299245101096067e-06,1.2884077716967106e-06,1.3653851304388714e-06,1.5090429250884184e-06,1.4825748446299261e-06,1.6725987482693632e-06,1.6548383850221718e-06,1.7023165318423731e-06,1.7904583757180224e-06,1.9263265785435187e-06,1.908339532913572e-06,2.113857133163985e-06,3.6157996973128514e-06,3.721302405694639e-06,3.9362240877609426e-06,4.144136431850246e-06,4.519050675597866e-06,4.93602290169206e-06,5.172726664776989e-06,5.408072280930148e-06,5.837252008632155e-06,4.496084320197911e-06,4.81027213642064e-06,5.238716014949868e-06,7.655517542459874e-06,LC_V24_H3p5_T8,7.655517542459874e-06
20,"(20, 1)",52,2,thick,,Y,7.994537872676813e-08,2.3885434002940085e-10,2.446511018700489e-10,5.808461879511142e-10,5.821475249753858e-10,1.6140042455076988e-09,1.2208743250753418e-09,1.2214770886046258e-09,1.994096286236926e-09,2.0826285795386637e-09,2.089445877506798e-09,4.16873099395852e-09,4.190696820100278e-09,7.978713284209052e-09,8.027534504678632e-09,1.0146457061407017e-08,1.0428993860917028e-08,1.0374910258378505e-08,1.561762455047628e-08,1.5475455955469447e-08,1.3264601618235791e-08,1.332766027126584e-08,1.6052826315721938e-08,1.641819003381043e-08,2.2551936182715262e-08,2.2908318752958975e-08,3.439198821452819e-08,3.4042097225376266e-08,3.979206378027976e-07,3.974185592708655e-07,4.0702764546172056e-07,4.070555475553028e-07,4.3161383664929086e-07,4.758064313528309e-07,4.701619322151901e-07,5.627804721643338e-07,5.794231877506945e-07,5.754425405365557e-07,6.12156726481583e-07,6.709236783989389e-07,7.649015159925284e-07,7.56356890325185e-07,7.984870731945827e-07,8.174305086010457e-07,8.123949258360467e-07,8.587454922039271e-07,9.216026095976726e-07,1.0300828575701322e-06,1.014428200834754e-06,1.1651385341987437e-06,1.0236537884608561e-06,1.0677961258269936e-06,1.1386133603692794e-06,1.2544424502772695e-06,1.2353688793756233e-06,1.3982246812336232e-06,2.361799175394379e-06,2.4399346007276494e-06,2.6092968128516993e-06,2.787954060852531e-06,3.0986978150317933e-06,3.012956760354534e-06,3.194237588523272e-06,3.401459471622061e-06,3.752739851521975e-06,2.7198829084416267e-06,2.956898567484427e-06,3.28721605330265e-06,4.340932865976203e-06,LC_V24_H3p5_T8,4.340932865976203e-06
20,"(20, 1)",52,2,thin,,Y,4.10540496352078e-06,1.242752198409119e-08,1.2716429672255102e-08,2.9453675927068775e-08,2.950943263466351e-08,7.999476488469414e-08,6.102344731489651e-08,6.113349861495478e-08,9.934032091169772e-08,1.031549088612132e-07,1.034160049630482e-07,2.0456074004400676e-07,2.0541092451124272e-07,3.906215285822925e-07,3.927205801487333e-07,4.956422679279017e-07,5.087441249823412e-07,5.059893623440445e-07,7.587685784110703e-07,7.511585879931832e-07,6.443781355297101e-07,6.478150868835241e-07,7.774692350293768e-07,7.966699350390818e-07,1.0900693266092673e-06,1.1098939424326043e-06,1.6585814490594518e-06,1.6419381202604056e-06,1.899003833849857e-05,1.896974660258227e-05,1.938475878920411e-05,1.9383634200277483e-05,2.0471436054997643e-05,2.238139226534687e-05,2.2103445818142126e-05,2.6844945814876616e-05,2.7603748505599664e-05,2.740920476088743e-05,2.8959242596724046e-05,3.134131999324156e-05,3.514797638259938e-05,3.460607601126662e-05,3.708215756401353e-05,3.781196341641446e-05,3.765366840380565e-05,3.938231322319028e-05,4.182558125228272e-05,4.57588370387238e-05,4.512751528542951e-05,5.013229208780695e-05,4.63945289396069e-05,4.778734399544854e-05,5.011220311633486e-05,5.399246636455943e-05,5.321906581192264e-05,5.824378633364979e-05,9.348103178314874e-05,9.512857985655246e-05,9.9155744849739e-05,0.00010318161453046989,0.0001098305174415158,0.00011677317744376789,0.00012096091528808222,0.00012456458838522557,0.00013138838215904865,0.0001054727784991528,0.00010992556152663463,0.00011692891200837124,0.0001477272642839534,LC_V24_H3p5_T8,0.0001477272642839534
20,"(20, 0)",55,1,thick,,K,1.8699997398694577e-09,1.2790888478766395e-10,1.2862118473549013e-10,1.2974311733284398e-10,1.2981700253712416e-10,1.3585726844180842e-10,2.2182500567422468e-10,2.2033312186237372e-10,2.4073819510021056e-10,2.2776255872534577e-10,2.2471559136937336e-10,2.4413026059534844e-10,2.3615448163840487e-10,2.960825931349076e-10,2.936848529670727e-10,3.1669208983646507e-10,3.068979581361112e-10,2.94296472104416e-10,3.180367186169684e-10,3.081795954504623e-10,5.066288102428444e-10,5.052407916900844e-10,5.292047576953313e-10,5.217894314885874e-10,5.562281403789714e-10,5.335071537229515e-10,5.961926948519506e-10,6.088897913187829e-10,4.538699880129791e-09,4.51021661223026e-09,4.603167823867643e-09,4.531930965849411e-09,4.6597476249602195e-09,4.9471615708910715e-09,4.971249485597655e-09,9.368540864531311e-09,9.44330908045486e-09,9.363917503188828e-09,9.482502325584772e-09,9.52937330247521e-09,9.926842717907558e-09,9.956151338683242e-09,1.5042758077336193e-08,1.518034511711092e-08,1.508113878582497e-08,1.5232036742243797e-08,1.5238015553530203e-08,1.5572950399172767e-08,1.54474951306123e-08,1.6151545995414298e-08,1.6430386457943098e-08,1.6092310175883432e-08,1.5773513774870673e-08,1.578825841963787e-08,1.5477671507675565e-08,1.570250142880489e-08,3.386607643206461e-08,3.328657139019037e-08,3.358041817390785e-08,3.373534170607902e-08,3.513826382424414e-08,4.505961982753328e-08,4.481617636197365e-08,4.469619068003933e-08,4.5370634384617523e-08,3.802701777742921e-08,3.763734163619153e-08,3.8557389813784615e-08,5.5725337781836136e-08,LC_V24_H3p5_T8,5.5725337781836136e-08
20,"(20, 0)",55,1,thin,,K,5.16008757667486e-08,1.5668712886914968e-08,1.5778278969708974e-08,1.587262628917852e-08,1.5901118877071054e-08,1.6234581325842813e-08,2.436953268640212e-08,2.4208322288470796e-08,2.645006003765543e-08,2.505932869959879e-08,2.4701367892359872e-08,2.6852875528681506e-08,2.5977942111029053e-08,2.8338734328648427e-08,2.8076427092909902e-08,3.0759940429297665e-08,2.9691045920803497e-08,2.8225217333113063e-08,3.0870907351713013e-08,2.9602479383666518e-08,4.4993650355829694e-08,4.4833137724603906e-08,4.7631908468629736e-08,4.6836004749726885e-08,5.0766789362623185e-08,4.7844596760192694e-08,5.342290742945386e-08,5.100030495020859e-08,4.0403230958261606e-07,4.0133846064929045e-07,4.127388585986918e-07,4.05511977471461e-07,4.1731976981245144e-07,4.20345543872514e-07,4.0645881057178406e-07,8.992455528677543e-07,9.113551100836493e-07,9.014543318127267e-07,9.159048346931174e-07,9.181925374353058e-07,9.44915979151253e-07,9.181551381065242e-07,1.4654781352631079e-06,1.4856186724346715e-06,1.4733901957207497e-06,1.497865834718221e-06,1.4996023490675078e-06,1.5315664668623869e-06,1.494549375609308e-06,1.5245141769536671e-06,1.488638036644228e-06,1.4656428411274485e-06,1.4430344062758256e-06,1.453091057131018e-06,1.4210707160506321e-06,1.4319902495540151e-06,2.911333538622468e-06,2.865534795693053e-06,2.877561389676572e-06,2.821285101155602e-06,2.8470546987988e-06,3.788411503211993e-06,3.7751150032403684e-06,3.6923915693119256e-06,3.688154626409329e-06,3.198096520731852e-06,3.135931331128494e-06,3.1617438444765695e-06,4.657604152834761e-06,LC_V24_H3p5_T8,4.657604152834761e-06
20,"(20, 0)",55,1,thick,,Y,1.8699997398694577e-09,1.0519485656303765e-10,1.0516491259313054e-10,1.0743056878804263e-10,1.0670497940968979e-10,1.127721855110855e-10,4.2587858580206496e-10,4.222334888174869e-10,4.5686184933189297e-10,4.347054164974845e-10,4.280481210053117e-10,4.621951338108308e-10,4.481372475453176e-10,1.2170059410514248e-09,1.2087714858687614e-09,1.2478771695647624e-09,1.2263132678116449e-09,1.194464673560404e-09,1.2358914467820571e-09,1.209790402269165e-09,3.2676729973396725e-09,3.256809904583376e-09,3.314685062431542e-09,3.2813256653385277e-09,3.356445271575096e-09,3.2652722749536648e-09,3.3989479668299225e-09,3.3276059479536753e-09,2.769994459509207e-08,2.7620172665211102e-08,2.7511727863004485e-08,2.7309736408060316e-08,2.7194304884767034e-08,2.6776348925379504e-08,2.638063270314589e-08,4.16629656994739e-08,4.1379574892526565e-08,4.1139625924929875e-08,4.0965424749293676e-08,4.062498921519568e-08,4.077881377030405e-08,4.0276501041767804e-08,6.141537914096755e-08,6.110358915422152e-08,6.080964097187781e-08,6.051315840746623e-08,5.988816914042361e-08,5.999407861068219e-08,5.915579525394782e-08,5.920700418860114e-08,8.957521254775018e-08,8.691063153163891e-08,8.447459820124063e-08,8.281699514042049e-08,8.197015204972026e-08,8.064141546909571e-08,2.0631536097237528e-07,2.0066536908269569e-07,1.9772566295146528e-07,1.9275132868418274e-07,1.9072384554666326e-07,3.0950154961138755e-07,3.033954242558401e-07,2.951268868705213e-07,2.9049789377123826e-07,2.7804050189667335e-07,2.7071618967227324e-07,2.668223782915032e-07,4.139594320703768e-07,LC_V24_H3p5_T8,4.139594320703768e-07
20,"(20, 0)",55,1,thin,,Y,1.1133432273706237e-07,1.1377634610689194e-08,1.1402812063481757e-08,1.1623871532737268e-08,1.1578319414857501e-08,1.204670075960967e-08,3.534095398807924e-08,3.505877525415178e-08,3.812608711202953e-08,3.6154357353516015e-08,3.55917977520795e-08,3.854320741468405e-08,3.731568989806131e-08,8.252624817760723e-08,8.193543989539247e-08,8.532575396044359e-08,8.366688607590336e-08,8.118596683225423e-08,8.487644888983995e-08,8.278779577562772e-08,1.9710362982469681e-07,1.9646545357456522e-07,2.0128769851319422e-07,1.9905947433738284e-07,2.054969708104497e-07,1.987480120062463e-07,2.0938738608683164e-07,2.0390024749961065e-07,1.6947930770935927e-06,1.6882412588422573e-06,1.6916188323999382e-06,1.6753849806683166e-06,1.679318952487767e-06,1.6629531017906545e-06,1.631188978263486e-06,2.732228107663162e-06,2.723543271987754e-06,2.706700598071938e-06,2.7050957540772903e-06,2.6905449444720814e-06,2.7148496304418527e-06,2.6729251182874327e-06,4.107692940076662e-06,4.106106829718152e-06,4.077673994648073e-06,4.073400890704954e-06,4.042767218461185e-06,4.0659860750403155e-06,4.003191567281168e-06,4.019688808738612e-06,5.588686981355683e-06,5.435490721931672e-06,5.288654229666682e-06,5.201381370935571e-06,5.133396856857087e-06,5.076646827435775e-06,1.1972364444113703e-05,1.1682115954469423e-05,1.157411324698029e-05,1.1294873794492382e-05,1.1234601695591056e-05,1.739630927187121e-05,1.711997701612272e-05,1.6687312178188608e-05,1.646332751020047e-05,1.6089081723130204e-05,1.572812526117071e-05,1.554773739490639e-05,2.340236144337874e-05,LC_V24_H3p5_T8,2.340236144337874e-05
20,"(20, 1)",65,1,thick,,K,2.3342358492209778e-09,5.7396483317286064e-11,5.697571183467444e-11,7.3584359192684e-11,6.995129681071552e-11,1.0220557334503023e-10,1.4860735230639852e-10,1.4568453597764766e-10,2.0600984675610455e-10,1.8200756370060432e-10,1.7216177094503814e-10,2.6421287766091957e-10,2.3804284510771075e-10,4.2235377384160315e-10,4.1852603073007674e-10,5.300193561767893e-10,5.119750051788683e-10,4.713931628682816e-10,6.454364716851051e-10,5.961054889990815e-10,3.963931857053222e-10,3.933312338769525e-10,5.008745516080465e-10,4.827893621279222e-10,6.626517524335829e-10,5.666732679751801e-10,8.673912835744067e-10,7.721527225014399e-10,1.4586762723948918e-08,1.4500836960898798e-08,1.5135520545969737e-08,1.4888646246227789e-08,1.5819446546221912e-08,1.655825934999094e-08,1.5765073909938656e-08,2.271617380638595e-08,2.348030763838856e-08,2.3045197637736356e-08,2.4302004922256983e-08,2.532440094680799e-08,2.7837528430099626e-08,2.625344456434921e-08,3.1623103162161904e-08,3.2719407403817827e-08,3.219617834413397e-08,3.386256352375237e-08,3.505711921887821e-08,3.8169549156731935e-08,3.6176627920351044e-08,3.96457346835681e-08,3.871906388724638e-08,3.9607017365993626e-08,4.080583277484715e-08,4.388338313279111e-08,4.227227465252261e-08,4.576502373801909e-08,8.748475046442002e-08,8.859795449575952e-08,9.282090924334582e-08,9.444687226909988e-08,1.0103988028530384e-07,1.213002624004798e-07,1.266928416862448e-07,1.2768807144672175e-07,1.3559273964798976e-07,1.0352414360503379e-07,1.0645049546718442e-07,1.1376520990182506e-07,1.6856601605224383e-07,LC_V24_H3p5_T8,1.6856601605224383e-07
20,"(20, 1)",65,1,thin,,K,1.3243528941358596e-07,1.7553434973341126e-09,1.78193578173602e-09,2.3893857872379796e-09,2.294269125395785e-09,3.639140139674311e-09,5.295887899810832e-09,5.254184213054013e-09,7.095789202998205e-09,6.752320483291892e-09,6.472219076403665e-09,1.0112877389358283e-08,9.40178065432248e-09,1.6999871877073413e-08,1.6884989302632966e-08,2.0863218558212572e-08,2.0514235569567774e-08,1.926668031922825e-08,2.658427031234665e-08,2.4968565831026076e-08,2.169475413372496e-08,2.1529956678835915e-08,2.6083737288043502e-08,2.5644229729305752e-08,3.35721598240712e-08,3.035051937974087e-08,4.472346412037991e-08,4.120490198133896e-08,4.894411347688105e-07,4.882567378561096e-07,5.057685180247276e-07,5.029885182377124e-07,5.374529614872076e-07,5.782326753124533e-07,5.557271654941907e-07,9.329826171275715e-07,9.657440851942783e-07,9.543402949627905e-07,1.011825205644214e-06,1.0699835483132253e-06,1.1858681824922688e-06,1.1333280976279563e-06,1.6872019854565904e-06,1.7256006785769937e-06,1.7111787576430663e-06,1.7851414721852933e-06,1.8572328764220638e-06,2.0140494266357893e-06,1.932708420823761e-06,2.11283225997436e-06,2.2298165944842158e-06,2.2643419684061394e-06,2.3340235639215215e-06,2.482583557780896e-06,2.4192860684482474e-06,2.597379555568802e-06,4.378091349757633e-06,4.4690799350838985e-06,4.6904670515466414e-06,4.817926587003143e-06,5.184616923566747e-06,6.355666310869498e-06,6.606979508651562e-06,6.737423263578991e-06,7.139554633678934e-06,6.1260982807004854e-06,6.292362702584963e-06,6.686119477728719e-06,1.0262860319519535e-05,LC_V24_H3p5_T8,1.0262860319519535e-05
20,"(20, 1)",65,1,thick,,Y,3.100145569084886e-08,2.2970454911451476e-10,2.302159948645887e-10,4.268418083651072e-10,3.9434861006389365e-10,8.71540185175383e-10,1.0518061662763623e-09,1.0408461482955236e-09,1.6735203576690917e-09,1.5554449339231218e-09,1.480666139055672e-09,2.7824623856536076e-09,2.5422110611508272e-09,4.974839562547732e-09,4.953475718108469e-09,6.542854216880326e-09,6.477171556864796e-09,6.019010851771285e-09,9.136435305227331e-09,8.481328086106731e-09,7.231375559912457e-09,7.162953381224559e-09,9.136080669960541e-09,8.976534981328953e-09,1.2679157784032942e-08,1.1378831735057378e-08,1.80613043290573e-08,1.6508944272160664e-08,2.04736319778804e-07,2.040969440602028e-07,2.124789385284397e-07,2.110233815011541e-07,2.273002129369481e-07,2.465459392765089e-07,2.3621021022972787e-07,3.1648156450657424e-07,3.3012534284203317e-07,3.259585904139934e-07,3.49985748372419e-07,3.767027768637627e-07,4.271408778845068e-07,4.072887270787906e-07,4.845903383494039e-07,5.005945513657639e-07,4.958632630749533e-07,5.252748583061349e-07,5.546673549017673e-07,6.156183059492609e-07,5.881343335803634e-07,6.609020909964135e-07,6.119196561674411e-07,6.335467874668454e-07,6.641674096775965e-07,7.336204141242506e-07,7.058000526646703e-07,7.848396990112324e-07,1.3384118759311657e-06,1.378881291212115e-06,1.475623060268016e-06,1.5389037723656414e-06,1.6951802211127022e-06,1.7721014642501658e-06,1.8722805955950649e-06,1.9416282817199113e-06,2.1171552996611376e-06,1.6848645803900885e-06,1.7655858518982927e-06,1.92980113957544e-06,2.568179049085298e-06,LC_V24_H3p5_T8,2.568179049085298e-06
20,"(20, 1)",65,1,thin,,Y,1.65004016865468e-06,1.3495855927872735e-08,1.3541702458525747e-08,2.3940076401525654e-08,2.2221677193915066e-08,4.694951260799688e-08,5.8544826544716826e-08,5.8016893625701066e-08,9.098374953846703e-08,8.484420264019599e-08,8.085503588470684e-08,1.4828265107075476e-07,1.358324468980745e-07,2.617611790531323e-07,2.606315283460329e-07,3.416567306493498e-07,3.3755777260552483e-07,3.1458031700225685e-07,4.7235517375099306e-07,4.392168707104076e-07,3.728300856863423e-07,3.6929716552931824e-07,4.683853652457463e-07,4.6056459318107947e-07,6.45837835568498e-07,5.796347698696416e-07,9.136171204073409e-07,8.353873403857973e-07,1.036584070082705e-05,1.0331569607378644e-05,1.0733187514798995e-05,1.0662238225786065e-05,1.144963893482442e-05,1.2365697399641597e-05,1.1885501252039249e-05,1.6359761491946326e-05,1.6987571223888308e-05,1.6795574276599393e-05,1.792624417865384e-05,1.9152680110108346e-05,2.143554897838769e-05,2.0472167257328904e-05,2.448422295469555e-05,2.5096702825719303e-05,2.4922435073345345e-05,2.6134343358839114e-05,2.741694851816054e-05,2.9966797240286243e-05,2.8820237395581002e-05,3.17278941682766e-05,3.068052777140182e-05,3.147928066932527e-05,3.261413515767506e-05,3.529513084351247e-05,3.4086461685319124e-05,3.706677784563332e-05,6.148591230233422e-05,6.265367933531212e-05,6.566277209092468e-05,6.727624703503034e-05,7.16266863676118e-05,7.868124155200995e-05,8.16544135145683e-05,8.289299774905313e-05,8.726310180199746e-05,7.363252252503548e-05,7.532789260296408e-05,7.992409166404327e-05,0.0001011969926237406,LC_V24_H3p5_T8,0.0001011969926237406
21,"(21, 0)",56,2,single,,K,2.286262647540934e-09,4.1846145807620404e-10,4.189151477168214e-10,4.274893546402249e-10,4.261053364217156e-10,4.438474176234087e-10,6.991628727274566e-10,6.920741836069334e-10,7.523990214131717e-10,7.110072921386557e-10,7.023488788492835e-10,7.509292009542431e-10,7.325228854411566e-10,1.0983051080302812e-09,1.0914901604255456e-09,1.1393718572610178e-09,1.1146341951919792e-09,1.0856165991561498e-09,1.1303095785598128e-09,1.1056731491372466e-09,2.5610893621922134e-09,2.555428356200313e-09,2.6220263275277237e-09,2.5953916132670938e-09,2.668900931842661e-09,2.6104680751298605e-09,2.7067894919599746e-09,2.666541746451386e-09,1.6529803868382015e-08,1.646079075080911e-08,1.665379940430347e-08,1.646708605863382e-08,1.6611359166349112e-08,1.652246867082425e-08,1.629917320503379e-08,3.752675048532165e-08,3.766462932460522e-08,3.741835775262997e-08,3.762709702610063e-08,3.7629289974764545e-08,3.812284649104208e-08,3.760928867983413e-08,7.026307026954598e-08,7.087945917009689e-08,7.061379025314442e-08,7.123386710074195e-08,7.120730865605782e-08,7.204301666297635e-08,7.088651650350345e-08,7.160094229659728e-08,7.32178886119944e-08,7.207056041311315e-08,7.116676151554865e-08,6.984941726167767e-08,6.911832794795673e-08,6.879344925499525e-08,1.49373234592259e-07,1.4676926402107663e-07,1.4573888149295406e-07,1.4310189088434433e-07,1.42373116649019e-07,1.9105623721560917e-07,1.8914022411338997e-07,1.857847880582083e-07,1.8412646953119114e-07,1.722980881827141e-07,1.6920855286644184e-07,1.6794700639468129e-07,2.492848874197556e-07,LC_V24_H3p5_T8,2.492848874197556e-07
21,"(21, 0)",56,2,single,,Y,7.810976427957416e-09,4.5469509193827514e-10,4.5325823418365736e-10,4.678618157967014e-10,4.656823139757511e-10,4.964418275241563e-10,2.0490526342029907e-09,2.030515665798976e-09,2.1423929008494626e-09,2.0507139337705607e-09,2.0281618039659777e-09,2.1121846925234593e-09,2.0674809714737666e-09,6.473583752516959e-09,6.4427614169905746e-09,6.466845697601906e-09,6.376720381705184e-09,6.276535533968629e-09,6.2666610544853805e-09,6.193155371320832e-09,2.15730684191349e-08,2.1520805294037054e-08,2.1673772079070492e-08,2.1527709730591456e-08,2.1599590193312867e-08,2.1322164911335738e-08,2.147418087660654e-08,2.130373526360812e-08,1.4646186347959523e-07,1.460617750667079e-07,1.4505756264581987e-07,1.4414890650948204e-07,1.4251432312853646e-07,1.398029619209301e-07,1.3891144845196564e-07,2.345782682958185e-07,2.3225549886450162e-07,2.313912338008079e-07,2.2897978620550768e-07,2.2544280459337815e-07,2.2337881741102187e-07,2.218617914108667e-07,3.7466165398894904e-07,3.7268895076596166e-07,3.7150485009404356e-07,3.6896559224384903e-07,3.6449010720995503e-07,3.6237389390120295e-07,3.5971175129487936e-07,3.573233859494868e-07,5.181609825634628e-07,5.049632204780075e-07,4.921899918428018e-07,4.824863106573618e-07,4.778963040226548e-07,4.7013255890109753e-07,1.1922531714749956e-06,1.1633700813829063e-06,1.1464146389425248e-06,1.1196864918347765e-06,1.1043711117232553e-06,1.723787194766449e-06,1.6898543948326724e-06,1.6500891799351389e-06,1.6211786766098686e-06,1.6432222663721906e-06,1.604230535612187e-06,1.5748244459008873e-06,2.4062434821173915e-06,LC_V24_H3p5_T8,2.4062434821173915e-06
21,"(21, 1)",64,2,single,,K,1.0074583774751669e-08,8.490775096080597e-11,8.414791853102546e-11,1.2032476407662188e-10,1.1405426480548787e-10,2.0292466307631314e-10,1.805728400372714e-10,1.805460243971748e-10,2.64279356694009e-10,2.3656752969794037e-10,2.26627660777679e-10,4.3210045782971854e-10,3.698714131178892e-10,9.601478883308787e-10,9.59906653731935e-10,1.145518681415854e-09,1.1202864929115448e-09,1.076580014254951e-09,1.4749169460908883e-09,1.3709167322080395e-09,1.3469652336124075e-09,1.3277883400390916e-09,1.949536159050689e-09,1.851001708558695e-09,2.963371476725355e-09,2.3882498141956016e-09,4.3721011931096825e-09,3.6970744551248356e-09,4.8183049171068734e-08,4.802730099109898e-08,4.886866085602208e-08,4.851883974664703e-08,5.0073469347819245e-08,5.163944434111798e-08,5.052730991859339e-08,6.946158649023485e-08,7.02702481021486e-08,6.968417234926928e-08,7.172860273068988e-08,7.481592094259832e-08,8.31687454798327e-08,7.840589130293716e-08,1.0662253599958878e-07,1.0737694618510989e-07,1.0681563413747677e-07,1.0982866256515391e-07,1.1359436445831374e-07,1.2381152893046445e-07,1.1801606894127122e-07,1.302763169498504e-07,1.1957733717923023e-07,1.2315578009963018e-07,1.2816688385926287e-07,1.4013527989331645e-07,1.3407750083126922e-07,1.4768042756874257e-07,2.8876557613774593e-07,2.954842249310378e-07,3.1326876385396084e-07,3.239383297085755e-07,3.5421938698678004e-07,3.6826978037569876e-07,3.891412419437417e-07,3.987946180978664e-07,4.354970269937212e-07,3.1270130621838395e-07,3.240314196190933e-07,3.644396124892973e-07,4.803677068598249e-07,LC_V24_H3p5_T8,4.803677068598249e-07
21,"(21, 1)",64,2,single,,Y,1.6498150167790557e-07,8.995581107848249e-10,8.964896040866042e-10,1.7123928341322059e-09,1.5659593564031648e-09,3.6850034254545736e-09,3.5703096242508007e-09,3.5598331897781084e-09,5.944354505001607e-09,5.377480949981056e-09,5.028054199854074e-09,1.0723953732109046e-08,9.20585313371337e-09,2.358738485474512e-08,2.3623103554884996e-08,2.934169014922793e-08,2.9008491693957075e-08,2.7684186155810756e-08,3.995306769561675e-08,3.711960521009894e-08,3.7600109895556246e-08,3.7403438567195815e-08,5.125251415830485e-08,4.989667691854788e-08,7.532643898487566e-08,6.499196152141505e-08,1.1164927238790765e-07,9.839476233712122e-08,1.4072346177620808e-06,1.4025613599622498e-06,1.4522880454728866e-06,1.4384846557154978e-06,1.518005063908859e-06,1.5976222938754118e-06,1.5461313756485514e-06,1.9079294872591225e-06,1.9590571607969255e-06,1.935108509629925e-06,2.0379937553645436e-06,2.151777821524602e-06,2.418085566964744e-06,2.274496220919099e-06,2.7724497868721863e-06,2.8160927329448626e-06,2.7989328280536876e-06,2.9175174149791035e-06,3.051918562550912e-06,3.366450702122163e-06,3.2026804257124075e-06,3.5653623077483273e-06,3.1365490399814817e-06,3.2333306929830063e-06,3.3766780155119723e-06,3.7372927521117827e-06,3.566212997694521e-06,3.967598068421671e-06,7.624512738556778e-06,7.817247592396362e-06,8.312193379420623e-06,8.576015464626442e-06,9.35951213020833e-06,9.489637127625178e-06,9.997944320527657e-06,1.0243620816044043e-05,1.1103980479776332e-05,8.273296710363922e-06,8.584810648310726e-06,9.528869672605234e-06,1.1781333189035782e-05,LC_V24_H3p5_T8,1.1781333189035782e-05
21,"(21, 0)",69,1,single,,K,1.0739043160905532e-08,1.962800180563049e-10,1.953781422973984e-10,2.06458818260122e-10,2.0141231295264586e-10,2.5619405365144346e-10,2.766584762858939e-10,2.7244100391315894e-10,3.0970338938600935e-10,2.8331197131253325e-10,2.784991059734257e-10,3.8796589868551053e-10,3.2538754232447875e-10,3.23366429962729e-10,3.171608138642235e-10,3.6296971830484035e-10,3.4391462010523077e-10,3.2411155097558763e-10,4.912577166037214e-10,3.8049900965498484e-10,8.124292704476921e-10,8.116992005392885e-10,8.534098936760308e-10,8.409961677847351e-10,1.0410752512703958e-09,8.716609757947902e-10,1.8882308441163223e-09,1.3665775736397622e-09,4.048767440390541e-09,4.033722773084969e-09,4.163471309505875e-09,4.125591611988942e-09,4.272151878344061e-09,4.669281606344084e-09,4.2858242543665124e-09,1.1309839382332603e-08,1.151035218448676e-08,1.1453780941823889e-08,1.1719313864529172e-08,1.1894548091408075e-08,1.2432732783668704e-08,1.2013471439124961e-08,1.929329986900709e-08,1.9510823016459926e-08,1.9305286419777857e-08,1.9582226109614218e-08,1.9670748212344993e-08,2.014276015446609e-08,1.9774639258518533e-08,2.155348273312251e-08,2.1738378795264005e-08,2.1882787671101567e-08,2.196960654692087e-08,2.2464083691495776e-08,2.204671338841766e-08,2.2470805576019687e-08,3.887260092058176e-08,3.879491431537769e-08,3.9259516334764275e-08,3.9769050815447e-08,4.7014016605019705e-08,5.396494967180374e-08,5.475098989648225e-08,5.48611694981992e-08,6.057202350651775e-08,4.563658754647933e-08,4.538815145429654e-08,5.11235369017791e-08,7.561661441489638e-08,LC_V24_H3p5_T8,7.561661441489638e-08
21,"(21, 0)",69,1,single,,Y,1.0739043160905532e-08,2.1817566455534706e-10,2.1636556020141915e-10,2.2556816557465757e-10,2.2090284532734969e-10,2.603760858008749e-10,9.056679994621586e-10,8.951956686153208e-10,9.621057367839602e-10,9.10968752749435e-10,9.000146616573876e-10,9.584831576973384e-10,9.291036768639274e-10,2.4674202746145667e-09,2.442224479513598e-09,2.569825097724905e-09,2.502846916212249e-09,2.4321048575640553e-09,2.529165569238738e-09,2.4737333721375652e-09,8.527671736034744e-09,8.494104688979314e-09,8.682128915295353e-09,8.576254909099424e-09,8.743889101983116e-09,8.589802877438533e-09,8.828655981474199e-09,8.726220971908348e-09,5.0103917855655564e-08,5.0000333941639005e-08,5.005708645438482e-08,4.971429356273925e-08,4.970603256936199e-08,4.9420753581497264e-08,4.901185968236028e-08,8.90155559628e-08,8.854204406288091e-08,8.836725378875722e-08,8.811345867544779e-08,8.779506110970249e-08,8.815876206009001e-08,8.731781685308112e-08,1.424361169705112e-07,1.4201228330441102e-07,1.4122634491195347e-07,1.4103940157268866e-07,1.404115363369971e-07,1.4095192088174833e-07,1.3968358708230292e-07,1.4028367314463494e-07,2.0137057756371174e-07,1.9813376478429434e-07,1.948219088926381e-07,1.9480874999694759e-07,1.9207354392860816e-07,1.9142669182028487e-07,4.4955377114516193e-07,4.4139363339660587e-07,4.384608857052331e-07,4.334731832211256e-07,4.319166701970673e-07,6.962026368655149e-07,6.921919972947779e-07,6.825003106971677e-07,6.801957842912331e-07,6.31056498839988e-07,6.176806822278136e-07,6.120563469625884e-07,9.83797405101204e-07,LC_V24_H3p5_T8,9.83797405101204e-07
21,"(21, 1)",77,1,single,,K,1.957571426986627e-09,6.772139886885925e-11,6.346448077865238e-11,7.505965872836124e-11,6.802179601105602e-11,8.518886825883882e-11,1.3521344520046676e-10,1.3042342241274275e-10,1.955132220452562e-10,1.4877439644791789e-10,1.3836028834326443e-10,1.9548650271572443e-10,1.6662928890873868e-10,5.155946678796852e-10,5.011935669336051e-10,6.588854373080272e-10,5.872464139462403e-10,5.139910197416895e-10,6.485041287481394e-10,5.779644740626928e-10,8.1029730193102e-10,7.904832146541444e-10,1.0002597244097174e-09,9.099649075016226e-10,1.1317333447343018e-09,9.001908709013617e-10,1.2017379731431621e-09,1.032234137944102e-09,2.0840970028020636e-08,2.0598682829446475e-08,2.2011006666358963e-08,2.117289671485501e-08,2.2408965187886113e-08,2.2288961829194588e-08,2.0956848471124677e-08,3.1798667985492945e-08,3.352936849055662e-08,3.234351193390315e-08,3.41805566641613e-08,3.432035084438655e-08,3.675575591208523e-08,3.391760974116076e-08,5.608006771754973e-08,5.764908449814951e-08,5.631600468708195e-08,5.8138815496890146e-08,5.789132214006821e-08,6.054066612221595e-08,5.7102757423791723e-08,5.915718188991529e-08,6.156666474031451e-08,6.174816777717618e-08,6.125438086906937e-08,6.34720981656892e-08,5.99100890739413e-08,6.193730053387684e-08,1.346252122420384e-07,1.3293118115584812e-07,1.369436261500952e-07,1.333922950159391e-07,1.3767810941740079e-07,1.7373751777633866e-07,1.7881696287602773e-07,1.7367002455988605e-07,1.7871743383645973e-07,1.5227877288345918e-07,1.481547585421963e-07,1.5330058894946103e-07,2.164201061212377e-07,LC_V24_H3p5_T8,2.164201061212377e-07
21,"(21, 1)",77,1,single,,Y,9.389807573293789e-09,4.930770183092676e-10,4.674316571644551e-10,5.444521859239619e-10,5.002119817182095e-10,6.198910113215541e-10,1.987337220332559e-09,1.931248303827986e-09,2.5900423440661473e-09,2.1220541729532485e-09,2.0149201057378834e-09,2.587130210778801e-09,2.307631587488768e-09,1.0354834724469757e-08,1.017598361702355e-08,1.1869086301611199e-08,1.1044952263914823e-08,1.0243402079652978e-08,1.1684873789429483e-08,1.0893722744105258e-08,1.807761593478395e-08,1.7830285142872286e-08,2.0596688929389364e-08,1.950923806068053e-08,2.2474629078935422e-08,1.9616923303620457e-08,2.3563288813028885e-08,2.1531486611686294e-08,5.376245650837609e-07,5.33274186185467e-07,5.529015067345846e-07,5.387083795659494e-07,5.531766210663809e-07,5.448475828365732e-07,5.24342892400204e-07,7.446756446561541e-07,7.60064524277708e-07,7.429514558535353e-07,7.582859260667606e-07,7.520530957504537e-07,7.768729487352249e-07,7.409037022112288e-07,1.18130036935393e-06,1.1934920031507426e-06,1.1745491947775878e-06,1.1854224070945289e-06,1.1697978379000001e-06,1.1878207660245288e-06,1.1493991525804605e-06,1.1620527240494154e-06,1.2887256169851703e-06,1.2766844709187783e-06,1.258197609430003e-06,1.2729318179517263e-06,1.2282031784762263e-06,1.2432110304868119e-06,2.9625083872329286e-06,2.9098124195378464e-06,2.9314308846905434e-06,2.857195815608581e-06,2.8872582116306537e-06,3.7004397459556304e-06,3.7248833383718784e-06,3.6225237439135906e-06,3.6471094380075732e-06,3.1800311474568964e-06,3.100379730234127e-06,3.1448062914808907e-06,4.105606949980485e-06,LC_V24_H3p5_T8,4.105606949980485e-06
22,"(22, 0)",72,2,single,,K,3.2295509186618326e-07,1.4659594012321327e-07,1.463228903645096e-07,1.467625733521635e-07,1.4639046372494007e-07,1.4737547683920945e-07,2.1787002653214177e-07,2.1668300576192914e-07,2.2557141319704855e-07,2.185240418491449e-07,2.1707989803693933e-07,2.229437968041003e-07,2.1978725476767655e-07,2.0169651115149082e-07,2.0064119513054355e-07,2.0767302865511215e-07,2.038251634873349e-07,2.0021418846621306e-07,2.0491002619044055e-07,2.0193812667215995e-07,2.659583501573657e-07,2.6541548377251165e-07,2.7083128703817753e-07,2.679213669882216e-07,2.731106779946695e-07,2.6715988928610103e-07,2.7405967191506026e-07,2.701334228047987e-07,6.10538029555209e-07,6.085926002161478e-07,6.168285429787213e-07,6.112579026949376e-07,6.167476483667355e-07,6.149347227087117e-07,6.083147974029958e-07,1.1969039571488688e-06,1.2014340257948302e-06,1.1957140083789094e-06,1.200108732833304e-06,1.1967765440501604e-06,1.2034908970928131e-06,1.192343266132417e-06,1.7190465016155304e-06,1.728311045034123e-06,1.7221328818153628e-06,1.7307556437472918e-06,1.7282501487872435e-06,1.7377587108893745e-06,1.7231288208390935e-06,1.7308900594304296e-06,1.6577923942850964e-06,1.6490468663637788e-06,1.638634987454621e-06,1.6517957123471534e-06,1.636463322534543e-06,1.6408973656482617e-06,2.5029394107305293e-06,2.487769574656135e-06,2.4892276565828393e-06,2.470789765146605e-06,2.4738115668405965e-06,3.05157300794686e-06,3.048334553117399e-06,3.02573020416343e-06,3.0245003117151363e-06,3.008000876333981e-06,2.9821411911137826e-06,2.982965342923407e-06,3.998334788840709e-06,LC_V24_H3p5_T8,3.998334788840709e-06
22,"(22, 0)",72,2,single,,Y,4.6574620217957573e-07,1.268610138774605e-07,1.2644967896976314e-07,1.2659894491103874e-07,1.2606910159179406e-07,1.2672939951069018e-07,2.6484048919086655e-07,2.636127553692473e-07,2.70969422376138e-07,2.6440888294865545e-07,2.6301274478896203e-07,2.674457129220178e-07,2.645813166526656e-07,4.054328610065342e-07,4.0415143700059255e-07,4.085457486742167e-07,4.043812295796649e-07,4.001633348860673e-07,4.020850427083816e-07,3.9875944255370257e-07,7.256510030750728e-07,7.247653417008739e-07,7.290206023034204e-07,7.256832221155602e-07,7.292223547567906e-07,7.226552706594719e-07,7.281309568017585e-07,7.238843389067181e-07,2.0856333402154824e-06,2.0826865761879113e-06,2.0782296655745346e-06,2.0700406755123215e-06,2.0617691893212544e-06,2.043516936319278e-06,2.034539019977347e-06,3.075580310483367e-06,3.0613480073651546e-06,3.054061336624458e-06,3.0396142732057533e-06,3.015687286145331e-06,3.00531688417524e-06,2.991279482663459e-06,4.129613230827588e-06,4.1160499507100095e-06,4.107731693605912e-06,4.092876107625358e-06,4.06453200454693e-06,4.052972905974615e-06,4.034392849056876e-06,4.021165624263349e-06,4.783896077366957e-06,4.72493131461059e-06,4.6659226165311e-06,4.655631451609067e-06,4.6298261291138916e-06,4.600255867835722e-06,7.670756709570724e-06,7.581488304713904e-06,7.528462864723523e-06,7.4451395935320265e-06,7.401989899996891e-06,9.586164277410395e-06,9.498476021217532e-06,9.37794193344391e-06,9.30459934704812e-06,9.658590497597193e-06,9.540897742786653e-06,9.469985324801946e-06,1.2519812599877413e-05,LC_V24_H3p5_T8,1.2519812599877413e-05
22,"(22, 1)",80,2,single,,K,4.011885859108193e-07,2.9274312487121638e-08,2.8523304016968324e-08,3.250966261825553e-08,3.078442540307584e-08,3.670617860168758e-08,3.470471479447258e-08,3.434081390153412e-08,4.1145541327037356e-08,3.6344411293425216e-08,3.531598059636847e-08,4.517616540215494e-08,4.056844600237813e-08,1.107167420666665e-07,1.1022826342645446e-07,1.1351149715895176e-07,1.1199717912328944e-07,1.0997192831725597e-07,1.131169922925245e-07,1.1136205384663346e-07,1.642262820697356e-07,1.637665352401536e-07,1.6739676993757845e-07,1.6573563368601512e-07,1.698510763161428e-07,1.6564064512250805e-07,1.7244262531737657e-07,1.6882586987541237e-07,1.0884800437847665e-06,1.0865722513235043e-06,1.0860965227336232e-06,1.080963556443097e-06,1.078652787517539e-06,1.0684090661156317e-06,1.0603889283962883e-06,1.5629110311878283e-06,1.559221415772156e-06,1.5512630055735838e-06,1.5472092870929717e-06,1.534027626142721e-06,1.532884757968328e-06,1.5190460545642272e-06,2.2947403700583554e-06,2.289184925218296e-06,2.278494300111131e-06,2.271843011551712e-06,2.2513202520006735e-06,2.2465565968267735e-06,2.229951811053537e-06,2.222822564255994e-06,2.6029894902109066e-06,2.577049166582328e-06,2.5501108497728005e-06,2.5367434603986144e-06,2.518831800462592e-06,2.5071582172438314e-06,4.08095074703757e-06,4.044568025906251e-06,4.038226503386245e-06,3.997343925653738e-06,3.99250058806225e-06,4.866176201169462e-06,4.859231586717483e-06,4.7979710655204315e-06,4.78471154707743e-06,4.50441970081318e-06,4.457678714529454e-06,4.452774039178615e-06,5.8031432335962095e-06,LC_V24_H3p5_T8,5.8031432335962095e-06
22,"(22, 1)",80,2,single,,Y,6.445149696182407e-07,7.686144902713399e-08,7.4935583975018e-08,8.326074613486482e-08,7.922070497557977e-08,9.168886674614943e-08,1.753502304105188e-07,1.7458406865222207e-07,1.9320184970127263e-07,1.7755792382753355e-07,1.743618068505388e-07,2.0049529787687467e-07,1.881565277754843e-07,6.144265024345969e-07,6.13508944984519e-07,6.110437261140213e-07,6.07838208909135e-07,6.042849083575928e-07,6.004427061793055e-07,5.974951155241381e-07,8.771514144651823e-07,8.758094757250991e-07,8.790623304573879e-07,8.746517625192785e-07,8.759823895300476e-07,8.673671740734387e-07,8.742201100648296e-07,8.656988636796939e-07,7.006642262451801e-06,6.995436156845385e-06,6.954011334904208e-06,6.927185859384768e-06,6.863741604150256e-06,6.758730275546373e-06,6.726942538463421e-06,9.234791802744881e-06,9.17027815663676e-06,9.132398920130986e-06,9.051655041565945e-06,8.93155378062635e-06,8.850598940667018e-06,8.806487202705612e-06,1.2276888740852527e-05,1.2170367019130833e-05,1.2139037978513443e-05,1.2021098773080485e-05,1.1861669265787035e-05,1.1745243904785154e-05,1.170012118077123e-05,1.1578189462068394e-05,1.3399997309298408e-05,1.3202469209266823e-05,1.3001885406658643e-05,1.2853339344109669e-05,1.2794218333801435e-05,1.2648417367012424e-05,2.160350432152732e-05,2.1308451053798105e-05,2.1113209186638226e-05,2.0810741387776958e-05,2.0618912816624654e-05,2.458167261781435e-05,2.43600718343772e-05,2.3961555529923956e-05,2.3724830472773187e-05,2.240212814395266e-05,2.208577816617848e-05,2.1900324296579642e-05,2.649358160658188e-05,LC_V24_H3p5_T8,2.649358160658188e-05
22,"(22, 0)",85,1,single,,K,3.3174407558207854e-07,1.3647861571293198e-07,1.3614934474594612e-07,1.363296189924222e-07,1.359859177112123e-07,1.3661382867588954e-07,1.9978806903741353e-07,1.985702507095815e-07,2.070239112611516e-07,1.9989046336095505e-07,1.9860196506728883e-07,2.034331833698807e-07,2.005905056065646e-07,1.7976629204036477e-07,1.7850428007363123e-07,1.8619031950687674e-07,1.8155195895732912e-07,1.7781068738877982e-07,1.8196210998425834e-07,1.7909352452527318e-07,2.4470572915930476e-07,2.4407729027419263e-07,2.4878131256671785e-07,2.455837920887594e-07,2.4952405267673963e-07,2.440526852970399e-07,2.490000374453962e-07,2.45525068634002e-07,5.59502281178749e-07,5.573618002906701e-07,5.662592198688979e-07,5.598070118235533e-07,5.64984546299143e-07,5.616395668741337e-07,5.552129834001451e-07,1.1639604796700542e-06,1.167156439602643e-06,1.1611540139606367e-06,1.1636495446743417e-06,1.1581656458694668e-06,1.161745831946284e-06,1.1515161314332646e-06,1.6683490740719986e-06,1.6744531408431701e-06,1.6673327294860859e-06,1.672619951395432e-06,1.6677500979111672e-06,1.6729434485731147e-06,1.661655350042961e-06,1.6644391366724925e-06,1.682804081457014e-06,1.671226672666263e-06,1.6569335188861288e-06,1.6538865595625989e-06,1.6410626358087925e-06,1.637363545762207e-06,2.4321266981363884e-06,2.4143249167569274e-06,2.412826223619926e-06,2.3938395626211005e-06,2.3931696199600244e-06,3.0212891551539816e-06,3.0165930391179484e-06,2.9833699574500035e-06,2.9762512328371865e-06,2.890327432361557e-06,2.8611373630129593e-06,2.85853116491793e-06,3.881404458541966e-06,LC_V24_H3p5_T8,3.881404458541966e-06
22,"(22, 0)",85,1,single,,Y,6.229514742948878e-07,1.8871753839865495e-07,1.881416747928454e-07,1.881315273796091e-07,1.875302427090618e-07,1.8812499847214052e-07,3.4085771674009723e-07,3.388748337998648e-07,3.511099279621943e-07,3.401022940331974e-07,3.380831620291808e-07,3.446468881391289e-07,3.4032136114501414e-07,4.1841475461291435e-07,4.1596562500527045e-07,4.2730905018950295e-07,4.1941725633644194e-07,4.124319781379283e-07,4.1774568797835176e-07,4.125733188146418e-07,7.111429043969841e-07,7.101347263529905e-07,7.159388593309482e-07,7.106838720824507e-07,7.150481926755553e-07,7.061570639431706e-07,7.119766468739207e-07,7.064591801016428e-07,1.926712980577227e-06,1.9222108430715947e-06,1.929817808339209e-06,1.9166875886191308e-06,1.9164582996330295e-06,1.8994265524692865e-06,1.8871059126029593e-06,3.1913541876323304e-06,3.182350679083769e-06,3.1720789313772668e-06,3.161911383708286e-06,3.1377755052545967e-06,3.1305358312663237e-06,3.11176607407542e-06,4.402897407148083e-06,4.40303063724273e-06,4.3858526975571e-06,4.38220531822022e-06,4.354430945633613e-06,4.349830532285974e-06,4.324642878902765e-06,4.3157243132505325e-06,4.9697027487574646e-06,4.9171096994259615e-06,4.86068694729077e-06,4.8265851016398035e-06,4.796677908274497e-06,4.7668298973067735e-06,7.65600181372961e-06,7.572710958745897e-06,7.534010594536458e-06,7.452747160268109e-06,7.41863682787568e-06,9.703649341781142e-06,9.637306309101218e-06,9.507468020032527e-06,9.442981329521035e-06,9.437967945142209e-06,9.322392055695085e-06,9.266065664533953e-06,1.2427716643304712e-05,LC_V24_H3p5_T8,1.2427716643304712e-05
22,"(22, 1)",93,1,single,,K,3.060995728029432e-07,3.4513578338476693e-08,3.390864602716694e-08,3.5272549652527216e-08,3.4400394796309475e-08,3.643960928495816e-08,4.843479688401467e-08,4.7624487326390405e-08,5.3824537870917035e-08,4.933784744868628e-08,4.8270223462785195e-08,5.312335229937582e-08,5.080067786888847e-08,1.2575029465433852e-07,1.245262084830347e-07,1.3253425995874696e-07,1.2831854408793032e-07,1.2410981428422742e-07,1.300304266075674e-07,1.2654466920519902e-07,1.5291949993686326e-07,1.5201218877079465e-07,1.5999031273057072e-07,1.5613635088441591e-07,1.641297082314056e-07,1.5550817636266297e-07,1.6654647975242596e-07,1.6057813128352336e-07,1.1523557221240654e-06,1.1488306253325878e-06,1.1582192487304155e-06,1.1469429138818448e-06,1.15210603227823e-06,1.139823530126087e-06,1.1239428873883138e-06,1.6303764406280122e-06,1.6380147612465193e-06,1.623227858024424e-06,1.6291039434893587e-06,1.6151604140134568e-06,1.6235245755460727e-06,1.596426474275289e-06,2.373442434123158e-06,2.3816083929156974e-06,2.3630541595096188e-06,2.3675504970712786e-06,2.345766160402888e-06,2.351162091521107e-06,2.320088740375982e-06,2.319959104057234e-06,2.566335052945184e-06,2.5408516973969803e-06,2.5099801819596546e-06,2.5043884900993833e-06,2.4746502505734815e-06,2.466557890171762e-06,3.993210587837349e-06,3.947256146102864e-06,3.9457219092343985e-06,3.891265087943454e-06,3.891196739330597e-06,4.740972769300006e-06,4.736987757627951e-06,4.6630215770695345e-06,4.653699838285846e-06,4.299763315677958e-06,4.245304138263002e-06,4.250942092324182e-06,5.5234877323403265e-06,LC_V24_H3p5_T8,5.5234877323403265e-06
22,"(22, 1)",93,1,single,,Y,5.569958145784223e-07,9.030033705824905e-08,8.913876512436258e-08,9.026277967967996e-08,8.886747740515001e-08,9.098526275041389e-08,1.8959363879307015e-07,1.877205178297392e-07,1.989165643594687e-07,1.8941015417177363e-07,1.874116063927259e-07,1.9442784780001878e-07,1.9034847372162122e-07,5.692238258678381e-07,5.665447302418372e-07,5.771705436949843e-07,5.682937660661634e-07,5.597284636556109e-07,5.647778698518047e-07,5.580553901626084e-07,7.299492262608914e-07,7.276637001816812e-07,7.407802476747381e-07,7.321633595848464e-07,7.429546040811946e-07,7.259843699584732e-07,7.420372112043204e-07,7.308551665364452e-07,6.0192911253356495e-06,6.006516142703939e-06,5.992758368468242e-06,5.95777776852646e-06,5.9215955119285375e-06,5.831950786687183e-06,5.78964338115498e-06,8.002708526137907e-06,7.97142109536682e-06,7.925517667653582e-06,7.87924706041018e-06,7.778654080500815e-06,7.732791683752204e-06,7.667935617119507e-06,1.0811270807510214e-05,1.0758742596896887e-05,1.0707404499629575e-05,1.0638910373379922e-05,1.0502564894415088e-05,1.0431985950147686e-05,1.0360286382419775e-05,1.0277717170619749e-05,1.1619570095486864e-05,1.1453779554495194e-05,1.127550579946926e-05,1.1183521349464391e-05,1.1103614221378403e-05,1.0991817831466879e-05,1.8542705568914332e-05,1.827941535085917e-05,1.814155697240608e-05,1.7863893286265865e-05,1.7728904677876344e-05,2.1329057774249335e-05,2.1167084778016183e-05,2.079529337138242e-05,2.061411438168262e-05,1.91319006523656e-05,1.8851743012923397e-05,1.871839545654213e-05,2.3076628654593277e-05,LC_V24_H3p5_T8,2.3076628654593277e-05
23,"(23, 0)",88,2,single,,TY,9.660373160557154e-10,1.3654482931761046e-10,1.3639917262637978e-10,1.3597611619917657e-10,1.3549272329749813e-10,1.358904190154955e-10,3.515199492489396e-10,3.481076864938572e-10,3.6664972535559743e-10,3.4986904718463853e-10,3.466534445389764e-10,3.5620653700679887e-10,3.498290232518863e-10,1.1664287398774183e-09,1.1615032470970408e-09,1.1619196246411607e-09,1.1500534318223829e-09,1.137057701654423e-09,1.1296177894047564e-09,1.1207850114750753e-09,4.847213150930799e-09,4.838730450594377e-09,4.851262831543974e-09,4.828934474065323e-09,4.826053509392973e-09,4.790000350138529e-09,4.7945776481452645e-09,4.775174043268239e-09,2.7352870913240177e-08,2.7298002363091107e-08,2.7091256064792395e-08,2.6968885572492683e-08,2.667296554762878e-08,2.6237665461476102e-08,2.613435913926661e-08,4.1018617703759665e-08,4.053445278758824e-08,4.042534420851556e-08,3.993830769190128e-08,3.929633628006442e-08,3.8846519777626657e-08,3.866633465440082e-08,6.956654434237903e-08,6.904082448825216e-08,6.883180387244926e-08,6.825288245101297e-08,6.742903460402947e-08,6.688568828780213e-08,6.659306616512614e-08,6.602933047788843e-08,1.0214171706104422e-07,9.98781507798188e-08,9.775946194806286e-08,9.618091461671525e-08,9.562085508813475e-08,9.414148598658427e-08,2.413896887563722e-07,2.3637739566864752e-07,2.3331775731635338e-07,2.2918571268872576e-07,2.261790020277463e-07,3.6917310724230453e-07,3.6371329496615744e-07,3.565796904295899e-07,3.519270988985629e-07,3.636128670198358e-07,3.5620708584814706e-07,3.5101503919253713e-07,5.491411248831013e-07,LC_V24_H3p5_T8,5.491411248831013e-07
23,"(23, 1)",96,2,single,,TY,9.098663101988169e-10,2.1006964547529059e-10,2.0946151028784275e-10,2.0631112879076498e-10,2.0522604530714652e-10,2.035932762281831e-10,1.2869793915759242e-09,1.2747143316197204e-09,1.3285072383133145e-09,1.275118357677397e-09,1.2652350842810735e-09,1.2898180929222624e-09,1.2707349077013926e-09,5.895221227198641e-09,5.8794086681544245e-09,5.870644421403062e-09,5.81184475709609e-09,5.752707052675488e-09,5.709008668226812e-09,5.659109649202654e-09,1.1621865443908254e-08,1.158104761089458e-08,1.1718133315573446e-08,1.1604475817529483e-08,1.1665787716058243e-08,1.143663767684182e-08,1.1560200102004616e-08,1.1416631972299333e-08,2.838926836865495e-07,2.830880102706024e-07,2.807266770178336e-07,2.787889864696865e-07,2.7485223808776153e-07,2.6741617607165983e-07,2.6463826798245544e-07,3.964603357127157e-07,3.91691896542336e-07,3.8895394837374913e-07,3.830574630593039e-07,3.746505348074265e-07,3.687874059646402e-07,3.6591531461122806e-07,6.303131051934625e-07,6.219725727000595e-07,6.185737229543592e-07,6.088598256120002e-07,5.95574253074501e-07,5.859758512171316e-07,5.824766404222898e-07,5.726112706499509e-07,6.789706288080644e-07,6.62452260239893e-07,6.452968387123575e-07,6.378905525081426e-07,6.324586720074028e-07,6.206607746804237e-07,1.5500641661356767e-06,1.5141691143568804e-06,1.4904473156516108e-06,1.4544189219895061e-06,1.43007973970278e-06,1.876288169481988e-06,1.8462794276018985e-06,1.7946279579031078e-06,1.7647859423743041e-06,1.6280467034240774e-06,1.5913887622979384e-06,1.569105752559316e-06,2.042523370847993e-06,LC_V24_H3p5_T8,2.042523370847993e-06
25,"(25, 1)",60,2,single,,K,2.568086220645053e-09,4.2308249221840543e-10,4.27279030731349e-10,4.2764330167284484e-10,4.3156252916520473e-10,4.426797969608508e-10,7.796366683356326e-10,7.768421478455098e-10,8.093724888292209e-10,7.860310725634001e-10,7.82729452694443e-10,8.124379028285538e-10,8.031080198147861e-10,1.16368513155284e-09,1.157070010040177e-09,1.1918252177031378e-09,1.1710830254920868e-09,1.1454049322217528e-09,1.1781315762628285e-09,1.1553458205716518e-09,2.6154748939639454e-09,2.609512565006217e-09,2.661609238075638e-09,2.6342839957469224e-09,2.6963042482761502e-09,2.6537892460910504e-09,2.7413798722970176e-09,2.7167788889327906e-09,1.929049620099681e-08,1.9218840501362494e-08,1.9336645237393622e-08,1.9120303204377098e-08,1.9153136813410904e-08,1.8927318982264815e-08,1.871687416829583e-08,3.6701032658999345e-08,3.6580491029979674e-08,3.6382070632035435e-08,3.6297576900323445e-08,3.603350911113896e-08,3.614364839994795e-08,3.577229781395599e-08,6.470684842980036e-08,6.480061789726269e-08,6.450373776450866e-08,6.454147707773117e-08,6.411394066220432e-08,6.43155592666095e-08,6.371126864781719e-08,6.389447034094291e-08,6.53756559850951e-08,6.422201184909998e-08,6.310437115132434e-08,6.405046025920548e-08,6.363619836518291e-08,6.380372705772609e-08,1.3710246361662568e-07,1.3440972321567063e-07,1.3339651445400026e-07,1.3105401373427383e-07,1.3051170544580978e-07,1.7917888042006509e-07,1.776467104483004e-07,1.7383132831340308e-07,1.7280992622601083e-07,1.5163889106172628e-07,1.49545208801919e-07,1.4918070496368797e-07,2.3831603843455038e-07,LC_V24_H3p5_T8,2.3831603843455038e-07
25,"(25, 1)",60,2,single,,Y,7.206785548278474e-09,5.253915920003542e-10,5.26831388117247e-10,5.339320409803382e-10,5.3500673103658e-10,5.57114218788104e-10,1.913460671698594e-09,1.907035635808845e-09,1.947078770503684e-09,1.905895276339449e-09,1.8971217067208907e-09,1.950642159266466e-09,1.930628355075876e-09,6.3783736502916615e-09,6.3532222842997096e-09,6.336268069516111e-09,6.265929826409319e-09,6.183299526624583e-09,6.12872833603865e-09,6.064268942524713e-09,2.0467940276383554e-08,2.0431130736524914e-08,2.0489121982987576e-08,2.0372714468962853e-08,2.037064047444713e-08,2.014388419408239e-08,2.0203252284821046e-08,2.006140077297007e-08,1.569552242180353e-07,1.5653578965775258e-07,1.5524793346996197e-07,1.5423042009129788e-07,1.5220903937081903e-07,1.490526200399801e-07,1.4819769308813323e-07,2.40603012061157e-07,2.3788744880284774e-07,2.3697541343476884e-07,2.3415744874243942e-07,2.300346904021043e-07,2.2735609231777286e-07,2.255911420870957e-07,3.7975566152895227e-07,3.7676583839727015e-07,3.7524863304547333e-07,3.714957439487619e-07,3.659034952305862e-07,3.625506216442525e-07,3.601008843369902e-07,3.564585688497279e-07,5.221640168011863e-07,5.097750763040723e-07,4.974391271852802e-07,4.916662027642126e-07,4.884536929301165e-07,4.820903446508729e-07,1.1426843647106182e-06,1.1126956125953567e-06,1.0953341217459115e-06,1.0672534105315893e-06,1.0501834213466756e-06,1.692352085771602e-06,1.6612718818947576e-06,1.611304598502057e-06,1.5854844110135614e-06,1.6615260135585423e-06,1.6336600713169274e-06,1.6157250617648288e-06,2.58483886937081e-06,LC_V24_H3p5_T8,2.58483886937081e-06
25,"(25, 0)",62,2,single,,K,1.0760966958051137e-08,6.688218766423617e-11,6.72462772501057e-11,1.0293475423015647e-10,9.582805336930444e-11,1.928166161714279e-10,2.694093569116422e-10,2.707893170253723e-10,3.250057740615636e-10,3.3164060245759216e-10,3.316970004573743e-10,4.837198113209788e-10,4.585692401487466e-10,1.0937150859604042e-09,1.0976472453118534e-09,1.2673671951677997e-09,1.2549163070557978e-09,1.2181959440321433e-09,1.5875347866808419e-09,1.5167082082554222e-09,1.579197652825086e-09,1.5845438154570437e-09,1.9818321415139845e-09,1.9281931363700974e-09,2.912467127213293e-09,2.4161817310690915e-09,4.2536131926544355e-09,3.506504481053778e-09,4.459008718155804e-08,4.445897482220596e-08,4.518696026011147e-08,4.494421819391275e-08,4.6269506147429993e-08,4.819744160632688e-08,4.7702806848374434e-08,7.20836340194808e-08,7.268593692939034e-08,7.20899502212479e-08,7.382710427224124e-08,7.635057236645983e-08,8.099371109019943e-08,7.994271725771402e-08,1.2703337115676406e-07,1.2829969947425136e-07,1.2775974840241388e-07,1.304959085790953e-07,1.3389146885725136e-07,1.399860272997028e-07,1.3841292672753786e-07,1.462083437079193e-07,1.528380392728671e-07,1.5266591143809433e-07,1.543855010041068e-07,1.600883458264359e-07,1.581945626104534e-07,1.6569768145555373e-07,3.142352755846425e-07,3.174983633094871e-07,3.2507042302624006e-07,3.343980767783474e-07,3.495411446753706e-07,4.1342412193045455e-07,4.2310231042442914e-07,4.3365341601774304e-07,4.5115933514084003e-07,3.759544007971927e-07,3.831294286650056e-07,4.009008302963532e-07,5.542433886822303e-07,LC_V24_H3p5_T8,5.542433886822303e-07
25,"(25, 0)",62,2,single,,Y,1.7106837238681483e-07,8.134303507982346e-10,8.105734880347164e-10,1.569507643456037e-09,1.4300560388746595e-09,3.544315228539013e-09,4.190312896194836e-09,4.1951634107031055e-09,6.280600300861431e-09,6.095127283259478e-09,5.870919474456128e-09,1.0849254946193488e-08,9.848581894009244e-09,2.4271423858361687e-08,2.4381450894946163e-08,2.996912451144764e-08,2.9828709116570605e-08,2.848633230909657e-08,4.043709675354927e-08,3.815689791372232e-08,3.923197312206285e-08,3.9419171842515054e-08,5.0044431289753034e-08,4.972701012532846e-08,7.270838767209876e-08,6.380083160505449e-08,1.0695147915643741e-07,9.310181261704754e-08,1.3441709616652364e-06,1.3399162623368612e-06,1.3875123958484035e-06,1.3749597159815209e-06,1.4516004604845735e-06,1.5366856053267483e-06,1.497086322739251e-06,1.9289069361070044e-06,1.9767207062733816e-06,1.953370873816969e-06,2.0488060909826358e-06,2.155859864185194e-06,2.3685292925134136e-06,2.284900243074406e-06,3.064126150224936e-06,3.125424003382642e-06,3.102185061538747e-06,3.2154959053912448e-06,3.3370773885481814e-06,3.5827032314695497e-06,3.4861552527670883e-06,3.783670065629678e-06,3.516905682733862e-06,3.589394133053746e-06,3.7048862653261864e-06,3.9657212350610415e-06,3.850313861994279e-06,4.168747218478422e-06,7.876118439868853e-06,8.048945956147892e-06,8.413213661276501e-06,8.691736756482102e-06,9.294128521896594e-06,9.926654722612857e-06,1.0329801394073432e-05,1.0608637862353657e-05,1.1248370758610585e-05,8.983544986366796e-06,9.230919693696633e-06,9.88859166183294e-06,1.2388287452619036e-05,LC_V24_H3p5_T8,1.2388287452619036e-05
25,"(25, 1)",73,1,single,,K,9.5990636624205e-09,2.0789277520249841e-10,2.0897906310903227e-10,2.152218525852615e-10,2.132091517595227e-10,2.5989301852015194e-10,3.180570157792536e-10,3.170051028337208e-10,3.340373833867154e-10,3.2587044166060497e-10,3.2364720069090385e-10,3.9203423015360135e-10,3.462963159398938e-10,3.6891143973268715e-10,3.681106085214803e-10,3.8235776283880105e-10,3.7749401574013656e-10,3.7382003711751837e-10,4.062799977219225e-10,3.863338074149059e-10,8.917182060166692e-10,8.9117988863957e-10,9.162070937836183e-10,9.111394300701358e-10,9.921311541317555e-10,9.354298844357612e-10,1.6393632340582204e-09,1.2230164902743376e-09,4.25170552357938e-09,4.249875383162096e-09,4.321528886244604e-09,4.301727124865066e-09,4.407470935918515e-09,4.503564691649978e-09,4.436486009650871e-09,1.1936916095393037e-08,1.1985236713721855e-08,1.1982004004976844e-08,1.2092950872914572e-08,1.2258072026887874e-08,1.2608060268253108e-08,1.2467755510977346e-08,2.0574534664459678e-08,2.0631103418806508e-08,2.0608554699081973e-08,2.0788686036683635e-08,2.0991084040264925e-08,2.1417855627844743e-08,2.117027292058278e-08,2.164009502075505e-08,2.4505973980940375e-08,2.4540363179770663e-08,2.464858427420741e-08,2.4987697841162884e-08,2.4699824455491077e-08,2.5065771796787185e-08,4.400444392568787e-08,4.375861499684962e-08,4.398192316508394e-08,4.386768488235789e-08,4.72586540906688e-08,6.21888820111413e-08,6.235997716398061e-08,6.224070768004874e-08,6.418790277370959e-08,6.262234442329154e-08,6.218088622623366e-08,6.42448459700458e-08,1.0300329079855259e-07,LC_V24_H3p5_T8,1.0300329079855259e-07
25,"(25, 1)",73,1,single,,Y,9.5990636624205e-09,2.5887810948455294e-10,2.58999253936203e-10,2.6353579030050987e-10,2.6177641142727723e-10,2.907798311837019e-10,8.83581853738e-10,8.824380989911005e-10,9.068981607376746e-10,8.990955573332446e-10,8.943438399292127e-10,9.33719667836758e-10,9.231779686706455e-10,2.529631019484809e-09,2.5243096306141205e-09,2.538559262370028e-09,2.5269921938276904e-09,2.5056067465985496e-09,2.5440485052948427e-09,2.5230187661697637e-09,7.986310194963444e-09,7.994359273575422e-09,8.001051748264781e-09,8.01680022418811e-09,8.11485685952502e-09,8.108369536560064e-09,8.277945615420096e-09,8.258132548454036e-09,4.895774342342893e-08,4.8853102920819245e-08,4.8562194636391276e-08,4.832779349364836e-08,4.793001406775987e-08,4.748053930825683e-08,4.734211151184471e-08,9.301077963380857e-08,9.21144826895364e-08,9.188703143295854e-08,9.119899049440457e-08,9.07000846807672e-08,9.068695934816522e-08,9.030270747351391e-08,1.575593080062309e-07,1.5667329758930084e-07,1.5618691128501638e-07,1.5555148133388875e-07,1.5502152201419448e-07,1.5521280578674782e-07,1.5446568209503497e-07,1.5496823465604863e-07,2.2861314907645412e-07,2.2598526133932951e-07,2.2404209302769627e-07,2.2405144058817812e-07,2.2220931938864468e-07,2.215186127452126e-07,5.001833738692764e-07,4.918746033208835e-07,4.880874040565934e-07,4.813961614077304e-07,4.794829215181319e-07,7.909120714112433e-07,7.815468902038694e-07,7.699770865878738e-07,7.637489720415072e-07,8.307666734568188e-07,8.166312155335526e-07,8.111049796319372e-07,1.3042591643174381e-06,LC_V24_H3p5_T8,1.3042591643174381e-06
25,"(25, 0)",79,1,single,,K,1.1998972056481785e-09,5.052086372960304e-11,4.894973450949902e-11,5.528530258171321e-11,5.150125584174608e-11,6.156441380712686e-11,2.1679146180112563e-10,2.0960878733052836e-10,2.887139356041896e-10,2.3045906506191728e-10,2.180777675005494e-10,2.813276053113564e-10,2.4860659102232874e-10,6.602775231106944e-10,6.460420680451421e-10,7.913725663224157e-10,7.242198617350187e-10,6.559067093443799e-10,7.754252783530252e-10,7.102275872656214e-10,1.165097297553427e-09,1.1460334208670327e-09,1.3848450414425582e-09,1.2798916853374835e-09,1.5352238201209564e-09,1.2683937576775804e-09,1.6073669417220633e-09,1.4140397260762661e-09,2.1505892639769944e-08,2.1276974228340317e-08,2.269438930132718e-08,2.187531450803312e-08,2.3071087533493885e-08,2.289427567802151e-08,2.164204410104845e-08,3.431409397704124e-08,3.57951280960952e-08,3.460111416426944e-08,3.607249764728539e-08,3.5815527195224716e-08,3.769454294306741e-08,3.516951208858607e-08,6.009417518575523e-08,6.219169782178736e-08,6.060311529190417e-08,6.271308722788098e-08,6.229998773855676e-08,6.482840163304393e-08,6.128552204138171e-08,6.309967804230846e-08,7.093829636374436e-08,7.086265858890787e-08,6.987305174896103e-08,7.182670091041278e-08,6.861055736139246e-08,6.978407535972504e-08,1.5380243511133508e-07,1.5141442074283728e-07,1.5360789049368853e-07,1.4985557937996344e-07,1.5239344051897438e-07,1.9492471051640524e-07,1.981023716022532e-07,1.9296745478029436e-07,1.9592941707108736e-07,1.7429099341526112e-07,1.7026057584926807e-07,1.7383812725415166e-07,2.4612217359008675e-07,LC_V24_H3p5_T8,2.4612217359008675e-07
25,"(25, 0)",79,1,single,,Y,6.87165468766914e-09,4.3156546201077637e-10,4.140489808103591e-10,4.722877586083606e-10,4.3844652839082385e-10,5.306156421823423e-10,2.449881604136835e-09,2.389410427355056e-09,3.0798038574779882e-09,2.592373181385982e-09,2.477004114193718e-09,3.0723161624432002e-09,2.7760870885125454e-09,1.1185964482791145e-08,1.1045675556036481e-08,1.247929886106821e-08,1.1797085988792112e-08,1.1083368568978309e-08,1.2320768277145715e-08,1.1624904180705404e-08,2.0661418496972362e-08,2.0408735720213046e-08,2.3197696819741783e-08,2.2077955426177513e-08,2.507335510382549e-08,2.222777390647144e-08,2.625774058847517e-08,2.4198048028361695e-08,5.346794096048102e-07,5.309655084851231e-07,5.476410148787068e-07,5.35234695804881e-07,5.476577219065952e-07,5.395321862397794e-07,5.208871012176209e-07,7.643151517562869e-07,7.764885545432652e-07,7.597290869629797e-07,7.731084716863167e-07,7.640729938659719e-07,7.850867994969712e-07,7.497682079742017e-07,1.236808502627688e-06,1.2529586331174685e-06,1.2331440073906086e-06,1.2483233785292466e-06,1.232960537067364e-06,1.2526304618636205e-06,1.210933609675985e-06,1.223572644842847e-06,1.3717928195552312e-06,1.3549697847265463e-06,1.331241645282898e-06,1.3468587261504063e-06,1.3033615228607386e-06,1.311717838976712e-06,3.1387136517764143e-06,3.089102506004689e-06,3.1030588812142564e-06,3.0356965278170224e-06,3.055286992586961e-06,3.865432641077343e-06,3.879249711901772e-06,3.782271201798186e-06,3.8003867982703156e-06,3.4044492999349463e-06,3.321346938603943e-06,3.3504503428157957e-06,4.357257273659399e-06,LC_V24_H3p5_T8,4.357257273659399e-06
26,"(26, 1)",76,2,single,,K,3.1102926121888964e-07,1.4459552625453426e-07,1.4472810399765068e-07,1.4467205702671715e-07,1.4462101707402882e-07,1.4521019053856233e-07,2.273422505724331e-07,2.260903770562225e-07,2.3653196225195872e-07,2.2813084738406853e-07,2.2656971824863642e-07,2.3336119215352544e-07,2.2961542165258671e-07,2.0891656712648233e-07,2.0733313715631396e-07,2.1845541298937124e-07,2.125257537259388e-07,2.073213019445499e-07,2.1453335373685534e-07,2.1025890915992497e-07,2.6565219737975984e-07,2.64420292855991e-07,2.744075287063387e-07,2.692962231638398e-07,2.78010424428018e-07,2.679558547197398e-07,2.7925251261329444e-07,2.727045174615075e-07,6.661498906845196e-07,6.630146918976594e-07,6.778301591457112e-07,6.684086498813709e-07,6.789898263057527e-07,6.765931637257479e-07,6.656687819086601e-07,1.2150520925145067e-06,1.2236744145221422e-06,1.2151935324562184e-06,1.2224959839098462e-06,1.217777258573734e-06,1.2281405644058322e-06,1.211570759667161e-06,1.7175997305815524e-06,1.7272382055778736e-06,1.720071170869558e-06,1.7299649406078372e-06,1.727572122912875e-06,1.7409540841321497e-06,1.721829974380674e-06,1.731677055704717e-06,1.6627603037906511e-06,1.6569654958891661e-06,1.6470234405150746e-06,1.6510501825274155e-06,1.6304599394129855e-06,1.6351747190702488e-06,2.5145694046663795e-06,2.4941222157164105e-06,2.4970927528795147e-06,2.4716810720443527e-06,2.473796449100161e-06,3.0743734618209875e-06,3.0712260786659456e-06,3.035577419213864e-06,3.0329247331623826e-06,2.9638421220515098e-06,2.9374873809399256e-06,2.9377217037099287e-06,3.957204851369012e-06,LC_V24_H3p5_T8,3.957204851369012e-06
26,"(26, 1)",76,2,single,,Y,4.5765057825289773e-07,1.2798274587229297e-07,1.2798033217525352e-07,1.275885286424831e-07,1.2742402439384025e-07,1.2755697755192257e-07,2.5913714923852264e-07,2.5808409329581214e-07,2.656062997740314e-07,2.586583969464837e-07,2.57291729520712e-07,2.617784929195415e-07,2.5869356654317805e-07,4.026802696814048e-07,4.007084136278939e-07,4.095933442667254e-07,4.0335221616847174e-07,3.9723470943859917e-07,4.0207538601743443e-07,3.9730272637108464e-07,6.774686395862701e-07,6.762487928395852e-07,6.845361468165113e-07,6.792999082036996e-07,6.861028331686439e-07,6.759175289584573e-07,6.852804035378243e-07,6.786579682679613e-07,2.204956506429701e-06,2.199828365268111e-06,2.2042484256767643e-06,2.190372700996982e-06,2.186730153434407e-06,2.165420197617168e-06,2.151372748272452e-06,3.1413060162565575e-06,3.1331840658554267e-06,3.1216281602447023e-06,3.1123873402973194e-06,3.086230882863055e-06,3.0798332503293614e-06,3.056953052835745e-06,4.127402299420377e-06,4.118477215898653e-06,4.106373357109502e-06,4.0956034075760734e-06,4.068107917116313e-06,4.062633853419754e-06,4.0365214210183585e-06,4.02688622531123e-06,4.727971440314234e-06,4.673432707824199e-06,4.616081003827346e-06,4.584324355577648e-06,4.548886224629176e-06,4.520973199043573e-06,7.694717430731686e-06,7.583876538262183e-06,7.530347295062376e-06,7.419782704102952e-06,7.369578785078508e-06,9.69081796408583e-06,9.599682424865922e-06,9.440798679730033e-06,9.357999666341131e-06,9.569860583771587e-06,9.447516985353942e-06,9.378687163401548e-06,1.2552103590168283e-05,LC_V24_H3p5_T8,1.2552103590168283e-05
26,"(26, 0)",78,2,single,,K,3.5280826367443346e-07,2.29598249003832e-08,2.2698806651781842e-08,2.574944198050805e-08,2.456931793391174e-08,2.991293295163925e-08,5.058869455858705e-08,4.960614137505635e-08,6.30698020971422e-08,5.545634591151217e-08,5.308290376695881e-08,6.76453513999145e-08,6.189159581921597e-08,1.1440143907196975e-07,1.1316269687419524e-07,1.2731374401472701e-07,1.2180664597403186e-07,1.153364673440248e-07,1.3180461268289589e-07,1.2410009320186862e-07,1.4442143573337847e-07,1.439721919259485e-07,1.4830573986120813e-07,1.4642341324703383e-07,1.6138515960689713e-07,1.4692315310704146e-07,1.7645479225687093e-07,1.6210568019120105e-07,1.0810064158028714e-06,1.0792008736953616e-06,1.077073535287078e-06,1.0720530721917582e-06,1.0686764698733222e-06,1.057924056859742e-06,1.0493741969087457e-06,1.4887185905778632e-06,1.4878304963128434e-06,1.479893095787663e-06,1.4788611524622837e-06,1.4681077801535159e-06,1.4702552300026266e-06,1.4537098002218675e-06,2.1388110721171126e-06,2.1362960478051636e-06,2.126252321924818e-06,2.123706975781523e-06,2.1065736149554643e-06,2.1065187517359713e-06,2.087158232932713e-06,2.0838879011757027e-06,2.3952968822770413e-06,2.3705691564695516e-06,2.3445295693471083e-06,2.341105575644996e-06,2.3205732585676587e-06,2.3110955336723053e-06,3.763401372818311e-06,3.7209000864699257e-06,3.7097864732800096e-06,3.6638594289543118e-06,3.666396323769942e-06,4.509287355850147e-06,4.498678387784705e-06,4.43612076790623e-06,4.421565865029816e-06,4.0266639659042114e-06,3.9842909069622844e-06,3.980876919939508e-06,5.345719429507091e-06,LC_V24_H3p5_T8,5.345719429507091e-06
26,"(26, 0)",78,2,single,,Y,5.69414043458944e-07,6.64009001758693e-08,6.547927329333108e-08,7.127301965725837e-08,6.830410458250503e-08,7.962468079776408e-08,2.1203709982704016e-07,2.0923081603122875e-07,2.415743352487402e-07,2.2162514100525558e-07,2.1584485725161275e-07,2.481593710718692e-07,2.3460719667646171e-07,6.155378197220217e-07,6.12103641624176e-07,6.417371010986745e-07,6.271751873889108e-07,6.107978051874771e-07,6.452914996310477e-07,6.253496882280232e-07,7.989174172049118e-07,7.977884113096762e-07,8.021154071602116e-07,7.972951008364417e-07,8.313340920760109e-07,7.933301081070389e-07,8.642417509173071e-07,8.274031272145724e-07,7.006043480539071e-06,6.994271479279566e-06,6.948106062188511e-06,6.920831920856024e-06,6.851724635453414e-06,6.740360055438942e-06,6.707955332715878e-06,8.995641493913857e-06,8.929675622649007e-06,8.892166662288615e-06,8.810802768700449e-06,8.688945889653882e-06,8.606129336230497e-06,8.560035193680148e-06,1.1721107742523277e-05,1.1619583383201376e-05,1.1587299839253132e-05,1.1473540129125701e-05,1.131732742109848e-05,1.120253405040985e-05,1.1157486914344478e-05,1.1036042529164971e-05,1.2734170218050806e-05,1.2540939480009994e-05,1.2340286242332063e-05,1.2217087164384776e-05,1.2146815196106762e-05,1.2007636876988744e-05,2.052717230668799e-05,2.0214995239735124e-05,2.002995065461383e-05,1.9713625810678997e-05,1.954639813142371e-05,2.3430318014854563e-05,2.320415536608773e-05,2.279019324514778e-05,2.255202133821465e-05,2.0756489333217354e-05,2.044850832053134e-05,2.0260162328844542e-05,2.487045625421552e-05,LC_V24_H3p5_T8,2.487045625421552e-05
26,"(26, 1)",89,1,single,,K,2.88875682134075e-07,1.3586048501971166e-07,1.359499416161739e-07,1.3554921114166853e-07,1.3562864611656152e-07,1.3560191806711616e-07,2.1900159270140767e-07,2.178561292022116e-07,2.259820909202896e-07,2.190381828922072e-07,2.1782305458078065e-07,2.224034128570097e-07,2.196452318823567e-07,2.0089917866796713e-07,1.997054981134062e-07,2.0737918767017057e-07,2.0282065150920907e-07,1.9911563212743246e-07,2.0331213692002133e-07,2.0048375389224994e-07,2.6012430982996956e-07,2.595782016041796e-07,2.643634101550912e-07,2.6117789439599865e-07,2.6531040622152667e-07,2.598670719091845e-07,2.649978196128479e-07,2.614966322827203e-07,5.80971943166217e-07,5.786751904242684e-07,5.886339871118829e-07,5.815799039859076e-07,5.876885139698006e-07,5.843735926435624e-07,5.772085070212352e-07,1.1952171402107131e-06,1.201608424451638e-06,1.1942258193089935e-06,1.1988071531335924e-06,1.1932668179489652e-06,1.1986349284848795e-06,1.1863515356754078e-06,1.6604379426749682e-06,1.6628547602097527e-06,1.6568518258740148e-06,1.6583943484847075e-06,1.6508183872274548e-06,1.6542621546656772e-06,1.6424730846297516e-06,1.6435852257931065e-06,1.7265657864546416e-06,1.717263112957129e-06,1.7056366365472836e-06,1.7060998191282617e-06,1.694535186355028e-06,1.6919934596417227e-06,2.5494729528782644e-06,2.5285192756712306e-06,2.52190297869503e-06,2.4990528047853523e-06,2.4939790977302615e-06,3.1585790293629174e-06,3.143066019712524e-06,3.110516355153221e-06,3.0988164431081965e-06,3.153705968710718e-06,3.124625272907674e-06,3.1176592869510597e-06,4.320013508219786e-06,LC_V24_H3p5_T8,4.320013508219786e-06
26,"(26, 1)",89,1,single,,Y,5.495080768362231e-07,1.9074272228173597e-07,1.9077640050602265e-07,1.898676551570569e-07,1.8990451484940722e-07,1.8948301419144266e-07,3.629126252995345e-07,3.6121948423490705e-07,3.7170211373152176e-07,3.620051323251977e-07,3.6028466072869377e-07,3.656917171639315e-07,3.6192510105491593e-07,4.5443511985002447e-07,4.523837404042447e-07,4.6173106318694487e-07,4.5477572712139577e-07,4.488100625679236e-07,4.5291107000171785e-07,4.4847355950508864e-07,7.118499906700001e-07,7.108772146759344e-07,7.167694311289619e-07,7.118735687015096e-07,7.162066183902425e-07,7.080840718331945e-07,7.137978923246452e-07,7.08709053550971e-07,1.9688680938011836e-06,1.964248770159913e-06,1.9718162025061175e-06,1.9581464723268577e-06,1.957641304250638e-06,1.9399021609156346e-06,1.927346647925344e-06,3.268643500246052e-06,3.2659325717132784e-06,3.2525731923336884e-06,3.2472912793137986e-06,3.223209512903165e-06,3.218500834521594e-06,3.196627531521693e-06,4.428540143570842e-06,4.420238457462168e-06,4.406733760352129e-06,4.3951711416097105e-06,4.36594794909759e-06,4.356038995252297e-06,4.334602559798924e-06,4.32119893175086e-06,5.031622171844486e-06,4.982448485585306e-06,4.9314046988771244e-06,4.9078254528722214e-06,4.881897462760471e-06,4.853768152220066e-06,7.96244727829632e-06,7.864122336580405e-06,7.806327423843986e-06,7.709804543165239e-06,7.66127141379964e-06,1.0048923276020733e-05,9.95838480679781e-06,9.817712737662464e-06,9.738985261335177e-06,1.0107294717794472e-05,9.989633285738413e-06,9.928248821971337e-06,1.355611956767492e-05,LC_V24_H3p5_T8,1.355611956767492e-05
26,"(26, 0)",95,1,single,,K,2.527646601559851e-07,2.7367387091355885e-08,2.7064943435439276e-08,2.7949196673301613e-08,2.7450028019550066e-08,2.8889307922581553e-08,7.492763776452896e-08,7.425893121615908e-08,7.964260402308797e-08,7.584165227270688e-08,7.488373772484819e-08,7.929306843302196e-08,7.725261247797248e-08,1.595622111285747e-07,1.5862038447181055e-07,1.651193258107667e-07,1.6197011372882492e-07,1.5829641703564673e-07,1.6369586126729095e-07,1.6056014822436575e-07,2.0387766257190464e-07,2.0279996900031368e-07,2.1070343987957694e-07,2.0700438362913762e-07,2.144921881486464e-07,2.0638176918199123e-07,2.1715844958860429e-07,2.1159549211075103e-07,1.2432031204379197e-06,1.2402573274011371e-06,1.244204601519637e-06,1.2355613743088538e-06,1.2370553473115354e-06,1.2256091586641883e-06,1.2120505031119675e-06,1.739307655592741e-06,1.7421160309470632e-06,1.7303144898041465e-06,1.732817167632211e-06,1.7202651811962483e-06,1.7267097345638477e-06,1.7035037836947141e-06,2.4743432011690933e-06,2.4752267097962155e-06,2.45983310466714e-06,2.459027480296673e-06,2.4379018325674226e-06,2.440635061717757e-06,2.414396839975451e-06,2.413196575849067e-06,2.8065025680147584e-06,2.7813933953436917e-06,2.7527106929427e-06,2.756909488168081e-06,2.7297778538284636e-06,2.7209445394776994e-06,4.431503426040097e-06,4.3859740983018545e-06,4.379695369634711e-06,4.327698287478802e-06,4.323250771083342e-06,5.240500672534343e-06,5.232386453302606e-06,5.1600429735522075e-06,5.1484511959040256e-06,4.788490863045311e-06,4.7346709403184655e-06,4.73509648026737e-06,6.241615167155352e-06,LC_V24_H3p5_T8,6.241615167155352e-06
26,"(26, 0)",95,1,single,,Y,4.563729891760526e-07,7.47887206187128e-08,7.418555874572108e-08,7.461152055741915e-08,7.38440576069793e-08,7.500345792209406e-08,2.504264358863597e-07,2.4893250470164813e-07,2.577667102156142e-07,2.501178910640395e-07,2.4849088651436865e-07,2.542201941069525e-07,2.507824731368222e-07,6.507063263301478e-07,6.487585299910051e-07,6.549609699922389e-07,6.48675319009281e-07,6.417234531552819e-07,6.450114307276596e-07,6.393288921155964e-07,8.535334510106467e-07,8.51188572193481e-07,8.623649392633401e-07,8.547775924135918e-07,8.634409478758329e-07,8.482403054871069e-07,8.618993047390905e-07,8.520710500122582e-07,6.288949594733458e-06,6.277649676999879e-06,6.2493587028137456e-06,6.220698941605209e-06,6.17319500742643e-06,6.0821672739491954e-06,6.04587124168612e-06,8.28545088325179e-06,8.243333207008635e-06,8.202781732528049e-06,8.148738573831174e-06,8.049544417196107e-06,7.997887122280893e-06,7.941417094531399e-06,1.1037080269513104e-05,1.0966443394204048e-05,1.0925787504896854e-05,1.0843574623059428e-05,1.0708029699235626e-05,1.0627894292461184e-05,1.0568789730802508e-05,1.0480903727053025e-05,1.2126363359184582e-05,1.1961062533597002e-05,1.1789245071274762e-05,1.1716090047123545e-05,1.1645624610124818e-05,1.1534459349193973e-05,1.9584901296299513e-05,1.9318715176896725e-05,1.9164563519047758e-05,1.888752615111742e-05,1.8737532352922456e-05,2.24067729173478e-05,2.2227671807597277e-05,2.186431753480706e-05,2.167561254625954e-05,2.0187240570060893e-05,1.9910964518740532e-05,1.9775124206734985e-05,2.4556036894835816e-05,LC_V24_H3p5_T8,2.4556036894835816e-05
27,"(27, 1)",92,2,single,,TY,1.218651216124254e-09,1.426144736855794e-10,1.422047718994262e-10,1.4200885002227376e-10,1.413890652777267e-10,1.4193588328682822e-10,3.272405108904973e-10,3.241238102640889e-10,3.4122367805446385e-10,3.253554651691635e-10,3.2236876166045243e-10,3.311918504432316e-10,3.250510308219178e-10,9.782967464078168e-10,9.750008230727838e-10,9.719599401575564e-10,9.63783621212677e-10,9.5432311281681e-10,9.46588220527683e-10,9.396439924536438e-10,4.029565305439285e-09,4.023601821241675e-09,4.0294950724449204e-09,4.012564468951679e-09,4.006980132130898e-09,3.977801389643483e-09,3.978574934038358e-09,3.9619562331929385e-09,2.5540112624366887e-08,2.549104098297373e-08,2.531264254701889e-08,2.5197820606773105e-08,2.4931340529690762e-08,2.4553301318675118e-08,2.448095875921266e-08,4.1455990394893306e-08,4.107517908347914e-08,4.0908966150374045e-08,4.048919648634642e-08,3.9830986666214e-08,3.941508425814999e-08,3.916064861080115e-08,7.235644937793746e-08,7.188787157342181e-08,7.156357829670763e-08,7.100728135944241e-08,7.005126567580938e-08,6.946819800120516e-08,6.90833466341677e-08,6.844561950126384e-08,1.1207752418920743e-07,1.0976626234507227e-07,1.0753270423911575e-07,1.0558758316038028e-07,1.0513466008517039e-07,1.0356759800266888e-07,2.449575185695862e-07,2.3951243316404555e-07,2.3628809720773789e-07,2.3109735466989343e-07,2.280783753486335e-07,3.875725643685277e-07,3.8222400118941716e-07,3.7338061851291894e-07,3.678593576904184e-07,4.032852460778688e-07,3.951336181378734e-07,3.898352040602585e-07,6.327725996459061e-07,LC_V24_H3p5_T8,6.327725996459061e-07
27,"(27, 0)",94,2,single,,TY,1.0947287533277848e-09,2.2503095007106362e-10,2.233140785867825e-10,2.2119928309870542e-10,2.189902118209766e-10,2.1874253327299713e-10,1.1520212585250827e-09,1.1385883911108301e-09,1.201449794700917e-09,1.1426197479443297e-09,1.1309211907144512e-09,1.162095754062863e-09,1.1402216817165595e-09,5.566163388511452e-09,5.545209422825332e-09,5.569461116629396e-09,5.497600190296228e-09,5.4246601842454095e-09,5.403011549283236e-09,5.3450366666451885e-09,1.0922663859025096e-08,1.0876974008948065e-08,1.1038924298542228e-08,1.0892706290317784e-08,1.096413630920178e-08,1.0708259709392344e-08,1.0835521245710887e-08,1.0684011248155564e-08,2.776505298554337e-07,2.768066711697932e-07,2.7501817260998244e-07,2.729075855354739e-07,2.694434124614787e-07,2.621857935940643e-07,2.5921122407526724e-07,3.905436007384618e-07,3.860766462564206e-07,3.832374828054307e-07,3.776011466455146e-07,3.6930107886333023e-07,3.636991284411614e-07,3.6070765078023514e-07,6.352555210743963e-07,6.272281167092541e-07,6.236079935234891e-07,6.142972942869101e-07,6.009848047699393e-07,5.917124150194249e-07,5.878254713651425e-07,5.781640319283663e-07,6.754362672810052e-07,6.586792581664356e-07,6.414636079844385e-07,6.338634282218431e-07,6.284099824909861e-07,6.166617172100709e-07,1.530640008763276e-06,1.4952536458911633e-06,1.4724653037406716e-06,1.4362927725520458e-06,1.4133927298855273e-06,1.8686302917066244e-06,1.8400196174189208e-06,1.7891461224341679e-06,1.7596581083841571e-06,1.6327034626481508e-06,1.595738977703871e-06,1.5741945692961373e-06,2.0429878773248076e-06,LC_V24_H3p5_T8,2.0429878773248076e-06
29,"(29, 1)",58,2,single,,K,2.4970515868872474e-09,5.253920481597564e-10,5.274957420331591e-10,5.271665419848378e-10,5.283798010803366e-10,5.346612567445534e-10,8.552073799669793e-10,8.508595728634528e-10,8.948911457748796e-10,8.635680969889073e-10,8.55899033057097e-10,8.953446201121046e-10,8.797318617000505e-10,1.0549483281207304e-09,1.0478642160107181e-09,1.099680558479776e-09,1.0740246766766432e-09,1.0414971814746821e-09,1.0871970393717863e-09,1.0601542065080075e-09,2.604235901197156e-09,2.600357048385604e-09,2.6406296950633143e-09,2.619515454452337e-09,2.671968393916847e-09,2.613680949021327e-09,2.698373726433602e-09,2.6582979032874895e-09,1.5436506935417877e-08,1.538977166197722e-08,1.5507855691248218e-08,1.537102219456891e-08,1.547945006690605e-08,1.5470398058635568e-08,1.527366714695974e-08,3.9100525321775155e-08,3.910572490031658e-08,3.886162836539285e-08,3.8938659086130144e-08,3.887266730912559e-08,3.9209381040309355e-08,3.8890367045573735e-08,6.600543182126007e-08,6.606229064015488e-08,6.57959115219949e-08,6.589454429374693e-08,6.568268634129313e-08,6.610991442073001e-08,6.55462650144913e-08,6.611267176292342e-08,7.81669747832739e-08,7.692797541472916e-08,7.597771851911416e-08,7.484992727282357e-08,7.418582084030152e-08,7.385480550211059e-08,1.3689994261578998e-07,1.3497235331658921e-07,1.3453564386357247e-07,1.3273722444563012e-07,1.3267338012832985e-07,1.921216936361939e-07,1.9050317618717377e-07,1.8700901640991393e-07,1.8592869267585946e-07,1.8847814972746304e-07,1.8624867712868845e-07,1.8498159038208262e-07,2.876078611960395e-07,LC_V24_H3p5_T8,2.876078611960395e-07
29,"(29, 1)",58,2,single,,Y,9.017868145888678e-09,6.428283905828484e-10,6.427648105619801e-10,6.389836049574446e-10,6.376069156558321e-10,6.389523697684594e-10,2.2327926727653022e-09,2.219521755077369e-09,2.2714115862452853e-09,2.2056048065378257e-09,2.191018237782337e-09,2.216778009306773e-09,2.1869047237105952e-09,6.342981557216709e-09,6.313661517734367e-09,6.344437171177914e-09,6.258212604674881e-09,6.157963212316726e-09,6.184651621490549e-09,6.105161775427239e-09,2.1088440334081247e-08,2.107468968968982e-08,2.0975851120226038e-08,2.0903580936128626e-08,2.0798748939842912e-08,2.0680061403719018e-08,2.0619615448961835e-08,2.053491883580507e-08,1.4178950520430446e-07,1.4144853765899338e-07,1.4050080159235424e-07,1.396684600428402e-07,1.3815720014916292e-07,1.356702373589826e-07,1.3487754363901633e-07,2.5000282777724206e-07,2.4729499746916023e-07,2.464176140324285e-07,2.437538564482906e-07,2.398855839030889e-07,2.3763105890626955e-07,2.3595614183418172e-07,3.940404510506191e-07,3.9032214302209915e-07,3.8899723182670846e-07,3.8494412592887574e-07,3.792820151614024e-07,3.756672489751361e-07,3.733023962977821e-07,3.695477094791841e-07,5.728814219468136e-07,5.60414634504042e-07,5.489582718817873e-07,5.391215745177478e-07,5.350219237567025e-07,5.271937410281505e-07,1.2252758999107706e-06,1.1952168434722692e-06,1.1759684304788452e-06,1.1467444027162971e-06,1.1298604248121864e-06,1.864612916222923e-06,1.8249679808559166e-06,1.7796926002640453e-06,1.7448345042107615e-06,1.971027142179664e-06,1.929196161038975e-06,1.89639940470355e-06,2.981201564880652e-06,LC_V24_H3p5_T8,2.981201564880652e-06
29,"(29, 0)",66,2,single,,K,9.740100946283959e-09,8.922352435831707e-11,8.898512175023105e-11,1.2524442825407896e-10,1.1988933361679005e-10,2.0624548553268344e-10,2.375023204529785e-10,2.369098769754522e-10,3.024208331069977e-10,2.9348375688745403e-10,2.9042699334159485e-10,4.4558372559167854e-10,4.048157566889921e-10,9.149250030370663e-10,9.157175447643858e-10,1.104978129776961e-09,1.0894638950663764e-09,1.0350572673836806e-09,1.420376409186665e-09,1.3318769291297544e-09,1.1004220589876843e-09,1.082607010966641e-09,1.6243269923208539e-09,1.4895720968137171e-09,2.4442436477836636e-09,1.8371720391865431e-09,3.5145106258471023e-09,2.8739362075677387e-09,3.6575269983137084e-08,3.647840260253949e-08,3.68177090687849e-08,3.665159377180434e-08,3.764989548141956e-08,3.912925586471077e-08,3.846361601339121e-08,5.769045831815096e-08,5.8152458695348554e-08,5.785983826591025e-08,5.936521219829757e-08,6.181470947726327e-08,6.634205353507936e-08,6.504847116405876e-08,8.39499338734506e-08,8.465431727276954e-08,8.434836881460072e-08,8.701117687023056e-08,9.047173913769468e-08,9.875485005107946e-08,9.490233461300499e-08,1.0472867750154101e-07,1.0156235673044831e-07,1.0310071993064275e-07,1.0646336007150818e-07,1.1697820098931619e-07,1.1128965038755402e-07,1.2335304982371408e-07,2.308239119113314e-07,2.3384040275997563e-07,2.455552510181774e-07,2.52023162022178e-07,2.7244979015719175e-07,3.0481555740206836e-07,3.174375343817625e-07,3.242262342976865e-07,3.4770628137981835e-07,2.7637421471411243e-07,2.880672005540861e-07,3.2080977828598195e-07,4.61122002962921e-07,LC_V24_H3p5_T8,4.61122002962921e-07
29,"(29, 0)",66,2,single,,Y,1.6056120283009978e-07,9.761366764170053e-10,9.768366400962346e-10,1.7986166941315342e-09,1.6625059536213628e-09,3.760727554414354e-09,4.456552527017465e-09,4.403328389524455e-09,6.78171765528508e-09,6.307823239745727e-09,6.0485681941603545e-09,1.1202977684764914e-08,9.973080803843935e-09,2.250870472916361e-08,2.2467925450767528e-08,2.9066079758498406e-08,2.8711210395909647e-08,2.6668998650316445e-08,3.970332577206283e-08,3.676622148647659e-08,3.3096928129172265e-08,3.276457460401341e-08,4.483607379897533e-08,4.283741604261609e-08,6.545638715945945e-08,5.417877508729133e-08,9.426210284864656e-08,8.160565099910404e-08,1.0130922274453455e-06,1.0101130473101842e-06,1.0382031170647487e-06,1.0320759079790655e-06,1.0897732566195033e-06,1.159021966869007e-06,1.1224161206663816e-06,1.4772766253806757e-06,1.5186770396582697e-06,1.5027781993132097e-06,1.5852734642478088e-06,1.6827080925091142e-06,1.8708084439651207e-06,1.799508002667935e-06,2.087245528372871e-06,2.1418611991556717e-06,2.1243400492725647e-06,2.2344827500774983e-06,2.3526200763461647e-06,2.61836484629208e-06,2.4919186582346243e-06,2.809128652285109e-06,2.5816032125444217e-06,2.6772118597168032e-06,2.809447383372271e-06,3.1341699561412714e-06,2.9738573156884407e-06,3.322597823392598e-06,5.997705686067654e-06,6.140618183550854e-06,6.536306069738913e-06,6.762894607371785e-06,7.420997632987359e-06,7.723273961673184e-06,8.12917573690848e-06,8.349768694797562e-06,9.03019243337058e-06,7.177708668107581e-06,7.5317015242712465e-06,8.352403966061393e-06,1.0883190200602595e-05,LC_V24_H3p5_T8,1.0883190200602595e-05
29,"(29, 1)",75,1,single,,K,1.0205078513524922e-08,1.8065985843354186e-10,1.8048861774407149e-10,1.8900717628931937e-10,1.8499282552346186e-10,2.373125194090328e-10,2.581651025206315e-10,2.5513509299825686e-10,2.830657855493132e-10,2.6327863893415554e-10,2.5900558988085277e-10,3.762531295020794e-10,3.1162913633642966e-10,2.994724858272671e-10,2.969978759849452e-10,3.175193419937899e-10,3.081873919062902e-10,3.0245970007066993e-10,4.803927377265094e-10,3.616711779833784e-10,7.427728724936092e-10,7.415251422482503e-10,7.636352980961411e-10,7.505599096381653e-10,9.374407847855198e-10,7.870741584806374e-10,1.8075258219762166e-09,1.3338183638104937e-09,3.984957656698146e-09,3.967821092298397e-09,4.125478307849932e-09,4.078793923799835e-09,4.238846413849613e-09,5.113554607808044e-09,4.351994930399639e-09,1.0213247615637143e-08,1.0314094789446731e-08,1.0246047085574266e-08,1.0398481585986766e-08,1.0518603106777278e-08,1.1632486220623652e-08,1.0816026706731823e-08,1.9854331919325714e-08,1.9837725384028135e-08,1.9691782273613835e-08,1.9749864874145348e-08,1.980270542507123e-08,2.02196919533992e-08,1.985935326638515e-08,2.1372003542366203e-08,2.0131373599856587e-08,2.0237029018892326e-08,2.035856210928226e-08,2.0691258935753748e-08,2.0417566802756357e-08,2.1153670970875242e-08,3.587834347355426e-08,3.576855134463162e-08,3.629545209984668e-08,3.667624249056404e-08,4.394523109185374e-08,4.912389609880721e-08,4.948634531367867e-08,4.92706186105651e-08,5.454149582444997e-08,4.6068312005897076e-08,4.604523224248105e-08,5.356252427525692e-08,7.931350307971051e-08,LC_V24_H3p5_T8,7.931350307971051e-08
29,"(29, 1)",75,1,single,,Y,1.0205078513524922e-08,1.9606657866030476e-10,1.9438253789825025e-10,1.9985326665560278e-10,1.9610860469250923e-10,2.2938953977244953e-10,7.323176324965906e-10,7.257296438169024e-10,7.650374870475834e-10,7.29198191021552e-10,7.220650672795672e-10,7.689451955897914e-10,7.372087322785055e-10,2.270010216888072e-09,2.261034965663342e-09,2.306376588146617e-09,2.2725848074199126e-09,2.2356335686652e-09,2.2800133368528857e-09,2.247213258577148e-09,7.539158184942942e-09,7.512214306439682e-09,7.59869942119622e-09,7.53118832127111e-09,7.610081156177542e-09,7.475278350759068e-09,7.639314928357427e-09,7.539087946447338e-09,5.0310628274053063e-08,5.025401058047439e-08,5.0254242111013196e-08,5.00673387130298e-08,5.014338807972891e-08,4.991289077519511e-08,4.9357072578289774e-08,8.679141757365951e-08,8.602367482828649e-08,8.582202249154815e-08,8.523510678520821e-08,8.459146219505751e-08,8.447121664215757e-08,8.39449144338048e-08,1.4816869297798162e-07,1.4741922684846624e-07,1.468649640472759e-07,1.4640992345619475e-07,1.457347195920362e-07,1.4586499009037517e-07,1.4489822670733554e-07,1.4506223159188889e-07,2.0666582922942583e-07,2.0318769276658951e-07,2.000474085238978e-07,1.9897629666716085e-07,1.9714271054234671e-07,1.9606673738527328e-07,4.416820027993874e-07,4.314409110284255e-07,4.2781079477329755e-07,4.190992681561607e-07,4.173094273222148e-07,6.755023939490809e-07,6.689213793959423e-07,6.561416947378709e-07,6.519602551476982e-07,6.859740587985972e-07,6.734715021447416e-07,6.670678441303484e-07,1.084929693885619e-06,LC_V24_H3p5_T8,1.084929693885619e-06
29,"(29, 0)",83,1,single,,K,1.5682010534233206e-09,7.842807478530822e-11,7.463390757691904e-11,8.543184744657576e-11,7.888652520515913e-11,9.47564742305183e-11,2.0428538849696758e-10,1.9536879484050955e-10,2.8352625082754705e-10,2.180459585201058e-10,2.039741397399773e-10,2.709711383030703e-10,2.3626218331009786e-10,5.213499338029968e-10,5.02875556166796e-10,6.778040786086113e-10,5.964567605584406e-10,5.155566303295064e-10,6.512403316441648e-10,5.78794534864101e-10,8.521092622434838e-10,8.30822075560795e-10,1.0533933696404254e-09,9.536567884045402e-10,1.1865541957699165e-09,9.438737846299663e-10,1.2575374975264514e-09,1.0788612405761386e-09,1.5460934039162916e-08,1.5285251388489168e-08,1.626408254285555e-08,1.5657801431085166e-08,1.6475976791737793e-08,1.632640079925829e-08,1.5408836446654767e-08,2.720702302151921e-08,2.8504442995078987e-08,2.7516860280379055e-08,2.8776123860446037e-08,2.858231835416842e-08,3.021242716210049e-08,2.8054104379733408e-08,4.507886849672106e-08,4.6702970867644285e-08,4.545661052231913e-08,4.727302034547054e-08,4.701968720917326e-08,4.939341689224884e-08,4.6278869259377034e-08,4.806131553476626e-08,5.587002037152506e-08,5.626062487798429e-08,5.565020065380807e-08,5.789042063081558e-08,5.409366017373765e-08,5.589649470235878e-08,1.1417312814319142e-07,1.1261356337690139e-07,1.1625096855018428e-07,1.1281178985120824e-07,1.1619530257677881e-07,1.5342961385002042e-07,1.5738342980059306e-07,1.5252724020479046e-07,1.5615487353687423e-07,1.3059072766999943e-07,1.276667160438518e-07,1.3081389307650249e-07,1.8451953504686813e-07,LC_V24_H3p5_T8,1.8451953504686813e-07
29,"(29, 0)",83,1,single,,Y,7.946449899051136e-09,6.053295808783735e-10,5.805049949888563e-10,6.579907175252184e-10,6.132115726890701e-10,7.319770642572669e-10,2.7568589017393185e-09,2.6608048859163936e-09,3.544284981146914e-09,2.89860591246877e-09,2.7544564066759982e-09,3.452940078790227e-09,3.1017064388151997e-09,1.0148140367128363e-08,9.917303845933746e-09,1.1928330601949162e-08,1.1055517236814806e-08,1.0068710727288992e-08,1.1758571148075481e-08,1.0884211359586559e-08,1.80265467887238e-08,1.7758637584823463e-08,2.038284968641581e-08,1.924715002220048e-08,2.1980805329343176e-08,1.914608121294857e-08,2.293948707036332e-08,2.0876680435929142e-08,3.796765367461028e-07,3.772020619854745e-07,3.867411333463832e-07,3.78781845354075e-07,3.8639139877852704e-07,3.8057909162338244e-07,3.6660454971908216e-07,5.807636751908405e-07,5.928307737500199e-07,5.790650479299351e-07,5.904044043295559e-07,5.835055148945692e-07,5.994823497175435e-07,5.723285637283018e-07,8.994219850906798e-07,9.098056257217091e-07,8.93768705320378e-07,9.081863729262112e-07,8.978156914379275e-07,9.19714087429764e-07,8.820177094393728e-07,8.9764184117304e-07,1.1001291477684116e-06,1.092952271216187e-06,1.0737097690332172e-06,1.08981214130344e-06,1.0425391838081864e-06,1.0558563842720874e-06,2.388281761962592e-06,2.3463992594958315e-06,2.3760889726910732e-06,2.310577438329919e-06,2.337529566846898e-06,3.07524458595015e-06,3.089339605897785e-06,2.993777458626993e-06,3.01388745957237e-06,2.6831341880174177e-06,2.6308381218956336e-06,2.6531463748516704e-06,3.5361426822178145e-06,LC_V24_H3p5_T8,3.5361426822178145e-06
30,"(30, 1)",74,2,single,,K,3.376755121330113e-07,1.526758459588416e-07,1.5254380576868116e-07,1.5280247819645024e-07,1.5253100610135562e-07,1.534498998810112e-07,2.3828730232100725e-07,2.3684666441469479e-07,2.4820970869194574e-07,2.3910233897115417e-07,2.373128550760344e-07,2.446022096604546e-07,2.405888427994069e-07,2.0953231175367612e-07,2.0789312880358673e-07,2.1948280902710492e-07,2.1324142592198282e-07,2.0780872096963445e-07,2.1508146317672345e-07,2.107974476070173e-07,2.795561154318852e-07,2.787310996333079e-07,2.8600555546512355e-07,2.820780714508216e-07,2.889352352780089e-07,2.809947361594779e-07,2.899789146403355e-07,2.8453019228478775e-07,6.195493609757565e-07,6.166906568073973e-07,6.324463300432031e-07,6.235990290175284e-07,6.352636798277257e-07,6.341970382846125e-07,6.238993572788819e-07,1.2755561892247129e-06,1.2876472089308626e-06,1.276941512080133e-06,1.2878193361922585e-06,1.2839204854614097e-06,1.2970725181355842e-06,1.2782665493242595e-06,1.786817453944873e-06,1.7959214290092894e-06,1.7876324530621116e-06,1.7974673173314322e-06,1.7947104495892281e-06,1.808257919332217e-06,1.7892010497435393e-06,1.799892914978891e-06,1.8248809933491684e-06,1.8181333751361784e-06,1.8080286590988957e-06,1.8225141415181687e-06,1.8034843887033657e-06,1.809066740645175e-06,2.679174746619028e-06,2.668139732328795e-06,2.678951805568666e-06,2.6599289825662987e-06,2.672794938908784e-06,3.3367370821660564e-06,3.341242993878863e-06,3.3135956402489974e-06,3.320317491528646e-06,3.364726549771491e-06,3.3361660341540577e-06,3.3422775371914836e-06,4.443248122480724e-06,LC_V24_H3p5_T8,4.443248122480724e-06
30,"(30, 1)",74,2,single,,Y,4.801699243185253e-07,1.347763345990207e-07,1.3447761537016311e-07,1.343735445918184e-07,1.3389066671483365e-07,1.3436949213799775e-07,2.8552520801242023e-07,2.8405284011137714e-07,2.9343446534012174e-07,2.849624904470175e-07,2.832906436637116e-07,2.8872531982259624e-07,2.8511549964456235e-07,4.0870341205353337e-07,4.0680303457306576e-07,4.1583078375186045e-07,4.0920994539569256e-07,4.031862423826626e-07,4.0773012359874936e-07,4.030492035950898e-07,7.258756406502718e-07,7.248957096774135e-07,7.303734337163538e-07,7.259524960968061e-07,7.304883931137653e-07,7.220509451261734e-07,7.286470385647231e-07,7.230766588302905e-07,2.0772462489978457e-06,2.0729035675131957e-06,2.0775212239007886e-06,2.0655231246865448e-06,2.063543961350166e-06,2.046071433874254e-06,2.0338478766387305e-06,3.2412485064326394e-06,3.2339984792592043e-06,3.221969447299055e-06,3.214051101230367e-06,3.188489801899678e-06,3.18389861353245e-06,3.1609222595509196e-06,4.346710155489948e-06,4.335912892268496e-06,4.322068892979586e-06,4.309994493008907e-06,4.279002006718149e-06,4.270702907087002e-06,4.245407441166114e-06,4.233999153443923e-06,5.126478099986317e-06,5.072797198512782e-06,5.019022884780822e-06,5.010472582963653e-06,4.98033700626295e-06,4.953946532288932e-06,8.217885647688072e-06,8.124210008630783e-06,8.077654937071341e-06,7.977875444740526e-06,7.9406284742522e-06,1.050648138460571e-05,1.041802831260429e-05,1.0273820429685292e-05,1.0199572854879311e-05,1.08220340980434e-05,1.0697633256391533e-05,1.0631794332510345e-05,1.4040906319396688e-05,LC_V24_H3p5_T8,1.4040906319396688e-05
30,"(30, 0)",82,2,single,,K,4.0566495831209075e-07,2.925224364816413e-08,2.8409794066519573e-08,3.263990118391303e-08,3.076729030714795e-08,3.724171637344602e-08,4.00924159306467e-08,3.924741427954352e-08,5.0706923033709195e-08,4.3379402720765623e-08,4.146173281174764e-08,5.387354098777493e-08,4.845006137738775e-08,9.751548784642953e-08,9.70713643021647e-08,1.0740562796518653e-07,1.0173370118325247e-07,9.659059649255314e-08,1.1049529929307223e-07,1.0331807100773113e-07,1.432083536695746e-07,1.428189572944304e-07,1.470031856011603e-07,1.4550981509308455e-07,1.5043119345340037e-07,1.4584199269419354e-07,1.5532430317945162e-07,1.496567368848891e-07,8.638466434732559e-07,8.621649795352728e-07,8.629179596804961e-07,8.581269067710049e-07,8.577546214588205e-07,8.506268962852084e-07,8.430583850310232e-07,1.285009931535878e-06,1.2873910608572106e-06,1.2779713937053897e-06,1.2793479524963275e-06,1.2694668866013934e-06,1.2734683372198823e-06,1.2572528975467068e-06,1.8670089497898705e-06,1.870496727647675e-06,1.8580189726877897e-06,1.859843412292584e-06,1.8443593539749198e-06,1.8470022727868494e-06,1.8263726296468946e-06,1.825598053990449e-06,2.214498232767645e-06,2.1932025181519798e-06,2.1688149967248e-06,2.1623971882148107e-06,2.1403427388120055e-06,2.132630207871794e-06,3.344063584330857e-06,3.3092874524955105e-06,3.3070435773950996e-06,3.268605962164574e-06,3.2685827403026775e-06,4.264473780675755e-06,4.2665369955819525e-06,4.216243265776173e-06,4.212918942118478e-06,3.956384691241214e-06,3.912532228719357e-06,3.910364984949171e-06,5.335183949868641e-06,LC_V24_H3p5_T8,5.335183949868641e-06
30,"(30, 0)",82,2,single,,Y,6.307665536448921e-07,7.759195292802216e-08,7.564763927419181e-08,8.423285382392816e-08,8.00003415292626e-08,9.334104528615186e-08,1.934660628194854e-07,1.897436254128177e-07,2.2575089933884804e-07,2.0244857728467228e-07,1.960580534260269e-07,2.2939561854349868e-07,2.149309683764934e-07,5.522788153325949e-07,5.511435024550105e-07,5.74277975540712e-07,5.580430280875996e-07,5.421805939418818e-07,5.742736266434974e-07,5.549566843763142e-07,8.107034737070123e-07,8.092507653566361e-07,8.137010365068165e-07,8.09242436913268e-07,8.128730478724316e-07,8.025373097997258e-07,8.177266897280937e-07,8.029481003755446e-07,5.612161035226535e-06,5.604923216233269e-06,5.557588129549694e-06,5.5391952586954376e-06,5.477870141439403e-06,5.387696778887082e-06,5.365830955054762e-06,7.630860439234268e-06,7.576170486431752e-06,7.538973544144346e-06,7.467553902367065e-06,7.357719784584493e-06,7.284225811287837e-06,7.242004293237833e-06,9.950660043929455e-06,9.860018999661845e-06,9.829324488717317e-06,9.727638163288859e-06,9.585969438589059e-06,9.4841114048046e-06,9.442921926019577e-06,9.335141047663762e-06,1.1409563987529452e-05,1.1230323439088403e-05,1.1047225422722131e-05,1.0915545451232099e-05,1.0860990746404133e-05,1.0727963299322731e-05,1.7879846436462393e-05,1.7601199225669354e-05,1.741709514256844e-05,1.71368575609213e-05,1.6950398769497006e-05,2.1149356308669185e-05,2.0927087565421156e-05,2.056328870892673e-05,2.0342589398617033e-05,1.9543344323278378e-05,1.924674864114586e-05,1.9061066078427787e-05,2.380023339049235e-05,LC_V24_H3p5_T8,2.380023339049235e-05
30,"(30, 1)",91,1,single,,K,3.3770958452449063e-07,1.22149293816715e-07,1.2154376340140778e-07,1.22093161501997e-07,1.2146040744453316e-07,1.224876082661635e-07,1.7420321518613134e-07,1.7299670880050937e-07,1.813573916892571e-07,1.743311704237591e-07,1.7306862491118043e-07,1.7783079136195003e-07,1.7503736988534546e-07,1.6387874272089944e-07,1.624908132518144e-07,1.70900366717852e-07,1.65979744661206e-07,1.619426343541428e-07,1.66546531646199e-07,1.6348704766770837e-07,2.1129100964725474e-07,2.1053081764990566e-07,2.166084275816366e-07,2.129708013464863e-07,2.178473450361028e-07,2.1141235386193728e-07,2.174229412201834e-07,2.1345364846818864e-07,5.178530377763771e-07,5.155220708527884e-07,5.254277155987467e-07,5.182415953005837e-07,5.242051176130412e-07,5.20548120899824e-07,5.13489889121849e-07,1.041931879609278e-06,1.047986638847317e-06,1.0408501686472667e-06,1.045416478875455e-06,1.04017295963952e-06,1.0447069671649814e-06,1.0335943369388572e-06,1.529313844236067e-06,1.5335817028122378e-06,1.526962060785303e-06,1.529950930393676e-06,1.5230362523384704e-06,1.5263034635154158e-06,1.5150667540544043e-06,1.515570940124182e-06,1.511548313258396e-06,1.5013540682965642e-06,1.4883192388184908e-06,1.4891665479319278e-06,1.4737387190384326e-06,1.4727378946866141e-06,2.2149836022724032e-06,2.194645899952399e-06,2.194646242310515e-06,2.1704064759223476e-06,2.1688903576860816e-06,2.7646815400259606e-06,2.7596279273810225e-06,2.7251787030947513e-06,2.71787306951053e-06,2.699097239423085e-06,2.66998548174857e-06,2.663245251109997e-06,3.6384826790175924e-06,LC_V24_H3p5_T8,3.6384826790175924e-06
30,"(30, 1)",91,1,single,,Y,6.326329567617374e-07,1.6315682334182896e-07,1.619403294542614e-07,1.6274808384197254e-07,1.6149894956495113e-07,1.6303922162573991e-07,2.764870645047569e-07,2.7471638602212956e-07,2.854136307224541e-07,2.757812905560657e-07,2.7395955828905517e-07,2.7974276488846346e-07,2.7589021168467943e-07,3.8235345446368925e-07,3.8008082635035006e-07,3.9054165858154363e-07,3.831988192011773e-07,3.766382501124309e-07,3.814928869931947e-07,3.766621947418357e-07,6.099406923742546e-07,6.086258177641431e-07,6.166745999895165e-07,6.109898123922211e-07,6.169219736639448e-07,6.07031691777595e-07,6.147419950480083e-07,6.086761413753395e-07,1.7735520309221691e-06,1.7694768053664605e-06,1.7751718618483722e-06,1.763012052805031e-06,1.761723256364083e-06,1.744920951196827e-06,1.7337605170190081e-06,2.9219416827013866e-06,2.9187376923939428e-06,2.9056929780449877e-06,2.9004618018298117e-06,2.876819419097533e-06,2.872536127270515e-06,2.8506778439934285e-06,4.063601464072544e-06,4.057173261281462e-06,4.04394672084587e-06,4.033197177361969e-06,4.004156507250941e-06,3.994072117054216e-06,3.973428960553231e-06,3.959498623829519e-06,4.600996191059229e-06,4.549077491397891e-06,4.494111772122828e-06,4.4679624478358336e-06,4.434970208211975e-06,4.408864794196111e-06,7.121230692250294e-06,7.028960681951452e-06,6.989907160059281e-06,6.893585635644653e-06,6.857681358794157e-06,9.060780028038258e-06,8.994077256195977e-06,8.854172640783053e-06,8.786644405486165e-06,9.081553891960989e-06,8.963716069342009e-06,8.898194784661792e-06,1.2035428767724261e-05,LC_V24_H3p5_T8,1.2035428767724261e-05
30,"(30, 0)",99,1,single,,K,2.838881826101589e-07,3.425344704966589e-08,3.372971049487021e-08,3.4923887155881455e-08,3.418139043107415e-08,3.601671308321843e-08,5.952246843958268e-08,5.8888174375690406e-08,6.412691530077568e-08,6.052322001795401e-08,5.960852145755329e-08,6.392646233165993e-08,6.198265201691558e-08,1.2175306704048073e-07,1.209870147440008e-07,1.2630816319086016e-07,1.2342420034430337e-07,1.2042936829031338e-07,1.2473142619821219e-07,1.2207565916384002e-07,1.644156056587093e-07,1.6355435171061447e-07,1.7030259537450257e-07,1.671634571547285e-07,1.738269946797741e-07,1.6658107301711864e-07,1.76080365952651e-07,1.710673519046305e-07,9.724915601479365e-07,9.70085234821488e-07,9.740398614719561e-07,9.665052189170612e-07,9.682723865995628e-07,9.593014807947193e-07,9.482504554905608e-07,1.4523353614507176e-06,1.4551790807954387e-06,1.4445958725995002e-06,1.4465268794905136e-06,1.4345902805989026e-06,1.439529250473098e-06,1.4185285115984631e-06,2.0667341184727472e-06,2.0707983122110806e-06,2.0549785661666306e-06,2.057182483230096e-06,2.0385586831170235e-06,2.042990357367478e-06,2.017347935820147e-06,2.0175809056069843e-06,2.347267835526488e-06,2.3220075271778814e-06,2.2934969987344797e-06,2.286845120097732e-06,2.2611542122657138e-06,2.2534762171117085e-06,3.600540450606723e-06,3.557459785152952e-06,3.5521513271062427e-06,3.5044100818009763e-06,3.500690582246756e-06,4.469441496695937e-06,4.464455401789952e-06,4.396429690411205e-06,4.38892073541402e-06,4.043244261563603e-06,3.990589017543097e-06,3.989194495802582e-06,5.222193929815842e-06,LC_V24_H3p5_T8,5.222193929815842e-06
30,"(30, 0)",99,1,single,,Y,5.050574088305101e-07,9.175649014284056e-08,9.068991408326095e-08,9.157523350764769e-08,9.033512349069275e-08,9.209897256968409e-08,2.2248815597956788e-07,2.2098263606473155e-07,2.299609452285144e-07,2.2234026071072516e-07,2.206590534390453e-07,2.2653263233422046e-07,2.2315681786863336e-07,5.39455541287012e-07,5.378701049237581e-07,5.419114373929522e-07,5.361503381592132e-07,5.303797098238439e-07,5.314481773502695e-07,5.266965571113926e-07,7.580564333943283e-07,7.560180496906018e-07,7.658864186269862e-07,7.589374542307468e-07,7.66617338467162e-07,7.528411146353886e-07,7.646261307650379e-07,7.557274715172394e-07,4.984199330889511e-06,4.975786013667312e-06,4.949593815185825e-06,4.9259473843102416e-06,4.885451167614388e-06,4.810409684727017e-06,4.782497910726005e-06,6.915007391286132e-06,6.878929295842729e-06,6.841341843762777e-06,6.792627505012212e-06,6.701316560807978e-06,6.654896557494646e-06,6.6011467698338285e-06,9.158242416031812e-06,9.104311948116713e-06,9.062961693633239e-06,8.997042632427721e-06,8.877068285250516e-06,8.811308593244575e-06,8.752868835293084e-06,8.67813328409977e-06,1.0322386920350508e-05,1.016715694656976e-05,1.0005765243693884e-05,9.91801666787315e-06,9.850781218501207e-06,9.748816892649694e-06,1.6242791005896185e-05,1.599997628626917e-05,1.586661900813731e-05,1.5615928983440448e-05,1.54769851433239e-05,1.937275528334631e-05,1.9220669503706115e-05,1.888000601727138e-05,1.872418187461787e-05,1.749999325889003e-05,1.7234290466855766e-05,1.7091985809416228e-05,2.1229609591907967e-05,LC_V24_H3p5_T8,2.1229609591907967e-05
31,"(31, 1)",90,2,single,,TY,1.084671125751792e-09,2.224482580613614e-10,2.2332765976604777e-10,2.21222407804224e-10,2.2195504779320972e-10,2.202694790608927e-10,4.3294572237683897e-10,4.2956528359399265e-10,4.4799974175428954e-10,4.3046238585151927e-10,4.2716846794405773e-10,4.3636293884687067e-10,4.29540238168982e-10,1.1212449888291536e-09,1.1181155298243135e-09,1.111428964460753e-09,1.1034017654082281e-09,1.0941167023478185e-09,1.0828720122333064e-09,1.0760263446268075e-09,4.208910747769229e-09,4.207725969928632e-09,4.19040669746822e-09,4.18371952056482e-09,4.16485901864535e-09,4.155720681896589e-09,4.138877934049683e-09,4.13340179459719e-09,2.7654421938847572e-08,2.760234734278497e-08,2.7397617115362835e-08,2.7273477511175346e-08,2.6972416338100462e-08,2.6557205576265594e-08,2.64789705769345e-08,4.490576595610946e-08,4.440165596595284e-08,4.4260214294637905e-08,4.374158482943046e-08,4.3014089858999355e-08,4.252302057832401e-08,4.229271492313535e-08,7.628149129573913e-08,7.580896253636122e-08,7.550308047928456e-08,7.49570847520279e-08,7.401783684913676e-08,7.344003359884752e-08,7.304427362760724e-08,7.242246987372825e-08,1.1247031496199783e-07,1.102335766351655e-07,1.0828634262407281e-07,1.0693307673503949e-07,1.0634632934905056e-07,1.0495462707732204e-07,2.646908255419775e-07,2.5879613809915196e-07,2.549332500213722e-07,2.492658618777551e-07,2.458803531093785e-07,4.158766120564151e-07,4.090304322275201e-07,3.9978986169274116e-07,3.932197065190728e-07,4.2895765441416323e-07,4.2049915907939537e-07,4.1555403539214657e-07,6.664781807949564e-07,LC_V24_H3p5_T8,6.664781807949564e-07
31,"(31, 0)",98,2,single,,TY,1.0419137590489034e-09,3.112409585351038e-10,3.104524961749761e-10,3.0656993368435494e-10,3.059805746062444e-10,3.0373432957280423e-10,1.5697221892518193e-09,1.5571397374132629e-09,1.620515082332597e-09,1.5563504343822744e-09,1.544819221932306e-09,1.5735412512966756e-09,1.5498608296255844e-09,5.525517434304481e-09,5.50630121229156e-09,5.511244490775417e-09,5.442418317834712e-09,5.38156460947626e-09,5.340112984174543e-09,5.29333302927677e-09,1.0935057418072446e-08,1.090271535246532e-08,1.101576086627107e-08,1.0901377598201649e-08,1.0948417114979437e-08,1.0747691679273295e-08,1.083182410859242e-08,1.0711757539832766e-08,1.9938616304185298e-07,1.9896139879074824e-07,1.968398950506851e-07,1.9561040230381345e-07,1.9263777816978132e-07,1.876225825263034e-07,1.8603242238508485e-07,3.055753120683915e-07,3.0218474540872466e-07,2.9979246952404925e-07,2.954095353227894e-07,2.8849735701200835e-07,2.8420818897999263e-07,2.8117493032842804e-07,4.831237501598947e-07,4.77015667493907e-07,4.74316065304195e-07,4.6725052765493457e-07,4.571670274903524e-07,4.503528120313589e-07,4.468626473894959e-07,4.3965028194470237e-07,5.741193140695034e-07,5.600148914642116e-07,5.45778565990441e-07,5.392844715949881e-07,5.344458910744225e-07,5.24808878399319e-07,1.2343800185778572e-06,1.2041223827455083e-06,1.184037920963069e-06,1.1542513273974368e-06,1.133915755752138e-06,1.6045357477309776e-06,1.5781054514698872e-06,1.5346390214893024e-06,1.509888673578115e-06,1.3982302760259835e-06,1.3682826964235442e-06,1.3480344494448835e-06,1.8489892820440502e-06,LC_V24_H3p5_T8,1.8489892820440502e-06
33,"(33, 0)",54,2,single,,K,2.5884651469128974e-09,5.052180617046635e-10,5.08136317333499e-10,5.041756000114347e-10,5.066356338317506e-10,5.072133876841253e-10,9.157663658965016e-10,9.099149428694343e-10,9.612830577848446e-10,9.196315529338406e-10,9.118100560294168e-10,9.48464466988979e-10,9.286566406877922e-10,1.1971645071619775e-09,1.18643388864984e-09,1.2538840631459804e-09,1.2183630875996863e-09,1.1811597620134867e-09,1.2272626387198058e-09,1.1987314698156247e-09,2.835310581061189e-09,2.8264442616000076e-09,2.868303894782615e-09,2.8346460904927197e-09,2.8823034861321956e-09,2.821110619318065e-09,2.8885870885410957e-09,2.8468616537540094e-09,1.7558989989772135e-08,1.7496289057081973e-08,1.759337865317973e-08,1.7419292392665478e-08,1.74599865076669e-08,1.7281779470411968e-08,1.7038844446649927e-08,3.735990472786425e-08,3.7423277590020575e-08,3.718685632174815e-08,3.722878638340022e-08,3.702884615731182e-08,3.7272338063698254e-08,3.6744020546078556e-08,5.719388494796989e-08,5.72384620276131e-08,5.705946135578334e-08,5.7198070101258834e-08,5.690730036014916e-08,5.722230639575985e-08,5.642963450078719e-08,5.6648787130486254e-08,6.672804709626094e-08,6.562218934746967e-08,6.456632901247534e-08,6.50718527850057e-08,6.435393928256495e-08,6.426077822101903e-08,1.2386298068561495e-07,1.219508900007959e-07,1.2170612264059396e-07,1.198047259368867e-07,1.1991650596866193e-07,1.702631421720177e-07,1.690568083928786e-07,1.6571871390307092e-07,1.6512361286917673e-07,1.5134192702654538e-07,1.489964899871831e-07,1.4894697880908538e-07,2.2453175894118935e-07,LC_V24_H3p5_T8,2.2453175894118935e-07
33,"(33, 0)",54,2,single,,Y,6.427102210421663e-09,5.636901073333564e-10,5.640181543768618e-10,5.569951806145396e-10,5.564049849165999e-10,5.551878047918528e-10,2.3967102931486696e-09,2.3746449740322995e-09,2.4747486829861996e-09,2.3683120313362303e-09,2.344763040385911e-09,2.393750903693754e-09,2.3488349418134613e-09,6.619585542606379e-09,6.5729222650891785e-09,6.675375428273045e-09,6.552083885181287e-09,6.425509464729993e-09,6.4652769730437035e-09,6.378858004355342e-09,2.2089006467669885e-08,2.204001079469743e-08,2.2096803496923832e-08,2.194996633671103e-08,2.1925176993388563e-08,2.1658812939272504e-08,2.1698374682593396e-08,2.1539212618410797e-08,1.4941296664959404e-07,1.491206257049322e-07,1.476206494844255e-07,1.468652209379036e-07,1.4487038114946005e-07,1.4187685611272558e-07,1.4101220264807484e-07,2.312480400537693e-07,2.2911276299023594e-07,2.2812006943961682e-07,2.2582027638543058e-07,2.2212237216001266e-07,2.2018376782218112e-07,2.18025028636656e-07,3.4056150257625374e-07,3.377861765417508e-07,3.366583393191763e-07,3.3429738063730663e-07,3.307914969494233e-07,3.2909839640239106e-07,3.268871662557745e-07,3.250515843532875e-07,4.867919502171732e-07,4.750169230420511e-07,4.6372826779744007e-07,4.573634789230022e-07,4.525149116285786e-07,4.456047270309342e-07,1.094758393022585e-06,1.0695572041953036e-06,1.0542654115322302e-06,1.0336207495620524e-06,1.0215459486863164e-06,1.676409339971244e-06,1.6466498458451677e-06,1.6037263552896654e-06,1.5803056468442696e-06,1.5386621645334893e-06,1.5025027061188708e-06,1.4796763707675061e-06,2.344775068278142e-06,LC_V24_H3p5_T8,2.344775068278142e-06
33,"(33, 1)",68,2,single,,K,1.0511464207614212e-08,8.544795789824578e-11,8.689335353565473e-11,1.1389847020952014e-10,1.1124702521263622e-10,1.8791511929206456e-10,2.93835353864964e-10,2.928364588467289e-10,3.639641973499721e-10,3.5715458457558227e-10,3.518315987943498e-10,5.302902759250362e-10,4.814492950161257e-10,1.0208021250350597e-09,1.017981175089127e-09,1.1719871364173704e-09,1.1648826289381043e-09,1.1361283454977552e-09,1.5008315784150755e-09,1.4101142963554444e-09,1.3673710123009242e-09,1.351770717523139e-09,1.8322571160138123e-09,1.7219186315841351e-09,2.7872567160748043e-09,2.1744719030195108e-09,4.030894580490353e-09,3.346105726463319e-09,3.3509537212227905e-08,3.3421126571302844e-08,3.3885501199020164e-08,3.379289306895495e-08,3.502434553039813e-08,3.6710862723915834e-08,3.5869293821227426e-08,5.930889091428029e-08,6.017429654502324e-08,5.970396589300065e-08,6.161385384010835e-08,6.417809699229801e-08,6.914619788169481e-08,6.74543126072031e-08,1.0188228208308654e-07,1.0265317860891903e-07,1.0198090779274376e-07,1.0430740550961929e-07,1.0678720016423478e-07,1.1253939957909066e-07,1.0999740297570954e-07,1.1710412544241728e-07,1.3209219928276972e-07,1.324384057006744e-07,1.351074780976836e-07,1.4122863356773613e-07,1.397968062228971e-07,1.4711821364576666e-07,2.6172972083543134e-07,2.644029251039837e-07,2.7240516355976386e-07,2.785379644232124e-07,2.936050098213603e-07,3.686690090749169e-07,3.7738937045898027e-07,3.826603891464433e-07,3.9832481440606e-07,3.4263245061907657e-07,3.5148456453981506e-07,3.6713824898864594e-07,5.53223972943858e-07,LC_V24_H3p5_T8,5.53223972943858e-07
33,"(33, 1)",68,2,single,,Y,1.683233756902923e-07,9.899876974602492e-10,9.928568763573189e-10,1.7554162773240936e-09,1.6305261264498189e-09,3.707402597111749e-09,4.635324686006766e-09,4.593709052979304e-09,6.954038323378293e-09,6.587927016994809e-09,6.338228789500255e-09,1.1732981821318392e-08,1.0450615234657429e-08,2.2922041977704374e-08,2.2861991842160655e-08,2.8928618168881493e-08,2.8801153964732947e-08,2.719267495192433e-08,3.995195999356777e-08,3.697740766865537e-08,3.4434511912019846e-08,3.403549638062166e-08,4.558037803880348e-08,4.400764196329185e-08,6.724338820492724e-08,5.6093035392371654e-08,9.796651054087047e-08,8.464813483202988e-08,9.58832772593424e-07,9.563655510024356e-07,9.857521613298212e-07,9.805209885830669e-07,1.0417776715113772e-06,1.1163553443269704e-06,1.0756809859771614e-06,1.4906853473711767e-06,1.5400069178857553e-06,1.5240323144255206e-06,1.6158229918131962e-06,1.7197894101575155e-06,1.9159189501364855e-06,1.8391085114700662e-06,2.3179318180505114e-06,2.374850611309317e-06,2.352711179781254e-06,2.461534200060478e-06,2.57090393543074e-06,2.8051155385982758e-06,2.6894054334048675e-06,2.9674151561515987e-06,2.9546800617140977e-06,3.029081630793588e-06,3.1395908283443347e-06,3.393989819658152e-06,3.2873620759767885e-06,3.586592434273492e-06,6.315831813992894e-06,6.447467657322762e-06,6.801609002844594e-06,7.04010187564164e-06,7.615355747137013e-06,8.358472536241576e-06,8.704525503587258e-06,8.943039753276243e-06,9.561629492704674e-06,7.879961284490153e-06,8.186679075855287e-06,8.793008195680488e-06,1.1777402718880846e-05,LC_V24_H3p5_T8,1.1777402718880846e-05
33,"(33, 0)",71,1,single,,K,9.475573557625112e-09,1.696632690405858e-10,1.7032294122188807e-10,1.7707764604252866e-10,1.742297029734999e-10,2.2473861127066102e-10,2.8949354314762923e-10,2.8631746245497973e-10,3.1617643544197235e-10,2.9699693939774135e-10,2.93035153238892e-10,3.7590175824191503e-10,3.2493558713779437e-10,3.7947610928461704e-10,3.7654116586128004e-10,4.096827901998005e-10,3.985969361122866e-10,3.8370987951977424e-10,4.322757140378869e-10,4.061238111004484e-10,9.769184716688284e-10,9.71021461897661e-10,1.0308872174623101e-09,1.0137064608187479e-09,1.1610853576979474e-09,1.0276840386779672e-09,1.7910253620239908e-09,1.3491642449568655e-09,4.2728285136139705e-09,4.2635678514904725e-09,4.34857420251953e-09,4.32414617883903e-09,4.469673026665731e-09,4.6625610168713346e-09,4.501187243668774e-09,1.1067134079470716e-08,1.1205507250016734e-08,1.113613366445435e-08,1.1312908579292193e-08,1.140029667739037e-08,1.1821240854036235e-08,1.1455535151483638e-08,1.931688966171921e-08,1.9486231100265594e-08,1.9319069927705065e-08,1.9509538465802382e-08,1.9610870559609037e-08,2.0004272036264547e-08,1.984939243638717e-08,2.1008787853548442e-08,2.249096501900843e-08,2.2604498845844228e-08,2.2768405000774118e-08,2.312512605268562e-08,2.2744482160103262e-08,2.3159371169919797e-08,4.217748081821409e-08,4.1990725299720514e-08,4.230744933768458e-08,4.251305618670801e-08,4.852938660553654e-08,5.905005724143621e-08,5.9086164409957974e-08,5.912701024965982e-08,6.3078534081646e-08,5.1745301003274766e-08,5.18868799997896e-08,5.55513014259211e-08,8.425042012119673e-08,LC_V24_H3p5_T8,8.425042012119673e-08
33,"(33, 0)",71,1,single,,Y,9.475573557625112e-09,1.6590984048533544e-10,1.6584822129956077e-10,1.689580243943286e-10,1.667042217110545e-10,2.030749434533306e-10,8.829421030250706e-10,8.74546471374097e-10,9.252125236535276e-10,8.86574341802921e-10,8.796573683006548e-10,9.237253940853652e-10,9.055976124988316e-10,2.647450256319609e-09,2.6303492666611822e-09,2.696319689600577e-09,2.6556858365855598e-09,2.6044057274790164e-09,2.6729231243367232e-09,2.634078421778709e-09,9.106506061954157e-09,9.08481067656787e-09,9.24647188648423e-09,9.17830506577013e-09,9.360184620755014e-09,9.143445743322401e-09,9.500743271174547e-09,9.340470503154753e-09,5.126021034712597e-08,5.117178664187822e-08,5.107580223520249e-08,5.0843387750547075e-08,5.0707089623043936e-08,5.0325338814517395e-08,4.988835799751402e-08,9.017323876139193e-08,8.941693607459191e-08,8.911472498108746e-08,8.853043140856182e-08,8.769074681122354e-08,8.754799262001816e-08,8.680939337797218e-08,1.4756330550639116e-07,1.4743845851243354e-07,1.4654589505937114e-07,1.4633218609714084e-07,1.4529411563882277e-07,1.45461753767265e-07,1.4456445774064287e-07,1.4487472279991087e-07,2.1319575821871028e-07,2.106550660285954e-07,2.0821651617869815e-07,2.0786147125624745e-07,2.0561255586690956e-07,2.0488571970230782e-07,4.876459973850584e-07,4.794725329416591e-07,4.7511908649073923e-07,4.693864410017472e-07,4.6670439001018367e-07,7.17673027153219e-07,7.082458196477876e-07,6.96489432694848e-07,6.906416643516233e-07,7.053962406706412e-07,6.925013922781704e-07,6.858577817788047e-07,1.0606348461633747e-06,LC_V24_H3p5_T8,1.0606348461633747e-06
33,"(33, 1)",81,1,single,,K,1.4322028085359976e-09,7.585663708065675e-11,7.37392012134072e-11,8.168665184046753e-11,7.711218001271299e-11,8.987023421073525e-11,2.5734226310305666e-10,2.479800273174214e-10,3.4484238834446285e-10,2.7495431661932786e-10,2.583080611800377e-10,3.3799858508866283e-10,2.97029971555963e-10,6.510704931896806e-10,6.279333998981875e-10,8.299149436097424e-10,7.397616641336506e-10,6.439085755597077e-10,8.060057958473082e-10,7.213519909149554e-10,1.049394702764993e-09,1.024428221468574e-09,1.2637317669683599e-09,1.1572994252165778e-09,1.419775248164678e-09,1.1454729354115918e-09,1.5133502365639794e-09,1.3065147641188931e-09,1.587835426396708e-08,1.5744014347516856e-08,1.680836212678632e-08,1.6234473454286306e-08,1.7338518840103813e-08,1.7430653583549897e-08,1.635193724107511e-08,2.829687000571551e-08,2.9886703425533513e-08,2.8836053209027288e-08,3.048379882745017e-08,3.0577640281791234e-08,3.27328663870227e-08,3.026847479698624e-08,4.8558927535711306e-08,5.0219522161425913e-08,4.89868534659625e-08,5.0889594724626136e-08,5.080284233171888e-08,5.361339765014425e-08,5.022192245736866e-08,5.245232583202095e-08,6.173393848121398e-08,6.178050192972028e-08,6.118969043248562e-08,6.35771447117894e-08,6.038751026246833e-08,6.198720032292036e-08,1.257674177743675e-07,1.2499953092872786e-07,1.2900695416778908e-07,1.2656619891286273e-07,1.3129967740135413e-07,1.7684500828474857e-07,1.806635158622444e-07,1.768161361037626e-07,1.8126741916985696e-07,1.6289834947446024e-07,1.5959739094722213e-07,1.6384276822409752e-07,2.5442190347777247e-07,LC_V24_H3p5_T8,2.5442190347777247e-07
33,"(33, 1)",81,1,single,,Y,7.93481619266947e-09,6.12239021839712e-10,5.913882694220798e-10,6.580016452817181e-10,6.18562290626986e-10,7.299024919134652e-10,2.9596439305736806e-09,2.8592844133389994e-09,3.804300462010506e-09,3.113234945492576e-09,2.956807139374829e-09,3.710038367222543e-09,3.336968771310941e-09,1.0915728476533546e-08,1.0649247862383356e-08,1.291044663401801e-08,1.188832252334538e-08,1.0789900328093804e-08,1.2636089770607833e-08,1.1674098834640035e-08,1.8997240716967847e-08,1.8642829242826117e-08,2.1576097240110708e-08,2.024604170184635e-08,2.3121770181953675e-08,2.0110265612367384e-08,2.4082479789675056e-08,2.1957290025626144e-08,3.7534230687719216e-07,3.731101522532788e-07,3.8392178629382104e-07,3.757310943613658e-07,3.858358917050239e-07,3.818315756009677e-07,3.6713378799885694e-07,5.89942781247241e-07,6.042452189482543e-07,5.892943454311017e-07,6.036568245712672e-07,5.982252279091006e-07,6.188548071899809e-07,5.880597858186704e-07,9.401856459589115e-07,9.53241744088477e-07,9.358104191640066e-07,9.515824380252208e-07,9.417188970666302e-07,9.663829612713676e-07,9.264892520427786e-07,9.446734764819665e-07,1.16873048913187e-06,1.1563581543935293e-06,1.13594250689736e-06,1.1534289022177602e-06,1.1118406475530656e-06,1.1230833319133818e-06,2.5058735188354475e-06,2.463576722357205e-06,2.489649165833216e-06,2.432062952326297e-06,2.4635430265154583e-06,3.3085926508352043e-06,3.3121293234631315e-06,3.2236365098784025e-06,3.239218862713199e-06,2.9608664955071114e-06,2.9079226026494606e-06,2.934375654214125e-06,4.141278073352023e-06,LC_V24_H3p5_T8,4.141278073352023e-06
34,"(34, 0)",70,2,single,,K,3.0052652323532634e-07,1.5127448730772445e-07,1.5130647031687204e-07,1.5140112452619415e-07,1.5129839423147077e-07,1.519189022175585e-07,2.433661945388654e-07,2.422813740031578e-07,2.5093790491647103e-07,2.4407996491896577e-07,2.4265594706875853e-07,2.484976984660688e-07,2.453199779069923e-07,2.1842104617077447e-07,2.1734860752134446e-07,2.245530605214168e-07,2.2063467549932082e-07,2.168396709773571e-07,2.217017433140882e-07,2.1862849046377399e-07,2.931781959116446e-07,2.923755449189257e-07,2.9827546638526114e-07,2.952088074185021e-07,3.005412568284375e-07,2.942005717837281e-07,3.014030598234562e-07,2.9705690819162897e-07,6.670793210888649e-07,6.65279622926177e-07,6.73283331124041e-07,6.678064259045825e-07,6.738684331090388e-07,6.718353909661463e-07,6.644450413419653e-07,1.2768265928882006e-06,1.2802000197532037e-06,1.2748783750166417e-06,1.2791186800334446e-06,1.2755973467589896e-06,1.2827055492544541e-06,1.2695345897123633e-06,1.7421969272163851e-06,1.7467234701435134e-06,1.7431656774183229e-06,1.7498374554462023e-06,1.7491842246399703e-06,1.7593881501475513e-06,1.7462892354451937e-06,1.754939081791242e-06,1.7592252147429817e-06,1.7514024880698745e-06,1.7411835522343886e-06,1.7398876694840047e-06,1.726270398978457e-06,1.7263958443699703e-06,2.56990139195658e-06,2.554001583755333e-06,2.553397050345333e-06,2.5369392402759513e-06,2.539044677531122e-06,3.1738063689513512e-06,3.164731515757666e-06,3.13576168827102e-06,3.1302033675361157e-06,2.9993814940659987e-06,2.9741472457752844e-06,2.9743043711661954e-06,4.006125055504948e-06,LC_V24_H3p5_T8,4.006125055504948e-06
34,"(34, 0)",70,2,single,,Y,4.482904386190027e-07,1.317082792014887e-07,1.3144304926532853e-07,1.3147803191234958e-07,1.3111066757522942e-07,1.3162234894244015e-07,2.9150801730062274e-07,2.902324147794483e-07,2.979702729906525e-07,2.909928528130884e-07,2.894760251799631e-07,2.9421114481235235e-07,2.9108206953853854e-07,4.140557901952529e-07,4.1253027917954193e-07,4.184163666483856e-07,4.1369678216131306e-07,4.0873481805560675e-07,4.117500221282038e-07,4.079446571529831e-07,7.53882010848526e-07,7.533027768264459e-07,7.559287319166468e-07,7.526270573653474e-07,7.553467550450928e-07,7.488062855200436e-07,7.53222709189075e-07,7.48949539147958e-07,2.171277085423713e-06,2.168184510181417e-06,2.162912851764219e-06,2.1543036117093417e-06,2.144710850615013e-06,2.1237746580069098e-06,2.1134947418498604e-06,3.102303115709399e-06,3.0897905109103187e-06,3.0811288943356834e-06,3.068698146041287e-06,3.0435908383739955e-06,3.034863968418411e-06,3.0155738643907033e-06,4.041880353086455e-06,4.0295418735558525e-06,4.021210400281311e-06,4.010317450505996e-06,3.986350918094365e-06,3.979386818210674e-06,3.958967388232526e-06,3.949860259848598e-06,4.719015233175336e-06,4.663783962566247e-06,4.60877107201544e-06,4.5746430517469134e-06,4.5477416216492726e-06,4.514815831565866e-06,7.52884259996176e-06,7.435175494012977e-06,7.384651781886375e-06,7.300331836471225e-06,7.2564225901689844e-06,9.558487699327994e-06,9.468155384938643e-06,9.334600109666123e-06,9.257704687175366e-06,9.245426957180913e-06,9.130059460299119e-06,9.062144038625236e-06,1.2045373863630454e-05,LC_V24_H3p5_T8,1.2045373863630454e-05
34,"(34, 1)",84,2,single,,K,3.443921132622828e-07,2.6221895347603582e-08,2.5727001954321518e-08,2.9649430124982852e-08,2.8123141094138876e-08,3.417264699991888e-08,4.862122687508723e-08,4.777178243251055e-08,5.946519645541677e-08,5.3091567557498717e-08,5.096337146862922e-08,6.406652017704546e-08,5.896556499745537e-08,1.0417725493153122e-07,1.0285688861201056e-07,1.1804738800398807e-07,1.1299442240512067e-07,1.0578532979656697e-07,1.2297600482978152e-07,1.157497289531526e-07,1.521955135561665e-07,1.516309762420025e-07,1.55740343323765e-07,1.5391875337973868e-07,1.5879881461234998e-07,1.5386299378923002e-07,1.6460601495318172e-07,1.5779754686010496e-07,8.930638755766753e-07,8.914917578013315e-07,8.909164108922038e-07,8.864402409616399e-07,8.848211064560134e-07,8.766056712781847e-07,8.69132780086027e-07,1.2715134935988787e-06,1.2709019268590131e-06,1.2627348878971517e-06,1.2610736404846993e-06,1.249760503466472e-06,1.2574941757113495e-06,1.237589751015077e-06,1.8009471848485193e-06,1.7987344859537787e-06,1.7893897683834253e-06,1.7865064003196534e-06,1.771062558857216e-06,1.7698943811769355e-06,1.7534749517499502e-06,1.749558682685185e-06,2.1066658483631445e-06,2.0821691015465893e-06,2.0563359705650632e-06,2.050800606111574e-06,2.033570362587444e-06,2.0221806777036603e-06,3.2637533449532718e-06,3.22511525262025e-06,3.2141130713022065e-06,3.1737959685569587e-06,3.163766171004923e-06,4.053946147014891e-06,4.043988343744122e-06,3.985836161935734e-06,3.975039964038192e-06,3.701274804438523e-06,3.6577179768940968e-06,3.6528896314443022e-06,4.865704172122409e-06,LC_V24_H3p5_T8,4.865704172122409e-06
34,"(34, 1)",84,2,single,,Y,5.675239652587366e-07,7.852201369597506e-08,7.716891740493359e-08,8.478156053666465e-08,8.13128600697135e-08,9.312322580203312e-08,2.0959083251612638e-07,2.0686641985951888e-07,2.3659712576649342e-07,2.1852306355487005e-07,2.128415623379144e-07,2.431744206000562e-07,2.3042792808057815e-07,5.632396642679751e-07,5.591207162242445e-07,5.957423998114977e-07,5.807393198528956e-07,5.600649510528136e-07,5.998151504367961e-07,5.799346018796874e-07,8.137162793001911e-07,8.118963328713876e-07,8.16770235089692e-07,8.113987697769265e-07,8.155222467993702e-07,8.037362121660407e-07,8.238860267693959e-07,8.047571309742987e-07,5.700543920608742e-06,5.691969147835128e-06,5.646352202746667e-06,5.62493286295888e-06,5.563267140009383e-06,5.468616461715615e-06,5.442887945855955e-06,7.5260638718064835e-06,7.4714121723115225e-06,7.435871051465703e-06,7.365722299206571e-06,7.256775964679693e-06,7.193908241232487e-06,7.139539487446725e-06,9.63589412470002e-06,9.554024615130972e-06,9.520450976072413e-06,9.426843440675107e-06,9.289400105324123e-06,9.19474685208142e-06,9.148365889336283e-06,9.0471096051009e-06,1.0936152497855874e-05,1.0760445723113624e-05,1.0578643152144488e-05,1.0474382282091726e-05,1.0409968033969676e-05,1.0285705124735646e-05,1.7393436433498645e-05,1.7106013480815102e-05,1.6928664687636225e-05,1.6637973674236446e-05,1.6453296063525444e-05,2.0400240598523585e-05,2.0196038974151588e-05,1.9809899570819497e-05,1.960607394251439e-05,1.8326363783212443e-05,1.8035774524051187e-05,1.7852362435707404e-05,2.191014220132032e-05,LC_V24_H3p5_T8,2.191014220132032e-05
34,"(34, 0)",87,1,single,,K,2.872149779475702e-07,1.1586775317248281e-07,1.1578287264521706e-07,1.1569538334361712e-07,1.1557370957603638e-07,1.1587296196009186e-07,2.0355656786788443e-07,2.0240673581312022e-07,2.1048442139235057e-07,2.0361507735056947e-07,2.0240286320930702e-07,2.07000582615844e-07,2.0427684350701305e-07,1.9153778526756116e-07,1.9030115377629228e-07,1.97723457579284e-07,1.932528712162841e-07,1.896047774674219e-07,1.9365920131893373e-07,1.908507889110882e-07,2.520579794226102e-07,2.511637157586495e-07,2.572368607861314e-07,2.536545248171342e-07,2.58212717756016e-07,2.52207483854447e-07,2.57930546457412e-07,2.542550832243943e-07,5.550628267822768e-07,5.530623593837886e-07,5.607462649002095e-07,5.546734042358944e-07,5.590287300038973e-07,5.553370655796005e-07,5.493222077474363e-07,1.081878775046251e-06,1.085799932060038e-06,1.0798049992501348e-06,1.0825716772867334e-06,1.0770439051917936e-06,1.0802760059181633e-06,1.0706915113751939e-06,1.5236303196696046e-06,1.5271454266035057e-06,1.5213803858323918e-06,1.524273396718612e-06,1.5186284392870712e-06,1.5225075000654106e-06,1.5118393429370288e-06,1.5138540080257854e-06,1.542436180561794e-06,1.532143647585762e-06,1.5194803428486426e-06,1.5194098505424005e-06,1.5069663921693342e-06,1.504477207183922e-06,2.2450254741936258e-06,2.226748802416328e-06,2.223380380644968e-06,2.2030742808358475e-06,2.2002079324141806e-06,2.816858392401472e-06,2.803429810075353e-06,2.775012434664733e-06,2.7640713559546183e-06,2.755003245348456e-06,2.7272059194465214e-06,2.7187477285851357e-06,3.7611652385852942e-06,LC_V24_H3p5_T8,3.7611652385852942e-06
34,"(34, 0)",87,1,single,,Y,5.503906703712745e-07,1.4930642111652015e-07,1.4902216574099306e-07,1.487439050517004e-07,1.483827625972108e-07,1.4864931262855138e-07,3.341920556174391e-07,3.3239305281111746e-07,3.430901619869092e-07,3.3331932365706156e-07,3.315011170211535e-07,3.370941920452908e-07,3.333204952496872e-07,4.36894148415548e-07,4.346615729107071e-07,4.446625078194191e-07,4.373828245377025e-07,4.309952609950922e-07,4.354789388389664e-07,4.3074573738020525e-07,7.082268699850372e-07,7.067927371144694e-07,7.151484170049174e-07,7.091889397596641e-07,7.152231479018398e-07,7.050218295864043e-07,7.129693452573327e-07,7.068034614629677e-07,1.8549829561323214e-06,1.8510052934614567e-06,1.8542079169380243e-06,1.8427488290534268e-06,1.8394450957870684e-06,1.8213382159136236e-06,1.8100122197690051e-06,2.921733442440043e-06,2.9150594489138585e-06,2.9044817676805613e-06,2.8961000046643272e-06,2.8726599846941534e-06,2.865878781610483e-06,2.8481722365694545e-06,3.943054066862322e-06,3.936198882915923e-06,3.924677680729687e-06,3.9152922213760115e-06,3.889059144843298e-06,3.881135682563807e-06,3.86071412971591e-06,3.849477014666708e-06,4.480411433504658e-06,4.429426228277585e-06,4.375354641194028e-06,4.351913385045551e-06,4.322010399816659e-06,4.295613287690227e-06,6.912011990774941e-06,6.828114200365205e-06,6.783776798987468e-06,6.705851730185652e-06,6.664839401950016e-06,8.815912932416436e-06,8.733363521438023e-06,8.618078126447666e-06,8.550393817981663e-06,8.73002470214503e-06,8.6224945068672e-06,8.558456329225263e-06,1.1620166886027594e-05,LC_V24_H3p5_T8,1.1620166886027594e-05
34,"(34, 1)",97,1,single,,K,2.7541425162557827e-07,3.4295831912763293e-08,3.3935904429588465e-08,3.487493874079828e-08,3.429425159348893e-08,3.5817283499323973e-08,7.395885542394785e-08,7.328503455619296e-08,7.911561946151912e-08,7.488670765413698e-08,7.392794053551472e-08,7.860162921053123e-08,7.637464749233906e-08,1.464936356379519e-07,1.4560327398257857e-07,1.5174212515806118e-07,1.4833214295035947e-07,1.450709411959106e-07,1.496979020089246e-07,1.468861645349377e-07,1.8905817992071702e-07,1.880579522978747e-07,1.967057122420401e-07,1.9261930363657046e-07,2.0101731370281146e-07,1.9219430116364765e-07,2.037299010415931e-07,1.975678521362623e-07,1.033901956581786e-06,1.0313111606654772e-06,1.036152174630352e-06,1.027350933255038e-06,1.0298381652458978e-06,1.0198660988944643e-06,1.0077200711606677e-06,1.504634671218161e-06,1.5085233078669435e-06,1.4955885905367756e-06,1.4980383476978446e-06,1.4840657223172806e-06,1.4895008378911086e-06,1.4666822466246727e-06,2.1186411164716944e-06,2.1251012978096218e-06,2.1092511611675745e-06,2.113819532857268e-06,2.0963838428443402e-06,2.103378976136345e-06,2.07540962109931e-06,2.077712818063285e-06,2.473238982341251e-06,2.4519607671690607e-06,2.4262092617733074e-06,2.4344080349494816e-06,2.402595801732566e-06,2.397909203418553e-06,3.79390598405438e-06,3.7502829986697043e-06,3.7472899626275073e-06,3.6963409611772017e-06,3.6935430257295274e-06,4.735875445433074e-06,4.7319717065523885e-06,4.666261810159628e-06,4.6611166388729095e-06,4.351076870646454e-06,4.299900135568925e-06,4.298135908396035e-06,5.84426330470917e-06,LC_V24_H3p5_T8,5.84426330470917e-06
34,"(34, 1)",97,1,single,,Y,5.037808707094022e-07,9.395813313107022e-08,9.326750722423221e-08,9.373380270951619e-08,9.284930000802998e-08,9.411776618812751e-08,2.504341477738852e-07,2.487682348154872e-07,2.594798938976797e-07,2.502692924427783e-07,2.484044706418946e-07,2.5518994351377186e-07,2.5120566431877045e-07,5.961453492540138e-07,5.942616417091355e-07,6.002408492663192e-07,5.930656917443919e-07,5.867661263985901e-07,5.886271591351101e-07,5.834655004628221e-07,8.067122885719102e-07,8.042962559688665e-07,8.183294735634794e-07,8.095875693509825e-07,8.206670370726633e-07,8.035621912850561e-07,8.192090210955551e-07,8.081496811527015e-07,5.153386287923337e-06,5.144281702053737e-06,5.1205592589765095e-06,5.093637334067457e-06,5.054514219744324e-06,4.97658006536862e-06,4.945095037512856e-06,7.020672138302072e-06,6.9874429425631045e-06,6.944877888842698e-06,6.897140533746567e-06,6.801055075647708e-06,6.75485993520127e-06,6.6972351456635655e-06,9.202711540310761e-06,9.15286914117191e-06,9.111034786309188e-06,9.049748527697447e-06,8.932563392015468e-06,8.871990648076912e-06,8.809889906892839e-06,8.739763125682841e-06,1.0497188329196833e-05,1.03532969257154e-05,1.0198944216722677e-05,1.0140274760651942e-05,1.0060539118017173e-05,9.966591142160424e-06,1.6523401745462697e-05,1.6275276233988485e-05,1.61376226569327e-05,1.588128831044035e-05,1.574280843158005e-05,1.976891494589237e-05,1.9605220979168933e-05,1.9274153599160225e-05,1.911323165166267e-05,1.7981592769895736e-05,1.772021805513363e-05,1.758956870912617e-05,2.2448628303681502e-05,LC_V24_H3p5_T8,2.2448628303681502e-05
35,"(35, 0)",86,2,single,,TY,1.0876859235134226e-09,2.1462786840101145e-10,2.155865475653782e-10,2.134430770089685e-10,2.1416905110571383e-10,2.1261649974124176e-10,4.582411114626851e-10,4.547977358414076e-10,4.775764027068014e-10,4.561970506896364e-10,4.5273053657323647e-10,4.6416653526407015e-10,4.5603328397146913e-10,1.1339820228885014e-09,1.1281023926629826e-09,1.1359954267155984e-09,1.121563631912736e-09,1.1052500518048728e-09,1.1032856656313121e-09,1.0918149339236692e-09,4.73726866316177e-09,4.732794233033009e-09,4.7356899418858435e-09,4.718339786802539e-09,4.712577513782013e-09,4.684309714619489e-09,4.684548762070741e-09,4.6690529446478195e-09,2.791839889655785e-08,2.7881396608544432e-08,2.762276682373641e-08,2.753625478271775e-08,2.722163235367184e-08,2.6820079852085588e-08,2.6758951658690843e-08,4.48354355496551e-08,4.439346482239006e-08,4.4243119105206094e-08,4.3776874526371236e-08,4.3124372526606527e-08,4.2684772880334426e-08,4.246899482402735e-08,7.559735991392808e-08,7.51067872888416e-08,7.481837055492811e-08,7.42614563944566e-08,7.33431689488388e-08,7.27462458592377e-08,7.242821350103944e-08,7.181544848606285e-08,1.1224093924368853e-07,1.0995461637883388e-07,1.0784542860110201e-07,1.0606554775293884e-07,1.0531465094652147e-07,1.0391369858303762e-07,2.5550609590226247e-07,2.505365354367572e-07,2.4754159900823547e-07,2.43080997849791e-07,2.4039684154538195e-07,3.9906688115770504e-07,3.938658802384939e-07,3.8560222253387314e-07,3.8050910106506174e-07,3.857484199188692e-07,3.780269034068578e-07,3.7260693040602665e-07,5.83637450831751e-07,LC_V24_H3p5_T8,5.83637450831751e-07
35,"(35, 1)",100,2,single,,TY,9.703299098594046e-10,3.0567902378299985e-10,3.0431102664996023e-10,3.0164949608136496e-10,3.0015970435101033e-10,2.9908580737524316e-10,1.4912039981548994e-09,1.479794169217943e-09,1.5334524182085424e-09,1.4773510814289278e-09,1.4670690814427757e-09,1.4901809941796433e-09,1.470225136322529e-09,5.210490639047321e-09,5.196671258407174e-09,5.1771029618823705e-09,5.121257132665492e-09,5.073164803024087e-09,5.019295350292097e-09,4.97918996809435e-09,1.0618542402385454e-08,1.0587969370923986e-08,1.0662640483229435e-08,1.0573936200965937e-08,1.0590156823031064e-08,1.0422035940415456e-08,1.047914124938563e-08,1.0376101435061821e-08,1.953698950526352e-07,1.9490237866966446e-07,1.9284474664786065e-07,1.9163881316696517e-07,1.8862208139375757e-07,1.836315747522628e-07,1.821550892433935e-07,3.035022112091361e-07,3.0000320069271445e-07,2.9769599805007485e-07,2.9326609243917916e-07,2.864983057264257e-07,2.821006085048673e-07,2.7926604136187913e-07,4.872973238087553e-07,4.808370221398255e-07,4.78281092545912e-07,4.709231901947943e-07,4.606115206959762e-07,4.532891340857985e-07,4.500551254702919e-07,4.4236447204221895e-07,5.746807543656593e-07,5.604709483851207e-07,5.459682767629866e-07,5.392355721806444e-07,5.343445219287677e-07,5.246476616428711e-07,1.2224505981930025e-06,1.1917996919981506e-06,1.1708082678070868e-06,1.1412364449940906e-06,1.1202831058482018e-06,1.5881209414492025e-06,1.5629896400938619e-06,1.5187998932194325e-06,1.4945888277994315e-06,1.4024906796654353e-06,1.372438583393794e-06,1.350588203711129e-06,1.8140419565180782e-06,LC_V24_H3p5_T8,1.8140419565180782e-06
37,"(37,)",37,2,single,B_as_chord,X,3.5562616800180717e-09,6.271019638570148e-11,6.208840292329591e-11,6.450228731781483e-11,6.312429970661935e-11,6.767385319821563e-11,3.276469279026535e-10,3.243075263485176e-10,3.4883055017910807e-10,3.3165248845074e-10,3.2557466736405856e-10,3.510864374554609e-10,3.394237430895615e-10,1.4307636490009648e-09,1.419778539772013e-09,1.455644638891649e-09,1.4287241894479122e-09,1.3855451308016086e-09,1.4284906492617834e-09,1.3912545034721069e-09,3.73290529440761e-09,3.7244546355025585e-09,3.759218247910668e-09,3.726357512789632e-09,3.782084583544753e-09,3.700282192056335e-09,3.818551391616119e-09,3.752467884684492e-09,3.960495779339114e-08,3.9487462372862795e-08,3.9097510620281195e-08,3.88075458945664e-08,3.834625616208952e-08,3.752150250329603e-08,3.705649390280336e-08,5.3156874467093503e-08,5.250249767603368e-08,5.224058614671755e-08,5.17009036578401e-08,5.092758977956125e-08,5.07924573711969e-08,5.011177939805521e-08,7.359583692335446e-08,7.281599411131495e-08,7.245467733581646e-08,7.188696915082914e-08,7.080271824609952e-08,7.067445997462084e-08,6.950944824042713e-08,6.939638638900992e-08,1.1306307958101422e-07,1.0974733571270998e-07,1.0652139196827856e-07,1.0526562260563081e-07,1.0331135041873138e-07,1.0208161288065814e-07,2.6553224707420344e-07,2.563971275772374e-07,2.519302667970355e-07,2.439923598376366e-07,2.4059871826068564e-07,4.1566740511976863e-07,4.069483276592603e-07,3.9168130033154423e-07,3.847566691720793e-07,3.5848332547415804e-07,3.48028004238907e-07,3.4160246000372193e-07,5.694241654463967e-07,LC_V24_H3p5_T8,5.694241654463967e-07
37,"(37,)",39,2,single,A_as_chord,X,3.0309832024429113e-09,4.824880785427585e-11,4.8217376044151754e-11,4.9037899200709387e-11,4.8448086397513914e-11,5.082173760394286e-11,3.0059946853092645e-10,2.9885654764171803e-10,3.119249789886399e-10,3.0205073541017283e-10,2.9918479692531463e-10,3.138604390142039e-10,3.078211642849457e-10,1.5377999615077483e-09,1.5319186257712913e-09,1.5346712005977362e-09,1.519008271271605e-09,1.4897252146008362e-09,1.5063052295049028e-09,1.4797629431800627e-09,4.13476807244322e-09,4.124219627705117e-09,4.16647239848329e-09,4.142757053382026e-09,4.201114941536046e-09,4.142259648375166e-09,4.253237660163602e-09,4.209199796635421e-09,4.131655783029416e-08,4.118257167638022e-08,4.091375344850055e-08,4.0635109780932526e-08,4.026418542481622e-08,3.9532744118807546e-08,3.91490828633147e-08,6.249479458835929e-08,6.178262633558736e-08,6.146004722792146e-08,6.080895807909519e-08,5.984438432930022e-08,5.960300823894866e-08,5.888524538734676e-08,9.729684164711388e-08,9.666693594809818e-08,9.61237499086053e-08,9.550333783221517e-08,9.408301355550225e-08,9.38054670750912e-08,9.242255701675376e-08,9.209333830029584e-08,1.5683203388772957e-07,1.5147184679245035e-07,1.4638992762478882e-07,1.433657686714609e-07,1.4114241987406356e-07,1.3850751796962133e-07,3.403877115457607e-07,3.3007233776150517e-07,3.2413842003364963e-07,3.1499928593806903e-07,3.1033075644912296e-07,5.334700888451341e-07,5.217633231350674e-07,5.059887945079937e-07,4.964122636746489e-07,5.033093182583178e-07,4.888695987946639e-07,4.785413482765479e-07,7.481741893554068e-07,LC_V24_H3p5_T8,7.481741893554068e-07
38,"(38,)",41,2,single,B_as_chord,X,3.1959294119979516e-09,7.855866211920437e-11,7.838978278177977e-11,7.953372674281308e-11,7.862127646593122e-11,8.16523470435325e-11,3.175904345865724e-10,3.1531142208076496e-10,3.290380336391363e-10,3.1779159223962273e-10,3.141410032719657e-10,3.306651288640783e-10,3.233594182058822e-10,1.4823504047714519e-09,1.4760254041994164e-09,1.481872301592436e-09,1.465030718988161e-09,1.435721042772013e-09,1.4499336011746696e-09,1.4238432335592747e-09,3.889731276203287e-09,3.879710261122447e-09,3.904528117314988e-09,3.873271468710551e-09,3.9121996352664025e-09,3.845924269095541e-09,3.926073715699496e-09,3.879048499431824e-09,3.7443791050649715e-08,3.736079136735194e-08,3.699637757507408e-08,3.680483415992922e-08,3.645677820991855e-08,3.5879770382272104e-08,3.551033836042168e-08,6.204223692634414e-08,6.14050737868192e-08,6.101716112900083e-08,6.042772253583306e-08,5.940603338683573e-08,5.914582879924894e-08,5.83788618020726e-08,9.504417664116448e-08,9.380248293455227e-08,9.3257667546204e-08,9.208324002119887e-08,9.024361446851628e-08,8.948865145095831e-08,8.830864844192154e-08,8.757651411976084e-08,1.5963719778860616e-07,1.5464431256421647e-07,1.5005038631702023e-07,1.4710418754908358e-07,1.453004782663247e-07,1.4250138738688176e-07,3.4155408646117554e-07,3.3133139658177423e-07,3.255848111499704e-07,3.151829332166171e-07,3.10491483381072e-07,5.356774594763726e-07,5.223392474145663e-07,5.04968977274345e-07,4.93739403199979e-07,5.625449755885157e-07,5.484133395253558e-07,5.379465831440645e-07,8.887207228278027e-07,LC_V24_H3p5_T8,8.887207228278027e-07
38,"(38,)",43,2,single,A_as_chord,X,3.855090962804721e-09,6.017589261227582e-11,5.898285474532912e-11,6.201798506888693e-11,6.038719284323924e-11,6.572807052548296e-11,2.4953895710104356e-10,2.4769459514489185e-10,2.606061778752253e-10,2.503926205835239e-10,2.4663762142509745e-10,2.62614771232957e-10,2.547573611425283e-10,1.4948881567411432e-09,1.4880526294805113e-09,1.5048398185852984e-09,1.486834651058445e-09,1.454058479817654e-09,1.4832983841989318e-09,1.452286065431506e-09,3.5674674730068817e-09,3.563758152214405e-09,3.619107721307435e-09,3.6056829805546092e-09,3.6934292729344915e-09,3.6317905317138947e-09,3.774575169907773e-09,3.720620599684557e-09,4.5911712969310394e-08,4.5737010455849585e-08,4.544066148061907e-08,4.5041383978008665e-08,4.4602753928352335e-08,4.378701759152546e-08,4.328948978821656e-08,6.3495394538355e-08,6.277157934385985e-08,6.241210799996651e-08,6.18134938838884e-08,6.077688234473154e-08,6.0485358727831e-08,5.9568485244191804e-08,8.989735402884145e-08,8.907228302189862e-08,8.851216443648382e-08,8.76707930426683e-08,8.627168207649681e-08,8.591963094182735e-08,8.473133366120704e-08,8.437263593990849e-08,1.3257556500069353e-07,1.2818157010614197e-07,1.2410375476803195e-07,1.2222389955457357e-07,1.203890830960381e-07,1.1869494374851846e-07,3.150871474246924e-07,3.0455844393251116e-07,2.9937441579305057e-07,2.896344760112505e-07,2.8564727495331354e-07,4.77788882368902e-07,4.6782092443544665e-07,4.508372104290727e-07,4.4310745813238685e-07,4.3107113144907356e-07,4.1863481656418687e-07,4.1155158026568646e-07,6.977641580666257e-07,LC_V24_H3p5_T8,6.977641580666257e-07
39,"(39,)",45,2,single,B_as_chord,X,6.478539290561785e-08,2.94384889496335e-10,3.003600175548714e-10,6.27303188728745e-10,6.431732615167684e-10,1.602780621817443e-09,1.2406009410112757e-09,1.2526644587352203e-09,1.929207221008298e-09,2.0381466261504786e-09,2.05698761895176e-09,3.94070837191256e-09,4.015740430396483e-09,7.981888745828551e-09,8.066676746009756e-09,9.646477893340424e-09,9.919888629561605e-09,1.0173920529170781e-08,1.4368626237641806e-08,1.4560356969897636e-08,1.1907221494178837e-08,1.2011769721508658e-08,1.4507774503074519e-08,1.483457141424597e-08,2.0202263856445074e-08,2.1364968293828913e-08,3.1192802098935007e-08,3.219550457313899e-08,4.92355001567458e-07,4.916004481430249e-07,5.069414367356162e-07,5.048709019837704e-07,5.341832484883274e-07,5.77989582865468e-07,5.724901388302749e-07,6.634717425897852e-07,6.785669045267459e-07,6.732666925382227e-07,7.090520589648419e-07,7.641000454414502e-07,8.531043537455557e-07,8.458767905628667e-07,9.271726815282773e-07,9.408125601345646e-07,9.38587846525428e-07,9.754397441024778e-07,1.0391611121020902e-06,1.1378449367308851e-06,1.1355277958981915e-06,1.2759410493476527e-06,1.0761207625537324e-06,1.1037843588193247e-06,1.1626188547277926e-06,1.2661631049378857e-06,1.2533503590530014e-06,1.4027856372460851e-06,2.544883178292829e-06,2.6326956971295395e-06,2.7899877880243345e-06,2.9844615810343796e-06,3.274312151738043e-06,3.1901649931189924e-06,3.354765921375123e-06,3.5677052721398627e-06,3.884197178954333e-06,2.6433122013284005e-06,2.8204626699427484e-06,3.1040886078402058e-06,3.928042083430858e-06,LC_V24_H3p5_T8,3.928042083430858e-06
39,"(39,)",47,2,single,A_as_chord,X,6.211527586321361e-08,2.78168064382328e-10,2.8543479588406187e-10,5.868112663434714e-10,6.077177985132858e-10,1.5282262576931305e-09,1.3609346483364426e-09,1.3762787576742268e-09,2.088595656781073e-09,2.2151647834642827e-09,2.2499184516250256e-09,4.229042207731802e-09,4.3198857670588704e-09,8.137588292347273e-09,8.219571001428292e-09,9.87952544428403e-09,1.0145356277825723e-08,1.0382779355465397e-08,1.4739688785187503e-08,1.4959990226197577e-08,1.3072450756041489e-08,1.3189718679605328e-08,1.5767592388250235e-08,1.6122793043164225e-08,2.180304801241183e-08,2.3219211677471737e-08,3.360386003111995e-08,3.4672875987875043e-08,4.706806522421423e-07,4.6967057641245906e-07,4.86286225992505e-07,4.837766404247519e-07,5.140183588197607e-07,5.597055528825146e-07,5.549667452897427e-07,6.674140587200629e-07,6.836324441609177e-07,6.790168672119799e-07,7.155000046515409e-07,7.724387276646756e-07,8.660699817366979e-07,8.588779957647986e-07,1.0046125433094048e-06,1.0222232848992679e-06,1.018620070699384e-06,1.0610136904778498e-06,1.1304316079712037e-06,1.2363717198948542e-06,1.2307623748355235e-06,1.3794797680126415e-06,1.193726747458109e-06,1.2220615666481026e-06,1.2842879496766878e-06,1.3983497153359896e-06,1.3809450991764325e-06,1.5379382887922031e-06,2.6694110572965822e-06,2.769889680883205e-06,2.9358334650757265e-06,3.162233528582244e-06,3.4743549899865785e-06,3.352195779727397e-06,3.5357535278208437e-06,3.7665287257163533e-06,4.0947872898436415e-06,2.9900439769608717e-06,3.1813119773591086e-06,3.4875426156649257e-06,4.3943022399582685e-06,LC_V24_H3p5_T8,4.3943022399582685e-06
40,"(40,)",49,2,single,B_as_chord,X,6.11366670159644e-08,3.28635528043297e-10,3.3487773761866127e-10,6.597931328916105e-10,6.732381346849907e-10,1.6480411215291702e-09,1.4759128146905362e-09,1.4777550591961378e-09,2.222084558146473e-09,2.3311103279009587e-09,2.367847837368067e-09,4.295821090255337e-09,4.418668062872973e-09,7.592670761944823e-09,7.620131204721498e-09,9.489521012481863e-09,9.702955142553109e-09,9.743771370503043e-09,1.4343221538035799e-08,1.4362260585821825e-08,1.1379966093606551e-08,1.133704699398904e-08,1.3813103422158419e-08,1.3936969779241323e-08,1.918623215626048e-08,1.9353096745780487e-08,2.9026870566120923e-08,2.910981713335812e-08,3.5209555482918046e-07,3.51683384844344e-07,3.609704239312083e-07,3.6077245584936687e-07,3.83203695763827e-07,4.2214993944559565e-07,4.1760021579609865e-07,5.303716485641036e-07,5.468258698713222e-07,5.43244111696381e-07,5.766297834978626e-07,6.291229648455568e-07,7.113691142177518e-07,7.079074678042351e-07,7.824145107406601e-07,7.978131308641789e-07,7.933358358267339e-07,8.295969229199821e-07,8.827786914497535e-07,9.744838950767228e-07,9.681757446477653e-07,1.1002943913217164e-06,9.979592738511916e-07,1.0301051562866266e-06,1.0910479344530233e-06,1.1986219159324615e-06,1.1917182189242465e-06,1.3386869912327512e-06,2.1622545144398032e-06,2.236777048632171e-06,2.3860433929914406e-06,2.5667997940969226e-06,2.845972847705266e-06,2.8319315754688533e-06,2.9947094602224765e-06,3.1975662068207086e-06,3.5164175242271988e-06,2.5986049364440025e-06,2.8136377814036038e-06,3.0953462070788874e-06,4.12608948688175e-06,LC_V24_H3p5_T8,4.12608948688175e-06
40,"(40,)",51,2,single,A_as_chord,X,6.417664311159046e-08,3.2476397966711783e-10,3.3091099668637687e-10,6.671056775933589e-10,6.821134445706409e-10,1.6769796232220024e-09,1.4353157210949838e-09,1.43503853140933e-09,2.1836710865602905e-09,2.260889771984784e-09,2.283596990304142e-09,4.19708536859342e-09,4.284244770688822e-09,7.606505073596644e-09,7.637762638474613e-09,9.543491859273631e-09,9.747491414908616e-09,9.760845202960626e-09,1.4360466073791282e-08,1.4351774751440146e-08,1.081532598881839e-08,1.0819275118753353e-08,1.326948380776163e-08,1.3451291452985313e-08,1.8647954810552374e-08,1.883395115655331e-08,2.8380427689464785e-08,2.84337789019421e-08,3.700591143978488e-07,3.6936451536250267e-07,3.7865661708067024e-07,3.7765985753136136e-07,4.0047144403372185e-07,4.3893952183602787e-07,4.3430162934400983e-07,5.256334410932491e-07,5.408125234021644e-07,5.369982610067959e-07,5.690637336078102e-07,6.19722393032401e-07,7.006016767723003e-07,6.971617597136304e-07,7.175102080866072e-07,7.334257872159356e-07,7.286333148947989e-07,7.643610834237111e-07,8.196454156197357e-07,9.106621011793266e-07,9.042743598738426e-07,1.035919633470774e-06,8.900090359945092e-07,9.267730323183994e-07,9.86331227416034e-07,1.089646719120717e-06,1.0709373138895006e-06,1.213220792476826e-06,2.0619306348495707e-06,2.1287307932328555e-06,2.2740261212450436e-06,2.4308248808728816e-06,2.6972222684824175e-06,2.6070657091295236e-06,2.7678093671342083e-06,2.9450678105093627e-06,3.252571647624814e-06,2.2570175488120326e-06,2.452775176295822e-06,2.7236960502855455e-06,3.5263178744002598e-06,LC_V24_H3p5_T8,3.5263178744002598e-06
41,"(41,)",53,2,single,B_as_chord,X,4.439275012857123e-09,3.0120006975617425e-10,2.995810859277304e-10,3.0021509645133056e-10,2.9773178309551363e-10,3.0265810990199096e-10,7.821503462746671e-10,7.731616969332248e-10,8.254258011006172e-10,7.777823490433081e-10,7.665320386565378e-10,8.003433178453042e-10,7.770761049957454e-10,1.760405176519798e-09,1.7416552149727085e-09,1.8189518104155846e-09,1.765861376724738e-09,1.702715605899079e-09,1.7566707151445904e-09,1.712090900480489e-09,4.130145258577713e-09,4.11926939907278e-09,4.1586983040960784e-09,4.110318044977518e-09,4.151731933935011e-09,4.0566054653645965e-09,4.182743856312367e-09,4.1290171743085095e-09,3.4181694423896014e-08,3.403899308350796e-08,3.391642243545143e-08,3.35670317284549e-08,3.334303241258459e-08,3.2726586034134104e-08,3.230393323047635e-08,6.137256552945615e-08,6.099073909492481e-08,6.060744546728463e-08,6.030404304726501e-08,5.974210885850838e-08,5.996902380270711e-08,5.921858543464701e-08,9.584989784258802e-08,9.548934108407244e-08,9.501501632064827e-08,9.531249805127924e-08,9.484071540387215e-08,9.577751021621936e-08,9.410813571591723e-08,9.505668183921716e-08,1.2928731027856698e-07,1.2567458916066943e-07,1.2201914095729346e-07,1.205754461991352e-07,1.184919739820047e-07,1.1699652794656709e-07,2.86741284845301e-07,2.791098771987324e-07,2.7584123400953425e-07,2.6846038407151957e-07,2.658928606209453e-07,4.186462723439196e-07,4.1209199798802637e-07,3.971603406586711e-07,3.9113231974582546e-07,3.5338045790637107e-07,3.4341376446343303e-07,3.3905095824298547e-07,5.56297523959287e-07,LC_V24_H3p5_T8,5.56297523959287e-07
41,"(41,)",55,2,single,A_as_chord,X,3.575371464034533e-09,2.5513703107706445e-10,2.567697463630795e-10,2.605298796122241e-10,2.607902139444316e-10,2.7074119456779455e-10,7.965933613369559e-10,7.90882957114399e-10,8.414737183303915e-10,8.034406572547289e-10,7.943794454491278e-10,8.347993471628642e-10,8.15911744408927e-10,2.0759481396093073e-09,2.0644105465899397e-09,2.09762686365863e-09,2.060007987784041e-09,2.0124003954982067e-09,2.0362014824334004e-09,1.995688587814343e-09,4.84098766896793e-09,4.829946478614547e-09,4.892082241710048e-09,4.851212137291763e-09,4.910311969032896e-09,4.816412223219462e-09,4.909347447756269e-09,4.845457188411645e-09,3.525798681582425e-08,3.512239678864412e-08,3.501445111227283e-08,3.4681776936832535e-08,3.444058645543119e-08,3.379371234070174e-08,3.341633384554983e-08,6.780435152329087e-08,6.722946844990059e-08,6.691301476446732e-08,6.639901307657863e-08,6.546249734732226e-08,6.519611568499329e-08,6.449142824938522e-08,1.1730156147717104e-07,1.1714649082909454e-07,1.1637500885444475e-07,1.1604105693531125e-07,1.1437154017423294e-07,1.1416750683335362e-07,1.1248362124262106e-07,1.1206274583481503e-07,1.6896566716469154e-07,1.6374203592349687e-07,1.5851668154617394e-07,1.5488703949650113e-07,1.5284159596270639e-07,1.4996727510302975e-07,3.5009452983406365e-07,3.405732354845951e-07,3.3479151512353847e-07,3.256147511356567e-07,3.2048030399484963e-07,5.211231171149212e-07,5.09850817000928e-07,4.947553198690732e-07,4.853094965179595e-07,4.814904026018353e-07,4.680972156191557e-07,4.594692292700804e-07,7.172389506691036e-07,LC_V24_H3p5_T8,7.172389506691036e-07
42,"(42,)",57,2,single,B_as_chord,X,3.726853808623152e-09,3.4467841165581995e-10,3.4612277389395896e-10,3.419724693496928e-10,3.426299138113181e-10,3.4027215141838967e-10,8.665062725763309e-10,8.614912480739591e-10,8.949510619686733e-10,8.627784484747619e-10,8.548804207254659e-10,8.789472648575481e-10,8.619239042967878e-10,1.982782118101808e-09,1.9687800210706174e-09,2.0168660710830925e-09,1.973332596945558e-09,1.9208822764947906e-09,1.9499065942706163e-09,1.906903952063173e-09,4.5143543118629044e-09,4.505626510198189e-09,4.542071109544917e-09,4.50217997891314e-09,4.540520873623568e-09,4.4574043902990786e-09,4.526815325370878e-09,4.467261173300723e-09,3.4944404575578404e-08,3.480234677189824e-08,3.506124963134956e-08,3.4710536876149086e-08,3.486336392656312e-08,3.4627864963344084e-08,3.41425612511506e-08,6.970828103125948e-08,6.941047618414248e-08,6.883564932411113e-08,6.845229750431856e-08,6.725553360656846e-08,6.697343967673887e-08,6.595366817705308e-08,1.1546505193930498e-07,1.1428213878638821e-07,1.1363994103731556e-07,1.1250640828598721e-07,1.1044021429860182e-07,1.095002471265746e-07,1.0823911836521219e-07,1.0716837600928372e-07,1.7573908674498324e-07,1.7111606238103205e-07,1.666147993767737e-07,1.6312760809474493e-07,1.613913976015412e-07,1.5836526392490328e-07,3.4368333824323414e-07,3.345605499672753e-07,3.288224312239081e-07,3.19726745339486e-07,3.151678005482583e-07,5.35944379765222e-07,5.236663850295462e-07,5.081499601093334e-07,4.976007403277738e-07,5.457885090777512e-07,5.317249989583472e-07,5.224298404263661e-07,8.82226003492691e-07,LC_V24_H3p5_T8,8.82226003492691e-07
42,"(42,)",59,2,single,A_as_chord,X,4.857751375698693e-09,2.770586009828346e-10,2.765083387791998e-10,2.8283029055421276e-10,2.8111365881731845e-10,2.968893103614658e-10,6.47242950250262e-10,6.446875062193583e-10,6.836602695875181e-10,6.609949588480291e-10,6.546519497399012e-10,7.018171660645181e-10,6.878401519116309e-10,1.7244958160259536e-09,1.7124243571033594e-09,1.7658866853733143e-09,1.7284715769756638e-09,1.6824522103733608e-09,1.7385789825335014e-09,1.6945688129675395e-09,3.5682367803245693e-09,3.560898777696566e-09,3.6306007762589913e-09,3.587113051905445e-09,3.6587458946493156e-09,3.5555277990862687e-09,3.6885806985697347e-09,3.608431158185102e-09,3.7365784419461657e-08,3.7186423959550434e-08,3.7118283402366924e-08,3.6672805967821196e-08,3.632465101113143e-08,3.5453613086511756e-08,3.500469755267828e-08,6.355392088175847e-08,6.308514091857485e-08,6.260822229033603e-08,6.206482119431881e-08,6.087383455579042e-08,6.042044726269417e-08,5.9459671288676586e-08,1.0862851568281649e-07,1.0803717690253984e-07,1.0736799346310698e-07,1.0659286803885724e-07,1.0481344279328811e-07,1.0406795287556883e-07,1.0282019728571412e-07,1.0188940037724176e-07,1.4365616042531014e-07,1.3946199761026386e-07,1.3546671643378151e-07,1.3348770185534275e-07,1.3206040997357335e-07,1.302890964530456e-07,3.00382328848368e-07,2.9038875749600475e-07,2.857234386950343e-07,2.7651445575572173e-07,2.724870993962928e-07,4.3770110480952044e-07,4.29280311699392e-07,4.1299070781300236e-07,4.053504696084314e-07,3.8975923143482064e-07,3.784830229676315e-07,3.719696095589273e-07,6.480372251685427e-07,LC_V24_H3p5_T8,6.480372251685427e-07
43,"(43,)",61,2,single,B_as_chord,X,5.3440084944727816e-08,5.241688285896595e-10,5.246679392938659e-10,8.72974035137443e-10,8.308688369771063e-10,1.616270200679162e-09,1.5518224392108536e-09,1.5475228872350683e-09,2.3424899333793568e-09,2.2513093464561924e-09,2.159847760637192e-09,3.937041384150799e-09,3.6534622613544095e-09,7.4117424161045665e-09,7.428574587039535e-09,9.176195074368487e-09,9.21530561329928e-09,8.89567164555978e-09,1.2680526282916024e-08,1.2085432445784277e-08,9.681298984372983e-09,9.75433204689062e-09,1.2038789147156142e-08,1.2132295792382294e-08,1.6768012468036805e-08,1.603097541651619e-08,2.446326455452901e-08,2.3420429993520908e-08,3.816516153009171e-07,3.803133683643787e-07,3.96137808108939e-07,3.924981740710603e-07,4.1889682429264437e-07,4.4798540456260027e-07,4.339734796295164e-07,5.409597960485328e-07,5.585445908852087e-07,5.520972371866214e-07,5.86790627346905e-07,6.270422839691215e-07,6.998520614195268e-07,6.715311062803892e-07,8.059844018375978e-07,8.230767802405952e-07,8.186285232815964e-07,8.555277556232944e-07,9.002025324909426e-07,9.809156586939218e-07,9.547833359139127e-07,1.055872087332713e-06,9.034292384862596e-07,9.306714448014849e-07,9.729915226140612e-07,1.0614218870807589e-06,1.0276212590253632e-06,1.1377735356438367e-06,2.1141636805782812e-06,2.169019668411949e-06,2.2987384940132774e-06,2.3939584575810344e-06,2.6054852757021716e-06,2.678310867530648e-06,2.825309634062951e-06,2.9246505026472204e-06,3.158011004390495e-06,2.2186328353401096e-06,2.2962971884972375e-06,2.5031686279159347e-06,3.217931521382824e-06,LC_V24_H3p5_T8,3.217931521382824e-06
43,"(43,)",63,2,single,A_as_chord,X,4.4798632484612204e-08,4.677902333304186e-10,4.741557739321741e-10,7.685082949666689e-10,7.41081678007076e-10,1.4307490696076943e-09,1.9668651063102788e-09,1.965488515176997e-09,2.8479829922475136e-09,2.7625979831990164e-09,2.6662902960970153e-09,4.607355046080357e-09,4.313645233191286e-09,8.102817770477563e-09,8.124738718887995e-09,9.949509276221355e-09,9.980137813220242e-09,9.589850686183242e-09,1.3458303405244467e-08,1.2845695814245209e-08,1.1861345213080227e-08,1.1920150954873715e-08,1.4458727992166962e-08,1.4574255704832031e-08,1.9624664107052412e-08,1.9173155543076887e-08,2.8067700419884453e-08,2.7006582895295787e-08,3.690807083682254e-07,3.6758173079368855e-07,3.8364995141466604e-07,3.795961192695624e-07,4.0608417426949713e-07,4.35022102096303e-07,4.212879389316123e-07,5.5125935930342e-07,5.696678267831559e-07,5.623894359461186e-07,5.971290903552121e-07,6.360595217989956e-07,7.114174262189894e-07,6.788418657573294e-07,8.85824432778489e-07,9.088231735724684e-07,9.039660186284509e-07,9.46703482983195e-07,9.95714044448293e-07,1.0822317395083246e-06,1.0498279915004553e-06,1.154042528529132e-06,1.0188324080951812e-06,1.0469191726984335e-06,1.090068709801923e-06,1.183563174045546e-06,1.1457455976125855e-06,1.2540985464170867e-06,2.251371961276214e-06,2.3190780560845013e-06,2.45243507526382e-06,2.562167964447887e-06,2.7788896337783913e-06,2.8778098081452693e-06,3.031850141747885e-06,3.150510966888233e-06,3.3907384450724328e-06,2.5916596097776093e-06,2.675966073238397e-06,2.895627622928477e-06,3.6852963253289433e-06,LC_V24_H3p5_T8,3.6852963253289433e-06
44,"(44,)",65,2,single,B_as_chord,X,4.671341529006575e-08,5.994162040666753e-10,6.047208823312158e-10,9.317560412723932e-10,8.93326838231395e-10,1.6518394676041963e-09,2.2134481462650176e-09,2.1968361791214304e-09,3.1850643726884904e-09,3.043235636996531e-09,2.938532905573804e-09,4.945902563208632e-09,4.649597721677797e-09,7.716601824024138e-09,7.684134466499901e-09,9.825891046360302e-09,9.736774385100296e-09,9.213561707087189e-09,1.3447779311232059e-08,1.2716916519789648e-08,1.0469170885217716e-08,1.0396901491514783e-08,1.2972408491096205e-08,1.282681784353204e-08,1.760655789781974e-08,1.615168629596719e-08,2.4838649952723663e-08,2.3127891300510454e-08,2.7377922273878594e-07,2.7282284023304424e-07,2.8327179099782684e-07,2.817579813354565e-07,3.027063829828522e-07,3.2847718853014644e-07,3.1646342292063353e-07,4.426036220029896e-07,4.605486176548958e-07,4.5481163056199245e-07,4.869785366182754e-07,5.250048234965366e-07,5.92613707121056e-07,5.688193087918601e-07,6.925205823007684e-07,7.127335461321338e-07,7.080798379765706e-07,7.468040908223131e-07,7.899005755084834e-07,8.726700445904856e-07,8.411209129499623e-07,9.414534324136006e-07,8.665242225248226e-07,8.934597086301604e-07,9.363272190849689e-07,1.026083557018379e-06,9.955761058890903e-07,1.1012049921354484e-06,1.8512944885485543e-06,1.9128958826987675e-06,2.042101182001941e-06,2.13756138281398e-06,2.3448446460010553e-06,2.489872942480895e-06,2.625923061152339e-06,2.7303712044220874e-06,2.9638043982380577e-06,2.3245283110458e-06,2.442505362468705e-06,2.6561301646153987e-06,3.641859828271749e-06,LC_V24_H3p5_T8,3.641859828271749e-06
44,"(44,)",67,2,single,A_as_chord,X,4.999978113603412e-08,6.089682981831493e-10,6.092272307734246e-10,9.61337637475442e-10,9.182701095763266e-10,1.7160198019958724e-09,1.971473814271516e-09,1.948102919446677e-09,2.8674980015401065e-09,2.7071285274190954e-09,2.60598159212494e-09,4.465889916615583e-09,4.170720610320416e-09,7.2306669020595665e-09,7.228696804677472e-09,9.273680303694174e-09,9.264253742208147e-09,8.741223129495524e-09,1.2833623613700968e-08,1.2049535349468151e-08,9.192925695340759e-09,9.168664678288347e-09,1.1555620309216669e-08,1.1548704067161942e-08,1.6182291331062535e-08,1.4759489597900816e-08,2.316350621474853e-08,2.1439315178231758e-08,2.856458033877695e-07,2.8478236864335726e-07,2.948062089672077e-07,2.932303412534184e-07,3.1440840010813036e-07,3.4065661087627985e-07,3.277123000351506e-07,4.3887798368877375e-07,4.5298501292104737e-07,4.494232719992002e-07,4.774481884025571e-07,5.130742824928057e-07,5.775517262562648e-07,5.565186028957756e-07,6.308816301459001e-07,6.502679409484843e-07,6.447141965219291e-07,6.828247241706644e-07,7.240871119881864e-07,8.030788108731566e-07,7.740944047506538e-07,8.697786907603337e-07,7.6979435220714e-07,8.032952942215039e-07,8.442661361599817e-07,9.318722187573011e-07,8.873115461698272e-07,9.893864652792154e-07,1.751079541747511e-06,1.8027551378261255e-06,1.9315610901524057e-06,2.004197006970779e-06,2.199220754339794e-06,2.267490603004825e-06,2.4042552692056027e-06,2.4829657936041294e-06,2.7020221332965368e-06,1.9341033540066424e-06,2.0301995002315487e-06,2.2157229586703528e-06,2.8688457152514484e-06,LC_V24_H3p5_T8,2.8688457152514484e-06
45,"(45,)",69,2,single,B_as_chord,X,1.9005111806721102e-07,2.3117112710135066e-08,2.291913207761012e-08,2.3380114995091783e-08,2.293332170914495e-08,2.4543884718981445e-08,5.614315490675664e-08,5.578204555314244e-08,5.745904571541235e-08,5.573698178293365e-08,5.5395393053032975e-08,5.6521583632934475e-08,5.553106578418574e-08,1.0970091472751349e-07,1.0919224227942961e-07,1.1037507003162806e-07,1.0890996218788065e-07,1.0743660105490206e-07,1.076167243601487e-07,1.0654058360981667e-07,2.0773630532202456e-07,2.073932458233308e-07,2.0847858606544222e-07,2.0726193766386358e-07,2.078120833848847e-07,2.05753720989058e-07,2.0792217786483e-07,2.0552885766480244e-07,7.017310114033596e-07,7.003137391768388e-07,6.968876806721967e-07,6.93290005873362e-07,6.873813095970343e-07,6.773591796437407e-07,6.742214777100646e-07,9.274668496215359e-07,9.201246534975499e-07,9.170709225704287e-07,9.09262732126138e-07,8.973045696956188e-07,8.900572395842552e-07,8.845258531616202e-07,1.2094460456999373e-06,1.2042702618976257e-06,1.199195767849256e-06,1.1925012236980476e-06,1.1789910565643495e-06,1.1723295081300283e-06,1.1649033563313965e-06,1.1571914932022362e-06,1.520353498813173e-06,1.4942088915575349e-06,1.468136805229956e-06,1.4520841916251164e-06,1.441444101212076e-06,1.4255884973155965e-06,2.4322869421934855e-06,2.386918206030249e-06,2.3609558504789155e-06,2.320801081469111e-06,2.2969137282922897e-06,3.170331192985932e-06,3.1316917832271056e-06,3.0718089794808056e-06,3.0358294643555115e-06,2.9768147629947902e-06,2.9261151211431964e-06,2.8949721673306217e-06,3.967429402922085e-06,LC_V24_H3p5_T8,3.967429402922085e-06
45,"(45,)",71,2,single,A_as_chord,X,1.8427539802510512e-07,1.855364911097531e-08,1.8494332950846685e-08,1.8658412080685814e-08,1.8411757335822512e-08,1.9728725854828237e-08,5.770319712804714e-08,5.745642163278685e-08,5.847129648215321e-08,5.7219681061844396e-08,5.6985289325954074e-08,5.7416593289456195e-08,5.690797285812714e-08,1.1893997244319463e-07,1.1845374268937056e-07,1.1921115323429788e-07,1.1788119709966151e-07,1.165340804704073e-07,1.16531554194614e-07,1.1558256692474969e-07,2.176532687265238e-07,2.1730400271837384e-07,2.180997074190474e-07,2.1696344063858377e-07,2.171861674785837e-07,2.152101379787573e-07,2.162927141922045e-07,2.1475222754101185e-07,7.029020030348121e-07,7.017897752659488e-07,6.98259501385015e-07,6.95420928074722e-07,6.900091429148715e-07,6.812464971946247e-07,6.7862390767985e-07,9.858352017930086e-07,9.78866529485584e-07,9.756011302881027e-07,9.67941820512489e-07,9.560325532712935e-07,9.48998361088589e-07,9.438939982759753e-07,1.3423989998612404e-06,1.3349126686899985e-06,1.3304381631871607e-06,1.3218209264892868e-06,1.3072317947210598e-06,1.2986802258354266e-06,1.2925328258962192e-06,1.2834082709302876e-06,1.7067585589736944e-06,1.6798104068049151e-06,1.6527370298240714e-06,1.6391576467317187e-06,1.629289355835729e-06,1.6113875689408714e-06,2.7034793971749718e-06,2.6622935387760715e-06,2.6356820838153856e-06,2.5983053914385178e-06,2.575085411014202e-06,3.474303784683685e-06,3.4319902744184406e-06,3.3766138597018388e-06,3.338945399411463e-06,3.429393127554982e-06,3.3758315167499197e-06,3.338291031969422e-06,4.48992750773203e-06,LC_V24_H3p5_T8,4.48992750773203e-06
46,"(46,)",73,2,single,B_as_chord,X,1.8898818552329013e-07,2.476055047840388e-08,2.4676716809820515e-08,2.463819265533878e-08,2.442346287769013e-08,2.529807488240905e-08,5.733549782804181e-08,5.7092641782788637e-08,5.806108828794367e-08,5.687309969910343e-08,5.663658679694864e-08,5.7224398014186794e-08,5.6567321725620256e-08,1.1626199755292486e-07,1.1593049478997986e-07,1.1602205425859163e-07,1.1502224671756676e-07,1.1402219109640681e-07,1.1348014390891006e-07,1.127492164498635e-07,2.0562408955078984e-07,2.0543495256641405e-07,2.056124016558993e-07,2.0485365516639283e-07,2.0476326824573713e-07,2.0350072940147055e-07,2.0391731238898906e-07,2.0294606538567167e-07,6.76832851680268e-07,6.757241983983762e-07,6.724276386541215e-07,6.697029450108175e-07,6.644913791165727e-07,6.564567953278201e-07,6.544904829181565e-07,9.998039995293659e-07,9.926299765811069e-07,9.896014068132287e-07,9.818292712051e-07,9.698628860202524e-07,9.625754803717925e-07,9.577778333987968e-07,1.359492168759385e-06,1.3531656261302032e-06,1.348112809668571e-06,1.340290755385375e-06,1.326157288282829e-06,1.318258479631959e-06,1.3119195937689913e-06,1.3032662876973216e-06,1.731001675070223e-06,1.704299555351491e-06,1.6779594083904697e-06,1.6631690492991876e-06,1.6540258331981815e-06,1.635850251505218e-06,2.7737552078710225e-06,2.729554985184091e-06,2.700606709769759e-06,2.6584221120676686e-06,2.6339187135142273e-06,3.655875975066323e-06,3.6102877800342944e-06,3.54822830812121e-06,3.5072628507326297e-06,3.687668467332292e-06,3.63214980994126e-06,3.595182306979487e-06,4.938314382179078e-06,LC_V24_H3p5_T8,4.938314382179078e-06
46,"(46,)",75,2,single,A_as_chord,X,1.9185417785341084e-07,2.1927348994849504e-08,2.1698490003186618e-08,2.2154691027650917e-08,2.169271475842536e-08,2.3261409443079292e-08,4.551541616561027e-08,4.5259737724701427e-08,4.669404431961886e-08,4.539705738929283e-08,4.510448419922772e-08,4.6773766176477194e-08,4.560480066964883e-08,1.0785164199872716e-07,1.0739474707271485e-07,1.0841805572350784e-07,1.0699680504197883e-07,1.0563844500263239e-07,1.0584022806730417e-07,1.0475967935408195e-07,1.8279549200263332e-07,1.8245069836713038e-07,1.8340462814266043e-07,1.8225736462088858e-07,1.8261213551977352e-07,1.8061516199760304e-07,1.8216154609948662e-07,1.8034576325042874e-07,7.249390176146893e-07,7.233857842804612e-07,7.200462466937938e-07,7.162785797438289e-07,7.102676180582833e-07,6.998249864362547e-07,6.964410749665818e-07,9.73700029218538e-07,9.67009787057078e-07,9.63614826946158e-07,9.56340307545164e-07,9.443368572010413e-07,9.375304659587891e-07,9.313163809164648e-07,1.2830024701364772e-06,1.2755142729917284e-06,1.2712550332099702e-06,1.262731795782646e-06,1.2489477221840155e-06,1.2407188065955316e-06,1.2343292991755218e-06,1.2250361801104153e-06,1.578592015159397e-06,1.551566062622913e-06,1.524912169505454e-06,1.5072851706988752e-06,1.4972752093514232e-06,1.4807237651914112e-06,2.551041434405978e-06,2.500420850905849e-06,2.471112016554913e-06,2.423852024088524e-06,2.3976861876775335e-06,3.304041263092717e-06,3.2609363046210695e-06,3.1920029414175246e-06,3.151319118631852e-06,3.1907367132704478e-06,3.137116129793686e-06,3.104720891219514e-06,4.258084720610206e-06,LC_V24_H3p5_T8,4.258084720610206e-06
47,"(47,)",77,2,single,B_as_chord,X,2.9561150577432617e-07,4.950329577045378e-08,4.8236717063758754e-08,5.2759951469210994e-08,5.0489020518380136e-08,5.738458538664425e-08,1.1705479005285722e-07,1.1526093406094576e-07,1.3463123757381463e-07,1.2176346757951014e-07,1.1841226180651355e-07,1.3593969812521034e-07,1.2817534498208608e-07,2.947182178675332e-07,2.92487609679354e-07,3.147882388611274e-07,3.048308969905012e-07,2.9350769450353826e-07,3.143087835394695e-07,3.0370360914420436e-07,3.3651151266124757e-07,3.342430696792909e-07,3.610487522099894e-07,3.5084410978796946e-07,3.802465015473877e-07,3.52888552913338e-07,3.9350562736139915e-07,3.7353857375009416e-07,2.963814839340693e-06,2.953232414282344e-06,2.989982734960598e-06,2.9559532114113543e-06,2.9857038248220954e-06,2.963293669445578e-06,2.909680549159943e-06,3.828916407280934e-06,3.853793430224748e-06,3.8139686352123097e-06,3.843153168047721e-06,3.8217706388359825e-06,3.87387949445367e-06,3.7858007582270013e-06,4.910457677564326e-06,4.92016691748149e-06,4.885382481099373e-06,4.898745125654283e-06,4.862042723770557e-06,4.898528320371913e-06,4.813728973941107e-06,4.840590922984541e-06,5.282469506889786e-06,5.247128783347159e-06,5.195526781785944e-06,5.220635642977544e-06,5.117910062955985e-06,5.144465919834707e-06,8.504272941819245e-06,8.404629209765107e-06,8.425923582399148e-06,8.299480649487369e-06,8.332795763784254e-06,9.6307820960916e-06,9.648136608736794e-06,9.484762830713237e-06,9.507471382093073e-06,8.586651756043807e-06,8.464188816427331e-06,8.51552271740877e-06,1.0119773126999875e-05,LC_V24_H3p5_T8,1.0119773126999875e-05
47,"(47,)",79,2,single,A_as_chord,X,2.5794390344829956e-07,4.5790012088583426e-08,4.4844204133732526e-08,4.874967367208153e-08,4.6824404402769645e-08,5.2893453156396803e-08,1.333112372185085e-07,1.3150417656395643e-07,1.5104653104180482e-07,1.381118529845615e-07,1.346942748213742e-07,1.5255470267162117e-07,1.445739462436473e-07,3.101425375195721e-07,3.080496698743383e-07,3.2908419942788956e-07,3.1981287068306964e-07,3.088896364717732e-07,3.28855861060966e-07,3.182948504047262e-07,3.724336997240619e-07,3.699184956269366e-07,3.9751630850452403e-07,3.867495582083258e-07,4.1723191876862343e-07,3.8928757318029085e-07,4.3164117972829116e-07,4.1107673600062703e-07,2.9308326122165267e-06,2.9207976721189527e-06,2.959258612007523e-06,2.926368554517523e-06,2.9582794578701743e-06,2.93781427114963e-06,2.884906909028373e-06,3.892919490376553e-06,3.918332154150921e-06,3.87842733689705e-06,3.91038250281658e-06,3.888559145796212e-06,3.941009093493495e-06,3.85311057965741e-06,5.1006765000219e-06,5.1138155530266155e-06,5.077159755135962e-06,5.0948449676820505e-06,5.05745083888367e-06,5.095777133980399e-06,5.007055164277973e-06,5.035913015031513e-06,5.561887463549045e-06,5.520717175593462e-06,5.466607574223709e-06,5.509578908754024e-06,5.405901449767792e-06,5.430887244577512e-06,8.927560593050406e-06,8.831239558961981e-06,8.846639574992856e-06,8.728103367294052e-06,8.760250204525737e-06,1.0131553973140574e-05,1.0150108062790674e-05,9.99354482339416e-06,1.0019474813384647e-05,9.264383719592265e-06,9.13310258043471e-06,9.182186879942656e-06,1.0972676274705509e-05,LC_V24_H3p5_T8,1.0972676274705509e-05
48,"(48,)",81,2,single,B_as_chord,X,2.6125642774163934e-07,5.396156011003006e-08,5.299971785969213e-08,5.697094637187155e-08,5.501572926030711e-08,6.123987363326076e-08,1.3976358538584665e-07,1.3750362742989655e-07,1.5859231375533448e-07,1.4418765323749767e-07,1.4055918838930227e-07,1.5877018046625765e-07,1.5054219063104553e-07,2.938573941801061e-07,2.9088915241217526e-07,3.1655321599547857e-07,3.053727163702126e-07,2.9212736953450214e-07,3.1516208847950273e-07,3.03388013145115e-07,3.595815706541727e-07,3.563850059099663e-07,3.849682338017476e-07,3.73022031124476e-07,4.0267015938893893e-07,3.7250938106729256e-07,4.1456495376228073e-07,3.929906491794562e-07,2.447959864492769e-06,2.440339194483739e-06,2.468774966127972e-06,2.442220076657671e-06,2.4698122314209695e-06,2.453974041607672e-06,2.4079592421751836e-06,3.3793752622003005e-06,3.407619216905225e-06,3.3697534581873284e-06,3.400652349972014e-06,3.38124784593288e-06,3.4303186447891864e-06,3.3484312740017645e-06,4.3300979972263065e-06,4.340120298218615e-06,4.308114921557062e-06,4.32561129742737e-06,4.293118650680043e-06,4.33490339818512e-06,4.248463714782364e-06,4.281711706127504e-06,4.902804537179747e-06,4.863697071619121e-06,4.811207183758113e-06,4.850137937354042e-06,4.756052699311551e-06,4.779475310881675e-06,7.782725810799396e-06,7.702926322665902e-06,7.736124288269592e-06,7.6246983196187995e-06,7.667926045654496e-06,9.100530191571039e-06,9.104835826925028e-06,8.95938732952932e-06,8.978619174629165e-06,8.459206000790509e-06,8.348464113342595e-06,8.389356425827541e-06,1.0225374130749353e-05,LC_V24_H3p5_T8,1.0225374130749353e-05
48,"(48,)",83,2,single,A_as_chord,X,2.888950329462817e-07,5.4467586986552716e-08,5.324971584992404e-08,5.7835486640129424e-08,5.5544010285043495e-08,6.251024669514009e-08,1.321111842684024e-07,1.297918527716091e-07,1.5145155679597163e-07,1.3646306773136462e-07,1.3278844124030224e-07,1.5148863798744821e-07,1.4295194239429357e-07,2.8440421462429925e-07,2.813920747573789e-07,3.080711568028662e-07,2.966946974716488e-07,2.832135681531975e-07,3.0745220268853255e-07,2.953804177886005e-07,3.4377240459411044e-07,3.408432370372943e-07,3.692848026770365e-07,3.5758026207476225e-07,3.8829095201987087e-07,3.579566627699557e-07,4.015537403799369e-07,3.793461039664607e-07,2.4873261133663626e-06,2.4785784012586417e-06,2.5102568846486335e-06,2.481920937250551e-06,2.510000180904114e-06,2.492810704792644e-06,2.443161954520206e-06,3.320985167776379e-06,3.3489246161451943e-06,3.3118444719797802e-06,3.342743379162029e-06,3.323900391016321e-06,3.3753038578068904e-06,3.2901475287397394e-06,4.161481860976761e-06,4.182187939124935e-06,4.146357409248217e-06,4.1735103760946215e-06,4.145932788469408e-06,4.198237299959e-06,4.105477242569661e-06,4.145957739660506e-06,4.682445377967938e-06,4.657071177549623e-06,4.609322080913783e-06,4.648009827898152e-06,4.536778678624947e-06,4.569932021905352e-06,7.474859495255269e-06,7.3875566221899e-06,7.425777897707859e-06,7.306639309048135e-06,7.35137571009427e-06,8.677262922371304e-06,8.70242228357588e-06,8.544613788068629e-06,8.578132026956047e-06,7.778701520142599e-06,7.66820544721898e-06,7.709619253320182e-06,9.276095976693592e-06,LC_V24_H3p5_T8,9.276095976693592e-06
49,"(49,)",85,2,single,B_as_chord,X,6.76193448447818e-09,1.8013109307134981e-09,1.8017593148787878e-09,1.7978325789984426e-09,1.796653165540577e-09,1.7995561303176744e-09,2.3728936233277865e-09,2.351229249731098e-09,2.5013918709365716e-09,2.370586376716354e-09,2.347924724462067e-09,2.4300775682188383e-09,2.3791107149147202e-09,2.6372980109532066e-09,2.6007339003398343e-09,2.798421144935612e-09,2.6873405671468777e-09,2.584640682448024e-09,2.6955361543570692e-09,2.621641467895918e-09,7.505099079782113e-09,7.503256948825077e-09,7.546491285891311e-09,7.480944288543184e-09,7.52946827124952e-09,7.417337067256567e-09,7.478824030267656e-09,7.4021749056003314e-09,3.527761677384741e-08,3.512152137490576e-08,3.562415365333903e-08,3.521213335229556e-08,3.54325981299251e-08,3.512329062521608e-08,3.47562732765156e-08,1.0663174393282484e-07,1.0623316978738937e-07,1.0587142527584165e-07,1.0555393340012865e-07,1.0473300353601498e-07,1.0458930353105829e-07,1.0386409282278966e-07,1.9289409421713825e-07,1.9351219699025297e-07,1.925108558404194e-07,1.9289434411085968e-07,1.918285225926002e-07,1.9218657655142604e-07,1.9064682694041733e-07,1.9069674423436782e-07,2.0606877774699081e-07,2.0377379376188374e-07,2.010959970975374e-07,1.9998988112495327e-07,1.9861601110682824e-07,1.97279600147496e-07,3.364239604034707e-07,3.324762234797855e-07,3.3186362440532954e-07,3.2801475537394697e-07,3.2713592157952975e-07,4.6289580241550954e-07,4.611958560806213e-07,4.5330960754653343e-07,4.5045289112566064e-07,4.223705320662395e-07,4.1588543105163735e-07,4.1442909395857695e-07,6.57881982759923e-07,LC_V24_H3p5_T8,6.57881982759923e-07
49,"(49,)",87,2,single,A_as_chord,X,5.096310227264043e-09,1.271397300703151e-09,1.2794432111015677e-09,1.2658692153936776e-09,1.2716399096597432e-09,1.2628122198894004e-09,2.3845108053286176e-09,2.3621969439246076e-09,2.5054400957942655e-09,2.3820134697980026e-09,2.3594449197131994e-09,2.4383061827751314e-09,2.390336230784865e-09,3.122668505990495e-09,3.097044298446741e-09,3.231957348391954e-09,3.1423157218118104e-09,3.0698441302218314e-09,3.1383926147356576e-09,3.082027932099423e-09,8.17293661690429e-09,8.137306821011664e-09,8.339221534139263e-09,8.215600042185284e-09,8.360097324011963e-09,8.15060489492823e-09,8.344258274081599e-09,8.215137252129182e-09,3.6698479387957355e-08,3.6565037476401716e-08,3.689914561025212e-08,3.6522485166362525e-08,3.665552004781084e-08,3.6295997354306985e-08,3.592619481396984e-08,8.9348165877059e-08,8.938053120908665e-08,8.894910491168287e-08,8.894904803182548e-08,8.831277595152896e-08,8.838884529059393e-08,8.760807111076031e-08,1.700389673008612e-07,1.7052044044133532e-07,1.6978297341352888e-07,1.6994610996997025e-07,1.6896258589069266e-07,1.6922094204622738e-07,1.678598303336125e-07,1.6784984374498472e-07,1.7682719395326952e-07,1.7464409992097474e-07,1.7214207997444404e-07,1.7151585655774744e-07,1.6980445697907664e-07,1.6885464172916628e-07,3.100014814108492e-07,3.062590998198765e-07,3.047611706754199e-07,3.012796821005977e-07,2.995701896966017e-07,4.354561648933008e-07,4.3215436642714937e-07,4.2617985309859735e-07,4.22786434376111e-07,3.741182246029983e-07,3.6862887424956664e-07,3.6628129484060937e-07,5.960757703122818e-07,LC_V24_H3p5_T8,5.960757703122818e-07
50,"(50,)",89,2,single,B_as_chord,X,5.445762928986866e-09,1.897160961379953e-09,1.913604513931763e-09,1.8844950721096915e-09,1.901169284043671e-09,1.8740764172827195e-09,2.8101662539252525e-09,2.797050870652029e-09,2.911853437006149e-09,2.8041301436905512e-09,2.7891977001839426e-09,2.8482468028950637e-09,2.806084533783187e-09,3.2947355485606813e-09,3.2717640683165886e-09,3.4111170733598646e-09,3.3180482564934443e-09,3.2457556473929555e-09,3.315431755351073e-09,3.2584354579872733e-09,8.359243632486224e-09,8.346871199193167e-09,8.45228738770928e-09,8.371826637456415e-09,8.450264049265944e-09,8.318197670624112e-09,8.419024588132483e-09,8.336833159827039e-09,3.5428270683637835e-08,3.5248969541512736e-08,3.5928709304792776e-08,3.5442745584210644e-08,3.576348581537412e-08,3.544543390960445e-08,3.498287936638101e-08,1.0888252636524364e-07,1.0969970599257266e-07,1.0880401904877172e-07,1.0930967345212146e-07,1.0857286797761767e-07,1.0897153844889105e-07,1.0767286584844073e-07,1.9164825198374945e-07,1.9132752521035624e-07,1.906491260228966e-07,1.9021835783197796e-07,1.8890266562088072e-07,1.8861445851324563e-07,1.875272770973903e-07,1.8702777339914103e-07,2.126575417617396e-07,2.1082281250486402e-07,2.0880026214563412e-07,2.0830471226913543e-07,2.0675713366542324e-07,2.0606434184466706e-07,3.7333511973893964e-07,3.684576830724025e-07,3.65905485608766e-07,3.610137163703103e-07,3.592580455721933e-07,4.914521160497751e-07,4.862065435306584e-07,4.788846728794362e-07,4.7458683872761e-07,4.82136223008624e-07,4.7564330715058093e-07,4.7316858811705207e-07,7.783400334003169e-07,LC_V24_H3p5_T8,7.783400334003169e-07
50,"(50,)",91,2,single,A_as_chord,X,7.378013807509589e-09,1.3737145859120449e-09,1.363927187032191e-09,1.374685698152584e-09,1.363520048512654e-09,1.3826671056823251e-09,1.7144932477133857e-09,1.6940796089745332e-09,1.819277487301175e-09,1.713022839449888e-09,1.6925630422947619e-09,1.7635853817097654e-09,1.7210096868355737e-09,2.219827693654167e-09,2.197960890037031e-09,2.3197751118251587e-09,2.2414013951791196e-09,2.177830052529279e-09,2.239703653920615e-09,2.1911812948971214e-09,6.0461156086091135e-09,6.025120087525713e-09,6.224857262532339e-09,6.108787796369743e-09,6.257409959262489e-09,6.0609041711987685e-09,6.23917136617451e-09,6.122592499533837e-09,3.217702978997877e-08,3.205335838331314e-08,3.240879154313168e-08,3.2050708713029185e-08,3.220117704878787e-08,3.1886013278242123e-08,3.1547532359713414e-08,8.207609046193344e-08,8.265121529395185e-08,8.18764590835981e-08,8.222874613712104e-08,8.152760322662003e-08,8.17679879378277e-08,8.068596187396014e-08,1.7661217505815773e-07,1.773978529996752e-07,1.7638156163593862e-07,1.767334544339904e-07,1.756367463766717e-07,1.7594063826517805e-07,1.7443548694917247e-07,1.7436152629697405e-07,1.702115178808262e-07,1.6803366437084008e-07,1.6582242024574438e-07,1.6490551264609758e-07,1.6357671630991761e-07,1.6257719621222126e-07,3.030277892201167e-07,2.9912035014759093e-07,2.9904732382182403e-07,2.943296273028859e-07,2.9405007502073703e-07,4.046709137198178e-07,4.0400353216823384e-07,3.9680554749856223e-07,3.950212742975132e-07,3.777505175771348e-07,3.718983140028814e-07,3.6928427109456066e-07,6.160105247086774e-07,LC_V24_H3p5_T8,6.160105247086774e-07
51,"(51,)",93,2,single,B_as_chord,X,5.632293463944523e-09,4.3100588450087954e-10,4.2368940945013796e-10,4.300829628537777e-10,4.2192092086931005e-10,4.3250989780450793e-10,8.789662272027918e-10,8.649591399434541e-10,9.408305024325795e-10,8.745891563922272e-10,8.624129205157511e-10,9.027366856885107e-10,8.77862337483699e-10,3.0831765510245954e-09,3.0582538449850722e-09,3.1558891004815693e-09,3.074523010767376e-09,3.003163462402527e-09,3.0381829455256924e-09,2.9855527478532198e-09,5.533028239620496e-09,5.504870231640177e-09,5.637204294030377e-09,5.5408986480932814e-09,5.625374856312263e-09,5.451218360128662e-09,5.571473098401355e-09,5.4655551178696394e-09,1.1575126917287543e-07,1.1528269993848197e-07,1.1530710173522941e-07,1.140944715616071e-07,1.1322280447603506e-07,1.1034500540600483e-07,1.0881588405828397e-07,1.878081638468091e-07,1.867975019360564e-07,1.850220379934224e-07,1.83376608269008e-07,1.7977584972492048e-07,1.7809256973052886e-07,1.7588988941820297e-07,3.6087772355482674e-07,3.5930325468462184e-07,3.5619986080783395e-07,3.53476395058237e-07,3.4687368197379963e-07,3.436579539848868e-07,3.4026339820389025e-07,3.3630769597042863e-07,3.8123963985239425e-07,3.728118221070835e-07,3.6398109538122873e-07,3.596936273354592e-07,3.561800917761288e-07,3.504553105371687e-07,8.104510289123806e-07,7.936052107084435e-07,7.862257280052144e-07,7.685007905098385e-07,7.602963062819082e-07,1.0402555461497513e-06,1.03154662762499e-06,1.0048723247370289e-06,9.931950335485573e-07,9.167969676034803e-07,8.97668004463079e-07,8.904426915564558e-07,1.2859873570121228e-06,LC_V24_H3p5_T8,1.2859873570121228e-06
51,"(51,)",95,2,single,A_as_chord,X,3.735573813598689e-09,3.3394701094745716e-10,3.349497693840343e-10,3.303360916425471e-10,3.3110084333650666e-10,3.282015389910922e-10,1.494493905724487e-09,1.4811846244028526e-09,1.5523213039064658e-09,1.4887881891882814e-09,1.4767181924434626e-09,1.5139867894819017e-09,1.49015782781751e-09,4.316991632115333e-09,4.293575349194879e-09,4.368189235255931e-09,4.295048653219032e-09,4.226009974867577e-09,4.247014165215962e-09,4.195476137147764e-09,8.171105980433995e-09,8.13732684643912e-09,8.27964096895778e-09,8.17965104805075e-09,8.260320907339248e-09,8.076433087205125e-09,8.197784170331009e-09,8.083639215980885e-09,1.3041467869936966e-07,1.3001668645390846e-07,1.2945038885296434e-07,1.283977220850974e-07,1.2704525068840955e-07,1.2395218138960696e-07,1.226274201417166e-07,2.0857079182468041e-07,2.0708689742775736e-07,2.054176783060503e-07,2.033147018688756e-07,1.9949148957734043e-07,1.9729004892865548e-07,1.9546365016341644e-07,3.650727162704973e-07,3.630186799955699e-07,3.6017426464378775e-07,3.570025172039957e-07,3.5027525153415106e-07,3.4671229069292e-07,3.435484905428468e-07,3.394145136842515e-07,4.245878393848585e-07,4.1588440289182704e-07,4.068173308163067e-07,4.0034550210328693e-07,3.974301129473978e-07,3.9128825241392675e-07,9.085221296982236e-07,8.902176430330169e-07,8.800097716912391e-07,8.609938869989208e-07,8.499128263223403e-07,1.139839276112739e-06,1.127337553901872e-06,1.1015981363105358e-06,1.0877698071599878e-06,9.825736103646317e-07,9.6358170917164e-07,9.547272006741405e-07,1.428145801213106e-06,LC_V24_H3p5_T8,1.428145801213106e-06
52,"(52,)",97,2,single,B_as_chord,X,4.64750817922221e-09,5.248710366965654e-10,5.264690543990785e-10,5.194943190172037e-10,5.215624492948137e-10,5.159273673823688e-10,1.6927248781272467e-09,1.683101185752221e-09,1.7430607928599863e-09,1.6816708986542672e-09,1.6725503495122927e-09,1.6996004153446943e-09,1.6773138708126284e-09,4.009406947343146e-09,3.988000321424652e-09,4.0631928251248046e-09,3.98243914011294e-09,3.9207159256320016e-09,3.934302270920548e-09,3.887705461294535e-09,7.361109782593906e-09,7.335500393530702e-09,7.457253087008159e-09,7.364949452433371e-09,7.4364873916428125e-09,7.2799424557657784e-09,7.3784675461505265e-09,7.283468923180226e-09,9.681962196813049e-08,9.661884642583647e-08,9.587830176156375e-08,9.520423516632265e-08,9.406328916499678e-08,9.188779286989426e-08,9.109579818359416e-08,1.7239263913446692e-07,1.7166739596830673e-07,1.6993542486594838e-07,1.6858060343059728e-07,1.6514419462236207e-07,1.6362204523931382e-07,1.615310019050582e-07,3.0134869388230303e-07,3.000413280875388e-07,2.9764823799332965e-07,2.954007657666502e-07,2.9018528795006845e-07,2.876797920834615e-07,2.8469192468759835e-07,2.816400206005176e-07,3.7673766446104704e-07,3.690661558662198e-07,3.613477333201798e-07,3.560899048888406e-07,3.5326743856999146e-07,3.4796049042343275e-07,7.336422711559405e-07,7.184401195993644e-07,7.102901550019539e-07,6.948737997817919e-07,6.868918891945609e-07,1.0285838147376553e-06,1.01673250545219e-06,9.949610686505944e-07,9.831880800461048e-07,9.118267191628615e-07,8.953266949520962e-07,8.872921004043411e-07,1.413064199722247e-06,LC_V24_H3p5_T8,1.413064199722247e-06
52,"(52,)",99,2,single,A_as_chord,X,4.661245157465495e-09,5.167751280327503e-10,5.113648163251397e-10,5.149009776437064e-10,5.09397613563939e-10,5.16376330569079e-10,1.294719070440818e-09,1.281538254130144e-09,1.3529066189911975e-09,1.28891785514122e-09,1.2762503596007164e-09,1.3133070629073974e-09,1.2895168322849994e-09,2.9822695313269524e-09,2.962363656824948e-09,3.02610316675953e-09,2.961437394812924e-09,2.9061227330106883e-09,2.9204330361741527e-09,2.8795830117815416e-09,5.743769913330995e-09,5.727539306652896e-09,5.801568545236619e-09,5.726680943507091e-09,5.77655482022998e-09,5.650874415539982e-09,5.725288731946945e-09,5.650469804518553e-09,8.620992522691591e-08,8.595728002756624e-08,8.552225047032302e-08,8.481061232594144e-08,8.388935048998085e-08,8.189782816428245e-08,8.11213382229997e-08,1.6408143642738555e-07,1.6286060722976036e-07,1.6162901237375894e-07,1.5999124505935674e-07,1.5692420493386521e-07,1.5523778656148972e-07,1.5352901259475002e-07,2.930150968141222e-07,2.9136654710007113e-07,2.890616567035156e-07,2.8663886032683515e-07,2.813624360918035e-07,2.7854498263135557e-07,2.759620788552907e-07,2.725854889373924e-07,3.39836627903084e-07,3.326133784826881e-07,3.250856542013208e-07,3.216348515706878e-07,3.184597703170327e-07,3.1370801326015067e-07,6.756093691503766e-07,6.60701164979046e-07,6.53294315648108e-07,6.379617022894246e-07,6.297016352163556e-07,9.316714282912587e-07,9.241095127769066e-07,9.002806669136757e-07,8.904401610116653e-07,8.092221743260103e-07,7.925663614980291e-07,7.829991947085283e-07,1.1373728435718035e-06,LC_V24_H3p5_T8,1.1373728435718035e-06
