node,sub_joint_id,brace_member,brace_end,chord_t_scenario,direction,treatment,LC_V26_H3p5_T8,LC_V2_H0p5_T5,LC_V2_H0p5_T6,LC_V2_H1p0_T7,LC_V2_H1p0_T8,LC_V2_H1p5_T8,LC_V4_H0p5_T5,LC_V4_H0p5_T6,LC_V4_H1p0_T5,LC_V4_H1p0_T7,LC_V4_H1p0_T8,LC_V4_H1p5_T7,LC_V4_H1p5_T8,LC_V6_H0p5_T5,LC_V6_H0p5_T6,LC_V6_H1p0_T5,LC_V6_H1p0_T6,LC_V6_H1p0_T8,LC_V6_H1p5_T7,LC_V6_H1p5_T8,LC_V8_H0p5_T5,LC_V8_H0p5_T6,LC_V8_H1p0_T5,LC_V8_H1p0_T6,LC_V8_H1p5_T6,LC_V8_H1p5_T8,LC_V8_H2p0_T7,LC_V8_H2p0_T8,LC_V10_H0p5_T5,LC_V10_H0p5_T6,LC_V10_H1p0_T5,LC_V10_H1p0_T6,LC_V10_H1p5_T6,LC_V10_H2p0_T7,LC_V10_H2p0_T8,LC_V12_H0p5_T5,LC_V12_H1p0_T5,LC_V12_H1p0_T6,LC_V12_H1p5_T6,LC_V12_H2p0_T7,LC_V12_H2p5_T7,LC_V12_H2p5_T8,LC_V14_H0p5_T5,LC_V14_H1p0_T5,LC_V14_H1p0_T6,LC_V14_H1p5_T6,LC_V14_H2p0_T7,LC_V14_H2p5_T7,LC_V14_H2p5_T8,LC_V14_H3p0_T8,LC_V16_H1p0_T5,LC_V16_H1p5_T6,LC_V16_H2p0_T7,LC_V16_H2p5_T7,LC_V16_H2p5_T8,LC_V16_H3p0_T8,LC_V18_H1p5_T6,LC_V18_H2p0_T7,LC_V18_H2p5_T7,LC_V18_H3p0_T8,LC_V18_H3p5_T8,LC_V20_H2p0_T7,LC_V20_H2p5_T7,LC_V20_H3p0_T8,LC_V20_H3p5_T8,LC_V22_H2p5_T7,LC_V22_H3p0_T8,LC_V22_H3p5_T8,LC_V24_H3p5_T8,worst_bin,worst_bin_contribution
3,"(3, 1)",33,2,single,,TY,0.0001339167901955975,5.098906005356033e-07,9.179458275527209e-07,1.234086072013237e-06,2.7428113494179103e-07,7.987235056344423e-07,3.7149731391501443e-06,2.976862073051198e-06,8.350751029478611e-07,8.257541030951332e-06,9.63323205801452e-07,3.3611324860585984e-06,2.5410530304097867e-06,4.9205974971138865e-05,2.1892825157131964e-05,1.5217362239910033e-05,7.779509812140888e-05,4.5771083740223675e-06,3.708289161782751e-05,1.0926429330653121e-05,7.613009097283444e-05,1.8528487517289684e-05,5.353231450455265e-05,0.0001251233186474879,0.00010273971279418561,1.3380280785016549e-05,2.880359471261696e-05,1.943235531513526e-05,0.0019331016174913682,0.00023944278145630646,0.0020964207599040896,0.002623112986094599,0.0042912765884882695,0.0012938638290307535,0.00039822933245875676,0.001348160806267447,0.0022863011469708523,0.0020788175438136007,0.005879224511179698,0.002745081505173539,0.0006121432178480765,0.000720889012302803,0.0008682554581884562,0.0015810409338774254,0.0013437089225685995,0.0061723412821160974,0.00453283147575037,0.001517148157240453,0.0010000214371759563,0.0007990702240604577,0.000642020693836229,0.003062158394806005,0.0071446578385285136,0.0029304218735387378,0.0012100689486885224,0.0015459909861233689,0.0022997032693479066,0.01163876047763448,0.006161982658400732,0.0033820038288989883,0.0019252415877408263,0.00255841202115554,0.010817622937437056,0.004042990972785945,0.0029825658556598376,0.0020455867928649446,0.002327185946159005,0.006983683754558708,0.007905488244007872,LC_V18_H2p0_T7,0.01163876047763448
3,"(3, 0)",36,2,single,,TY,1.1172749634223995e-05,6.210371641219392e-07,1.090969656341163e-06,6.367135224993624e-07,1.2839480155989317e-07,1.42472050490137e-07,3.4236959188362347e-06,2.667800293146735e-06,5.355456108193366e-07,4.433271725933374e-06,4.824678820579465e-07,9.677558240688612e-07,6.487190112287367e-07,1.7006862623773945e-05,7.439668083917561e-06,4.59944705968077e-06,2.2313680948439747e-05,1.202947135635081e-06,7.408625743514931e-06,2.028396600064478e-06,3.158464088862978e-05,7.588768782912466e-06,1.9326232928806313e-05,4.341715063990345e-05,2.8242471280014696e-05,3.1972584633190816e-06,5.313596222649997e-06,3.2523831050200455e-06,0.0002542523882686576,3.1406603886015524e-05,0.0002684281282210595,0.000333211880875254,0.0005188884775116398,0.00014248542404894743,4.277112087286462e-05,0.00018885470865807972,0.00031297648000474707,0.000284827750163718,0.0007692679415540569,0.0003318927302437262,6.73690387345537e-05,7.727665210394332e-05,0.00011664634866931841,0.0002094497232497393,0.0001781211633923335,0.0007940007247438769,0.0005471375907950681,0.00016954590676919687,0.0001083530715667422,7.77378387143508e-05,0.00010099325631970938,0.0004602172497371211,0.000995465466174038,0.00036411188802323424,0.00014652928915732556,0.00016660648034194845,0.00035008324596242366,0.001652715575920203,0.0008159408626628896,0.0003978089879785222,0.00020355683303217747,0.00047700919736709275,0.0018873653131188327,0.0006333748489700163,0.00042259074343429956,0.0003853020496280902,0.00039210031373541036,0.0010514201865727982,0.0014800385991606518,LC_V20_H2p5_T7,0.0018873653131188327
4,"(4, 0)",37,1,single,,TY,7.291127710971326e-05,1.5861690161398212e-06,2.780219320653878e-06,1.7023696493221003e-06,3.698747560209864e-07,5.560470646667856e-07,1.1881465667898878e-05,9.247032718533528e-06,1.8219218542949957e-06,1.5248201033494653e-05,1.739926597488491e-06,3.554132614096177e-06,2.907273125313048e-06,7.826993773379542e-05,3.4243306039647547e-05,2.082130174608941e-05,0.00010119397370992395,5.655549576778612e-06,3.490115485065252e-05,1.0781064945501046e-05,0.000235175791969131,5.673452568893218e-05,0.0001416255416771948,0.0003234926078793414,0.00020927729675265235,2.678575320779833e-05,4.294698138963608e-05,2.9630790073557744e-05,0.00175605822706553,0.00021718058960090985,0.001840757881079622,0.0022966379047050793,0.0035606505814453917,0.001005860189735369,0.0003169173683038658,0.0016334288375245997,0.002699801924145808,0.0024640375911467354,0.006642264035110642,0.0029333160403342256,0.0006040201826077266,0.0007366936959658078,0.0008396119700306838,0.0014939904503292742,0.0012731443051460384,0.0056288359124087185,0.003959376022933463,0.00123762026585857,0.0008405007603134768,0.0006269486575744372,0.0006363835793100716,0.0029304787694925914,0.0065270460781395945,0.002384695192292476,0.001010719869753909,0.0011935155034850562,0.0019820039407038117,0.009580257245229045,0.0048061796164349585,0.0025011061396211184,0.001329993490515572,0.0026103626000698954,0.010449020693941068,0.0036278559009853997,0.0024882952002000195,0.002185571033708289,0.0023627613495449634,0.006575375141346452,0.009572199817572274,LC_V20_H2p5_T7,0.010449020693941068
4,"(4, 1)",45,1,single,,TY,0.0008046248144559907,5.018859289072219e-06,8.993052300044372e-06,1.1435880329646199e-05,2.36904272275182e-06,6.452776860986029e-06,3.38692070099148e-05,2.6938017241098928e-05,7.842485285480785e-06,7.296976367819133e-05,8.108503545903326e-06,2.9526777100426713e-05,2.066626894516338e-05,0.0004062913922932822,0.00018087688383850407,0.00012871380358619135,0.0006545977892435311,3.7220507908895504e-05,0.0003085151339174413,8.755394836879785e-05,0.0005067284633932449,0.0001233316717071578,0.0003714338209385584,0.0008617462105984463,0.0007402236547201206,9.102955311606014e-05,0.00020874298534456225,0.00013421994596652507,0.015247019602220427,0.001888627174614812,0.016651596722628767,0.02079759784953582,0.03428350976943028,0.010297843347109292,0.003116784504141696,0.010532834151128772,0.017945431710264387,0.016294502894292146,0.04638870171809121,0.021611737849457847,0.004845267692351466,0.005571755924526462,0.0065863503829243775,0.012024509135407575,0.010243331838374666,0.04737612300007179,0.034909544418711656,0.011736585206289929,0.007596318976990877,0.006051414307167422,0.004743443265810447,0.022764600776994444,0.05323003572775719,0.02106133408615918,0.008561855384467514,0.010886656750464248,0.016664675650879743,0.08396752429193019,0.04448413377181662,0.023831437410338406,0.013459521116838217,0.01860248238808331,0.07885154214641543,0.028932267973342737,0.021265161678325338,0.014284210153473928,0.015914933376819533,0.04757316829282078,0.05295255087167724,LC_V18_H2p0_T7,0.08396752429193019
5,"(5, 0)",40,2,thick,,K,0.0001130914589964888,2.498549924166608e-05,4.413616288875643e-05,2.5872109284344265e-05,5.282008731309144e-06,5.892683755381924e-06,6.908305893088524e-05,5.407826709866355e-05,1.0920553566905452e-05,9.16841633585695e-05,1.0070636103502347e-05,2.058112185386528e-05,1.4013929803324235e-05,0.0002007809294516027,8.81001021889272e-05,5.6392832167370086e-05,0.00027374950465441374,1.4771340924132103e-05,9.560207805487907e-05,2.6184540319006773e-05,0.00028188908850505925,6.79802560173884e-05,0.0001780832794362099,0.00040019841934840154,0.0002739806477947358,3.1535490959679265e-05,5.56222557254269e-05,3.4435705789676186e-05,0.0021271637608774097,0.00026261879561609037,0.0023152087699666703,0.002859313053364981,0.004620488326914383,0.0013140744816526728,0.0003940383694003706,0.002389565346142132,0.004017610326059546,0.0036535314341660787,0.010089570069261722,0.004469053617338024,0.0009353998756119371,0.0010672781437488373,0.001870314800177087,0.0034071912247755996,0.0028943423110465334,0.013140546109700049,0.009226018083448003,0.002926083283780984,0.0018635607419757105,0.0013699994875506726,0.0013106642965153427,0.00604614342844836,0.013366058439429977,0.0049524119558350945,0.002000203427137605,0.002323955010951116,0.003768920338473769,0.018167697992891453,0.00913620908958863,0.004569210375820313,0.002402156012740413,0.00431408796603149,0.017422622550375078,0.005986538199136666,0.004108553343450069,0.003632893871721779,0.003779052842581905,0.010421127720675383,0.012892582302283512,LC_V18_H2p0_T7,0.018167697992891453
5,"(5, 0)",40,2,thin,,K,0.0016503007373172122,0.0004160649526205494,0.0007355709024237871,0.0004303262474044427,8.787394074276697e-05,9.777364343854616e-05,0.0010544157194238353,0.000825093975855887,0.00016719167158492425,0.0014013884373024399,0.00015393019020956903,0.00031532711324450607,0.00021481897905341557,0.0027735437977648167,0.0012155518320738005,0.0007845618304451543,0.003801329964853306,0.00020440743601433475,0.0013360715293270085,0.0003652682997215475,0.0036966390152294855,0.0008900061846156905,0.0023466785728495816,0.005257569858928505,0.003639521850913977,0.00041836145726968757,0.0007455987452060966,0.0004612031051278778,0.02785060581287119,0.003436802932442496,0.030470205956078186,0.03756896506725061,0.06105195474986604,0.01751698176885808,0.005232370882427447,0.03266589534376081,0.055006536074836195,0.04997728220985161,0.1383195709360021,0.06139365112571842,0.0129074841647522,0.014690347716560878,0.02558388192452068,0.04668201501961377,0.03963808985058309,0.18047783099444825,0.12711401074153728,0.04049763892896622,0.02577271800257409,0.019027195259444518,0.01708201735996014,0.07929114430034459,0.176036043002109,0.0655230992860324,0.026477595589739427,0.030974464820935646,0.047920218052480625,0.23265410550829188,0.11764266968351712,0.059216153690139654,0.031226407027750362,0.05409590552443547,0.2197611677315437,0.07592547924051424,0.052253217457206215,0.04570414938756706,0.04768684993759658,0.13210355495265347,0.16235230462848182,LC_V18_H2p0_T7,0.23265410550829188
5,"(5, 0)",40,2,thick,,Y,0.000502738081332359,5.144333271787937e-05,9.074171833954684e-05,5.3454525591788476e-05,1.0878520419851158e-05,1.2200468854874714e-05,0.00024247754574287938,0.00018975235313541683,3.779066836595172e-05,0.00031827406346355815,3.490681129350086e-05,7.021410883212426e-05,4.77258864162074e-05,0.001173863388631767,0.000515597888659919,0.000316866008265688,0.001548007480105189,8.418973932456263e-05,0.0005223643192552848,0.00014387607315772505,0.0021835711209336815,0.000525871192958891,0.0013510142534706449,0.003043324585403178,0.0019997702198025304,0.0002313151068493161,0.00038555931429429225,0.00024022300273667002,0.01572569083845308,0.0019434906448941955,0.016798861096672172,0.020851195003386457,0.03285431863485255,0.00913622761783729,0.0027593331608054277,0.014523338782672023,0.02419997736082994,0.02205497062348711,0.05997625342664374,0.026129085496628145,0.005356206060065863,0.006146757011701384,0.010975523854197996,0.01987692438739654,0.016875189064518074,0.07563685999583304,0.05235172760598872,0.016320218723738115,0.010433116044714285,0.007534007852553049,0.009000270343865554,0.041226951193021104,0.08989225559822805,0.03269180210444791,0.013235827595187944,0.015081605157693802,0.02744573524041233,0.1313154749195984,0.0654190469578351,0.03239714626627419,0.0167452467777573,0.03397154618432445,0.1355101207826596,0.04606946060876282,0.03099628977051142,0.03022619347323411,0.03102056551935872,0.08386813626738597,0.10712311991009024,LC_V20_H2p5_T7,0.1355101207826596
5,"(5, 0)",40,2,thin,,Y,0.0071556217962365646,0.0008376076570431872,0.0014773089044194671,0.0008702342520916943,0.00017719987670539172,0.0001987032269691676,0.0035809609914745225,0.002803190628503272,0.0005598237257221222,0.00471276463256455,0.000517102276368671,0.0010433717252075782,0.0007095725186224115,0.01601481670809151,0.0070356711132576666,0.004344500679337706,0.021211741814555495,0.0011531896080883475,0.007198117388590116,0.0019802440775507153,0.028531628784012733,0.006875981313405814,0.01769812800439049,0.03988351958269116,0.026310331143137345,0.003046326340513485,0.005112879952591287,0.0031857900417429975,0.20752039700742658,0.02563356859373079,0.22218613454130295,0.2755620166173213,0.4354918596127583,0.12141921261241588,0.03661874005931112,0.19048233131781617,0.31749452241966825,0.2890673465739132,0.7867942219174792,0.3424668349156067,0.07022536272947745,0.08063124274462671,0.13879869920206048,0.25063499506613135,0.21267906357108887,0.9514745242662813,0.6561410921043298,0.20402431561190848,0.13033405202011056,0.09385920733901333,0.10798137384226322,0.4965106137670785,1.086793533299033,0.3967511370337761,0.16059965664799516,0.18371099985943115,0.3105744396584464,1.489244494435297,0.742446072043189,0.3683855456444304,0.19036686004439698,0.3728677769524017,1.4891389272592213,0.5068706405353959,0.34109270398233865,0.3354228362488205,0.345418652637923,0.934016574143275,1.1535776315011987,LC_V18_H2p0_T7,1.489244494435297
5,"(5, 1)",48,2,thick,,K,0.00036121556403515204,6.454283497197008e-06,1.142615764026788e-05,9.426702568196983e-06,1.8894320191210364e-06,3.376562985056343e-06,3.6420850618476304e-05,2.8611451778481783e-05,7.170013354847222e-06,6.066594120514246e-05,6.5759175236188585e-06,1.9028965452074238e-05,1.2690664054424418e-05,0.0002514933441249459,0.00011095255998786327,7.754055780784074e-05,0.00038249174175777645,2.0815521551383925e-05,0.00015985269370723175,4.3713111054697325e-05,0.0002997450401187514,7.266954636064111e-05,0.0002109148926890657,0.00048193057438784126,0.00038868911492388785,4.486261322903664e-05,9.690990769365375e-05,5.9430435324262205e-05,0.007176914501050585,0.0008866680008936469,0.007837748402832934,0.009712825331086077,0.015886515119189055,0.004641299726528416,0.0013846426431253773,0.005433914915029478,0.009245280372721949,0.00837111641323366,0.02362420918315283,0.0107251034551156,0.0023472813105011392,0.0026437913100423685,0.003757193947324657,0.00686586652030445,0.005831980148993197,0.026849988303610642,0.01934539909708963,0.006343792450482754,0.0040354164018178125,0.0030980161816524694,0.002701052024999694,0.012814284179596139,0.029219828226618814,0.01120718917493286,0.004502737737871025,0.005502945883464778,0.008806812298189684,0.04360444264702759,0.022716971639957367,0.01176903040225593,0.006447514178133745,0.009963690053344852,0.041641213652042694,0.014871877840695222,0.0106411627928796,0.008187012753246303,0.008733606712019028,0.025204389542529973,0.02879508051007084,LC_V18_H2p0_T7,0.04360444264702759
5,"(5, 1)",48,2,thin,,K,0.0020064633527523317,1.438766323497757e-05,2.5527150267981114e-05,2.5368157416351386e-05,5.154026456138131e-06,1.1245343620646184e-05,5.45217945241286e-05,4.293156752410162e-05,1.1612269856669339e-05,0.0001043377912239411,1.1546120246095483e-05,3.9788726636207604e-05,2.7408960718597418e-05,0.0006230744527590393,0.00027606495334027344,0.00019467810360998173,0.0009821475968506213,5.515880591533943e-05,0.00044509399699730966,0.00012459405756137153,0.0009383404980487434,0.0002286220915417976,0.0006497184643644396,0.0015166100420020902,0.001229438826602723,0.00015301980295920402,0.0003306932846042633,0.00021199596796830269,0.019426273079548917,0.0023999931204927083,0.021242411619961033,0.02639391088395255,0.04343075214560047,0.0129562364534699,0.003907818201845509,0.014949669920089389,0.025443393611341982,0.02313694569296496,0.06561896797220114,0.030579369845006008,0.006816849167713815,0.007859695830091483,0.011890898808931898,0.021922833033062052,0.018634704238980056,0.0863978599906671,0.06295900020094687,0.020872596290032963,0.013425070655526367,0.010506986737166797,0.010028504357275331,0.04766458410253849,0.10946960925798002,0.04225153712364841,0.017184796451066048,0.021170169549373605,0.032141027658703,0.16072313763435675,0.08389873537809163,0.04444727690362562,0.024548262994183303,0.03994944089989261,0.16652178636225323,0.05976257966111977,0.04283810942468518,0.034370182453422576,0.03755946559623523,0.10893959238394472,0.13617824727113978,LC_V20_H2p5_T7,0.16652178636225323
5,"(5, 1)",48,2,thick,,Y,0.003891152598523149,1.9528855796168103e-05,3.511060460612992e-05,4.740913826343673e-05,9.80709155032483e-06,2.8001321442243816e-05,0.0001477215589118246,0.00011821107775834815,3.4802616372193326e-05,0.0003246306512012003,3.600166187630591e-05,0.00013363148585943444,9.245491896719865e-05,0.0018685314444640742,0.000831187939628313,0.0005951982984603168,0.0030363314297567404,0.00017181265998638867,0.001442139800048408,0.00040660099910067623,0.0028918444128863004,0.000703571112340962,0.0020656562796281335,0.004821489630153097,0.004040286517511398,0.0004987264026554071,0.0011304771753017236,0.0007220754410426057,0.06886376412165224,0.008522359992321569,0.07535417439367943,0.09405755581380193,0.15552208738735987,0.046933507615877335,0.014186544968632371,0.04945625888258502,0.08441720877660282,0.07667477839782261,0.21832923428050954,0.10199307220844689,0.02298613202093375,0.02645880464754353,0.034717045246035104,0.06383017737750601,0.054309949524016084,0.25216859755683924,0.1846209302886088,0.06193967107596506,0.03977336852240908,0.0316027845066268,0.02638973905270745,0.12663045892757954,0.2954598465125734,0.11618409710754192,0.047137373886491925,0.05928055725652628,0.08755376904824506,0.4390199886020595,0.2309362802178013,0.12294584703398861,0.06875187253365259,0.0993585849066746,0.41904792062784774,0.1520103610143247,0.11026644309637333,0.08491147107526476,0.09389084776249139,0.276118077325552,0.30954159533278713,LC_V18_H2p0_T7,0.4390199886020595
5,"(5, 1)",48,2,thin,,Y,0.045354229655085704,0.00023033467551860422,0.0004137170753092541,0.0005518296090077185,0.00011402677132785881,0.0003212355182433996,0.0016777146020680513,0.0013419769214721548,0.00039459030559628667,0.0036705420094027,0.000407344959397807,0.0015061142572704489,0.001041093778780671,0.021175029315925735,0.009416130220957306,0.006738540777340109,0.034354551021569216,0.0019435771874426926,0.016282910340246624,0.004587871648131344,0.03286292760083741,0.007991867106491237,0.023413049406186503,0.05465342350053385,0.04566892323419518,0.005646894373572657,0.012766060204548783,0.008152460317437176,0.7591491647044771,0.09401107524838603,0.8249551631490278,1.0314490723411602,1.689863022607662,0.5028411501478227,0.15201195208856033,0.5393701977572305,0.9165894278764045,0.8326322240601431,2.349265600974438,1.0849330879949608,0.23944440506641096,0.2766333165074308,0.360611978132302,0.6573774790960735,0.5598326546726404,2.569777352835739,1.8592793936542578,0.6102697878306479,0.39229981776699624,0.30161587901466885,0.270162421471247,1.2878760264188853,2.9619427230767026,1.1386154680264664,0.46191844048112285,0.5625668505158795,0.7911180264394853,3.9105290336442367,2.0159530981855656,1.0417787769851259,0.5619446781141216,0.8725028193301606,3.6032108282210795,1.2711259853389016,0.8912480297134064,0.7408368559809587,0.7949845681814369,2.254117752373244,2.4494579539024564,LC_V18_H2p0_T7,3.9105290336442367
5,"(5, 0)",53,1,thick,,K,0.00018251154094611212,1.6254867507926663e-05,2.8552137060891235e-05,1.629275729023519e-05,3.3216764975699177e-06,3.6883675482665424e-06,3.6816277292920614e-05,2.865144612389936e-05,5.743926582416861e-06,4.779485137082643e-05,5.277394333686447e-06,1.1318425423703766e-05,8.062680330613495e-06,9.535997877389661e-05,4.227278365889638e-05,2.729815017110401e-05,0.00013859446979219922,8.082052179918784e-06,5.843922947026619e-05,1.722575731636379e-05,0.00012390613178290803,3.006586280188896e-05,7.958920092866712e-05,0.000185839746296288,0.0001374025840090811,1.8923539242856783e-05,3.601046169352679e-05,2.5043159587324032e-05,0.0012663469962786026,0.00015696406149090026,0.001379133354014665,0.0017341235216800815,0.0028624335860501825,0.0008866213849449911,0.00027601388090570426,0.0013500730104081349,0.0022738760615405897,0.0020920108562478058,0.0058805381620089595,0.002772086909334743,0.0006139778252079305,0.0007306662088820039,0.0010352720328298043,0.00188507791425918,0.0016182274233015692,0.00743778024522849,0.005509908268596345,0.0018257255671165074,0.0012042145838864677,0.000947065149410086,0.0007843813311037595,0.003679351615233928,0.008506365328305437,0.00323665788994044,0.0013488835996916019,0.0016638774131432239,0.0022014526527909637,0.011011942711392848,0.005745341745119045,0.0031296310358519073,0.001748228820399073,0.0026901934614225057,0.01117619150115871,0.004129437418791685,0.0029886515019498733,0.002369966124067196,0.0026079447461346953,0.007542679607977532,0.009152877846831765,LC_V20_H2p5_T7,0.01117619150115871
5,"(5, 0)",53,1,thin,,K,0.000720713260332974,0.00031089159059006935,0.0005464458422028783,0.00030811976400945567,6.260367079394915e-05,6.52397799018706e-05,0.0006424943301181775,0.0005000694739451336,0.00010049584770713278,0.0008231905601757642,8.96287987725049e-05,0.00017636183795204433,0.00011807389216529991,0.0013229875712733538,0.0005780767181233798,0.0003738606853434072,0.001782394250309627,9.456674119397706e-05,0.0005980668744162905,0.00016167421763287374,0.0017691465888635093,0.00042441915576590304,0.0011200170414263702,0.0024685038190863217,0.0016809650542785606,0.00018547488113974592,0.0003247357449601655,0.00019542708546996758,0.01125619736658555,0.00138689130546688,0.012320856619729734,0.015123157580950362,0.02442710696506053,0.006824380433191294,0.002017203321461561,0.014322559288561954,0.024167110854112443,0.021871596586909684,0.06030704736583125,0.026235971525187866,0.005432975124950463,0.006128751671232876,0.011801695199899846,0.021608024923851697,0.01829608534980136,0.08302025306557963,0.057774112520851253,0.018214160307908317,0.011510328973424537,0.00836663658014462,0.007134577402841817,0.03299484587911269,0.07239256153337226,0.026542614283493072,0.010691452159122053,0.012274458383917091,0.020262458118113832,0.09761742398648107,0.048991380362859605,0.024209504948801808,0.012556141603487173,0.022068233510194227,0.08913550275550249,0.030359948691100546,0.020601460210041715,0.017637562852309892,0.018159654003118756,0.04976965340554168,0.06194907125309789,LC_V18_H2p0_T7,0.09761742398648107
5,"(5, 0)",53,1,thick,,Y,0.00018251154094611212,1.2457999743257495e-05,2.179742078142115e-05,1.2221115232947588e-05,2.4814225552208506e-06,2.7034363061470864e-06,6.299353852964549e-05,4.9142529427252165e-05,9.595720525035605e-06,7.995534935527038e-05,8.720256542457667e-06,1.6795335027112407e-05,1.1323492780093115e-05,0.0002996255558987529,0.00013122195829759267,8.050184300336704e-05,0.0003906242174402609,2.11163845335895e-05,0.0001276441166072393,3.510487755681237e-05,0.0006451857703661485,0.00015540423272864584,0.00039648362342204277,0.0008929125291814087,0.0005789387619901736,6.636437571991958e-05,0.00010816414356091586,6.697593815550435e-05,0.00400028484542986,0.0004943593023971205,0.00425043313658325,0.005279326199523149,0.008252005334559366,0.0022718948211621006,0.0006858582950661161,0.00357353840085886,0.005929221562101952,0.005405209293756343,0.01459254370194018,0.00627890972823309,0.0012683430510120046,0.001454883641268834,0.002688279490472718,0.004852536715065406,0.004123037645441305,0.01839968840874281,0.012663500182933671,0.003910923434533347,0.002498891639897263,0.0017824913279183017,0.0022408708616410253,0.01023552819229814,0.022215505738043314,0.007937991529440323,0.0032181215213520314,0.003624944155056855,0.007200956677208895,0.03432554622254156,0.016998572342665642,0.008348491198064155,0.004268389697660047,0.008986423964784522,0.03567170694550202,0.012108451178469426,0.008089135500491977,0.007968633228462578,0.008134877919994066,0.02179670462839349,0.027953276726571004,LC_V20_H2p5_T7,0.03567170694550202
5,"(5, 0)",53,1,thin,,Y,0.0014300928707160821,0.00022909210659309074,0.0004009539920776356,0.0002250442823325226,4.5642665703561565e-05,4.725866064589881e-05,0.0009775902071255272,0.0007623540453943899,0.00014992005224824222,0.0012448921393097443,0.00013570364154776444,0.00026265823437630214,0.00017677812367676078,0.004128718115508166,0.0018080268347620988,0.0011165703191387789,0.005408493325981286,0.0002916000283692276,0.0017763371717680612,0.00048711061783017614,0.008355989957055027,0.0020108251928142758,0.005140641253841562,0.011555136180477469,0.007526927540998515,0.0008591706169583268,0.0014097029270776636,0.0008712174345643739,0.05222660655188445,0.006452799935399197,0.0556879468192719,0.06908670878518662,0.10838967715249181,0.029889083961017332,0.009011094885580452,0.04859075584357797,0.08081652858397984,0.07359145311721257,0.19921938633804914,0.08587111122281399,0.017413452903851333,0.019957560956681893,0.037349621415529846,0.06759314396967507,0.05742610477049781,0.2566985795107705,0.17666477352667362,0.05468058325573605,0.03490727821792202,0.024952023722840836,0.02953879941037076,0.13527958264866188,0.29434120150408427,0.10557603651836184,0.04278361655436201,0.0483535040117801,0.08934912426012398,0.42739568209292994,0.2121392941251646,0.10455055386749476,0.0536004150216611,0.10871464747436801,0.4326030669652879,0.14657268755542696,0.09804233227191944,0.09910294235630866,0.10145467888784042,0.2726398839437503,0.3423710802215381,LC_V20_H2p5_T7,0.4326030669652879
5,"(5, 1)",61,1,thick,,K,0.00018054326408728025,5.652038354083642e-06,9.848414614431998e-06,7.4961182119883775e-06,1.4437854355637727e-06,2.287850631007971e-06,2.1001575355654356e-05,1.6364756801849024e-05,4.3500828742827705e-06,3.4493705065105404e-05,3.605982503173979e-06,1.0878561141710463e-05,6.737799159954553e-06,0.00012143161015847484,5.3197457731471635e-05,3.9652511807181304e-05,0.0001910967387287385,9.838567464415411e-06,7.903776605488638e-05,2.0557699946022603e-05,0.00011523081138550346,2.7783506753373718e-05,8.54013002981444e-05,0.00019101108679861245,0.00016302831460253403,1.7272939491644586e-05,4.0642267126746526e-05,2.3346787047445723e-05,0.0031604037845026117,0.0003897693409412355,0.003498588131466106,0.0043097706182757285,0.0071527429976720805,0.002074323237097635,0.00060659956490329,0.0025271670059990956,0.00435446521143895,0.003922470244542497,0.011221895068403823,0.005080221790272425,0.0011258648811098592,0.0012300638573873245,0.0018311203123430291,0.0033677284954854634,0.0028452374693338565,0.013204478055296948,0.009455858160283725,0.003120559405039475,0.0019406518947470415,0.001487507199670127,0.0012781123641333067,0.00610575598784829,0.013895489503407393,0.005444309648035826,0.0021357570682453363,0.002615881017622523,0.004047996455964072,0.020040668770476694,0.01055155044603277,0.005387105894211922,0.0029730473542387208,0.00460733687963501,0.019401587574803588,0.0067666239247504015,0.004865985947313964,0.003812770887210402,0.004012214225480797,0.011610506801659202,0.01292147657041385,LC_V18_H2p0_T7,0.020040668770476694
5,"(5, 1)",61,1,thin,,K,0.001997612590745079,3.680679653172568e-05,6.35806568571449e-05,5.1868543213105505e-05,9.93923178022889e-06,1.6840879373920485e-05,9.425490389830036e-05,7.38535363522154e-05,1.960457678343475e-05,0.00016200562433497614,1.7048254409587998e-05,5.334321209846489e-05,3.363013016926279e-05,0.0007911129890885845,0.00034758511203086763,0.00025117374400152975,0.0012316321588860405,6.485618155369867e-05,0.0005193900001676268,0.0001368381732621983,0.000644161988046446,0.0001564330672525242,0.0004782946019327607,0.0010876718518548132,0.0009307366615882711,0.00010112148073971125,0.00023906288385061583,0.00014030492949231062,0.021311636626191705,0.002633687036531686,0.023301666744344567,0.02890559176888879,0.04755579932278838,0.013848201651285077,0.004085574716540498,0.016544474994799992,0.028298904377367703,0.0256256055714111,0.07273823553013645,0.03314363555969823,0.007305886766893138,0.008119217913387723,0.011823249906517263,0.02167213075755914,0.01835352212952827,0.08477455230555343,0.06079712157972383,0.019986858082839856,0.012580931570666922,0.009664009344255648,0.008300676808927168,0.03981845317571406,0.09147933285099388,0.03534274429536237,0.013969140979868974,0.017171314329566856,0.027656663938304026,0.13614976739887322,0.07138292884954296,0.036397294493885624,0.020027396875733253,0.032428298819402,0.13658248207457122,0.04769626582536976,0.03421138965581203,0.023634147929908863,0.025144152648706106,0.07360420172566069,0.0937501492450442,LC_V20_H2p5_T7,0.13658248207457122
5,"(5, 1)",61,1,thick,,Y,0.0017857619918102091,1.9774701501380338e-05,3.462764671168893e-05,3.7602050100287034e-05,7.057372101567611e-06,1.6166412713191263e-05,0.0001095405166825807,8.560620965086715e-05,2.6020497437380625e-05,0.00021462030312584783,2.2225904911834445e-05,8.21339969216394e-05,5.079603739669753e-05,0.0011324189931084367,0.00049939988256162,0.00037232817898661,0.0018383391258137052,9.729330929097634e-05,0.0008238721795288249,0.00021752372646634518,0.001303057533287962,0.00031680734708453055,0.0009901672716462221,0.0022523878821955994,0.0019833331098082613,0.00021555364371680848,0.0005246361367472945,0.0003078771483044819,0.03862432921356163,0.004774674548350712,0.042593186476030526,0.052869491257415246,0.08794313064333945,0.026021983263913404,0.007668915475849992,0.027538312029460336,0.04743508481467031,0.04282851391535617,0.12323722020743721,0.05681621498861362,0.012748654107397485,0.014104146983633596,0.018320246487623235,0.03367354975784038,0.028570578443706644,0.13299861514166472,0.09659571858954008,0.03230217625002625,0.02027948797800616,0.015869220315471923,0.012822063944423569,0.06197678026503621,0.14366924315401974,0.056564693474109154,0.022327556994189354,0.028016107779751442,0.04430334272614373,0.22080650897485202,0.11673276563995759,0.060308974689795895,0.033586469721678586,0.049877795389070605,0.2111229358694229,0.07484710424212208,0.05432050069228232,0.03902992251821121,0.04199777713465178,0.12363630236879247,0.13785121929293806,LC_V18_H2p0_T7,0.22080650897485202
5,"(5, 1)",61,1,thin,,Y,0.02171690637165076,0.00025349661437328236,0.0004439555070807143,0.00046897169833550416,8.81903251161649e-05,0.00019668467070400186,0.0013140011446090677,0.001027350874160612,0.0003089257294227887,0.0025479911170678514,0.0002641873595099103,0.0009640161358314904,0.0005971560467597143,0.013369556728049271,0.005896352184534243,0.004381802398552531,0.021637746175784817,0.0011448345871829517,0.009650130246666841,0.002547069534986442,0.014962411242285556,0.0036365045518101,0.01134489179448102,0.02581051532505221,0.02268273764555788,0.0024660718037808585,0.005992679991346716,0.003516987584033119,0.4470708613524953,0.05528266677269902,0.49033938865530385,0.6096050042492804,1.0080126949463082,0.29631191333145707,0.08765245407319096,0.318244962487485,0.5452431203275503,0.4927473164972929,1.4037996786854428,0.6410715808288876,0.14177513449142487,0.15769846322783723,0.20355668168506716,0.3713293845573958,0.3154512127195758,1.452515343046198,1.0474941877706403,0.3455398626336318,0.21775887289950627,0.1675105538743259,0.14284114882665028,0.6864154195017277,1.5725744848065673,0.608757314230904,0.24120471388280115,0.29603877968252135,0.4402740230833336,2.1700943663175623,1.1283787982385403,0.5734671930818841,0.3114015935765426,0.47959929409742896,1.9988560176530135,0.6966533213892532,0.49268753726145215,0.37949429921242395,0.4024997152514487,1.155518612496034,1.2545903729810965,LC_V18_H2p0_T7,2.1700943663175623
8,"(8, 0)",33,1,single,,TY,9.217780402248842e-05,4.821032906825761e-07,8.669116858983014e-07,1.1764670772262484e-06,2.5974324894627355e-07,7.731302010139416e-07,3.984413679686118e-06,3.188615143255613e-06,8.969973968664477e-07,8.812841361629687e-06,1.0249318878310838e-06,3.567663986570403e-06,2.6760184764016554e-06,4.986222880968362e-05,2.218722015152167e-05,1.562579134582153e-05,7.980313759784828e-05,4.68073437015259e-06,3.823047340121008e-05,1.1250924435048719e-05,7.935282528914534e-05,1.9277909792058254e-05,5.595638500909643e-05,0.00013011595117950052,0.00010724826870825854,1.3859364775591512e-05,3.00301667242853e-05,2.0127705021194944e-05,0.001903013404363948,0.00023562555705659613,0.0020723131276863104,0.0025872142121175605,0.00424332807744139,0.0012830206097461262,0.0003942288902031512,0.0013610030368676257,0.0023116387232930418,0.0021015085565686416,0.005952261731482349,0.0027888246165813026,0.0006250051765147513,0.0007345687077520258,0.0009144625711324671,0.0016688244156392949,0.0014198758605956502,0.006548330442222182,0.004819571582993668,0.001613802455875999,0.001059623280269174,0.0008455680855529298,0.0006926061585371594,0.003304643239036965,0.007698083818427367,0.002863256778006377,0.0011796987311430219,0.001476429043896238,0.0022366404741418215,0.011233700366274461,0.005884908134380592,0.0031965687189063055,0.0017932451872794248,0.002495451720382011,0.010459147940447925,0.0038590774504751258,0.0028087649463687764,0.0020514961723557307,0.002298332070847794,0.006782880352879515,0.007738992537884088,LC_V18_H2p0_T7,0.011233700366274461
8,"(8, 1)",34,2,single,,TY,9.368470430086408e-06,7.164005042423703e-07,1.2597801251957218e-06,7.236620401034426e-07,1.464885978634046e-07,1.5805670894289026e-07,3.3382960508427954e-06,2.6089140122978953e-06,5.106359096297147e-07,4.290286862865628e-06,4.682919980742973e-07,9.226465927015872e-07,6.233800521033005e-07,1.6759326102415894e-05,7.3391892272835705e-06,4.481257101238868e-06,2.1768650520551335e-05,1.1758276011192282e-06,7.120479959342919e-06,1.955738666363102e-06,3.337185297012129e-05,8.021180327728852e-06,2.037760357703499e-05,4.568233430490502e-05,2.9548356682793675e-05,3.3479685152200763e-06,5.488150450606842e-06,3.3694288434161947e-06,0.00023418320123638008,2.8980603020584256e-05,0.00024678519929240947,0.00030765437558140146,0.00047804194661091033,0.00013156025090721674,3.9694025938335826e-05,0.00021237998598143146,0.000352592423666599,0.0003204549460990486,0.0008655816738968077,0.00037142972838512007,7.508429398367795e-05,8.59505244503841e-05,0.00015133671009012788,0.0002703071017888842,0.00022921010381961492,0.0010123055102966509,0.0006902008987693742,0.00021164674860203758,0.00013550871164402282,9.621175497924671e-05,0.00014410157752119847,0.0006560823238020428,0.0014188116762360258,0.0005096891839963165,0.00020675825097118597,0.00023269618485950618,0.0004369352109104609,0.0020828588233075683,0.0010343198853761692,0.0005065893217078403,0.0002599316070389181,0.0005901198410315665,0.002335546317562248,0.0007843976449169658,0.0005226894986975257,0.0005630971351846154,0.0005776385433199822,0.0015517418105717728,0.0021774791239886774,LC_V20_H2p5_T7,0.002335546317562248
9,"(9, 1)",41,1,single,,TY,5.41451871348682e-05,1.920366846960859e-06,3.3650608559282945e-06,1.9225163676419544e-06,3.9144110160448876e-07,4.858641892636699e-07,1.1440820666299064e-05,8.935144196557037e-06,1.7168920970113946e-06,1.4491708743480353e-05,1.5841337689908677e-06,3.0772431520689855e-06,2.263107232133005e-06,7.911554203629962e-05,3.470727783860699e-05,2.0729146907839905e-05,0.00010125642878692217,5.55752746872508e-06,3.29561332196513e-05,9.398210876919534e-06,0.00022711295961111284,5.477587122617658e-05,0.0001369714889769008,0.0003121506102460825,0.00020065791737892136,2.5088093455969567e-05,4.0115991150052946e-05,2.722587992056644e-05,0.0015623518571493316,0.00019322545008108633,0.001642560917886186,0.0020481759564568145,0.0031764561598842623,0.0008937587076064429,0.000278738512900635,0.001646478035008573,0.0027199887115706015,0.0024809736368623177,0.006671024112998461,0.002920208992396513,0.0005958363622564671,0.0007210890811448168,0.0009179742435251974,0.001635230355093577,0.0013900109137172897,0.006136125545730311,0.004259755501059229,0.0013194959824808987,0.0008852949324437426,0.0006502902437325726,0.000779270828824419,0.0035736024415254004,0.007901877682610194,0.0028435655232436803,0.0012057502433112837,0.0014096232016442454,0.002322373821566226,0.011170897200483308,0.005555434169819341,0.0028641522667896186,0.0015081663564648234,0.0032275948194219364,0.012796858907973115,0.004433130543663025,0.0030124531243552214,0.0030790101310094052,0.0032081179544387315,0.008699219640971203,0.012330155035732057,LC_V20_H2p5_T7,0.012796858907973115
9,"(9, 0)",47,1,single,,TY,0.0007320704532007419,4.676948795858793e-06,8.421206249232145e-06,1.0488376033637896e-05,2.198699758470354e-06,6.043149255969253e-06,3.727015738495876e-05,2.9699623113238536e-05,8.489394655914614e-06,7.93302931110403e-05,8.856994801521244e-06,3.150822894537669e-05,2.2060010160494278e-05,0.0004105489921467332,0.00018274749463753306,0.0001307175183380076,0.0006639302161638803,3.7661153776643496e-05,0.0003133819584505947,8.907571668838284e-05,0.0005572591474960454,0.00013550189804683105,0.00040357662628931853,0.0009358726756130817,0.0007956303682683652,9.83778761385452e-05,0.00022298329730873547,0.00014336025228392298,0.014475609433818124,0.0017913954197306579,0.015866512958159766,0.019785943538438322,0.03275437363794686,0.009894450359538048,0.002998202564476729,0.010566008699272775,0.01803991291929549,0.0163936914360059,0.04669062623349325,0.021800382427017585,0.00490454062866734,0.0056413368035116845,0.007185504987708831,0.01315771606710227,0.011191658900115677,0.05180350697800538,0.03806656011206695,0.012763182039115676,0.008232955463288207,0.006535652784214394,0.005289458085434766,0.02532705037408007,0.05905016011956057,0.023090554365722427,0.009362502889570468,0.011805058754001549,0.017383700486666747,0.0877886969268576,0.04646524907174038,0.0250344836145548,0.01413118787401356,0.019441407739107727,0.08246342678659974,0.03022694574389714,0.022140947349537494,0.016089545943234498,0.01784591884428134,0.052942896243136764,0.05852130803706996,LC_V18_H2p0_T7,0.0877886969268576
10,"(10, 1)",44,2,thick,,K,0.00012778589953166045,2.535341794738907e-05,4.473279770845038e-05,2.6477156888668812e-05,5.389832430905731e-06,6.095193161387592e-06,7.496957674269381e-05,5.863006542411728e-05,1.1903155008672926e-05,9.971145147690092e-05,1.0899489381931189e-05,2.2491385190691262e-05,1.5205900889207944e-05,0.00021040294727913,9.257061416533094e-05,5.934048449156958e-05,0.0002894801391237499,1.557991672459321e-05,0.00010183899465446179,2.7830810001080826e-05,0.0002734417819050985,6.588049565073389e-05,0.00017498101591808445,0.0003928725690878368,0.00027222348513596323,3.134386783738288e-05,5.6185747843654893e-05,3.487359985961455e-05,0.0026272350097911643,0.0003238225678738777,0.0028382198672329147,0.003507585666267822,0.005625342605966603,0.0015896512667856087,0.00047555253000784546,0.0023831636036682883,0.003999068175681939,0.003633861170758507,0.009997999591728382,0.004391831499406737,0.0009176240427698182,0.0010458264965100934,0.001684113776429417,0.0030686581223486643,0.0026093458986784475,0.011822415003985962,0.008313664565278536,0.0026465897758191814,0.0016883961565067236,0.0012475515160693792,0.0010880041336143727,0.005036740747884102,0.011144818859873147,0.004110286348314619,0.0016624623013347386,0.0019414439160627829,0.003464251246162359,0.01665947570465447,0.00837948598004855,0.00417873556507262,0.00219245994525697,0.00393289061455739,0.015906902904095698,0.005456877124706291,0.0037428870951638714,0.0027798158319678654,0.002916401089769752,0.008110818569058043,0.010567063028633583,LC_V18_H2p0_T7,0.01665947570465447
10,"(10, 1)",44,2,thin,,K,0.0018343909951669816,0.0004199062905121049,0.000742029828809649,0.0004377276511896624,8.924631001500122e-05,0.00010058528791655174,0.001152578769368384,0.0009012932588543764,0.00018336750633652737,0.0015372408403198463,0.0001681354048285786,0.00034765863313988957,0.00023518101786279007,0.002936790221653604,0.0012918192073087887,0.0008333026591533971,0.004065929624190127,0.00021832674554430164,0.0014438174156267973,0.0003939539147208543,0.003648989645944053,0.0008765215273535975,0.0023403508604948582,0.005251951318743247,0.00366340212836006,0.0004216426349221643,0.0007631477231805248,0.0004734872465364103,0.03442573468752823,0.004242479420228048,0.037415369077475044,0.04613239899991512,0.0743982771675653,0.02113452674408858,0.006313419754168153,0.032744120192141374,0.05506477020081925,0.04999117846489574,0.137865494432157,0.06065796175826543,0.012720370586068381,0.014473805714769184,0.023362110291183437,0.04267513524755193,0.03626735620238103,0.16495561010752227,0.11645961733581395,0.03724011629569578,0.023774001746462513,0.017646873678873774,0.014623992610632429,0.06789167270170046,0.1506604208370073,0.055787437725859944,0.022563474774763833,0.026486683571972335,0.04519652843386341,0.2181141397989917,0.11008862236120798,0.05509706315175865,0.02898159778686842,0.05056666525067167,0.20530594756469084,0.07059428307002642,0.04855398409282205,0.03556958069773699,0.037441865846138206,0.10471427095059413,0.1327576568342212,LC_V18_H2p0_T7,0.2181141397989917
10,"(10, 1)",44,2,thick,,Y,0.0005659420131926503,5.410853902570037e-05,9.483611270864484e-05,5.672880571308686e-05,1.1470457370263435e-05,1.3105980962155502e-05,0.0002496095736939609,0.00019506347111197938,3.8770729994216e-05,0.00032523971136946426,3.54754819253454e-05,7.162217697411703e-05,4.824547688963865e-05,0.0011964031104609173,0.0005257531977353752,0.00032439500075106533,0.0015877085742487447,8.636392959598104e-05,0.0005376344205960811,0.0001478791805896235,0.0020023686713401467,0.0004828331246020211,0.0012497069984041978,0.0028206678600746155,0.001885226584816921,0.00021787016937363691,0.00036999587575596533,0.00022972827514410092,0.018789822722466622,0.002320186118778798,0.020017855156131352,0.024812185444743364,0.03897859462347525,0.010801526746047282,0.0032521983220289803,0.014484597796907112,0.02407536187486788,0.021903715913966688,0.05943410812067476,0.02574910575450057,0.005261990350252164,0.006016861283505115,0.009713762925423525,0.01746866214702775,0.014850178757501888,0.0663401011494909,0.045902769305381376,0.014290485214629497,0.009149643373506636,0.006600272586574437,0.007195420649989831,0.032973860172002226,0.0719014685768219,0.02606496131646334,0.010560451861075966,0.012064010933308304,0.024872961256836645,0.11856634000734959,0.05908318769709671,0.029128208466595557,0.015009377214675095,0.030326249288297264,0.12125264465406473,0.04101582417538977,0.027652917913359186,0.02340621430469248,0.02409140817929497,0.06540771331897034,0.09007201235787379,LC_V20_H2p5_T7,0.12125264465406473
10,"(10, 1)",44,2,thin,,Y,0.008064559792505447,0.0008742773735562558,0.0015344594725122934,0.000916596742198827,0.00018563407235462617,0.00021178708923730866,0.0037260560140025905,0.0029129928087428467,0.0005813275826259595,0.00487456953489284,0.0005319048697372042,0.0010788275164220977,0.0007268018014973869,0.016354449022419025,0.007187204348641024,0.00446008897637335,0.02181859808319433,0.001185765977674586,0.007440838642176161,0.002043476316799415,0.026281035811822766,0.006338387775626381,0.016494937164548463,0.03719708451264661,0.025006357663884194,0.0028883234916134365,0.004947860141410969,0.0030706027674072354,0.2491429335115565,0.03075906106063917,0.2659058640077265,0.32941704600831473,0.5184413883130693,0.14391286728667826,0.04330917205514194,0.19319544785154855,0.32153066190521046,0.2925269597618774,0.794676703378277,0.3442659969547757,0.07044363649371428,0.08054154567890663,0.12365382424953829,0.2222080878963987,0.18883948564354655,0.8421855606374024,0.582104958688681,0.18097129386683025,0.11585348457988717,0.08341183701708249,0.08985333112206498,0.4129235525667764,0.9031073559921872,0.3280128080001256,0.13274829904427532,0.1520236084670395,0.28386330687891476,1.3547360980115764,0.675000993343915,0.3321760661936315,0.17107233906131092,0.3349359707104212,1.3377451295524074,0.4522071839588846,0.30425155213455096,0.2691474901874404,0.2773235623883807,0.753114023477587,0.9767177426485271,LC_V18_H2p0_T7,1.3547360980115764
10,"(10, 0)",46,2,thick,,K,0.0003038882479287182,4.318754045708219e-06,7.641516533022087e-06,6.770915006021076e-06,1.3482964095500544e-06,2.584516964152944e-06,2.58090231133453e-05,2.0221099254853433e-05,5.276802807110231e-06,4.4466399766823835e-05,4.784027229060772e-06,1.4531251105022453e-05,9.558925885781997e-06,0.00019520871263907396,8.636499685921696e-05,6.042565591511948e-05,0.00029952363575933786,1.6297467789077e-05,0.00012691396006321142,3.4628409073525204e-05,0.00023149946257306799,5.606663890809175e-05,0.00016491742108898532,0.0003759844953909355,0.0003061141257678313,3.510768249824299e-05,7.679415067028793e-05,4.708554265885052e-05,0.005909335440838834,0.0007300889640999178,0.006467971265522521,0.008024040473717894,0.013198142397203658,0.003863011653556542,0.0011494182471917245,0.004332540340239692,0.007378384125591272,0.006683243993610094,0.01892979632589828,0.008582307314332651,0.0018834852350362887,0.002113364182448043,0.0028634985947333185,0.005231031212854542,0.004442712799187186,0.020451077205657715,0.014736799136111188,0.004846754101357352,0.003078665657316081,0.002371786642946348,0.001990118473638019,0.009483851223429996,0.02173352857740737,0.00837278207652335,0.0033550854576754304,0.004128279993538305,0.006885897888049195,0.034191086925016774,0.01785896464586872,0.00925215018925527,0.005094504432279943,0.007786080172695809,0.03254500318907317,0.011522409853372563,0.00825411568876265,0.006100980302183369,0.006553221238835547,0.019031630899935034,0.021501510985566425,LC_V18_H2p0_T7,0.034191086925016774
10,"(10, 0)",46,2,thin,,K,0.002305684778952669,1.667101528612996e-05,2.9658870935149615e-05,2.875431025785339e-05,5.888884917235214e-06,1.233088305108123e-05,6.913094836651237e-05,5.452405051020282e-05,1.5078042958270019e-05,0.00013380030635055273,1.477360996488291e-05,4.865757967371225e-05,3.339907495670974e-05,0.0006926253137469531,0.00030553616373389544,0.0002166679146496534,0.001079424627409639,6.047997919703148e-05,0.00048064197146184485,0.00013556133546801575,0.0008496217811782661,0.00020615163096200217,0.0006088886721996092,0.00140102743575371,0.0011611138617582274,0.0001395485113218107,0.00031005373194053164,0.00019631815296373617,0.019151491776815795,0.002375043524733782,0.02080424578019462,0.026047435636134323,0.04278970755911621,0.012840092130451198,0.003896226042339091,0.014794874716482713,0.025287972338857947,0.022923383999828982,0.06509630114156105,0.030092591229466326,0.006697340575898779,0.007682013372332648,0.010909139254776054,0.01998970590049662,0.016960761825483534,0.0783281020193624,0.05688655050340023,0.018950668906764008,0.01211376072212538,0.00947966631263568,0.008384996648652611,0.03999276853204228,0.09197451372830891,0.03546217013428117,0.014354376520721239,0.017838692090791527,0.028844326368750547,0.14305700735777804,0.0746610154137604,0.03932212822116702,0.021793163812939716,0.0336553311474015,0.1409701034116947,0.05083629183076799,0.03674713386098839,0.026861309133939925,0.029433431767542647,0.0862738482511188,0.11110921336387646,LC_V18_H2p0_T7,0.14305700735777804
10,"(10, 0)",46,2,thick,,Y,0.0042352380626051464,2.2620751410266308e-05,4.056830070930619e-05,5.234156148501084e-05,1.0700705555553517e-05,2.949693243200875e-05,0.00015663682174581385,0.00012480808070636543,3.694692073162611e-05,0.0003409711788933813,3.755426842380435e-05,0.00013894137488515014,9.554373837418015e-05,0.0019152111436788039,0.0008501260460674439,0.0006116423995527336,0.0031046468601803926,0.0001742585675863669,0.0014626141751869486,0.0004100216615222336,0.0026409472850506487,0.0006420559030793977,0.0019258153487690794,0.004463292487962411,0.0037999705173546575,0.00046175265010814544,0.001053527737772014,0.0006697068192469628,0.07034448908270777,0.008720781843805047,0.0767422736879687,0.09613655405763073,0.15864545489337875,0.04775665342011832,0.014468581960926149,0.04912984994697994,0.08399038886252518,0.07619009119482859,0.21728042437736186,0.10119141684934216,0.022698213478177423,0.026019332430123717,0.03204934003146639,0.058655728498135676,0.04982266809603622,0.23061077450775397,0.16971524478952407,0.05702594921240961,0.03675676023334877,0.029214816534107842,0.02315150156882485,0.11149497200692769,0.2606084452758375,0.10259315260075082,0.041664412919101654,0.05278218171770889,0.08136817807151282,0.4065806797124841,0.21374599736048522,0.11312966930325992,0.06320497062473353,0.09021824805498177,0.3803743874433213,0.13848101214703287,0.10069779455537085,0.07148571725600446,0.07931203673561443,0.2352094558756675,0.2677492392221383,LC_V18_H2p0_T7,0.4065806797124841
10,"(10, 0)",46,2,thin,,Y,0.04979435681932691,0.000270644003604421,0.00048502154711646127,0.000612884169116822,0.00012538280787495514,0.00033946778086215,0.00181386110665178,0.0014443779359555474,0.00042618758387895166,0.003921163861724028,0.00043181777964495415,0.0015862482950119,0.0010898768614937895,0.021813730682035886,0.0096789900981478,0.006967325943463658,0.035310483459466586,0.0019793024276690213,0.016579195164704144,0.004647027936244526,0.029907762088681417,0.007270995134699404,0.021789710393384364,0.050466577366628136,0.04290616637811753,0.005211380346783955,0.011874805188878419,0.007546686097210386,0.7747751738031776,0.09602769842891029,0.8400761049579135,1.0524909575856614,1.721508612129822,0.5114649134991736,0.15482055347768403,0.5349848804338266,0.9105216257953817,0.8264857509826897,2.3362059738836893,1.0759477662123191,0.23681348690946727,0.2725288957578706,0.33642102765965504,0.6110241751095828,0.5200035865663224,2.3808355450340923,1.7210905868372264,0.5661331944664044,0.3641334498933509,0.2807195665964536,0.24107663449962505,1.152283667002084,2.6552395617627127,1.0215485671308882,0.4147291885375977,0.5077469705583827,0.7359082380165028,3.628943179720895,1.8728492296241934,0.9645943302136268,0.5206984311868789,0.7927530765121935,3.27596362771508,1.1549406365323431,0.8118306960867548,0.6386525513532105,0.6860180369489731,1.9570368793517054,2.1426464902297035,LC_V18_H2p0_T7,3.628943179720895
10,"(10, 1)",57,1,thick,,K,0.00017526171106911802,1.6929526588325513e-05,2.9989704858023575e-05,1.667091409287235e-05,3.4234914813908297e-06,3.7004350047428175e-06,4.153855788996134e-05,3.2539120962785464e-05,6.300639065301198e-06,5.2996793300478326e-05,5.802968182786362e-06,1.1214552303222487e-05,7.889356064276462e-06,9.389539692061628e-05,4.1145658086972374e-05,2.5856487388685124e-05,0.00012495635362092788,6.828940538648008e-06,4.81540825852326e-05,1.4292454829461269e-05,0.00012590768802535728,3.030087401862962e-05,7.876360619294815e-05,0.00017645897095176929,0.00011695302394904539,1.4425554456336389e-05,2.727025588662923e-05,1.8694541256063624e-05,0.0013123277003348067,0.0001624305484824955,0.0014123037235349379,0.0017716014000216814,0.0028845743387665886,0.0008814978837601099,0.00027489207100406824,0.0010807223117261606,0.00180313278378216,0.0016491690266805573,0.004584755406077516,0.0021622709578860513,0.0004735884610091039,0.0005702024786123046,0.0007288530246013285,0.0013195305530176418,0.0011232266764846623,0.005089174078732996,0.003735650736481655,0.0012407778269325816,0.0008322257753204682,0.000660553858568862,0.0005299685137881519,0.0024631290412615837,0.005655345503780947,0.0021105267907102045,0.0008925004242646555,0.001108115499976373,0.0016203162256488936,0.00801353411727409,0.004178739216062335,0.002244545573724942,0.0012493567996155603,0.0019185019188922524,0.007950021128612138,0.0029129075531116244,0.0020963514808021995,0.001463936407414062,0.0016213592306377348,0.004679363019113983,0.005899478532172314,LC_V18_H2p0_T7,0.00801353411727409
10,"(10, 1)",57,1,thin,,K,0.0005994424624637654,0.0003203262413431162,0.0005675221356994298,0.0003155564661910037,6.470055622798514e-05,6.61607127119009e-05,0.0007302718094153799,0.0005718213463274094,0.0001113511265041322,0.0009346732012244402,0.00010230418947665763,0.00019744468346191387,0.00013337993642490497,0.0014835439095973776,0.0006499074887022648,0.00041087370023846397,0.00198514995583049,0.00010626806430176227,0.0006630206533793493,0.0001799741656669153,0.0019009153183201207,0.00045656886600017557,0.0011942837793383703,0.0026612572233371433,0.0017755243216248126,0.00019838745288308917,0.00033946717024933696,0.00020712571303139213,0.013657320069497892,0.0016819167544385018,0.014804585641532293,0.018207245230099697,0.029157940023863377,0.00808529961820264,0.002398118042166959,0.014535868416340015,0.024364619075542972,0.02205740072053878,0.06024344601326087,0.025996427566064028,0.005328037283432634,0.006022442391420757,0.010954754986324838,0.01999741503367652,0.01695666220809598,0.07680060699516053,0.05352037815587899,0.016830793163490555,0.010693395738758316,0.007754156660363071,0.006902151201679671,0.03180085420811835,0.06948722812296086,0.025007410417608875,0.01012868521691607,0.011484715585720546,0.01952477340515323,0.09327830922921436,0.04640078940556358,0.022757644179200974,0.011707757257535733,0.021969974427905877,0.08791564490713538,0.02971652089170606,0.02002839056727918,0.01654225856816918,0.016934033720547005,0.04585003196560188,0.06660171570465177,LC_V18_H2p0_T7,0.09327830922921436
10,"(10, 1)",57,1,thick,,Y,0.00017526171106911802,1.443736094745888e-05,2.5412506906116498e-05,1.4077761887190514e-05,2.8745292336490354e-06,2.9895075895780274e-06,6.473338195915188e-05,5.071081551600984e-05,9.528760521158957e-06,8.0858777711232e-05,8.888373596990562e-06,1.647899515588155e-05,1.124172243919798e-05,0.0003096762056842722,0.00013593071278838995,8.178594012299308e-05,0.00039911319807803855,2.1806940339463757e-05,0.00012924862523556175,3.577724759616626e-05,0.0005958906787729057,0.00014371656342318113,0.0003643489557295469,0.0008232318122657049,0.0005332744487272729,6.167154931434415e-05,0.0001009304378208648,6.279986328445673e-05,0.004625528848523936,0.0005718649787602546,0.004894306010432047,0.006078126742202412,0.00945843485626572,0.0025990810538053543,0.0007868844174420803,0.003538053224423666,0.005845563972146252,0.0053175014875775795,0.01429597232207922,0.006124435487982318,0.0012345538732648125,0.001413643107155542,0.00242109981501454,0.004337468534187236,0.0036852222845910575,0.01634745105480157,0.011235988480849661,0.0034580263465092066,0.0022232557656110545,0.0015840888503029795,0.0020126334275727352,0.009170345539048483,0.019851348751888005,0.007081032553557915,0.002883417227640221,0.003234456594340511,0.006570480893270945,0.03111479771890598,0.015347334764163906,0.007496382420404226,0.003814236328438052,0.008595463465177696,0.033889015742265584,0.011370210619671845,0.007537971336526169,0.0077181526452035345,0.007857590680616814,0.0209408860228724,0.029825146906120228,LC_V20_H2p5_T7,0.033889015742265584
10,"(10, 1)",57,1,thin,,Y,0.0013788710173609844,0.0002592020449189532,0.0004571521004427907,0.00025314507367288895,5.176716891680477e-05,5.266604826068488e-05,0.0010298041730862407,0.0008063601392028849,0.00015251255118514204,0.0012907456972446427,0.0001417229187463597,0.0002648165490124375,0.00018025923632765574,0.004303259949820882,0.0018881739426308709,0.0011451821988190457,0.005577656254074068,0.0003034946620634301,0.0018141844904746834,0.0005002876651427421,0.00783765737387418,0.001890719206907107,0.004802744521163729,0.010842338735987186,0.007022000714650361,0.0008088569862066847,0.0013334327916295391,0.0008281284468638463,0.06123915142141102,0.007566018466989269,0.0650008630304247,0.08066187315114588,0.12586432345640727,0.034641434271899814,0.0104587306870917,0.048180964012323205,0.07974163379779176,0.07247317196139387,0.19511644082532636,0.08370564912838954,0.016926458123006822,0.019358563624172674,0.03341928742610337,0.05999574621455397,0.050935848991290354,0.2262428805304978,0.15552928202583707,0.04796146669164311,0.030809565140713077,0.02201471673126412,0.02654279074489278,0.12108420204029964,0.26237804241896506,0.09373665386359398,0.03818902467385436,0.04292256405970839,0.08318155548051831,0.39466954057020925,0.1950618666915859,0.09540836348181055,0.04863863831646204,0.10397649577453928,0.41061821232729107,0.13792343480876984,0.0916658188918476,0.09382865989287356,0.09568101840386406,0.25541793795299544,0.349500845555165,LC_V20_H2p5_T7,0.41061821232729107
10,"(10, 0)",63,1,thick,,K,0.00020642917149188425,7.4826916370893505e-06,1.3032503453651906e-05,9.886887379626826e-06,1.8998496353818445e-06,2.985175794126843e-06,3.0112900896409924e-05,2.3413740189099423e-05,6.0964951503905495e-06,4.765440523037545e-05,4.978300292742503e-06,1.4469720776214545e-05,8.948258749784182e-06,0.0001681817888783081,7.35792639010329e-05,5.4028598498911975e-05,0.0002583747815189534,1.3335680358173064e-05,0.00010497427793619422,2.728359191243998e-05,0.00013950481231414765,3.350357617586846e-05,0.00010318307974817869,0.0002293897795505867,0.0001940193007988175,2.032912011741032e-05,4.7379421792550216e-05,2.6991980929519642e-05,0.004408513384150277,0.0005432638468858077,0.0048552118433695095,0.005968372370454827,0.009848546247830896,0.0028305606596341396,0.0008250128736065853,0.0032672720487692242,0.005625572230565628,0.005057795720712463,0.014425431636768583,0.006465645514738137,0.0014206010673201294,0.0015474534124338645,0.002116705005029767,0.0038930655016383405,0.0032799882257866604,0.015176220830156366,0.01079064411833239,0.0035504973208621247,0.002202554291112881,0.0016835069902581966,0.001408254041461332,0.006691937786145826,0.015174386792496546,0.005903380691468925,0.002315153612051811,0.0028358732965082507,0.004943515213762919,0.02422764471081292,0.012635064739652938,0.006388906666666156,0.003493955302661459,0.005609665820371152,0.02344840496211051,0.008089719427717348,0.005759103920892548,0.003907463823875817,0.004092383203192386,0.011821163473421157,0.013325080943648985,LC_V18_H2p0_T7,0.02422764471081292
10,"(10, 0)",63,1,thin,,K,0.001358695586033062,2.7806301661116914e-05,4.96712368020929e-05,3.83510325807091e-05,7.51681824130619e-06,1.2345733768646556e-05,0.00015297333298033632,0.00012037955091776771,2.9060511651464123e-05,0.0002465552251653015,2.6327127182924142e-05,7.352905252912338e-05,4.741694363852452e-05,0.0009398031502826575,0.00041345255843502654,0.0002893900169197237,0.0014253388169773486,7.567038172067319e-05,0.0005757515914385447,0.00015431243286033108,0.0010593568182811956,0.00025587840325243054,0.0007426074278977485,0.0016913744374477855,0.0013479619718383944,0.00015278539462436778,0.0003283506991839774,0.0001969670722149542,0.019389104718725122,0.002394731242856987,0.021295141273176554,0.026392459020521147,0.043579141826881614,0.012752644598500954,0.0037687597866054227,0.017344084169756285,0.02962791649823579,0.026808749588027047,0.07605448657296617,0.03448402329061093,0.007551669281827582,0.00840974501280341,0.01444958281768656,0.026691711021597862,0.02258987473247827,0.10459294085600711,0.07474474889189556,0.02444198789213854,0.015328724042304518,0.011630343430072892,0.010930428164856783,0.05153924776828107,0.11640227968384664,0.044226469795831884,0.01766499659337782,0.02121938910512549,0.032500298450938096,0.16047071836963192,0.08336991239317683,0.042775848050258594,0.023273839341934825,0.039510486741280285,0.16503311330028783,0.057844089413959486,0.04098272666330766,0.03410520382395588,0.036090504830993145,0.10331195160991957,0.1276891216067788,LC_V20_H2p5_T7,0.16503311330028783
10,"(10, 0)",63,1,thick,,Y,0.0015175994566176212,1.7353961153142242e-05,3.056052136447968e-05,3.267111705965528e-05,6.167058447149095e-06,1.4181165778545895e-05,0.00013498505776542386,0.0001058457404718035,3.0680099685102455e-05,0.00025466926555124843,2.661655350830072e-05,9.247006210032098e-05,5.768286747864625e-05,0.0011960966320203944,0.0005282573982741969,0.00038984671330762055,0.0019237645239156102,0.00010173071460441026,0.0008472221128099017,0.00022452292907388543,0.0015145115335557788,0.00036673984237373596,0.0011331624161513413,0.0025740061850301095,0.0022143562049507025,0.00024238260585350533,0.0005742300524483021,0.00033759680140591674,0.03740169394666423,0.004619857953589717,0.04133929322256591,0.05121285518848676,0.08536077318150308,0.025251350599615814,0.007435974312861885,0.027864344434132868,0.04800671987410282,0.043306221584350324,0.12440965017169939,0.0570590737956886,0.012800000404064562,0.014102924621912224,0.019810253072993996,0.036613776766407,0.030993355368766413,0.14423435970345674,0.10429032743766957,0.03474287841849406,0.02173355924371786,0.016876376890201095,0.013983170525596472,0.06738011679166973,0.1555679263179806,0.061246887529431145,0.024159328029009774,0.030044271126026072,0.046572136052084365,0.23297710999287957,0.12301452341332118,0.06366855866201179,0.035333193956778836,0.052500791356930164,0.2221965083715938,0.07876018812164641,0.056886191033983194,0.043943458229590525,0.0471335089503612,0.13810553174196932,0.15146166549518217,LC_V18_H2p0_T7,0.23297710999287957
10,"(10, 0)",63,1,thin,,Y,0.018023511455833096,0.0002183691740655662,0.00038528494337037114,0.0004000007020023492,7.57650038799323e-05,0.00016938476196953683,0.0016670249509922468,0.0013077253686133701,0.00037246575408450333,0.0030977351711302787,0.00032461390549353824,0.0011051864627577579,0.000691747281470177,0.01424364759876835,0.006290493709704958,0.004623827319869999,0.02279644931931575,0.001205842365133052,0.009972923618688236,0.0026451137015748158,0.017855603015145705,0.0043239733626889145,0.01329899562153788,0.030235348290680173,0.02586826247346477,0.0028396629758139355,0.006676420072299505,0.00393005169728779,0.42976122501988473,0.05310080087683101,0.47229739120980885,0.5858585723095835,0.9710182760632776,0.2856589225312787,0.08425248850575305,0.3217536312527442,0.5519367256466184,0.4980199948625925,1.4188397562210775,0.6454776540248274,0.14255433921423535,0.15850734637661246,0.22197678575130977,0.40658042561681346,0.3449059641301864,1.588063013752976,1.1373124715848537,0.3724494196813253,0.2342852809933311,0.17838731202446084,0.15674421541556954,0.7514021321343063,1.719925932216437,0.6661403550170548,0.26420194735944164,0.3213386050860283,0.47081152755691597,2.3245089314583383,1.2059048121194573,0.6135315351128583,0.3319533486592046,0.5181698040917136,2.148576875044296,0.7480602690416802,0.5264017224164025,0.4322488004365234,0.45759874101788167,1.3039622558933561,1.403682162995167,LC_V18_H2p0_T7,2.3245089314583383
13,"(13, 1)",34,1,single,,TY,1.1575898702135053e-05,5.103558250047738e-07,8.891204911167977e-07,5.315679248769303e-07,1.0681193109305798e-07,1.2173808057403272e-07,2.7780744011049727e-06,2.1682900720376977e-06,4.274358976674685e-07,3.5738679798117856e-06,3.8912814192557463e-07,7.754737584415295e-07,5.205606421161229e-07,1.7684186048718988e-05,7.75983606962616e-06,4.728523440928023e-06,2.306981774284528e-05,1.2539480571424889e-06,7.622131423489177e-06,2.097340829912685e-06,3.1201491230173205e-05,7.520302255111557e-06,1.9186606338487488e-05,4.326929811738108e-05,2.8328018041784667e-05,3.2589470542332467e-06,5.4131583713301014e-06,3.3482570763284234e-06,0.00031099451741210994,3.839852466798971e-05,0.0003297134893419409,0.0004089033700773622,0.0006375463663613112,0.0001748739411854098,5.268109747093315e-05,0.00022508232383034038,0.0003726295606509671,0.0003388121685678223,0.0009139480812135328,0.000392580154434206,7.939133605672317e-05,9.076968793872818e-05,0.0001448755515788892,0.0002596477227535171,0.00022054964178710575,0.0009799331922386858,0.0006724874902274701,0.00020726821673479353,0.00013270224983216586,9.480096513743978e-05,0.00011773912900070564,0.0005361576086807449,0.001160475540801492,0.00042368287708556595,0.00017138310947879202,0.00019414973900685223,0.00042111273814409594,0.00199788291717975,0.0009883753858477638,0.00048315233621165334,0.00024713381653582297,0.0005332843001908098,0.0021183950309293697,0.0007108676511327579,0.00047591441790010495,0.00043813357550051796,0.0004467757326609691,0.001195159223750359,0.0017028587647461098,LC_V20_H2p5_T7,0.0021183950309293697
13,"(13, 0)",35,1,single,,TY,0.0001269176758833102,5.087072284641975e-07,9.21643487121584e-07,1.2255030264095094e-06,2.709758800158305e-07,7.9254094592202e-07,3.978172508371957e-06,3.1481034506426892e-06,8.778671079607337e-07,8.463882601541813e-06,9.88329455440472e-07,3.3630916224930832e-06,2.564001598490408e-06,4.570915770124731e-05,2.028985981542799e-05,1.455216164269806e-05,7.419969051966637e-05,4.280629675999639e-06,3.573259740469497e-05,1.0448558269392963e-05,6.642065336836805e-05,1.599417697016561e-05,4.682742006206892e-05,0.00010740201710915783,8.911383488564932e-05,1.1102802190902797e-05,2.4535282198480005e-05,1.615571376006027e-05,0.0014483601850381158,0.00017933697176506253,0.0015581496294567736,0.0019524170272157769,0.0031908308896674625,0.0009696887312872018,0.00029919027806621617,0.0010534662374009054,0.0017910680097332084,0.0016331637331897188,0.004637896953580535,0.0021876146830650976,0.0004927735336955365,0.0005830760574872733,0.0006681848839731188,0.001223224121552541,0.001038516954989487,0.004815714679659709,0.003561185407363648,0.001205774243722764,0.0007919872713629503,0.0006407813757665355,0.0005335342616258682,0.002574962579538061,0.0060624697589502195,0.0025222582951379326,0.001048266014373648,0.0013558547520551262,0.0018270531883705754,0.009212971932775321,0.004907038942959786,0.0026796725396306246,0.001538397138999158,0.0020767481016534498,0.008857427334678786,0.003319824188439187,0.002484796727359221,0.001761505843534509,0.0020387824128663746,0.006152029769962934,0.007286584387700413,LC_V18_H2p0_T7,0.009212971932775321
14,"(14, 0)",43,1,single,,TY,7.212950657162417e-05,1.4235647339942347e-06,2.4694454129461955e-06,1.5192305311136973e-06,3.210832088152742e-07,4.892093278980846e-07,9.09739859729885e-06,7.119756401516493e-06,1.3719147046244603e-06,1.2121006960224772e-05,1.4211728166589267e-06,2.854009672026699e-06,2.3618884468359436e-06,8.12617760325941e-05,3.5678071150719485e-05,2.134738509600254e-05,0.00010448981509088976,5.833802285522968e-06,3.5755549168016934e-05,1.0922527043052148e-05,0.00023429853449721182,5.650082779333561e-05,0.00014186483028114457,0.00032251276758269527,0.00020865277324400797,2.659503530273039e-05,4.264988567148208e-05,2.9358622927372237e-05,0.0021323575700700277,0.0002640408348392682,0.0022440454329864697,0.0028041240038702247,0.004359018562542668,0.0012402766489851916,0.0003918421608949369,0.0018696329982175058,0.0030883244769782064,0.0028152066343822193,0.007567625714787097,0.0033137908064620122,0.0006761399425147475,0.0008150199179429528,0.0009966538490202295,0.0017773433477250393,0.0015121716995784738,0.006689457362284539,0.004670666016321395,0.0014517505471536329,0.0009778647167598977,0.0007217498555727678,0.000730391379492137,0.003346174757349534,0.00738941785523201,0.00268183136021132,0.001124295522730135,0.0013132271533776592,0.0024441898388184885,0.011862107042138954,0.005932896561533346,0.0030973257344387847,0.0016329918835678448,0.003108064037343528,0.01247786668083617,0.004415764179128036,0.0030412372885958404,0.0026776669902096187,0.0028712784883113992,0.007932824953440176,0.010765630572958245,LC_V20_H2p5_T7,0.01247786668083617
14,"(14, 1)",51,1,single,,TY,0.0007887959245637092,5.2899665529045736e-06,9.498445561276235e-06,1.1801023653130584e-05,2.4504262606114437e-06,6.633103910398954e-06,3.8938386497115195e-05,3.0664862945303393e-05,8.812988441747188e-06,8.034565864321731e-05,8.95211188482265e-06,3.127940556793637e-05,2.2012577719946127e-05,0.0003837084207892288,0.0001699220737513214,0.000126225444854044,0.0006389278249636938,3.5479368107335145e-05,0.00030683209716592786,8.594453695193654e-05,0.000461453016054245,0.00011146955047346005,0.0003396312203698373,0.0007812574923199516,0.0006812639857627878,8.008491298266735e-05,0.00018936777012015573,0.00011816452642410517,0.011343570157488403,0.001404235139383761,0.0123103262145391,0.015386603555766695,0.025431024373447405,0.007737538609062467,0.0023388044765754053,0.008252184038072945,0.014139471519872469,0.012845662170995135,0.036812898846489375,0.017342431691830525,0.0039350640885114745,0.004542144803639377,0.005045124658873958,0.009291241709562678,0.007874458921391339,0.036799956477495635,0.027320646358706405,0.009323283115840604,0.00600143855329601,0.0048779505154347425,0.003899402588520579,0.019029203914241587,0.04497593183040174,0.01805916511165583,0.007286501042508111,0.009375766319079624,0.013359153414988055,0.06719951500700963,0.035907422660050606,0.019214237813938616,0.010974379869426195,0.015003971535370133,0.06417243414967332,0.023574672846274687,0.01757848491617715,0.012073574126893909,0.013711359153807749,0.04136450084889934,0.047035316551015914,LC_V18_H2p0_T7,0.06719951500700963
15,"(15, 1)",42,2,thick,,K,0.00011196775075417445,3.171134567825607e-05,5.5972959549014036e-05,3.230200014186439e-05,6.5883667505089535e-06,7.194036070992029e-06,8.259822607095532e-05,6.466575406874217e-05,1.2995131891488687e-05,0.0001091987049924682,1.1934194789473545e-05,2.4338800452341653e-05,1.646756889104216e-05,0.0001897290028071783,8.296667088480739e-05,5.393875426685764e-05,0.0002594632912501471,1.3880843765142673e-05,9.081767395636002e-05,2.4776731743729555e-05,0.0002766431654820394,6.634268958527023e-05,0.0001769115001909858,0.00039406356106325694,0.00027043621917262404,3.0167843903023638e-05,5.346810334157088e-05,3.248583287701464e-05,0.0018494457517306828,0.00022844459128686898,0.0019944471478280028,0.002476071195785917,0.003974233729447468,0.0011281179786205406,0.0003376503587958823,0.002230996922541092,0.003764275460698897,0.0034154418901723455,0.009429415461141047,0.0041636266280905,0.0008710349074636477,0.0009959847473126919,0.001657934065245235,0.0030137319437255694,0.002559339881923783,0.011602413954878262,0.008116080861060698,0.002567778477578587,0.0016353230938299312,0.0012026880085630955,0.0012399300563517726,0.005742828847801557,0.012697533224859356,0.004696703217159277,0.001907827611307237,0.002211902074728792,0.003443333920103501,0.016737199484534594,0.00851122742217982,0.004278428466897899,0.0022609445783041996,0.004286832245040071,0.017403477341871924,0.005989832182905404,0.00411482547435445,0.003658912311016502,0.003837792232845047,0.010579512404997111,0.013905128710390211,LC_V20_H2p5_T7,0.017403477341871924
15,"(15, 1)",42,2,thin,,K,0.0016287053552584416,0.0005114401433698202,0.0009026220339766747,0.0005211754355161842,0.00010634203708982629,0.00011613908921405388,0.0012449503223337446,0.0009749553424441802,0.00019623793926631684,0.0016500137763446074,0.0001803865010948547,0.0003679907843888122,0.00024926237825533107,0.002633080432630348,0.0011500804711686086,0.0007541558279238089,0.0036243267628589225,0.00019373465872741513,0.001278139518042578,0.00034861693891312845,0.0036183004366719014,0.0008685671779324191,0.0023303178196120338,0.005183774318411652,0.0036021700341597007,0.0004014103422575534,0.0007191826862561599,0.0004363437583106865,0.024627992828153047,0.0030402876779103217,0.0266471750435245,0.033040034865772665,0.05316642923141238,0.015135495184750495,0.00452689676922437,0.03053238731475559,0.05158876182328408,0.04681119076898712,0.12950326349307478,0.05725301719105019,0.012019915181617484,0.013720847893128574,0.022779835457394374,0.041612481442884694,0.03531158403652477,0.16066108841108076,0.11253939259976514,0.035730267728144534,0.02272658897958007,0.016770602650963008,0.01625110401176185,0.07539021667690618,0.1672398616884769,0.06213532825281918,0.02523928986835524,0.02940720717799762,0.04430826234124849,0.21633149942441307,0.11023885903244486,0.05557017912754274,0.029459356759730184,0.054457602737011584,0.2215057599363402,0.07625499426974461,0.05251532895377955,0.0454688537441312,0.04782319797993209,0.13215991008952152,0.1712998081096961,LC_V20_H2p5_T7,0.2215057599363402
15,"(15, 1)",42,2,thick,,Y,0.0004988612323574592,7.65421203008232e-05,0.00013489171229034494,7.793463475609387e-05,1.5832441819208393e-05,1.724462186585561e-05,0.0002957970550525786,0.00023125909432354636,4.572044300113184e-05,0.0003860321896115588,4.221573713409223e-05,8.447200148298612e-05,5.724729842111424e-05,0.0011092814211063275,0.0004855524948498205,0.00030263495718597743,0.0014669543416138383,7.912952840697048e-05,0.0004925207447147453,0.0001350325419361845,0.002101200994349152,0.0005052170270012395,0.0012971996887918642,0.0029133286750533103,0.0019117452025489198,0.00021619767892390243,0.0003623191626401361,0.00022193843926071586,0.013544796106460328,0.001675212646800342,0.014383473499616349,0.017891504697589395,0.02816134445454707,0.007848985526657968,0.002360609263421767,0.013628155494808196,0.02276975188074788,0.020681820958218945,0.056331889019987154,0.024463510797992267,0.005011719095465323,0.005738887213284702,0.009956498933997703,0.017853682589207977,0.015166890398783219,0.06754800762388495,0.04649701276195796,0.014427675540430032,0.009252045685852214,0.006657878467674207,0.008854389058252119,0.04059024264121623,0.08860127052531681,0.03211416381325221,0.013058579333477647,0.014851555893008208,0.025798395409706236,0.12383090144935757,0.061950911405661696,0.030594458348595525,0.01584031083253641,0.03405212860819675,0.13567468923890547,0.04592993384487781,0.0308584164614068,0.03189130876843674,0.032993498539729924,0.08932303177127014,0.12201424867682456,LC_V20_H2p5_T7,0.13567468923890547
15,"(15, 1)",42,2,thin,,Y,0.007098885489501204,0.00121692028172099,0.0021458156412656544,0.0012386906434585826,0.0002519822903274016,0.00027443455797531395,0.004382491407048733,0.003425706415908486,0.0006798705061280941,0.005735579387868631,0.0006275681680377311,0.0012597413392214252,0.0008538546584904115,0.015087872425701214,0.006601063180629441,0.004145045832405342,0.020067149843717987,0.0010793931050053346,0.006785179654082195,0.0018541976413783755,0.0275076682859569,0.006615192549438847,0.017048684654005598,0.03825681203544639,0.02524943065836868,0.002848070133706724,0.004812555012358904,0.002948761704552663,0.17780805987605497,0.021982562482886832,0.18904858220882803,0.23522231592246504,0.37137768016148054,0.10379904165689291,0.031207591301432316,0.1797410549123924,0.30046001271323636,0.2727822031675554,0.7434717189613095,0.3236028051780286,0.06647948353032941,0.07607714446341461,0.12698390150604844,0.22802151936622786,0.19367579764670897,0.8630361932492892,0.5945152188777394,0.18464880633889275,0.11817397516509709,0.08493619241155656,0.10596157399555793,0.48707910865462983,1.0654248321566029,0.3875032890140456,0.15757883833571681,0.1796019196477172,0.2974777874325585,1.430064236864882,0.7155065763184335,0.35374187592961426,0.1830061409105345,0.37431698928901336,1.4963747841406654,0.5079678531823564,0.3418706975238925,0.34489597785403026,0.356017492770795,0.963198744609659,1.2244054942157143,LC_V20_H2p5_T7,1.4963747841406654
15,"(15, 0)",50,2,thick,,K,0.00036021911293266355,8.166537810904378e-06,1.4379994330551685e-05,1.1239917009778715e-05,2.244500240205715e-06,3.819618605638329e-06,4.270049818730856e-05,3.32897389414217e-05,8.306565701453939e-06,6.932961362592867e-05,7.48975630408847e-06,2.092771607869203e-05,1.3916153404406738e-05,0.00024183759981538858,0.00010617129275835282,7.653288732182876e-05,0.0003749458591137594,2.0020832720329162e-05,0.00015841215616857352,4.274457115351548e-05,0.0002733295477192662,6.537226802774198e-05,0.00019519787620000115,0.0004364734145317198,0.0003546294213161857,3.8594591386960395e-05,8.620684546705277e-05,5.127681705174729e-05,0.005431106694146017,0.0006716054616078173,0.005891318633971976,0.007327210369414093,0.012005158686606844,0.0035346411270655224,0.0010507288783664324,0.004371823394760295,0.007495366817610386,0.006790945664233234,0.019292063574102482,0.00881698572023034,0.0019438250557544338,0.002195554781114983,0.002976164403352624,0.005459406912297921,0.004624788885116824,0.0213772811162248,0.015402250498612203,0.005094747697217742,0.0032238354396170233,0.0024939196955507397,0.0022892182346179444,0.010914868726717809,0.024984560223946472,0.009652951210971908,0.0038637702971451343,0.004744331361250958,0.007403869942841759,0.03668768423341674,0.019187928584630715,0.009913093099083167,0.005470320893101379,0.008721106329607304,0.036484193955329154,0.012942612120057394,0.00928600850829547,0.007297913806777077,0.007894714506192389,0.022786509273598963,0.027399660204247975,LC_V18_H2p0_T7,0.03668768423341674
15,"(15, 0)",50,2,thin,,K,0.0020773219168351434,1.642440241531888e-05,2.9601822226502003e-05,2.7582583740051432e-05,5.6280459181841425e-06,1.1715751373570429e-05,6.575845625358707e-05,5.1234614133248505e-05,1.3765656921797888e-05,0.00011881513760827972,1.3017365948806174e-05,4.3070281554250494e-05,2.955122313115394e-05,0.0005917598736960199,0.00026136151886556016,0.00019113691418394605,0.000956525516710525,5.2197120448611515e-05,0.000434926918157544,0.00011944700957118608,0.0007370519745085944,0.00017702917949525434,0.0005144604159662361,0.0011705834906621017,0.0009592008420934987,0.00011415311716685798,0.0002552490178354439,0.0001610118732142648,0.014725472936056102,0.0018225067046602668,0.0159609794256166,0.019919038442903058,0.032843504654928725,0.00989119848419717,0.002985886261062399,0.011872388483764474,0.020263352114760762,0.018487348847793163,0.052762171684237386,0.024744322307800624,0.005544287775288353,0.006412259315257863,0.00912970605917963,0.016803854811949365,0.014272399504423477,0.0662698171976899,0.048587329636229915,0.016273587748329293,0.010443949084370924,0.00825826818961978,0.00854598920412542,0.04055725762035091,0.09398569340625705,0.03632297195315273,0.015033720476257322,0.01859400477870778,0.025321423611793927,0.12653373298581047,0.06635175193677005,0.03509194368154104,0.01954039233440307,0.03334706672421372,0.13999594782356745,0.050567046613267046,0.0365469892481842,0.030813006011288557,0.03410814926063758,0.09937451306762253,0.13750314816512416,LC_V20_H2p5_T7,0.13999594782356745
15,"(15, 0)",50,2,thick,,Y,0.003844458882968657,2.148939480034287e-05,3.885638573295609e-05,5.056129963148739e-05,1.0310972536848317e-05,2.896921295227542e-05,0.0001622669616446937,0.00012788692223245654,3.756675868558232e-05,0.000342717155932157,3.806240470242689e-05,0.00013615850341358184,9.531211774183122e-05,0.0017450592449697582,0.0007734683535832746,0.0005772481721557785,0.002921894469207515,0.00016146718834313695,0.0014071276829981541,0.0003909536230349906,0.0024111110624641706,0.0005800234790624306,0.0017276130954981665,0.003954163981150835,0.0033657527962233586,0.00039525111906112554,0.0009218112592609736,0.0005739744917788446,0.05025095365123674,0.006221823404164442,0.05459157720079538,0.06832506007382595,0.11327263950673762,0.03457622652322445,0.010440646151041361,0.03798037040009871,0.065073287810029,0.05926881728212517,0.1698801618042308,0.08049695227248507,0.018258029914792816,0.02115077248334747,0.026074122117769685,0.048083500715444004,0.04080301175764827,0.1906132343144387,0.1407563581765586,0.04778473433403141,0.030701396011793808,0.024706173208339684,0.022006265816840183,0.10595396189216116,0.24917086209642203,0.09826183045563998,0.04027566096443303,0.05101130453157568,0.068630107555427,0.3451648773639818,0.18283008739799328,0.09784446156976091,0.05534857980349938,0.08223158031885057,0.3489699738264459,0.12743661436991663,0.09330489882228606,0.07366242720112039,0.08280738266065762,0.24533062275493628,0.2911600277307106,LC_V20_H2p5_T7,0.3489699738264459
15,"(15, 0)",50,2,thin,,Y,0.04481457582420421,0.0002544901450748493,0.0004605189946251447,0.0005873893052931689,0.00012008751384231106,0.00033157566607180705,0.0018634220384415898,0.0014675994962975972,0.0004299742106773429,0.003905580531118646,0.00043326605685102266,0.0015430775973003204,0.0010791009353863952,0.019829991533561072,0.008786746622470231,0.006550814210870191,0.03312799271493199,0.001828965239005686,0.015903427175326328,0.00441444818601311,0.0272664589487988,0.0065560515545079355,0.01948572557286219,0.04459454878933147,0.03785492691966163,0.004446955382425564,0.010355731523417505,0.0064506067656221276,0.5619002132680165,0.06958873107859802,0.6100812311765799,0.7633422050117452,1.2617459275423326,0.38121040806203893,0.11494038751272836,0.42390657436509555,0.7229959079752132,0.6592824141671378,1.8772818416866048,0.8789356242495746,0.1963131104811153,0.2257923887110398,0.28023668798270357,0.5129089465698496,0.43666328529211773,2.017796756264578,1.4772870425791367,0.4905805222631461,0.3154026750184384,0.24631247351025098,0.22606409139659428,1.079382003119028,2.503295366213165,0.9686871269500631,0.3957266273001669,0.48652774933648985,0.6442775960256681,3.1978608261671226,1.657642468608837,0.8610109073683057,0.4681020832646462,0.7366583938870871,3.0535805590450824,1.080683681410887,0.7621043416126702,0.6478899299101384,0.7001456902407024,1.9957865197722044,2.248132254442523,LC_V18_H2p0_T7,3.1978608261671226
15,"(15, 1)",59,1,thick,,K,0.00019061990571179086,1.743431860087179e-05,3.0760037881706815e-05,1.7597286162548414e-05,3.5969595839419003e-06,4.01831103438261e-06,4.0925454500417186e-05,3.200345543257248e-05,6.350547358133306e-06,5.311065263745262e-05,5.834205448238303e-06,1.206758911009317e-05,8.605880769854202e-06,8.71258263461835e-05,3.8236630541598716e-05,2.4845372595599648e-05,0.00012595915429132362,7.356459584256084e-06,5.384139871356857e-05,1.5836796129775164e-05,0.00011977428934855081,2.8702351697633582e-05,7.632904141004036e-05,0.00017364269888732752,0.00012743124761817963,1.621975256840551e-05,3.1776145246323766e-05,2.1407095915103842e-05,0.001051056694022964,0.00013061144849099766,0.0011335878217038772,0.0014343978887426357,0.0023577034405855317,0.0007324907963584867,0.0002282358002514258,0.00116955648083987,0.001974477678788343,0.001816337344192979,0.005116514690528299,0.002416388370617831,0.0005351165488231776,0.000641703512626427,0.000876272113451812,0.0015868450335967186,0.001351185313443117,0.006172037304177009,0.004550557421689297,0.0015057580021534801,0.0010032188481347707,0.0007907451256286762,0.0007078925429077743,0.0033394730995810647,0.007797708702863829,0.002965622968273878,0.0012567752091738591,0.0015578373337935504,0.001995519875332907,0.010127454584829493,0.005310547554053064,0.0028666934276105407,0.0015985805354829683,0.0026166517112509126,0.010927799868661403,0.004021596074257312,0.002906064608501717,0.0022725613790161654,0.002541862639606498,0.0073842800410911435,0.009712838515384367,LC_V20_H2p5_T7,0.010927799868661403
15,"(15, 1)",59,1,thin,,K,0.0007338483091360338,0.00033089163724691457,0.0005835083744065311,0.0003298481786000429,6.714576899701365e-05,7.033074215805577e-05,0.0007130842216780312,0.0005575379079265414,0.0001107715409107763,0.0009223472592372936,0.00010051889011477635,0.00019842544555855225,0.0001331152178488437,0.0012678751587149209,0.0005522122568774873,0.0003607967389738223,0.0017156604795546696,9.078400508023673e-05,0.0005792979654808268,0.00015617586814367784,0.0017465024268464768,0.0004184485090808698,0.0011142533421884945,0.0024649833792322415,0.0016766630839957445,0.00018386099386886976,0.00032110844370473454,0.00019238047439821315,0.010313556552474979,0.0012720487124142806,0.011135422411376536,0.013742381067656023,0.021903628177028477,0.006109671172472306,0.001815910009039468,0.013863760564897661,0.023392313816749933,0.02115068723401934,0.05812448880029281,0.02524942810503465,0.005212271232037101,0.00589345511460432,0.010532257446795933,0.019229316596625357,0.016301773720588844,0.07390808308686311,0.05135481907050748,0.016161502383469292,0.010209452799891319,0.007419839600791434,0.006939109973556283,0.032147164930244686,0.0706025049544998,0.025891890790250335,0.01043621822641533,0.011992293976257356,0.018927243712678146,0.09102840921235834,0.04584401682935745,0.022681153675343055,0.011850782524493304,0.022216640766402996,0.08997021130667161,0.030642200896932596,0.02088401982198831,0.017639724111367574,0.018319091462807077,0.05018512192117085,0.06625385726759098,LC_V18_H2p0_T7,0.09102840921235834
15,"(15, 1)",59,1,thick,,Y,0.00019061990571179086,1.4397504160165038e-05,2.5293041969832486e-05,1.4400339690151358e-05,2.9220724218255147e-06,3.2033939472845106e-06,6.5776371891936e-05,5.144110369906794e-05,9.991606853960404e-06,8.442439530657113e-05,9.231559638696486e-06,1.7951700738295417e-05,1.2158055303935864e-05,0.00028580293818380233,0.00012509458956215665,7.632045968913695e-05,0.00036970005746215557,2.0031471511249544e-05,0.00012016948394910531,3.311698838743844e-05,0.000615150816722964,0.00014795711052204507,0.0003738945231375579,0.00084167317496875,0.000541712827497619,6.165777155533554e-05,0.00010060112081168259,6.182929154935766e-05,0.003477816710395802,0.00043070339947919137,0.003685974007050939,0.0045931387698439,0.0071740348201085585,0.001978912280876328,0.0005967327837734552,0.0034282361424749766,0.005696770514435547,0.00517841086864505,0.01398125325807073,0.0059924123984366785,0.0012084792574365627,0.0013879586123839416,0.0024934354110679752,0.004457035060717236,0.0037831347981143056,0.01673144378688715,0.011471370333459739,0.003529381831445622,0.0022643748204939198,0.0016125084154685375,0.002281005567069715,0.010440711070635784,0.022684286827896714,0.008111869069413382,0.003296446966364006,0.003711895986061499,0.0066959326224224755,0.032020114896504054,0.015889291408017897,0.007809040159992249,0.004008016306482813,0.008963935961641935,0.03552190473385996,0.011960790712272412,0.00797198966885734,0.008658557643670248,0.008915765196187725,0.02401338360088129,0.0329026609907785,LC_V20_H2p5_T7,0.03552190473385996
15,"(15, 1)",59,1,thin,,Y,0.0015238329735426256,0.0002605372726631023,0.00045820184758298864,0.00026047364807789614,5.288839232927331e-05,5.597323846096974e-05,0.0010439379199539192,0.0008165409872986658,0.00015942192924817348,0.001342628686430266,0.000146716889524752,0.00028642615904801526,0.00019367011628613467,0.0039307734016565,0.0017191577761498829,0.0010583737199307039,0.005111209552773993,0.00027602022530174447,0.0016735312401078535,0.00045973797597926355,0.007992517808866477,0.0019233831000013287,0.004886761265754884,0.010984811443122603,0.007116441270846341,0.0008060835233233263,0.0013260434060098196,0.000812894127002277,0.04514052278000729,0.005589123416904573,0.047854666708249935,0.05957959451398215,0.09328313681455172,0.02576685288771656,0.007743600671305248,0.046417157640289364,0.07739497987894639,0.07025231944218797,0.19035650564620965,0.08182085368733977,0.016630363419071283,0.01906324792852436,0.03414873529115972,0.061071535539785074,0.05183478400369408,0.23006894962330146,0.15793708682456822,0.04870403366084116,0.031198934352044138,0.022287086142213128,0.029854151931689433,0.13695461967675518,0.29816182625450605,0.10699320579735531,0.04338267026563981,0.0489646507272346,0.08392319761679856,0.4025881825754514,0.20048280878828276,0.09882395246232586,0.05088880833638318,0.10996999628503458,0.4375775651371263,0.14789943404735076,0.09895939405616805,0.10458479577819008,0.10776453935404533,0.2901834721338102,0.38331388012783196,LC_V20_H2p5_T7,0.4375775651371263
15,"(15, 0)",67,1,thick,,K,0.00017180805979942384,6.643752515290323e-06,1.1586319681688792e-05,8.514889729319232e-06,1.6433162718778195e-06,2.5085352314883994e-06,2.5078957140715738e-05,1.937848835671516e-05,5.177408628515678e-06,4.024939020325569e-05,4.1745876299500285e-06,1.236898431668181e-05,7.635024937204212e-06,0.00011970811887451186,5.213458645639428e-05,4.0382598537991136e-05,0.0001921929559796495,9.72134116149326e-06,8.107686564506703e-05,2.0804250644006268e-05,0.00010647514191478575,2.5438579925524333e-05,8.092288308345958e-05,0.00017765415043734904,0.0001551200020711321,1.539938897696257e-05,3.821325419240242e-05,2.099798832086679e-05,0.002498009900049422,0.000308404677127445,0.0027560247848157095,0.003408637748249622,0.00569452983700511,0.001672653075900308,0.0004847343272002836,0.002141081770825073,0.0037187614844790893,0.0033459804844719635,0.009657605798282643,0.004390822913660547,0.0009808713413928022,0.0010710490963343662,0.0015182006921514515,0.0028152387619365307,0.0023729867341631674,0.011086073768884831,0.007960867553265251,0.002659995178762037,0.0016385156625149267,0.001269213810314549,0.0011464793659958985,0.005510472952589448,0.01258158926146221,0.005009911144187599,0.0019382153775535395,0.0023964831579240467,0.003613994356868217,0.017966945416652554,0.009543281926906177,0.004863606992826503,0.002708225412463024,0.004309719883202752,0.018193190389832508,0.006316068781858752,0.0045528337382386526,0.003501426463882204,0.003713402652559129,0.010780531180702449,0.012631779914916756,LC_V20_H2p5_T7,0.018193190389832508
15,"(15, 0)",67,1,thin,,K,0.001756536077554093,3.7513762411307594e-05,6.515539044701789e-05,5.1911190772340374e-05,9.985598195230033e-06,1.645377874886808e-05,0.00012745701078744674,9.939444364134864e-05,2.5288356952034255e-05,0.00020695334878057523,2.1867029301007525e-05,6.296592207365673e-05,4.012230781043771e-05,0.0007685447778985312,0.00033702230361071906,0.00024723023399905535,0.0012084078071145348,6.29228444851826e-05,0.0005067817093935632,0.00013288716143218396,0.000657555505523968,0.00015878652726574404,0.0004853275336896393,0.0010965625852268149,0.0009425401292608113,9.849924318765755e-05,0.00023518353380089764,0.00013384594923321477,0.01648907566642442,0.00203931778431899,0.0179608053657494,0.022339525130882016,0.03677387109580593,0.010774796948310045,0.0031676548947009537,0.01414080357954883,0.0241135430786494,0.021906869255027175,0.06216465453674841,0.028302876898112412,0.006207912135987631,0.006947194802863872,0.009529831859242178,0.01757608868475714,0.01490192725722634,0.06938023234850449,0.050204041321082644,0.016698015402758788,0.01044794415707226,0.008088407069413371,0.007269737593561518,0.03510736106588391,0.08053705008381556,0.031272552124230156,0.012206157727175274,0.0150212173785243,0.023590106528727832,0.11653968955109031,0.06149529995351735,0.03129852857625082,0.01725254692322162,0.02825523228424553,0.11899870570728795,0.041406076134777994,0.02963285922025883,0.020815616101767492,0.022342072264396447,0.06481459657848766,0.07936288527484583,LC_V20_H2p5_T7,0.11899870570728795
15,"(15, 0)",67,1,thick,,Y,0.001635657699586997,2.1713997529431822e-05,3.808506946049036e-05,3.9721331524020924e-05,7.482888066083996e-06,1.6685375020571126e-05,0.00013905971628725694,0.0001078747321982965,3.1559209437483185e-05,0.0002555310479406732,2.6755330674626323e-05,9.144659926971089e-05,5.722359708720123e-05,0.0010930006909581921,0.0004807547779615046,0.0003734827670683333,0.001836075024316328,9.444417871402771e-05,0.0008292692145696998,0.0002154793498477187,0.0012394452922146195,0.0002981630637346948,0.0009415419944054376,0.002122812399709801,0.0018852997231429245,0.0001965263826675894,0.0004874357460651824,0.0002776713680629225,0.02809090582979099,0.0034727220161868237,0.030812470475657126,0.03835486240224103,0.06410109107795073,0.019173760489777036,0.0056164036976584794,0.021632000714827546,0.03732600754668735,0.033816453688182015,0.0974406734665607,0.045111166319443396,0.010206510365348921,0.011297267824273712,0.013976350755043316,0.02600862470694768,0.021986973019280872,0.10364901418757186,0.075762374029107,0.025751500579899937,0.01598434700939783,0.012699836890123342,0.010708937164648212,0.052398246206985195,0.1221979930255725,0.048692499882218195,0.01894404625236562,0.023934963260560937,0.03582702822324941,0.1790923769537703,0.09570603637142211,0.049454715330854014,0.027793205842898187,0.04122680322315326,0.17563079275130208,0.0621052678404327,0.04537450069540175,0.03339948677385839,0.03636549814031988,0.10739482155649195,0.12043971626951545,LC_V18_H2p0_T7,0.1790923769537703
15,"(15, 0)",67,1,thin,,Y,0.019736775910261593,0.0002775002911502958,0.0004862041937967216,0.0004934163889412844,9.312384295575508e-05,0.00020158488282392528,0.0016890701231627022,0.0013109661754974525,0.00037865851667605516,0.0030665144505029316,0.0003211846070292491,0.0010824432998875991,0.0006784761304755994,0.012927797474854787,0.005685523218627717,0.004393949391099295,0.021605544346401113,0.0011122434991893122,0.009694894243476488,0.002518834361674274,0.014317186353645947,0.003445544345822394,0.01086339730639464,0.024514282527209486,0.021722958683108497,0.0022633830776313457,0.005603484534854635,0.003190225151185732,0.3278751866906963,0.04052688718610324,0.3590421462764272,0.4466718437449152,0.744367918179366,0.2217519844201021,0.06511232687383123,0.25340577195733055,0.43656855931015265,0.3955655524099206,1.1341275647487925,0.5218305828500301,0.11686294846401786,0.12968991637659172,0.15737130865374138,0.2908245518079732,0.24639039631916576,1.150776124547268,0.8372158604005258,0.28132595129709415,0.17539198318421487,0.13732468338759063,0.11979296215157823,0.5803662824638188,1.3391394606650753,0.523109119977599,0.20576082157551925,0.2544613443326079,0.3626765347865045,1.7934797554792627,0.9402116618607368,0.4788865514058526,0.2617284700221991,0.4078820443116603,1.7103727936084843,0.5957303126433393,0.424252685045463,0.32660088882613575,0.34909248567382867,1.0072981528002354,1.1022691585916982,LC_V18_H2p0_T7,1.7934797554792627
18,"(18, 1)",35,2,single,,TY,9.439330323792074e-05,5.203899407684627e-07,9.408395070698527e-07,1.24731523688892e-06,2.747349843077768e-07,8.078536365295379e-07,3.997228502404937e-06,3.1597370673361636e-06,8.89349647201375e-07,8.666377281136103e-06,1.0128968125986468e-06,3.473862080587712e-06,2.6438991571911605e-06,4.569842521664112e-05,2.0293982442244897e-05,1.4725485155855323e-05,7.52101812473565e-05,4.3373434281307755e-06,3.682578559418653e-05,1.0732318934722216e-05,6.754998570267474e-05,1.6246243234939016e-05,4.784110643924989e-05,0.00010948458699326766,9.158411888948328e-05,1.1363199124541169e-05,2.5363731639211564e-05,1.6677187229323475e-05,0.001420481923097672,0.0001759622488294605,0.0015344569190616165,0.001923640343613826,0.0031549158406148125,0.0009650852810163775,0.0002976048972909998,0.0010718193486949146,0.0018281653257225113,0.001664835850263483,0.004742980240567884,0.0022462425266780257,0.0005082591643316695,0.0006009783401303902,0.000706528773785961,0.001293008044735399,0.0010970824732093934,0.005080909371249936,0.0037601154651947335,0.0012727094108276355,0.0008393991468002323,0.0006808603883539445,0.0005799836712086698,0.0027923931863592694,0.006569308663045605,0.0024628122578195595,0.0010242673605150776,0.0013016388601237072,0.0017671501827013982,0.008846956739301992,0.0046599737273122855,0.0025177735473192473,0.0014262077211010344,0.0020558029421334618,0.00868006654765514,0.003209172143630904,0.0023666884878748664,0.001788626319023461,0.0020443435197409865,0.006069340551517911,0.00731981780622876,LC_V18_H2p0_T7,0.008846956739301992
18,"(18, 0)",36,1,single,,TY,9.114625142187808e-06,4.6523429862036446e-07,8.199252801554491e-07,4.775094251767478e-07,9.679311667701596e-08,1.0688616839965244e-07,2.8424324154025482e-06,2.2222492723393245e-06,4.3647761074882473e-07,3.674896208685775e-06,4.0208283721857164e-07,7.943739419683847e-07,5.371498642060209e-07,1.7574617767004982e-05,7.714548417209819e-06,4.6656649804201865e-06,2.2776603110290594e-05,1.2372326907680696e-06,7.477488564854006e-06,2.057899174172572e-06,3.4630328246364204e-05,8.331097305151441e-06,2.119530667142518e-05,4.76494744273744e-05,3.0850990342074844e-05,3.536779453839589e-06,5.791874476013852e-06,3.5906051380622897e-06,0.0002669517268926214,3.3002337462175825e-05,0.00028307735782954617,0.0003516507154793939,0.0005490948105225817,0.00015094957493611547,4.5617807258852626e-05,0.00022407347604779445,0.00037186887576058425,0.00033822478533463834,0.0009135071883510149,0.00039285174394935356,7.955616760110327e-05,9.114254317966285e-05,0.00016185451492256377,0.00029165835695381945,0.0002473858485301583,0.0011023724220857567,0.0007568050499040797,0.0002336736385430592,0.00014921881540319392,0.00010661374643534994,0.00014552263279358338,0.000661972177707178,0.0014314686505233556,0.0005168004515282431,0.00020896768621025784,0.00023595709238996102,0.00045273920438184995,0.0021534952831998564,0.0010657821562365902,0.0005240060834241079,0.0002688325445701671,0.0005938836870101079,0.00235596132662239,0.000797194376584601,0.0005332745017202573,0.0005264156167965738,0.0005378668628355099,0.001441061692950197,0.00189951695550506,LC_V20_H2p5_T7,0.00235596132662239
19,"(19, 1)",39,1,single,,TY,5.437977322753176e-05,1.1753762392469015e-06,2.063946983284481e-06,1.1909815318332896e-06,2.524654356929432e-07,3.6129571814447546e-07,1.0495032390008682e-05,8.206600562533815e-06,1.5781286997619692e-06,1.3325707582506116e-05,1.4714717120448621e-06,2.902817862220753e-06,2.25249133832927e-06,8.230306241460841e-05,3.61679280870602e-05,2.152123764879795e-05,0.00010547998762795469,5.795905657283439e-06,3.444286318463015e-05,1.0063469430671356e-05,0.0002439220850161927,5.8787179249612506e-05,0.00014714338656459817,0.00033485125515837977,0.00021540144340107323,2.766549744040747e-05,4.422784213095504e-05,3.0490204351793165e-05,0.00180154909393532,0.00022297220956245432,0.001896211257484315,0.00236911540860776,0.0036817865660336378,0.0010501842339340527,0.00033197562114272957,0.0017182340434313131,0.0028381633165069312,0.0025893212308425177,0.006968103977526677,0.0030657293143156357,0.000628654184401412,0.0007612817118106667,0.0009963810125123613,0.001782171652091315,0.0015184153687607391,0.006734580990650482,0.004717680699646628,0.0014695927485624924,0.0009884895745665557,0.0007316316974338291,0.0007958816307516574,0.0036418579042886215,0.008050078023038003,0.00289255994644273,0.0012138440383738611,0.0014173483265172784,0.002458695891197138,0.011961793979822343,0.006000076918958506,0.003128151286171277,0.0016545935058827927,0.003264200691093659,0.013016887520790143,0.004628980071788787,0.0031931909181746095,0.002856192197265974,0.0030209426333533936,0.008311790050233124,0.011188448858306112,LC_V20_H2p5_T7,0.013016887520790143
19,"(19, 0)",49,1,single,,TY,0.000729916921673467,5.398052204846596e-06,9.680168604472915e-06,1.1683041140679027e-05,2.4147370565231285e-06,6.519455767653111e-06,3.934347732275196e-05,3.103706685206698e-05,8.820263225995117e-06,8.165941248159476e-05,9.15651687520068e-06,3.1524181370215686e-05,2.2354049675066462e-05,0.0003794852767679375,0.00016809412746810265,0.00012461573806722166,0.0006309453013726428,3.520680127747302e-05,0.0003041905661965639,8.544260603834638e-05,0.0004793492468608156,0.00011530139376074695,0.00035000312375642757,0.0008004112004265855,0.000692756682196051,8.144258324789945e-05,0.00019127212115267162,0.00011985683498825107,0.010696756685894518,0.0013252218869088134,0.01163339343226947,0.014574445674789825,0.02413212440716006,0.007381474264045508,0.0022326615489481763,0.008313387848168858,0.014277644720757151,0.012978122150805906,0.03723722910845025,0.017567046016388865,0.00398753549295346,0.004604006727745216,0.00554221494759817,0.010168117370753087,0.008627945712747099,0.04016107529310036,0.029564794377390746,0.010018964661279207,0.0064616005258163155,0.005205465812733262,0.004411301642173931,0.021296789943587763,0.049979590149387965,0.019737489303441345,0.008056878994930216,0.010263426144616906,0.01394076166385358,0.07010818312368748,0.0373592868664444,0.020100404488780144,0.011454229740406156,0.01624892189506264,0.06914128035388664,0.025439421011704783,0.01887681709395333,0.013917426123987215,0.015725813480050876,0.046893329290756264,0.05491969134405881,LC_V18_H2p0_T7,0.07010818312368748
20,"(20, 0)",38,2,thick,,K,0.00012969939340505448,3.0498908504329138e-05,5.386724026816256e-05,3.129334691632281e-05,6.38971426418777e-06,7.058535315896369e-06,8.581319314546654e-05,6.711643859196692e-05,1.3709108895979206e-05,0.00011410289772248112,1.2476453247803397e-05,2.5791958397238782e-05,1.7420103946128617e-05,0.00020987386276288226,9.175007512143249e-05,5.9935402079355055e-05,0.00028886085520343573,1.549661411915765e-05,0.0001026132772465796,2.800180326761024e-05,0.000270518373227354,6.512746923560739e-05,0.00017498044748868197,0.0003922338951071098,0.0002741596781293492,3.0482848599029734e-05,5.5158682388973584e-05,3.34438246438418e-05,0.002191544894210818,0.0002702023123576522,0.0023749647164024194,0.0029357057976104645,0.0047252397711143625,0.001338663803901867,0.00039680071418828647,0.0021723611010106866,0.003643736012110732,0.003316536748021894,0.009151322113537828,0.004059365580332648,0.0008525003853891328,0.0009742735647862242,0.001408041465513726,0.002567158191685608,0.0021895890754609596,0.009959833999238221,0.0070717853811902,0.00227347502429521,0.00144871425411412,0.0010825351216901943,0.000954292571657748,0.004448390914826371,0.009922377947497927,0.0036901696621987694,0.0014885899459889313,0.001750836698022489,0.0028905552362237714,0.01402711276950226,0.007154560547538306,0.0035980958853267953,0.0019136782641684552,0.0034485585093455913,0.01405034232038314,0.004816757499504011,0.003330606930025537,0.002582634210709344,0.0027061841327637023,0.0075537867247020335,0.009935725613676538,LC_V20_H2p5_T7,0.01405034232038314
20,"(20, 0)",38,2,thin,,K,0.001886678433653919,0.0004956223586768821,0.000875794321833334,0.0005083920893722277,0.00010382522142433892,0.00011463877477956464,0.0012973095094889417,0.0010145983795322798,0.00020736658101723195,0.0017280058434900904,0.00018913516999140433,0.0003925033705315559,0.0002646111844706391,0.0029239263806099627,0.0012776024634693975,0.0008402282088860547,0.00404829628013756,0.0002169304197559763,0.0014500513327800255,0.0003957483902011078,0.0035581657736941472,0.000855893547774616,0.002328346449708898,0.005219058108831355,0.0036902119938439677,0.00041049736341533126,0.0007495983228741113,0.000454249313211928,0.02932690391218269,0.0036121742332629833,0.031858644160390415,0.03934909272550498,0.06366270291328902,0.01811394843274033,0.005362289569828279,0.03028008458337622,0.05093374945099373,0.046332537898351296,0.12799315797460384,0.056851025866242855,0.011999074866443067,0.01369439904698215,0.019828111254457045,0.03630096091327629,0.030966754795350313,0.14185033367794334,0.1007905020339762,0.03253327161406414,0.02070258626769419,0.015525994413240415,0.012914242363871717,0.06056715479555882,0.1360980479400302,0.0508435334027925,0.020518216017392548,0.0242462224853836,0.03832704162077604,0.1866021521397547,0.09542315278035658,0.04809196131924947,0.025633858839578638,0.04453915580934845,0.18231770748739792,0.06281524174820428,0.04358982912021869,0.03345778367991214,0.03521021515869665,0.09871219058638098,0.12451573264619056,LC_V18_H2p0_T7,0.1866021521397547
20,"(20, 0)",38,2,thick,,Y,0.0005647091969262913,6.954787577471722e-05,0.00012254443123514217,7.141567685206063e-05,1.4501737473181905e-05,1.606791204227712e-05,0.00030866621009100956,0.00024094924307066504,4.865437925738443e-05,0.0004049169002664309,4.413699519538218e-05,8.933056258608475e-05,6.0244757139812036e-05,0.001173989876778366,0.0005139342042563993,0.00032291493366023,0.0015656913588871582,8.451396771311785e-05,0.0005323876518837421,0.00014581393965474896,0.002052480742573957,0.0004926957149231187,0.0012687898477108355,0.0028466839123099776,0.0018896568404356867,0.00021304811382096732,0.00036236048125651694,0.0002218351330448263,0.015158345638810668,0.0018724088142889025,0.01611396209726283,0.020017891692873407,0.031451724416477124,0.008727513140664313,0.00261265005328334,0.012314191424978142,0.020494001810430772,0.0186538793142949,0.050763636976880126,0.02212625313581078,0.004544002731748397,0.005215158309533034,0.007816085221207672,0.01410009837675,0.012008800942083763,0.05386067137693907,0.03753777563567764,0.01175962591678995,0.007517307834704237,0.005458991397303238,0.006249876360838807,0.028671158285108134,0.06267263179651987,0.022826487033749048,0.009203972123776962,0.01056389965899564,0.020286385850049438,0.09646974651698345,0.04821427555465049,0.02372417018651079,0.012303393901461472,0.02554894472431393,0.10230336575845043,0.03443542119791163,0.023313715440085384,0.02041753542426789,0.02106610574554555,0.05734271560587706,0.07720183067180947,LC_V20_H2p5_T7,0.10230336575845043
20,"(20, 0)",38,2,thin,,Y,0.008085884981191253,0.0011179784743226555,0.001970945489391188,0.0011482588522139818,0.00023339236571518472,0.00025853995462004747,0.00456496655190218,0.003564670669818468,0.0007214831721609657,0.006009620426114677,0.0006552438354482734,0.0013304524467447182,0.0008982193212097602,0.016111895795381206,0.007054743016820195,0.004454419379428899,0.021581475523996817,0.0011642720566152494,0.007391591778366019,0.002023606668220282,0.02686297204458211,0.006445642363179668,0.016679534723325302,0.03745124240671623,0.025060332559954362,0.002819842495728878,0.004847644842223796,0.0029627779305323567,0.20020412833973486,0.02472687234910533,0.21322875316711445,0.26465096389356907,0.41679763459680064,0.11591402434449702,0.034689166647147524,0.16482484159865968,0.2746252834528364,0.2500501626377158,0.6810344386317776,0.2971503510838903,0.061130323946313146,0.07015757291120456,0.09991533798419322,0.180631660273034,0.15389015466539158,0.6914873448240869,0.48220803231219805,0.15111981444899067,0.09652023721966764,0.07005201772294588,0.07639721555447869,0.35159180508550747,0.7711677684642274,0.2813433786958208,0.11361947161377453,0.13058786685936455,0.235686871968241,1.1248407201199737,0.5620816935567529,0.27719725791456984,0.14364234798195946,0.2849460299266916,1.1416773424596118,0.38680520751268815,0.2618466808625105,0.22823076048562,0.23541291675845574,0.6401600151535373,0.832230948942045,LC_V20_H2p5_T7,1.1416773424596118
20,"(20, 1)",52,2,thick,,K,0.0003136058860867491,5.225193129015948e-06,9.2076519365875e-06,7.784379143842975e-06,1.5461114717249758e-06,2.862108581339968e-06,3.0303151409425502e-05,2.3570746487417446e-05,6.097175499239237e-06,5.0621405000817885e-05,5.453526913122694e-06,1.6022480709790252e-05,1.0583924099296957e-05,0.00018717963848569868,8.220211864663807e-05,6.0321938195635635e-05,0.0002960844029020845,1.5756959336516523e-05,0.0001276303449916431,3.4386274820909626e-05,0.00020963843668186406,5.027082474732958e-05,0.00015203655242969298,0.00034120653328933276,0.0002844153449166133,3.103418911002222e-05,7.092408795047159e-05,4.215285878224766e-05,0.004424740371749409,0.0005468895976187781,0.0048182125313553335,0.005992319399595056,0.009864989339955372,0.0029245673818958265,0.0008690366565275258,0.0034877242205604603,0.005975240036682947,0.005405892637764676,0.015366308578154152,0.00705109536662326,0.0015645252105117215,0.0017659290953725374,0.002221695522850516,0.004086075653993415,0.00345267972134747,0.01605357580422651,0.011618368416390749,0.003879264982312565,0.002444489367061467,0.0019151923110284166,0.0016895147761762075,0.008113854611023381,0.018715049440245678,0.007282413462355159,0.002898076219513803,0.003595562112954496,0.005656951171163988,0.02806903540431869,0.014768687041652162,0.007636196594857086,0.004241265238061158,0.006585499577600764,0.02776838317825833,0.009845903405352744,0.007143750333459853,0.005362046444001264,0.005846184535906907,0.01706000219066275,0.020367579673087294,LC_V18_H2p0_T7,0.02806903540431869
20,"(20, 1)",52,2,thin,,K,0.0022121698559381905,1.3962912426949147e-05,2.48425639477429e-05,2.5091018049378423e-05,5.1213737118113236e-06,1.1383801632433944e-05,7.11497167909776e-05,5.567534578255688e-05,1.554725984220629e-05,0.00013497637896737563,1.4809906332157526e-05,4.889214307632644e-05,3.352925524466256e-05,0.0006272024519635727,0.00027632843486089794,0.00020150997479389567,0.0010087381329863681,5.575853722145676e-05,0.00046386068191911717,0.0001285284936415984,0.0007666777278385611,0.00018514861944249653,0.0005445266306221123,0.0012487518456907791,0.0010412183379399536,0.00012355546169997547,0.00027886171436081175,0.00017299114078350697,0.014363320396055368,0.0017802563731997045,0.01545992882813341,0.019395269326200653,0.03173044099187149,0.009597080935662198,0.0029107289819360954,0.011685960723316168,0.020012977274238137,0.018120129074094545,0.051947343591176615,0.02440791328556299,0.005532195248275587,0.006319056469988514,0.008470518106205372,0.015591906143781278,0.013212750622263306,0.061513765131635416,0.04504520374207307,0.01523896736408649,0.00972769393938741,0.0077635293321708316,0.0071371061352873445,0.0342919204382633,0.07992759273396376,0.031053682790235463,0.012646749285213402,0.01587100635050872,0.022916280406023937,0.1147441455046628,0.060607927730593265,0.03193187246624574,0.017885720197364337,0.027843715242635677,0.11739593171155345,0.04231089174106056,0.030778364691263185,0.02335201002688152,0.026059110548579543,0.0768744065987226,0.09854848976232299,LC_V20_H2p5_T7,0.11739593171155345
20,"(20, 1)",52,2,thick,,Y,0.004120816688430817,2.1503782434112293e-05,3.8653874306165996e-05,5.096248072110508e-05,1.0407945512221857e-05,2.9272626615861043e-05,0.00016534094391002424,0.0001302155980221848,3.872898056446262e-05,0.00035318470419336295,3.917802766858499e-05,0.00014118753759288392,9.82486274829512e-05,0.0017685829943756952,0.0007839350937273093,0.000584629604498455,0.002966746876817792,0.0001641702775544483,0.0014285443397931983,0.0003980966651966895,0.0023707107639594233,0.0005747838625401647,0.001715742505874796,0.003982640994826392,0.003416023743962823,0.0004056036314287896,0.0009447272067036882,0.000586412057371729,0.051047912908437035,0.006323297722735269,0.05536405861372521,0.06937255843398724,0.11446321373038017,0.0349624400064111,0.010564834124428575,0.03747077794305468,0.06421760958429681,0.05835943121414409,0.1676331671602677,0.07929257376721933,0.018103219148631083,0.020792517032744994,0.02404309334564032,0.044276335396688536,0.037559286476751316,0.17643317742450387,0.13078742606117189,0.044740552104326786,0.028626069842949322,0.023238500958322333,0.01903716519297356,0.09269803916206641,0.218917941640734,0.08705766576393859,0.035230304716131706,0.04504029201204743,0.06390023771727915,0.3211332046456333,0.1708268980701369,0.09117772228778513,0.05175023265277186,0.07287879774966699,0.3100034066010324,0.11351105281174077,0.0838481634986657,0.06051872184615756,0.06833514582549481,0.204752362917714,0.2364116656673497,LC_V18_H2p0_T7,0.3211332046456333
20,"(20, 1)",52,2,thin,,Y,0.04831386302947458,0.0002542651611010762,0.00045681316783363775,0.0005929354550752569,0.00012106209327051543,0.00033554052114656097,0.0019064960055747324,0.0015023851336753472,0.00044542302496675845,0.004047449547502419,0.0004487396262555098,0.0016084819641615097,0.0011181925740089088,0.020118818471529985,0.008912861899856449,0.006641026984422674,0.03366813522144399,0.0018629111551293155,0.016172794868831532,0.004503904828726198,0.026833763305621854,0.006507844121157634,0.019382699873776818,0.04504427579606421,0.03854230171674875,0.004582514571000542,0.010642639487157173,0.006606492369051045,0.5698154322056782,0.07058959505589125,0.6168342678325724,0.7727822312935282,1.270524467883414,0.3849351483813362,0.11625528362510033,0.4168743313658987,0.7135826807708556,0.6483661364882349,1.849473137952304,0.8641884137916063,0.19410751141101568,0.22205722321440663,0.25939963017850176,0.47581035816304906,0.4045033061326203,1.880269910791948,1.3798611008266402,0.46209250423463366,0.2960974675455682,0.23269389655788847,0.2000936648168203,0.9626410644525062,2.2370515930468526,0.8703949487190278,0.35268785816592935,0.43729894905216293,0.5924657658938122,2.9332331583717806,1.5267484990532143,0.795046738984233,0.4346926036253859,0.6587082688792767,2.745229019662286,0.974550364743012,0.6927779606407416,0.5478103179717173,0.5955094179076522,1.71584806262185,1.9016740163102395,LC_V18_H2p0_T7,2.9332331583717806
20,"(20, 0)",55,1,thick,,K,0.00016104191885012246,1.6767635006817793e-05,2.960990374560784e-05,1.67464401203772e-05,3.417936732830041e-06,3.7992308179284234e-06,4.3412099359016705e-05,3.392581609788595e-05,6.763866489377698e-06,5.599606634971353e-05,6.1098764783934216e-06,1.2070479122886557e-05,8.192134708669843e-06,9.297218030302337e-05,4.0631587831125354e-05,2.5951803096386636e-05,0.00012418995641321013,6.843973818209791e-06,4.925514230906658e-05,1.4662292954512477e-05,0.000126676476862264,3.0458402158354563e-05,7.933611028710012e-05,0.00017737887675877204,0.0001226840029012125,1.5480774172288377e-05,2.904191747508043e-05,1.981990280816029e-05,0.0010824770921568647,0.00013392829359056233,0.0011623213032663892,0.001465209558196016,0.0024032368739000435,0.0007441447197713174,0.00022963131899778118,0.0009803886744680138,0.0016409181720866564,0.0015117887538265238,0.004217924269865983,0.001980206803896591,0.00043655931282823705,0.0005290991853672954,0.0007086679312146833,0.0012902432497382272,0.001103957914906065,0.005048003895896312,0.003698956453350387,0.0012188683023213475,0.0008073052525893004,0.0006332384458796578,0.00046226487487801985,0.0021968322519122525,0.005165368628398599,0.0019186731933722014,0.0008044216297575582,0.0010069262627173078,0.0015225851171768354,0.007496250593659475,0.003886377533030022,0.002091202023858816,0.0011656051245540146,0.0018102749889453461,0.007510451417167738,0.002753310754096319,0.001982882637259624,0.0014707897914961454,0.0016343362842215976,0.004749113475336857,0.005669459709703433,LC_V20_H2p5_T7,0.007510451417167738
20,"(20, 0)",55,1,thin,,K,0.0006072574243339947,0.00032057942134706985,0.0005668041883518254,0.0003195337286699812,6.523414937975748e-05,6.809645464326879e-05,0.0007613535250573596,0.0005949311644421905,0.00011859701724737976,0.0009832432574039369,0.0001071834345174912,0.0002111468992753266,0.0001414157597786193,0.0014595761112815386,0.0006371993981719045,0.00041214724338222683,0.0019649212636360432,0.00010391734715966903,0.0006579988500044002,0.00017749480864561894,0.0018736653175107241,0.00045038634894678395,0.0011874874846048075,0.002648140493752883,0.0017949949283420366,0.00019754010127912895,0.0003427994111774657,0.00020520452099582958,0.01212340075391755,0.0014934474355989382,0.01313358986914836,0.016166857439053432,0.025900233723405722,0.0072294776117446296,0.0021378107600833556,0.013964356313871216,0.023559380801335156,0.02132394819320097,0.05849398108489169,0.02531773877592314,0.005218374088141127,0.00589153709254979,0.01025141230430569,0.018694420727118227,0.01582823747744576,0.07151413487223761,0.04947314266131265,0.015466419819090069,0.009806263040203508,0.00707618043020561,0.006420305306377865,0.029524302183952744,0.06441828969057023,0.023424807224324516,0.009417572058056281,0.01075149592088126,0.01845150210508517,0.08835706043199185,0.04430719106875583,0.021738887587925675,0.011268212592586133,0.0213701300051101,0.08567689186855074,0.028887997763205095,0.019446713618245164,0.016610449604685735,0.01698855676207953,0.046396327109101014,0.05995673742850617,LC_V18_H2p0_T7,0.08835706043199185
20,"(20, 0)",55,1,thick,,Y,0.00016104191885012246,1.2582394289460017e-05,2.2099855120392518e-05,1.264854282566276e-05,2.5634247911035787e-06,2.813953749042997e-06,6.987113845374098e-05,5.451055082850223e-05,1.0781389893203874e-05,8.964147133068527e-05,9.761687277078619e-06,1.912618884017659e-05,1.2829195963395176e-05,0.00030407524912115985,0.0001330751612446317,8.134998373679334e-05,0.00039455624531921623,2.1353533797050317e-05,0.00012841274395845254,3.531162574626056e-05,0.000631397811682294,0.00015179497002358738,0.0003844113852900312,0.0008623015422218074,0.0005541402817342767,6.274554797264698e-05,0.00010184923962156011,6.246187741955068e-05,0.003873143960590221,0.00047892677394295157,0.004087442443849488,0.005078526089286575,0.007890125886378333,0.00215803351068418,0.0006488083917410178,0.0030956159212192436,0.005127291292417573,0.004662077987403641,0.012545398843338572,0.005377685450111787,0.0010838409620366465,0.0012427868277525072,0.002073193247094736,0.003714273213820123,0.003153891370609495,0.01396648512307149,0.0095644828824069,0.0029374065877507973,0.0018780044510547688,0.0013325174163821866,0.001830012857513271,0.008286356193632414,0.017838698844659853,0.006323048049131555,0.0025693810655067852,0.002871894926929529,0.006122106928771399,0.028988202731199016,0.01429526969819923,0.006966965888380095,0.003548447616653312,0.008108266608534923,0.0320171392544241,0.010738926175163274,0.0071292427083577,0.006667322625575441,0.006786130340223235,0.018140443094343154,0.024548915961352603,LC_V20_H2p5_T7,0.0320171392544241
20,"(20, 0)",55,1,thin,,Y,0.0013102218336543217,0.0002327846292237016,0.00040962399314767545,0.00023400154106624637,4.7499916459619924e-05,5.053025978390631e-05,0.0011041229326784674,0.0008615862651416771,0.000170950092527702,0.001418574636206684,0.0001544388610518908,0.000303069171308817,0.00020313489867841776,0.004250484125254579,0.0018595390651924741,0.001143265357263564,0.005536983909265664,0.000298903997805647,0.0018091015312795113,0.0004963909873541004,0.008207963395665159,0.001973659726275696,0.005018203772933983,0.01125496202066766,0.0072658922304427755,0.0008205880094992216,0.0013435785529520056,0.0008204118124379484,0.050853991577545735,0.006282227660442266,0.05382829238588882,0.06679385971996893,0.10422404235755497,0.028600950798762473,0.008579401550074632,0.0424286855848299,0.07040613737029948,0.0640271406891222,0.17276010986974963,0.07418761457078854,0.014992974272085567,0.017151390681616387,0.028734412977544192,0.05166957715969354,0.04380536298554768,0.19448052952043424,0.13337429050426522,0.041060083891741525,0.026266344993171858,0.018657775515574713,0.02410329159865345,0.10949398181410508,0.23609004661168706,0.08384977343052541,0.03401951377649017,0.038115865435487166,0.07587866687646382,0.36021109459707173,0.1782121656640008,0.08703054917693527,0.044464857086293365,0.09813120629419302,0.38854085725690596,0.1305557733594462,0.08680699366608201,0.08356435755308843,0.0852053570523631,0.2281519140902765,0.30125557995598834,LC_V20_H2p5_T7,0.38854085725690596
20,"(20, 1)",65,1,thick,,K,0.0002052807602578119,8.612385345489812e-06,1.5007657019454733e-05,1.1016191800963059e-05,2.128821910899894e-06,3.239452094646663e-06,3.528185336196266e-05,2.7185691054537638e-05,7.077355325818642e-06,5.464913429702154e-05,5.710386665028319e-06,1.610400823917238e-05,1.0027839770386963e-05,0.0001658042342112265,7.231143368435645e-05,5.470849650958293e-05,0.00025994009638301865,1.3240245903132324e-05,0.0001065060548496638,2.7498817583696538e-05,0.00012953095825653666,3.0945317565388675e-05,9.927988925851963e-05,0.00021683270971422893,0.00018727879706092248,1.8536503232459135e-05,4.476329180078227e-05,2.4742909100230508e-05,0.0034806670658748544,0.00042917325993405245,0.0038299334948865096,0.004722000088114794,0.00782028864129604,0.002272308041978454,0.000661466319267735,0.002790470050646815,0.004806111597880774,0.004316032734832136,0.012309616246009665,0.00554776978341073,0.0012233696341336815,0.001340497951308794,0.001716574096277463,0.003199194383315069,0.002683899783317197,0.01258139997872618,0.008991038361601285,0.0030015385954393057,0.0018478232762809419,0.0014356039221627176,0.0012227107654601218,0.0058825731743779456,0.013398680232950582,0.005263632055123473,0.002041048249514019,0.0025133731853315845,0.00423646033387523,0.02081937328425585,0.010963989150726721,0.0055568490959405385,0.003065135950020738,0.005052037197926695,0.02122829423502236,0.007348757176508505,0.0052632432745917165,0.0035256082522425606,0.003747450135070288,0.010869615449778759,0.012769591126286046,LC_V20_H2p5_T7,0.02122829423502236
20,"(20, 1)",65,1,thin,,K,0.0015585455003468214,3.591405412187036e-05,6.401260025893621e-05,4.8101009619796454e-05,9.412211555706705e-06,1.5264486129208226e-05,0.00016545425686719962,0.00012912410429840882,3.1816163490506176e-05,0.00026493820591185835,2.8084058849758492e-05,7.95185864260179e-05,5.1180341723006115e-05,0.0008755721620756873,0.00038320777021139384,0.0002795427395775539,0.0013576098930768734,7.093452226490902e-05,0.0005666312005163517,0.0001497101224831458,0.0009034321081044747,0.00021628641388269027,0.0006502807167945177,0.0014499426998557576,0.0011870330460973292,0.0001253107995078028,0.0002869775889028112,0.00016579179638270353,0.014686179499813353,0.0018168848604378056,0.016093847589287284,0.020053029551764887,0.03335609363560978,0.00994496133356995,0.0029229025996332456,0.014488258138912925,0.024965386607247668,0.022574968348699855,0.0646199061281296,0.029503141080187947,0.006549051907268154,0.007272240003986478,0.011802430058400952,0.02171425661973671,0.018382736508631172,0.08522982836570261,0.06127167452601296,0.02033874117952051,0.012681178329680404,0.009806915879400208,0.00961691355548633,0.04561351145522081,0.10419280748360388,0.04002092021274599,0.016032841027069106,0.019501330896195455,0.02774754616213822,0.13780142069575063,0.07222136792638133,0.037123637181807535,0.020519930906321728,0.03585181156197628,0.1499465495632817,0.0527112752032161,0.03764507955517596,0.03181806618570762,0.03408817019663135,0.0981140160741229,0.13211247698419376,LC_V20_H2p5_T7,0.1499465495632817
20,"(20, 1)",65,1,thick,,Y,0.0016196063569221609,2.1668573249701122e-05,3.814452709102223e-05,3.8917979542332724e-05,7.3414737548081256e-06,1.6308944512116167e-05,0.00014845053235450293,0.00011565262415925265,3.3606795005832226e-05,0.0002736122439515368,2.8820631311015314e-05,9.727619223950686e-05,6.158843563352705e-05,0.0011335925509447058,0.000497318101519775,0.0003867475263405581,0.001889603517123528,9.77958296199503e-05,0.0008559836170682652,0.00022365485725893514,0.0013216511102165456,0.00031585639343737095,0.0009978582200865665,0.0022243278232358965,0.001959431321485658,0.00020537983944459725,0.0005053739368842236,0.00028965373755526026,0.026826449769831385,0.0033164605653617364,0.0295121244905962,0.03673265326382711,0.06157445802001086,0.01849499782061887,0.005419447076886452,0.02163291704122582,0.03754874188644416,0.03392036954215,0.0982927660429364,0.045653660610367915,0.010360195479566525,0.011474539147727392,0.015021652037700657,0.02791046096772636,0.023605438714973826,0.11104873716410217,0.08097499151934218,0.027478959418622675,0.017069131941145458,0.013548751988357035,0.011708321663890187,0.05656428011270538,0.13126929063981438,0.052277374126342736,0.020688314794934833,0.026020685997273214,0.03736080547939414,0.18729785732156554,0.09982603721526166,0.05210565857792902,0.02938046953675659,0.04425439882688662,0.18759889571345537,0.06696722953633709,0.04898726563495666,0.038709681602208355,0.04227876678348005,0.12491495039277924,0.1460061186165348,LC_V20_H2p5_T7,0.18759889571345537
20,"(20, 1)",65,1,thin,,Y,0.019418258468988144,0.0002761231069307514,0.0004864594982533876,0.00048194052690820477,9.116416402791024e-05,0.00019693118606913375,0.0018290588759858803,0.0014257930669774373,0.0004079537550343243,0.003328999398819556,0.0003508437460598434,0.0011659616101997539,0.0007394291895247915,0.013481913460778866,0.00591507788569915,0.004577800793983158,0.022339207815965902,0.001158196644713549,0.01006802804921558,0.002633519760634844,0.015525719637116325,0.003709898760172384,0.01167708322180054,0.026040644493673458,0.022835315251004695,0.002393187922950998,0.005862417939923229,0.003361259490452251,0.3110376026541491,0.03844549588118037,0.3415362519696626,0.4250796399463704,0.7106021471109096,0.21267629408111666,0.06251298238522564,0.25405022905582825,0.4391445825290359,0.3973001660872467,1.1448540811127645,0.5281055248401073,0.11837953407706428,0.13136400130610945,0.17127370133984723,0.31580669400080164,0.26773506570278444,1.2477585858769384,0.90450818926782,0.3026176641888183,0.1890996934557328,0.14726809838779018,0.13232118917050134,0.6341270662501077,1.4559228785241747,0.5689812981156096,0.22589425388893164,0.27830029634046477,0.3896865217361552,1.9318889233651446,1.0110411543517988,0.5183846081464777,0.283487609013366,0.4438346677768055,1.8531611225810793,0.6485262163043684,0.4601164327633803,0.3824366452792682,0.40808042145258644,1.1728288195202037,1.3026958316333643,LC_V18_H2p0_T7,1.9318889233651446
21,"(21, 0)",56,2,single,,K,0.0003164203815315921,0.00011601746558900814,0.0002039802605601158,0.00011659887685350235,2.3691853517358004e-05,2.5167646143055098e-05,0.000278523200962975,0.00021689839315024696,4.304626306810709e-05,0.0003558990682941999,3.888005000707739e-05,7.542304666061252e-05,5.0960115768902616e-05,0.0006785384886020232,0.0002970364752419254,0.0001839437064858049,0.0008886951302062511,4.8112192064470525e-05,0.00029136759484492685,8.010815887117807e-05,0.0012346700821224501,0.00029698364639220144,0.0007588089454729866,0.0017016994541504855,0.001097988905495766,0.00012507092967929188,0.0002025832830414348,0.00012489417793431156,0.005734246027195313,0.0007079983364099398,0.006142022728340397,0.007602182093018723,0.011962969203495497,0.003301662876195692,0.0009948329181919929,0.006984168605988369,0.0116801304222247,0.010611506168416737,0.028865373215487922,0.01247899334129115,0.002538041093353309,0.002906009091649171,0.005931285521784562,0.010781394785129099,0.00916334114472672,0.041166764171890205,0.02847380348549431,0.008830363161905767,0.005641726027606127,0.004036953466376491,0.0037161739454316875,0.017105280556396048,0.03746914020496577,0.013285124484619592,0.005404224570845889,0.0061009539979807684,0.010955522790459056,0.05248968915465802,0.02606638819900198,0.012832677698599821,0.006569768756664213,0.012290035976985428,0.049058965969513466,0.01662292435479161,0.011120094723085257,0.010154211794704616,0.01040771017215978,0.02802567464432086,0.03637272813735248,LC_V18_H2p0_T7,0.05248968915465802
21,"(21, 0)",56,2,single,,Y,0.0010347625667837517,0.00011932925513007425,0.00020903735371845264,0.000120737121554938,2.451407419534692e-05,2.6656375625835595e-05,0.0007300799715416055,0.000568882813839962,0.00011002669499822917,0.0009192466750616675,0.00010049321294842947,0.00019032476274273506,0.0001288297835187782,0.003544597470993408,0.0015542612541227065,0.000923606114853908,0.004495448863395963,0.0002460235055737997,0.0014261331657351459,0.0003962352583590775,0.009300628891371352,0.0022385411667718933,0.005601236088800606,0.012616843281178902,0.007931748073140291,0.000913773291631871,0.0014332918721138828,0.000891345012202561,0.04505580317106832,0.005571682050806668,0.0473817504622485,0.05896142539039623,0.09088647511519013,0.024727167201237046,0.007508265901509509,0.03855051632203067,0.06357435159738821,0.05797394001574145,0.15510071301593698,0.06602955206213386,0.013122534589879019,0.015141552504439763,0.02811992426521607,0.050393606457690955,0.042881203701805766,0.1895904686210096,0.12956051600649848,0.03948272020574699,0.02544460450350042,0.017900613059080566,0.023180424920459426,0.10568892078217632,0.22866699584381556,0.08096166839554202,0.03296825094550009,0.03679401621590071,0.07344082404721335,0.34978456566054333,0.17243999819589573,0.08448193438067694,0.04288273063901629,0.09283943374158396,0.3666676846265315,0.12342889268258317,0.08178894355363221,0.08435378829748535,0.08606133192620816,0.22918598031356233,0.3017115945681364,LC_V20_H2p5_T7,0.3666676846265315
21,"(21, 1)",64,2,single,,K,0.0012577470286242317,1.9478124606982988e-05,3.3831890277496216e-05,2.6304490708122737e-05,5.095433275452451e-06,8.930667064208952e-06,5.811791592470127e-05,4.5706265528302775e-05,1.2037254654592047e-05,9.404460762966022e-05,9.986730169509767e-06,3.388272329502205e-05,2.008847995704905e-05,0.000491556060962197,0.0002163951414195007,0.00015213665654517975,0.0007328072912947625,3.914007092957592e-05,0.0003087723063150606,8.064478441652685e-05,0.0005475512364268463,0.00012996437355894798,0.0004784340880621278,0.0010242575534675483,0.0010311037659310163,9.61822028490208e-05,0.00027539885928808453,0.0001454561680404626,0.013902351270749706,0.0017183213668518175,0.0149252907350224,0.018564243361749493,0.029748400793974603,0.008479481717769653,0.0025396079205554666,0.01051469760759346,0.017676121141516496,0.016040128570799523,0.04444795316909098,0.01999160148027903,0.004447293211712569,0.004871918005413982,0.007365913908772392,0.013342307388003077,0.01132669216964459,0.051697802745035985,0.036883001676002364,0.01228022838732639,0.007619810603700164,0.005938436534592474,0.005101235897626079,0.024525859943813667,0.05651776347610494,0.02227814986874523,0.008765355368679865,0.01092300523157568,0.018010658301636513,0.08952494608498085,0.047344811800652184,0.02446859164947988,0.01374422585800985,0.020531178412803875,0.08732929129524494,0.030780554527250068,0.022631900495999103,0.01604107711794332,0.017323261916980005,0.05283877521784367,0.061771731169074466,LC_V18_H2p0_T7,0.08952494608498085
21,"(21, 1)",64,2,single,,Y,0.01919669042560257,0.00018746150984063996,0.0003281643777728719,0.00034359714463491576,6.426206684082297e-05,0.00015170243320160236,0.0010900952326932814,0.0008553367578497558,0.0002581209044882662,0.0020428190750200505,0.0002115395029577029,0.0008129590423921172,0.00048283196824094594,0.011740258052568486,0.0051812894589777555,0.003784039685276774,0.01846477492170334,0.000981917994381279,0.008166183569057857,0.0021344598072748043,0.015004698272107469,0.003597381579133664,0.012298871788141886,0.02710932533502727,0.025730160916574332,0.0025801277965902883,0.006926982361934047,0.0038158062799116097,0.40309954230218165,0.04984381333174841,0.4389705067298435,0.5455861446105029,0.8908507698940398,0.2587194559211426,0.07675122168578402,0.28238775216321754,0.4807570637692891,0.434713267145978,1.2264721941606005,0.5542998438986994,0.12252449271513201,0.13539699176950995,0.17867279938240632,0.32452349793794405,0.2758161166903521,1.266704097447766,0.9115021235180842,0.3033999698434462,0.18869171190615064,0.14646686741712,0.1251825557958002,0.6009081462944027,1.3786747202038887,0.540940094811486,0.2130651081826856,0.2631687503889908,0.39953288730861636,1.971484113698915,1.0298421856346964,0.5230784939327604,0.28610546884288884,0.43203022168784655,1.8046153465699362,0.6281514141862513,0.4467810991903706,0.3521732132023211,0.37462622360275216,1.0898231905089506,1.1662769788814056,LC_V18_H2p0_T7,1.971484113698915
21,"(21, 0)",69,1,single,,K,0.0008390652502937583,5.351133208164206e-05,9.354275766014718e-05,5.4321080647709726e-05,1.0928659998367329e-05,1.2598629897819284e-05,0.00010723654546843492,8.30464157236048e-05,1.7144217007326765e-05,0.00013804560472195607,1.5007325495501392e-05,3.129582028435016e-05,2.0104299469251578e-05,0.00019242199033670286,8.303004459855877e-05,5.653841889622642e-05,0.000264063030507087,1.3800107128597793e-05,9.003117720760772e-05,2.415157448507719e-05,0.00038054502768946046,9.17292214211579e-05,0.0002403738507439824,0.000537207411722741,0.0003662385577491256,3.9999065926537844e-05,8.441751751360131e-05,4.601850711620267e-05,0.0013473256123275525,0.0001664862167871564,0.0014753172581313538,0.0018313230760203482,0.0029633413143527873,0.0008422712031313597,0.00025176613702747503,0.0020299780534093763,0.003443592607636644,0.003132268587324995,0.008675532453105888,0.0038095721985856082,0.0007897952838656998,0.000897286573562131,0.001571767985250032,0.0028608017027500266,0.0024136419642076853,0.010875896367510322,0.007560064004064021,0.002370837905247544,0.0015150608654517133,0.0011002025107488714,0.0010566372779103894,0.004980555990841193,0.01110930450992158,0.004110805625301447,0.001657966717138438,0.0019199477708228703,0.0027032636437997145,0.013144041156021836,0.00665329929692164,0.003361051303258306,0.0017622951932379065,0.003295446691412351,0.013484231327475851,0.0046687266445055026,0.003207074830894248,0.0025364737459966143,0.002623719251789099,0.007275904804994513,0.01041207407042228,LC_V20_H2p5_T7,0.013484231327475851
21,"(21, 0)",69,1,single,,Y,0.0008390652502937583,5.55975975595144e-05,9.68658247534395e-05,5.619125563424463e-05,1.1251088250749876e-05,1.2598787787408645e-05,0.00031247492867475204,0.00024299969884981199,4.789923935512802e-05,0.00039549128153686596,4.319029280852143e-05,8.319110799018008e-05,5.6106713960906266e-05,0.0012960695228783265,0.0005652321162282695,0.00035329482287820853,0.001694725618392501,9.146682276815704e-05,0.000553019330747934,0.00015194830365963913,0.0035245970513732485,0.00084649810182372,0.0021551507422218966,0.004820726523627303,0.003085273066697308,0.00035279351882600116,0.0005658367722196267,0.00035007644851743906,0.014753973877707263,0.001824221691382207,0.015651881764430612,0.019464682122063738,0.030343059534837444,0.008369969194293942,0.0025348004351539097,0.0140576643679334,0.0232914398262364,0.021267925859393348,0.057358817268984334,0.024708832404435135,0.004982418466020928,0.005727962495593377,0.010186164739716662,0.01827940128032396,0.015508039301411737,0.06891906525032739,0.047431652670682195,0.014592381770419119,0.00939330550642093,0.006679967374200337,0.00872764455095045,0.04016417512245537,0.08757107012753804,0.03166667427892263,0.01283412002539452,0.01451831538456077,0.027759120380974722,0.13304186311287547,0.06629098863984124,0.03287043377775639,0.016903253995096956,0.03784170254918125,0.1514131297590113,0.05145729041964762,0.034569019919997966,0.031806553663109284,0.03249877521782389,0.08741848880991693,0.12224275137304724,LC_V20_H2p5_T7,0.1514131297590113
21,"(21, 1)",77,1,single,,K,0.0002766963192871542,1.5757405593546608e-05,2.5894170301770617e-05,1.7216853793988674e-05,3.1728755804995462e-06,4.075954304542371e-06,4.4194525957269806e-05,3.3493321206628216e-05,9.287921929957067e-06,6.14046410862815e-05,6.297337954519638e-06,1.63399661662303e-05,9.587660319253582e-06,0.00026640110865378653,0.00011386446119757959,9.002783684790058e-05,0.0003940963098244752,1.9023558395529435e-05,0.00014127507298127863,3.517537173778313e-05,0.00033317134640581744,7.829308062298979e-05,0.00024960721504251797,0.0005115673866328643,0.00040351263470830346,3.690670802963309e-05,7.803845308379944e-05,4.163497969168378e-05,0.006021212884780307,0.0007375848273763118,0.006775801007737763,0.008149555127137583,0.013498793022603749,0.003728985131690771,0.001068557050860875,0.004845249684592515,0.00854940555529897,0.007532256963298806,0.02162093860861225,0.009391021906744035,0.0020265844571292634,0.00216113381294922,0.003921423131539635,0.007274125004094312,0.006060753317631503,0.02790432513170987,0.01923802869946156,0.00618836507447376,0.003778298143065038,0.0027807840394542967,0.002657769727334262,0.012471293234494071,0.0274537121473708,0.010314480219228648,0.0039886576724447636,0.004687201728790466,0.008470634666340942,0.040732393418790834,0.021039442143843946,0.010256011457302865,0.005457504498099126,0.009786535920423445,0.040681660942743,0.013626853860537063,0.00948519523076425,0.007924120443884432,0.008043505165995779,0.022618637793935702,0.02835950904671488,LC_V18_H2p0_T7,0.040732393418790834
21,"(21, 1)",77,1,single,,Y,0.0011785210290745072,0.00010489223137709741,0.0001742881738926766,0.00011391585504528391,2.129078409913658e-05,2.697505521345881e-05,0.0006130066652107052,0.0004684259830484042,0.00011548568114281733,0.0008227549699856005,8.631234519418339e-05,0.0002018954719447538,0.00012427480068462544,0.005154607780468865,0.0022304796565045344,0.0015464589651881424,0.007086332799468624,0.00036442664089927413,0.0024187116778234294,0.0006328528823448921,0.007225902355262786,0.0017179091243406412,0.004951079137779031,0.010610125954982244,0.007674150826357451,0.0007777722734697157,0.0014599633685091584,0.0008332765357405424,0.15362091987860366,0.01889134652400513,0.1678271355930736,0.20470045571894097,0.327752713167844,0.08949120429508173,0.026296034647382182,0.11029886185141978,0.18766170226186774,0.16775383391574442,0.4631568945493846,0.19847177401732696,0.0411158125835595,0.04549179843418581,0.07871992182046433,0.14308819398708836,0.12024242482792052,0.539567635191868,0.3681425306380757,0.11455266982931119,0.07194264753855836,0.05150707561212275,0.05290640077158482,0.24513553809139024,0.5358122861116478,0.1960514896749915,0.0776742651849033,0.08915412927306365,0.17017952326833186,0.812377914048573,0.40807802485862665,0.19914846210820805,0.10305523294377562,0.18496499917688908,0.7478931641887409,0.25060269260264967,0.16972343817732072,0.14820602637996116,0.15082683039426353,0.4135096960545264,0.4648908093399811,LC_V18_H2p0_T7,0.812377914048573
22,"(22, 0)",72,2,single,,K,0.01764336259199003,0.014372503528743663,0.025188754943704147,0.014159404204396426,0.0028783978433142413,0.0029627367729034054,0.03201525439939119,0.02504861233061602,0.004759792981657717,0.040347128331648045,0.004432275543324451,0.008251200745016564,0.005631080660822964,0.04706982567890999,0.020628285483367523,0.01263342101218638,0.061198864370496965,0.0033415902490842647,0.019835172705893887,0.005495767419459014,0.048874768862857916,0.011765068710313223,0.02983416695851911,0.06689139322973747,0.04270097328322181,0.004871791065468005,0.007779829307673466,0.004804700707231802,0.07901806456383599,0.009764795166213707,0.08480253983266754,0.10521685847309949,0.16556131031707408,0.045765744688723305,0.013834098239913075,0.08281727129760365,0.13848787975792318,0.12609570362325673,0.34193555239251316,0.1472698431128419,0.02968819093934677,0.03416287070818988,0.05384855611083361,0.09742601955132317,0.08287271492159043,0.37039334207385655,0.2557063389948289,0.0787612084892701,0.05073751625104393,0.036075604501933145,0.03139659707785551,0.14597443533842552,0.32160556172709914,0.11720563036529899,0.04770516750525453,0.05425111315191863,0.06910993118340439,0.33443746103039057,0.1672232600058651,0.08310588518275493,0.04276716189901412,0.0747932547418677,0.30085968817948283,0.10299867075762369,0.06945023193535478,0.06762489183983661,0.0699600617218493,0.18972636332758852,0.22344445155386725,LC_V14_H1p5_T6,0.37039334207385655
22,"(22, 0)",72,2,single,,Y,0.024783848379344397,0.012480122375330565,0.02184606307889308,0.012259679826083088,0.002488789319034029,0.0025583447523143685,0.038089389652828466,0.029822604403241356,0.005600034024623051,0.04778338218682855,0.005255943876385014,0.00969447963080464,0.006638006888602442,0.09129460981599254,0.04009404270874498,0.02397862094646781,0.11715655508517206,0.006444878625583899,0.03755935994229223,0.010472534608139551,0.1287245021369127,0.03101461692185486,0.07748218908596652,0.17486610447467704,0.10997174279886711,0.012719267836681755,0.0199363883425508,0.012423127055776206,0.2622460978456998,0.032472754508969776,0.277268533357813,0.34596092225615444,0.5366839381817374,0.14746046932510745,0.044887866548624866,0.2039157036684625,0.33807131311969923,0.3085699716339931,0.8295389957127658,0.3554808151610581,0.07100261241194895,0.08209956826368693,0.12414064084276481,0.22269136370199236,0.18974026632930932,0.8405936227552446,0.5769944512877897,0.17620544816812117,0.1139345631063027,0.08037426565908831,0.08747488906563339,0.40368024068370645,0.8837905040604667,0.31876226988722567,0.1302690901027254,0.14674394045553746,0.2052772914268864,0.987467692823113,0.4899237597079425,0.24252023273254908,0.12391872407847487,0.22793315800389177,0.9091097544074473,0.3094861175423309,0.2070534898323008,0.2113930365485483,0.2178721252160306,0.5860244673065044,0.6801999563288375,LC_V18_H2p0_T7,0.987467692823113
22,"(22, 1)",80,2,single,,K,0.021639817086924515,0.0025677463970785715,0.004389401972236305,0.0028164898350403547,0.0005427368359013046,0.0006693654882310813,0.004351654077466505,0.0033982649639428112,0.0007569674639255982,0.005743751308962115,0.0006144906071962158,0.0014770883377503254,0.0009092959876383812,0.022892399899429556,0.010036610053279355,0.006148810032957497,0.029907422265535614,0.0016289350465247226,0.009780235721066607,0.0027015194575815012,0.02748747377568128,0.006610064621774289,0.016858331524812323,0.03779729662173193,0.02438246723059994,0.002764021686654339,0.004506718900113742,0.0027608762534701197,0.12742417171767728,0.015774641153296676,0.13504628831899504,0.16835166094909584,0.2620379787176377,0.0720378872250831,0.02184149808062621,0.09622037658231139,0.1600259593190679,0.14563136945832816,0.3928365910134868,0.1683790706416219,0.033776746769956616,0.038840050145186204,0.06475527314119549,0.11637160329883928,0.09883696053692348,0.4386806148049409,0.3007339606449467,0.09203509734895388,0.059300233449208414,0.04189315857036583,0.04554625925036851,0.21084437827315985,0.4628309914615125,0.166529755929437,0.0679188747781258,0.07671878724776604,0.10448385834242224,0.5042513453165076,0.25182745424246367,0.12483188144613175,0.06415656858952903,0.11181924240874162,0.44993819048426814,0.15323689576109592,0.10314076902280865,0.09550254392944117,0.09865454685037463,0.26735425695238785,0.3091264338678562,LC_V18_H2p0_T7,0.5042513453165076
22,"(22, 1)",80,2,single,,Y,0.0341053582513829,0.006709962958393305,0.01147902805225109,0.007181452146381764,0.0013904822836581358,0.0016547640538501645,0.022394607728390442,0.017539978335273574,0.003558542203587666,0.028506703513570777,0.0030934501682015236,0.006500718371613269,0.004209189248771889,0.1290292985768873,0.05676553773126874,0.03340186383683999,0.1640879343088268,0.009073199708925289,0.05222414586405207,0.014617160096137727,0.14955684565994198,0.0360239672947009,0.08973269616038224,0.20249835782633954,0.12682112535461812,0.014665508639271624,0.022979693269191595,0.014266751647801184,0.8518143088767384,0.1054681972227745,0.8965716904508584,1.119007536084255,1.726137623580771,0.4710829680320359,0.14338944490915928,0.5833524873321069,0.9643364194045373,0.8788016596218244,2.351757778114899,1.0020168287630216,0.19888583873009175,0.22994805439794389,0.3510497417216507,0.6261287612510122,0.5331242864722583,2.346767236156545,1.6002981413744315,0.48511313667402983,0.31398050776204445,0.21983534955195067,0.23671407012020498,1.0895402395694636,2.378298044686626,0.849090155481944,0.34746554686554415,0.3892238152686314,0.5600186767041442,2.6878143361854026,1.3301952564690172,0.6562630096345842,0.3340557733594483,0.5684350335870496,2.2668493850636517,0.7688194460418004,0.5131199765066292,0.477384335211449,0.4910016918959698,1.3190087270826851,1.4056791254173098,LC_V18_H2p0_T7,2.6878143361854026
22,"(22, 0)",85,1,single,,K,0.01744834515748926,0.012782963793548145,0.022389940522198313,0.012565981804190343,0.002554258142208195,0.002624061187157535,0.02814354465936485,0.022000598059475237,0.004187805459463157,0.03537109751054762,0.003885978274811696,0.007216855821440012,0.0049260045457288825,0.04070608992789013,0.017806431324823728,0.010977099071726398,0.0528587722841718,0.002878777903616084,0.01706730091086059,0.004725173100011731,0.04385680333285899,0.01055392310053851,0.026731753268415658,0.05979748035043198,0.038052855716535966,0.004339425509385673,0.006892468864859129,0.004258515705361173,0.07096210278388525,0.008765378099510748,0.07625810267895095,0.09439724026760998,0.14849429973601877,0.04092131156405117,0.012362424652325035,0.07826869904365528,0.13072306264658412,0.1189875939324733,0.32211902628303485,0.13845508277734647,0.027833905510728212,0.03204455184044911,0.05076619199319141,0.09169441493836704,0.07794591664355315,0.34762863221102247,0.23958620456923796,0.07359074872818214,0.04748846689784403,0.033664412813499106,0.03115240603307244,0.1445591935909698,0.31771244123647413,0.11458123983326408,0.04672862801505236,0.05284167440320063,0.06571123692611218,0.31747499634849047,0.15852716154939292,0.07872766932262153,0.04044222805833634,0.0724386981294812,0.29114678285229084,0.09928136088703716,0.06679016117987505,0.06369319839148517,0.06578225719820037,0.17812167415559296,0.21242221869489347,LC_V14_H1p5_T6,0.34762863221102247
22,"(22, 0)",85,1,single,,Y,0.03227494104565594,0.017539674746327318,0.03070323889273759,0.01720793356404392,0.0034959565514297163,0.0035860100343886904,0.04730690229992586,0.03699319701714921,0.006997513804330659,0.05929719071572968,0.0065179442255588515,0.012047648596098824,0.008234158248320493,0.09288755215625287,0.040682008127947734,0.02471537357494583,0.11974074807970643,0.006546624875139674,0.038434168229626677,0.010674167426233845,0.12533842406113938,0.03019277680760709,0.07557885045161204,0.17010482919922923,0.10707987112105832,0.012342391308050111,0.019350265192558634,0.012035429411348195,0.2415902729157313,0.029887239163338134,0.2567888130641785,0.3194758738795725,0.4975680174904929,0.13668651005893967,0.041515443800515056,0.21062635123464676,0.3497840569864418,0.318980653749835,0.8588725925801619,0.368088091382222,0.0735803067701813,0.08496857803595617,0.13123258418983802,0.23615183317624544,0.20080786073588572,0.8920855451862878,0.612656845255921,0.18739727648488147,0.12103850490490575,0.08547241244178325,0.0906301713540254,0.41897773329327204,0.9180391943812886,0.3293262698077651,0.13452077866790565,0.15150431888079133,0.20423433924611298,0.9830791128396844,0.4885825973808858,0.2419201295373826,0.12374883218821162,0.23009877056583694,0.9197070801321293,0.3128223599517943,0.20948348800877936,0.205852912951781,0.21210935141408252,0.5712937871462175,0.6727269118680083,LC_V18_H2p0_T7,0.9830791128396844
22,"(22, 1)",93,1,single,,K,0.01615109989849136,0.0030624117467423608,0.0052794969104691565,0.0030864967352304566,0.0006128215901200631,0.0006661242389123496,0.006267533112920377,0.004843033059173615,0.0010078970100418742,0.008041519707721215,0.0008686663378142948,0.0017470713826412626,0.0011528233834327125,0.026328650189205608,0.011478005060574501,0.007262791358678998,0.03464713874425577,0.0018588289239931054,0.011344134851700258,0.0030982397195203587,0.025691854978103782,0.006158037153720429,0.016169223567690263,0.035718682115021556,0.023611197626511003,0.002600087273934896,0.004359112388408585,0.002626780696204851,0.13754587510389638,0.01700244838535609,0.14684087007519286,0.18206917899508784,0.2852293482431519,0.07826365219155573,0.023574665639352173,0.10176239249566185,0.17040778520496636,0.15445477179582018,0.41914491068740856,0.17956884067008344,0.03621767729031681,0.04132457287074599,0.06748426443453416,0.1219697514423178,0.10326462171631635,0.46040495185721975,0.31539636566294355,0.09690783181391086,0.06207079208730012,0.043969680582438345,0.04503404064807999,0.20839801243919492,0.45646215390740935,0.16462990089513888,0.06682543341516119,0.07554457723006296,0.10259984589856325,0.49366068152224646,0.24670082080337638,0.12179272453220562,0.0626278676153105,0.10895757678464146,0.438471462053287,0.1488285867095169,0.10019917320497035,0.0911684663609693,0.09391907991996602,0.2550859593411595,0.2928036804432639,LC_V18_H2p0_T7,0.49366068152224646
22,"(22, 1)",93,1,single,,Y,0.028931503114211148,0.007899183286660692,0.013686324197169138,0.007782025869486538,0.0015602374094802474,0.0016373479520663129,0.024588754102987522,0.019142276237189792,0.0037152940396897515,0.030884525714665788,0.003376872486512532,0.006371206145970548,0.004311923028926841,0.12053692391098021,0.05284780685446895,0.031861270143088094,0.15479930335942213,0.008474474314646688,0.04959566480667453,0.013775286583016622,0.12456010249890764,0.02995188531936346,0.07579819019526036,0.16978986019671177,0.10794306231264093,0.01229702985943547,0.019583694439471947,0.012079906304584132,0.7364915191403838,0.0911363538528287,0.7779439244157131,0.9687873101619024,1.4997673291837317,0.4093982957663048,0.12424993923410917,0.5083731615156301,0.8433649475380035,0.7671409370495382,2.060077676851896,0.8782631069935659,0.17496039234487226,0.20149651754539047,0.31068881238527113,0.5564298242955451,0.47268208493100294,2.0882388886266696,1.4247266792031228,0.4333849941452906,0.27955790625544524,0.196269748068833,0.20594563078477388,0.9483921845141549,2.069283695524688,0.7413527471744226,0.30250375262911383,0.33938177739264774,0.48219675515883903,2.312985414021882,1.1467423282214835,0.5651224584618952,0.288200948217864,0.4945533431728269,1.975349303440665,0.6690433636495637,0.44712128900086245,0.4085941045318842,0.41999492569884767,1.1300561052795797,1.2261304662633408,LC_V18_H2p0_T7,2.312985414021882
23,"(23, 0)",88,2,single,,TY,0.00015282834818819814,3.8015909654190245e-05,6.667874756214192e-05,3.725303796467611e-05,7.5652189241375205e-06,7.758121077010545e-06,0.0001459913528928139,0.00011372075672614323,2.186584640908197e-05,0.00018251228305147092,1.9997601168126942e-05,3.725226658183135e-05,2.5322400628034313e-05,0.0007993913044733583,0.0003507738112429536,0.0002071433308736839,0.001012692049467127,5.5709447501286635e-05,0.00032037068221286465,8.942355765179237e-05,0.0026901167953290585,0.0006478186271686152,0.0016118907894008935,0.0036389805605747385,0.0022740809101939644,0.0002635877054061945,0.00040999786629501716,0.0002560661364422041,0.010952059277881971,0.0013555032992649382,0.01150275023702594,0.014346965677872681,0.022088926418314454,0.006021500375754344,0.0018342121552243215,0.008429753742996596,0.013870788515298863,0.012657427194043855,0.03376568825468602,0.014346633635434244,0.0028410384272318095,0.0032856512945153606,0.0063125058037708974,0.011271298796618532,0.009593849468913243,0.04228840974135693,0.028873938440834055,0.008766674695419089,0.005672620081339017,0.0039783963325701645,0.005515128496546174,0.025218709704969425,0.05474151322437186,0.019466327491551083,0.007954634437373351,0.00887907494226157,0.017492067653734168,0.08344348135709204,0.041162236052631626,0.020246346374363795,0.0102776972119231,0.022585665708965214,0.08951916361633278,0.03025515784916755,0.020120052350286646,0.020513891772864442,0.02100415808063881,0.056123788096696964,0.07404440953512696,LC_V20_H2p5_T7,0.08951916361633278
23,"(23, 1)",96,2,single,,TY,0.00014520730871671672,5.894743354073232e-05,0.0001031980304715071,5.698788641613786e-05,1.1551868552417329e-05,1.172272832602093e-05,0.0005452654552944548,0.00042478719003066317,8.081998740668457e-05,0.0006785598829475988,7.445417004321732e-05,0.00013759209981966243,9.383280586372293e-05,0.004080448891738433,0.0017930508313330797,0.0010574122162930494,0.005169764610826218,0.0002846220791095924,0.001635745748233058,0.0004560611538400171,0.006498402427120047,0.0015620621997613343,0.003923066472653132,0.008810547086399084,0.005539246472390807,0.0006340513999219737,0.000996310112212375,0.0006168476409462605,0.10659067463861056,0.013186415619006693,0.11170949475762193,0.1391303802051049,0.2134597203791289,0.05769088819992535,0.017499965669288537,0.07532172776045641,0.12403365307700155,0.11276797191942678,0.30019936385956847,0.12693017085163813,0.0250541871897801,0.028889032855473566,0.04902257926507169,0.0870657120410159,0.0740384820685674,0.3242628763909353,0.21968669216255005,0.06624324746044556,0.04280321608117497,0.02980346825049558,0.03265310076895743,0.14924602927546388,0.3233179200630732,0.1155917940478168,0.04716337435413827,0.05254327322685237,0.09498027773008598,0.45334301809521027,0.22331107980821507,0.1095186924303546,0.05547198946472074,0.09824648604148645,0.39009053483462774,0.13143737801453542,0.08733178675479261,0.07860945209791753,0.0804144395557602,0.21514213536960833,0.2370191170677504,LC_V18_H2p0_T7,0.45334301809521027
25,"(25, 1)",60,2,single,,K,0.0003069082725718691,0.0001162081890964412,0.0002061106995824269,0.00011556454145718578,2.3769868080740905e-05,2.4842578420710563e-05,0.000313300730275446,0.0002455137141815713,4.67449444218935e-05,0.00039712021206050375,4.372357370295025e-05,8.235133665701594e-05,5.635317737010651e-05,0.0007256232275616282,0.0003179817774920265,0.0001940000553655545,0.0009414069425457131,5.119341608625242e-05,0.00030596287677680313,8.440004299958316e-05,0.001272852010040167,0.0003063645629879792,0.0007783005484719318,0.001747074182382821,0.0011201886615123458,0.00012881584947588198,0.00020729967499996186,0.00012889713124766237,0.006723251133629314,0.0008302243696104196,0.007159942562233753,0.008871520948457993,0.013863372533072656,0.0038027445261158486,0.0011479179236024482,0.006813567797012988,0.011305020048206304,0.01028653470933919,0.027749168536628066,0.011909375803195349,0.002396605351949096,0.0027540808115644453,0.005454726405436157,0.009844248170255513,0.008364850482892826,0.03726488161783043,0.025620813060148084,0.007881369179369617,0.005072915662096867,0.003604498649462096,0.0033129931615560704,0.01522485057444714,0.03317484096297732,0.012212034124228499,0.00497067759983905,0.005648949093169003,0.010093760909392712,0.04821520303723743,0.023911189526284394,0.01176865207830564,0.006023006943492766,0.011601221392530281,0.046330070551147906,0.01564891602836587,0.01049887212298089,0.00890094385476706,0.009169886699572957,0.024838461046865844,0.034654717107784165,LC_V18_H2p0_T7,0.04821520303723743
25,"(25, 1)",60,2,single,,Y,0.0009488278180946432,0.00013583511865851043,0.00023945532260430527,0.0001358267684145469,2.776840777475302e-05,2.9517323034826775e-05,0.0006955708404330365,0.0005454126888673079,0.00010177817700012414,0.0008706551931754013,9.586953906868489e-05,0.00017879826390286902,0.00012256050163695064,0.0035088407060361623,0.00153996831390707,0.0009090337774459605,0.004436626761765351,0.00024342979728509794,0.001400777334563386,0.0003894651313565175,0.008838119296107259,0.0021287640317138676,0.005303636395840603,0.01195855160241135,0.007491075425264511,0.0008649184953870207,0.0013507297193428233,0.0008406890932658668,0.0489054307294574,0.006048890194706998,0.05134420212252693,0.06388717627018972,0.09824999579164369,0.026676934098292235,0.008108096921825713,0.03927737217193415,0.06467249375599518,0.05895394660502943,0.15735587212554528,0.06677941250198174,0.01323152825748325,0.015250777231080438,0.02820965422704274,0.050375209267622366,0.04283626721522318,0.18860562108691717,0.12845252677256355,0.03899522508919689,0.02516602733961814,0.017640584527070114,0.023028554030263177,0.10507522656806888,0.2273602501232526,0.08132471546966893,0.03319648574313042,0.03716273481162526,0.07193642261249851,0.34122466000856355,0.16791334505668404,0.08198182522476354,0.04149155189822315,0.09226296720661092,0.3648994392407617,0.12227813694083588,0.08102492415551904,0.0843098167440627,0.08641163893497651,0.23169704742319425,0.3160704932145576,LC_V20_H2p5_T7,0.3648994392407617
25,"(25, 0)",62,2,single,,K,0.0013447500944749817,1.514590209263225e-05,2.6736964474211422e-05,2.2326367647046236e-05,4.244980008269806e-06,8.470838133772426e-06,8.926947436541273e-05,7.057417499859911e-05,1.512148806811934e-05,0.00013532551770886736,1.5011917394777509e-05,3.86309149356949e-05,2.5449258080006926e-05,0.0005693479289477526,0.0002517363177568763,0.0001703746509099017,0.0008316005990022855,4.501863453345466e-05,0.00033576501745802994,9.041909081167603e-05,0.0006551245608322595,0.0001585652680990561,0.0004907225385685582,0.0010799742081216708,0.0010216922184218737,9.832400899464234e-05,0.0002698795284319259,0.00013871134395407325,0.012820366836264365,0.0015854032539452797,0.013750340496019647,0.017138707064187846,0.027387653699560525,0.007886645559552638,0.0023916164758482922,0.010958350352123555,0.018362540572369558,0.01667157678011639,0.045944967926105536,0.020477043181296353,0.004332949327866289,0.004985448058297917,0.008846933878119221,0.016054584802121474,0.013646476482709993,0.061842806448729054,0.04377642662799025,0.013975211592405326,0.0089891137625274,0.006701104978898862,0.006615805237936077,0.030772700297112678,0.06879391984705309,0.025674401075626702,0.010443254897488471,0.012346410936111324,0.01974840590055855,0.09690297992811231,0.04941325937941273,0.02541295804898475,0.013575776410628298,0.02331941262225076,0.09572760017230436,0.03371966682023135,0.023554205102443326,0.01953419573222602,0.02074655375155505,0.058634346312759,0.07174276691553483,LC_V18_H2p0_T7,0.09690297992811231
25,"(25, 0)",62,2,single,,Y,0.01996817524328684,0.00016765008983717522,0.00029384658663172926,0.000313020372365566,5.825563787216436e-05,0.00014571581744634175,0.0013050134466740283,0.0010282301254898533,0.0002754404286407764,0.00235110349999703,0.000251500946157762,0.0008262482538187425,0.0005211206655450587,0.012152729723634074,0.0053803140624903685,0.0038824718745710234,0.01908745266099279,0.001015593583203572,0.00829746388567925,0.0022048221280169407,0.01574876859008047,0.0038185109614424545,0.012020711437929323,0.02706044831998951,0.024794726381769407,0.002532101518424217,0.006629343188653463,0.003601324342127911,0.38370229039043013,0.047452141980453756,0.4177045584601737,0.5192787704227279,0.848967977279353,0.24775708064762622,0.07398390790417202,0.2852372477182421,0.4847562801720121,0.4384164268386237,1.2321775706023719,0.5554324261796226,0.12080548782420221,0.13635760125583582,0.19807513659576553,0.3603657718144332,0.30617462664069606,1.3971033043398442,0.9961090725441996,0.3228906469758839,0.2050790383125539,0.1549706124380722,0.13984625010491653,0.6643132854289793,1.508764568290326,0.5769771472001909,0.23118998740246308,0.2790956729764605,0.4214416509902548,2.0724017604160765,1.0669920098885168,0.5434987509336004,0.29206023436601214,0.4636134964086908,1.9105138562797177,0.6654588722160086,0.46528482611893246,0.3833237017242356,0.40614202905899827,1.1507040250577059,1.24388792788111,LC_V18_H2p0_T7,2.0724017604160765
25,"(25, 1)",73,1,single,,K,0.0007528598632742515,5.638254662977069e-05,9.951022942064111e-05,5.666019537058608e-05,1.1531899836118993e-05,1.2774553524937444e-05,0.00012461230828413836,9.772391765018349e-05,1.882561597836833e-05,0.00016052993940750092,1.7620137317580528e-05,3.4344422075273856e-05,2.317999958941002e-05,0.0002214394603234,9.737775657887533e-05,5.9973203504975787e-05,0.00029198454120250926,1.6076769129785692e-05,9.751522836068022e-05,2.7147516786847215e-05,0.0004252900153519282,0.00010241540772197259,0.0002622100648196607,0.0005903480988756403,0.00038528805368431016,4.431945609423928e-05,8.177894376738351e-05,4.647727833267653e-05,0.001432634835898565,0.00017742398812442293,0.0015489612164619943,0.0019321853093631873,0.00309272370950613,0.0008772231955821332,0.0002641025414883546,0.002142836847967779,0.0035878029113109574,0.003284787329386724,0.008967053678625507,0.003938866611164979,0.0008084804893625333,0.0009331964405181112,0.0016614054609957766,0.0030014194317883706,0.002557323469227921,0.011472759585287474,0.008011576211460236,0.0025068948294867605,0.0016118125303091868,0.0011680513942970896,0.0011879163705642067,0.005572694203280991,0.012422974848425921,0.004553819743728882,0.001848835369012479,0.002131159459990951,0.0030590013055994828,0.014813611560734052,0.00744937738052846,0.0037219380803058576,0.0019372005021288437,0.003802895026502401,0.015363319312554068,0.005295611973428412,0.003612094819880843,0.003498340013318746,0.003630478029732559,0.009927682848166641,0.0142986523260019,LC_V20_H2p5_T7,0.015363319312554068
25,"(25, 1)",73,1,single,,Y,0.0007705544720559593,6.507248917560893e-05,0.00011438286678887507,6.501571799971765e-05,1.3215907834346991e-05,1.4181034632426383e-05,0.0003104486913469804,0.00024389709570441214,4.5898940768185664e-05,0.0003974205536111566,4.371068027503078e-05,8.27288403582307e-05,5.667534855982784e-05,0.0013428553429003815,0.00059033734442558,0.0003516386932003968,0.0017281374237457937,9.525556483001568e-05,0.0005616349966932974,0.00015653113148433837,0.003343829383572662,0.0008076018640294314,0.002008378169063636,0.0045650696625758125,0.0028924137808434207,0.00033726080788603653,0.0005367028076733826,0.0003353358256678138,0.014466801128805286,0.001790299613217615,0.015236370387244257,0.018995728861263914,0.02937076145720817,0.008075045214419391,0.0024614081757091512,0.01470051039800181,0.024244378020096782,0.02212830579847478,0.05932476556591675,0.025525279366272323,0.00511960799831576,0.005920307981387865,0.011248187669800618,0.02013465699939713,0.017136590540114065,0.07591376621150436,0.0523267357621045,0.01606426115555057,0.010378690739578877,0.007378679964873293,0.00993749694268959,0.045908307681852674,0.10092557507288796,0.0364972009899668,0.014871934900671908,0.01682517823176247,0.0312346946769488,0.1494196133829828,0.07408175456565295,0.0365267203269032,0.018699561402833458,0.04299603799183357,0.17108439613230292,0.05804282218817662,0.03883108818045967,0.04177052480810726,0.04293476805841936,0.11568757699503708,0.16112412834818032,LC_V20_H2p5_T7,0.17108439613230292
25,"(25, 0)",79,1,single,,K,0.00016552317797765596,1.1596629902260338e-05,1.9749773874473692e-05,1.2502133539100267e-05,2.374779958862697e-06,2.8928218651248858e-06,7.30632759767619e-05,5.5545854353342525e-05,1.4063307030109923e-05,9.769060463416219e-05,1.0211984631965405e-05,2.3997703738160527e-05,1.463834593723776e-05,0.0003492870094753445,0.00015043336662163732,0.00011012003359706821,0.0004953548354875196,2.4820945079447202e-05,0.00017154071963026627,4.401225151017342e-05,0.000495927675251967,0.0001176122591014277,0.00035630501964737917,0.0007435964019888734,0.0005631817361634091,5.374537899183924e-05,0.0001071884292487335,5.869166366354984e-05,0.006260798676108898,0.0007676839118110491,0.007038002330561217,0.008482815223135372,0.013997436721606303,0.0038551956087674298,0.0011107289227470247,0.005270254382615561,0.009188145590421101,0.00811644441524194,0.022930410593843487,0.009838465154847365,0.0020828593801117687,0.0022494017059903337,0.004212653663694348,0.007871564742869123,0.0065396483508368556,0.03016891177416317,0.02073265090728802,0.006626978772018734,0.004058731922432966,0.002965067764148666,0.0030952854442962254,0.014467635145184754,0.031644892762702125,0.011772810422788868,0.004614202344914154,0.005325905981305807,0.009774578690227208,0.04686401911820004,0.02377922637960643,0.011602582578519136,0.0060732990921292754,0.011100587742901,0.04549188863547357,0.015276551181912961,0.010477690366450824,0.009147216012700073,0.009321185981347353,0.02582438377150482,0.032551940494853444,LC_V18_H2p0_T7,0.04686401911820004
25,"(25, 0)",79,1,single,,Y,0.0008470373990009582,9.053102461693613e-05,0.00015253216261549874,9.735951193776235e-05,1.8417845984969916e-05,2.2736633535843666e-05,0.0007714462172639382,0.0005915418334199276,0.00013972455634538662,0.0010247808116959456,0.00010824712068923733,0.00024357174090321943,0.00015218346198075437,0.00563047816150878,0.0024478635223718786,0.0016414163656372235,0.007647092709150262,0.0003986275398906589,0.002574533799133557,0.000681944125859992,0.00838194962664346,0.0019959876101562873,0.005647461080688491,0.012169598784130337,0.008659081844674659,0.0008936375222511787,0.0016455588773781498,0.0009490838004472168,0.15307338281699226,0.018847291129986777,0.16653826635057578,0.20374259428350003,0.32504229816229185,0.08875699055263636,0.026176665500818246,0.11359637508759096,0.19238039910991744,0.17216847844964903,0.47333736381169556,0.20194861608256592,0.041588844728984664,0.046096440581719585,0.08269893859087721,0.1506009285044162,0.12657424769323186,0.5693068592970895,0.3885709233179167,0.12082534401194778,0.07591255757115845,0.05425688606537987,0.056469829525103724,0.26097789403123717,0.5686843913994943,0.20794498728012506,0.08275683350150531,0.09441552936884509,0.17977147540759839,0.8600210818980982,0.4307053441653017,0.21071878310899536,0.10863324022554229,0.19448225445718426,0.7844218986250842,0.26357492894709994,0.1782510512260718,0.1600631077547454,0.16333056575588392,0.44561588758931664,0.501430478190729,LC_V18_H2p0_T7,0.8600210818980982
26,"(26, 1)",76,2,single,,K,0.016967511732492443,0.01416371734598639,0.024890776959202526,0.013945389750683806,0.0028409986916007033,0.002916813046430078,0.03351746035350249,0.026216073961598883,0.005008108837366243,0.042251009679467925,0.004640029898621623,0.00866426513774423,0.005901206524087721,0.04899315645728464,0.021421873694916927,0.01335452660500991,0.06410850211004973,0.0034770497559961614,0.020864154334320196,0.005749050855309805,0.04924075557378558,0.011820021797148044,0.03050392166414893,0.06782189746456242,0.04386579310620864,0.0049280517643582045,0.008003067208575427,0.0048949317436010765,0.08649522010355142,0.010673191838071394,0.09350749088774955,0.11541912143295198,0.18294281500792092,0.050555497192684526,0.015197087289824475,0.08406294839416992,0.14108237780610783,0.1281577466444589,0.3484246305866889,0.14992076488807687,0.030316914163342232,0.034724453941013984,0.053832946733762155,0.09744216696776381,0.08282796645003275,0.3705431105841472,0.2558036326037129,0.07896343733048493,0.05072678592753178,0.03612420431007145,0.03160341962826784,0.147230745209002,0.324519009104296,0.1176002387723875,0.04770766051594073,0.054258005573022766,0.06952546406925784,0.33575623333176396,0.16800698877638034,0.08326247175452914,0.042837535075208176,0.07541246391603625,0.3033313958103339,0.10342944482684628,0.069707054192453,0.06671178934354584,0.06899849874380559,0.1870431148592236,0.22127607867033303,LC_V14_H1p5_T6,0.3705431105841472
26,"(26, 1)",76,2,single,,Y,0.02430350264676708,0.012542574743972882,0.022026898037150053,0.012307368754447033,0.002505698757328893,0.002565210697238351,0.03757638558965092,0.02943516804665648,0.005537154098034869,0.04713346131294144,0.005184098799523239,0.009572090025504262,0.006544737357593512,0.09092623947970341,0.03986146939257014,0.024121331282064333,0.11719966052390084,0.006415555226963196,0.03767251002804989,0.010464099965011613,0.12064139244060527,0.029048304735904893,0.07309677675408996,0.1643591432896765,0.10400403638827255,0.011944028793505816,0.01886084725487043,0.011699495143214124,0.2777207053718396,0.03435695908756652,0.2947172136361484,0.36673132686431165,0.570630339590756,0.15665198549953516,0.04756227545553093,0.20822082256135693,0.3459854644143477,0.31536401821603965,0.8495462738388856,0.36386104193525104,0.07279817058181011,0.0838987844312303,0.12390895578905654,0.22259470635327888,0.18945306979270324,0.8404065294188462,0.5770611115868675,0.17654343293174385,0.11391572702455688,0.08044838917297381,0.08643512885660387,0.39929462689015965,0.8744216990328452,0.31379741715369325,0.1279389863686295,0.1441663964223264,0.2059800274179329,0.9880617853077295,0.490214597122889,0.2417708687692265,0.12342232919417301,0.23028386174771215,0.9184155406522204,0.3114644671126792,0.20821537086074157,0.20902622454244885,0.21528949007393944,0.5791946651781281,0.6804431194942833,LC_V18_H2p0_T7,0.9880617853077295
26,"(26, 0)",78,2,single,,K,0.019078980959240616,0.002064056124366206,0.003584559170401896,0.0022846154648826006,0.00044429242550473284,0.0005538520720322154,0.006587260845155544,0.005077044365245819,0.00119110002077403,0.009120577520251602,0.0009635627200967794,0.002250912346545613,0.0014209555551387108,0.02383156500083071,0.010377390966632627,0.006963104493215513,0.03281816350298007,0.0017211970414673645,0.011512967103753557,0.0030385116204671553,0.02419845087099642,0.0058171232368029804,0.014961147151728044,0.0334484760686324,0.02324567391197577,0.002455527371558589,0.004643451983364243,0.00266075682212928,0.12654323203651957,0.01566652677256396,0.13391649235246558,0.16694403679438174,0.25963402598228635,0.07133758362979578,0.021615461097412223,0.09150747592225604,0.15249628331876916,0.13874510526112843,0.3751107083380018,0.16101080049187338,0.03238410421639698,0.037141408677760855,0.06027133378300537,0.10846873350802837,0.0921204980817758,0.40969076348752115,0.281122633394909,0.08624766506204345,0.05544759083020772,0.03924776591044557,0.04182921493773523,0.19358687246820383,0.4247825111790543,0.15346331832088256,0.06247867626938513,0.07061972604888397,0.09619089842262887,0.4630334274316996,0.23089886644644725,0.11417911545733965,0.058794690424940003,0.10346321091022463,0.4158955959108874,0.1414985077481782,0.09521388722414824,0.08524288571759367,0.08804068435085569,0.23870221099662592,0.28493862967065337,LC_V18_H2p0_T7,0.4630334274316996
26,"(26, 0)",78,2,single,,Y,0.03002798857329324,0.0057538133016391945,0.00996190595258413,0.006098358251065097,0.0011907674422519906,0.0014272787862900254,0.027503718062830116,0.021336330599856013,0.00452605687061213,0.03622462364179743,0.0038966045715384152,0.008178618130284445,0.005340032948570208,0.12937438156254147,0.056673500513380964,0.03521903536750105,0.1698046505015866,0.009184703578922567,0.0564408993026132,0.015358053986341021,0.1355743484080867,0.03265829049466871,0.0814895443993715,0.18371034015459795,0.12014269628839748,0.013349726034771718,0.022735823931803536,0.013612337628702065,0.8511608100003168,0.10538117794677285,0.8951545582156486,1.1171839137353552,1.7218195724010874,0.4694522791136347,0.14287792415635014,0.567166552092904,0.9373228591967723,0.854139204407238,2.2851679289529288,0.9731267270948855,0.19306619685409632,0.22312732530643023,0.334370272097021,0.5964131106195522,0.5077174120243071,2.2348001807468125,1.52344465786071,0.4616791057432253,0.29875446247009896,0.20908717642537258,0.22430839062094188,1.0318506233683948,2.250208206658287,0.8046489860793755,0.3288814566173814,0.36837647934155776,0.5306171658469615,2.542505304454179,1.2582196121330445,0.6197438248208857,0.3157272747285336,0.5403371559915061,2.1534445024005833,0.729207276885433,0.4864019388126763,0.44064326135281495,0.45289102885765403,1.215695052443984,1.315853189274901,LC_V18_H2p0_T7,2.542505304454179
26,"(26, 1)",89,1,single,,K,0.015184571536136504,0.012711610053708501,0.02233339140844142,0.01248067052607887,0.0025449473781873943,0.0026019446419253893,0.030896909787576123,0.024175598096564246,0.0045785037288534995,0.03881811928226151,0.004268747245250248,0.007903030038459978,0.005402051559203989,0.045579615556355375,0.019961730661011062,0.012257374652502278,0.05916882929611195,0.0032300699484546155,0.019114592619711792,0.005300191595528046,0.046924114857894425,0.011294945290957665,0.02858310262170638,0.06399850140521379,0.04069662965788757,0.004649976158374969,0.007377971935233773,0.004561772041613926,0.07385115637106576,0.009121034509800494,0.0794665806905627,0.09828991592671031,0.1547987390943751,0.04267111169695423,0.012882395028170486,0.08045648231962638,0.13471777724675899,0.1224966019572095,0.33214845757644057,0.14277817253707853,0.028741262493198486,0.033043821005267336,0.05044092668608825,0.09089102922087891,0.07730884979965214,0.34405553652518034,0.23674836025672527,0.07265385122841937,0.046855946579569166,0.0331819733132269,0.032007128012779294,0.14875460848906377,0.3275091992186802,0.11837129800614138,0.04832290977192542,0.05469008810254135,0.06891289624510794,0.33266965935059584,0.1657950381841335,0.08224730679962776,0.04218142187069754,0.07584494897997822,0.30380186731654735,0.10368263340659395,0.06964265517326533,0.06962868388937761,0.0719703929143107,0.19460152331821878,0.23695522193207574,LC_V14_H1p5_T6,0.34405553652518034
26,"(26, 1)",89,1,single,,Y,0.028425220753971542,0.017692981804709264,0.031072164195709875,0.0173326627957041,0.0035331672618985365,0.003605109340938578,0.05053457241642558,0.03956451198696485,0.007433727515544968,0.06332357012197319,0.006969308060979043,0.012826542622156566,0.008786443409974792,0.10117305797223979,0.04437623895345482,0.02678166999207157,0.130194237442033,0.007144997724546795,0.041783781644118376,0.011635016891688086,0.12606199462543055,0.030362316268057004,0.07603781762509053,0.171217627404396,0.10779032922751086,0.01243635676254942,0.019499229917777576,0.012134434179064903,0.24704864956042816,0.030560404435802022,0.2626177387055237,0.32662450806912624,0.5087129779552907,0.13972789299971347,0.04243685331156544,0.21567212461952429,0.35893354770160896,0.32704895674033274,0.8819416261345979,0.3780334876850358,0.07564725385565889,0.08726637646914655,0.1319754017588262,0.23704812774102924,0.20173398782097343,0.8944421610842042,0.6140174473502683,0.18756456294216578,0.12125956420259404,0.08553336908492207,0.09184201867756621,0.4249334174698441,0.9323527550583919,0.33522083237581163,0.13705910758086853,0.15443947453383233,0.21257960539787038,1.0217912794782096,0.5066388089654531,0.2504588064493133,0.12787916438968416,0.23840206598701955,0.9507838195584694,0.3232104490616031,0.2161444760623574,0.22072616977661436,0.2275816893539948,0.6128258346942618,0.7349813021949404,LC_V18_H2p0_T7,1.0217912794782096
26,"(26, 0)",95,1,single,,K,0.013362026108906725,0.0024229283901646683,0.004205563950208369,0.002441024519997842,0.00048805319017610404,0.000527380274592328,0.00986512650469207,0.007688438172921918,0.0015112543931063453,0.012562949552284508,0.0013706643716202135,0.002641748768216515,0.0017789647952410105,0.03385337961767348,0.014823124881120442,0.009150905492938134,0.04427314689787716,0.0024028105524519262,0.014443948465095136,0.003979457138628739,0.03484950961854344,0.008359956439361571,0.02163198475944956,0.04814381241574572,0.03131928067777741,0.003508773595185613,0.005765898875288743,0.0035154765538833845,0.14910699650044174,0.018445959571248925,0.158447276578634,0.19705786007613468,0.30762938524372463,0.08454357075505234,0.025547330493541225,0.10899552466913213,0.18194996918575065,0.16531093504282102,0.4475824703456017,0.19198846064322778,0.038662214002648576,0.04427022118587797,0.0705421830799624,0.12708045561834153,0.10777246253811755,0.4793906674757916,0.32861725298284356,0.10083977955190372,0.06475888360773269,0.045845463085273014,0.04953603324592915,0.22946227421156426,0.5035712402252865,0.18233501214324566,0.07416874523619493,0.08384238290485149,0.11455381906650132,0.551876154414091,0.2754677938375057,0.1362626071848669,0.06999658408071947,0.12120455160250025,0.48737741146803365,0.16574486781115175,0.11155568270356735,0.10215513644332389,0.10540001909282402,0.28583391519330625,0.33318215200123513,LC_V18_H2p0_T7,0.551876154414091
26,"(26, 0)",95,1,single,,Y,0.02369699553902467,0.006510006953579199,0.011335919619564984,0.0064011931538973475,0.0012902617499457238,0.0013434973766633855,0.03287141283559895,0.025697834929989217,0.004866433618404435,0.04126725974340975,0.004532453176725621,0.008420625580839934,0.005746357536666849,0.13875808370480022,0.060948828559725984,0.03639330617512973,0.17790725264342477,0.00978526513565853,0.057033229535397044,0.015892585541294288,0.14690744526899455,0.035337674192744396,0.08897126017647422,0.199904069175602,0.1264508226392816,0.01448915094513402,0.022923457171752933,0.014198933548832211,0.770942469572317,0.09543372906656152,0.8126727260794601,1.0134110480100769,1.566210720281427,0.42772304630571345,0.1299908181947613,0.5273818658835944,0.8737911996919782,0.7955336483987498,2.1345601859704457,0.9106019421195907,0.18130231810745373,0.20910434303823527,0.31764253031345985,0.5679628080179773,0.48301022700392876,2.1313358032247716,1.454596068348317,0.4421193788036926,0.28558472896989984,0.20043340908525822,0.21561024949336477,0.9935969011372345,2.170784748857762,0.7794033997236725,0.3184111439729938,0.35742504972696565,0.5110673338516851,2.4530546700950526,1.2156277075412296,0.5996126621711244,0.30565992552991533,0.521332683343521,2.081486566724421,0.7059534235222532,0.471836780367224,0.43283270667676776,0.4453618451509003,1.1985744584135476,1.3106056678765106,LC_V18_H2p0_T7,2.4530546700950526
27,"(27, 1)",92,2,single,,TY,0.00019272812829466556,3.963500364161128e-05,6.941285674870383e-05,3.883726602944467e-05,7.882049687112807e-06,8.088846655768795e-06,0.0001368882303279185,0.00010664911537146766,2.049217631953345e-05,0.00017094867895331987,1.8730978847641504e-05,3.48768647579797e-05,2.369686160270755e-05,0.0006708111354895535,0.0002946234404837195,0.00017335378559411212,0.0008490878237179104,4.6775975720821513e-05,0.00026856002240719593,7.49988881140028e-05,0.002234911663933121,0.0005383638880061883,0.0013378734102689647,0.0030216097276565355,0.0018867669004815403,0.00021874439860788283,0.0003399836766671119,0.00021231237858414283,0.010223846295332557,0.0012655710980487903,0.010744005039132606,0.013402377684151392,0.020640650530974584,0.005633647266270923,0.0017178137086392166,0.00849690155731208,0.014012657931078362,0.012771227324518051,0.0341223325236629,0.014491972914223892,0.00287206546709751,0.0033155857342974625,0.006561730491060364,0.011727425266263044,0.009970566454195206,0.0439724244572743,0.02999108949332305,0.00910558497700983,0.005884363374625665,0.004124628300381419,0.005917137758095937,0.02709874775498845,0.05888727723736202,0.020910658223663964,0.008552594900061765,0.009555266582967051,0.018000243034374697,0.08576301095976749,0.042273746463997355,0.020718825591577963,0.010517106126331612,0.02374013273005027,0.0941655057112187,0.03172856316051634,0.021071165764514475,0.022899128521015697,0.02345654961951095,0.06273839118593504,0.08253677070187751,LC_V20_H2p5_T7,0.0941655057112187
27,"(27, 0)",94,2,single,,TY,0.00017373290402544485,6.298399580199531e-05,0.00010975843957442469,6.0937231720155125e-05,1.22961147479892e-05,1.2560306761039044e-05,0.0004896099040408254,0.0003805858042751411,7.331037436810428e-05,0.0006099382608765394,6.675859799230651e-05,0.0001243430810796478,8.44553487725903e-05,0.003857674701598577,0.001693380049824637,0.0010043823880120585,0.004896477519341314,0.00026875695951554394,0.0015500770326317482,0.00043133855123605514,0.00611695626899826,0.0014694265078505602,0.00370116292874759,0.00828202624354791,0.005213628161143535,0.0005945344698084144,0.000935084129510536,0.0005780750020282474,0.1046008046820856,0.01293944634167881,0.10972723201533122,0.136605140052928,0.20979797964787622,0.05671509814391747,0.017192528824974677,0.07454670175225322,0.12284184575589589,0.11162076322972013,0.29731608230450873,0.12569048373680494,0.024817272643033333,0.02860484367253136,0.04914106645115116,0.08730575756804669,0.07422692003313285,0.32521744150567866,0.22032377144543924,0.06645342913949137,0.04292317550361456,0.02989423364621935,0.03250676855809789,0.14855495314896044,0.3217055513763128,0.11498572789702863,0.046898362276701244,0.05225692892891839,0.09407117742092799,0.44900122782798696,0.22124838002971095,0.10850672445251876,0.054987763262051896,0.0977139344508214,0.3881487684657051,0.1308007876961285,0.08693519153820117,0.07847080418694843,0.08026980785538695,0.2147944143758934,0.23494319728861557,LC_V18_H2p0_T7,0.44900122782798696
29,"(29, 1)",58,2,single,,K,0.00035812181621690264,0.00014406244129204436,0.00025396311986218686,0.00014232966626037788,2.907110096044693e-05,3.0054653375846618e-05,0.000340545235290701,0.00026654136517939044,5.125050357166255e-05,0.0004328786473221781,4.7437595433847986e-05,9.016973915373243e-05,6.129231825968454e-05,0.0006514007854257613,0.0002850533931603125,0.00017739264565598976,0.0008551809703791952,4.605309386001143e-05,0.00027979863703754706,7.66791959607833e-05,0.0012582935966245533,0.0003030480706535071,0.0007661030173223582,0.0017221748037818943,0.0011013967928550838,0.0001258652300778536,0.00020251815434160948,0.00012515640872874098,0.0053495536726981185,0.0006613187050445394,0.005707700011889531,0.007081280285995831,0.011144289011264201,0.0030942542899155957,0.0009331430896324774,0.00725419308693713,0.012088919639301988,0.010989458010732677,0.02976904304031284,0.012856553972994206,0.002602192844045368,0.0029992013480062496,0.005526114872108996,0.009972212081050239,0.008474402294116785,0.03780664483672357,0.026101646918867814,0.008057652833466976,0.005186423202891846,0.003708497973836621,0.003937349881365935,0.01809360665624053,0.039613466703019025,0.014094659965507928,0.005744346404290722,0.006488073742535453,0.00997538913656064,0.04792601504179677,0.023878354214114324,0.01180905911381917,0.006072284820037044,0.012377252545950379,0.04942277684629004,0.016750341589641896,0.011243494837283317,0.011002742438001206,0.011356373439795528,0.03061231587121745,0.04162296448772694,LC_V20_H2p5_T7,0.04942277684629004
29,"(29, 1)",58,2,single,,Y,0.001194288114114652,0.00016754893943083654,0.00029436647233107915,0.00016413687559072482,3.3392539752191e-05,3.4239983036213306e-05,0.0008112357591521901,0.0006343913746638203,0.00011882173834825224,0.0010086781595982615,0.00011075342873076701,0.00020382021520740993,0.00013908852080315008,0.00346761248578376,0.0015204590930704518,0.0009053637548196983,0.004406309113123428,0.00024091545945864286,0.0014056774968967494,0.00038983455718409827,0.00913194739502618,0.002201326079048737,0.005441754560153698,0.012295989063744132,0.00765706061010136,0.0008883929695955793,0.0013785426064184057,0.0008603015120721049,0.043431469207594206,0.005372445119818271,0.04569054971795155,0.056902769299167225,0.08771943912674009,0.023888783656523565,0.007258472983025971,0.04094509738572393,0.06749887694818954,0.06153178922164066,0.16453831523692847,0.06997375493412683,0.013896360749608082,0.016030272537659703,0.02932618185884828,0.052260667171086475,0.04447371631650601,0.19567308355790966,0.13329675327346807,0.04046003740656184,0.026110555207881116,0.018301690153729937,0.025570325844660492,0.11699179947299294,0.2541364944491007,0.09014693069045704,0.03676333975470966,0.041079632044873714,0.07644909795044963,0.3636835001864548,0.1789200626469208,0.08747951705293781,0.044340926029327925,0.10139272325896147,0.400137189405344,0.13459547655044599,0.08911800852480774,0.0981750850154424,0.10045217797436964,0.2678508968459826,0.3559056630728375,LC_V20_H2p5_T7,0.400137189405344
29,"(29, 0)",66,2,single,,K,0.0012202348699194402,2.031830102015104e-05,3.555818566902983e-05,2.7204482982072507e-05,5.32773109233651e-06,9.05369576664475e-06,7.645065715251412e-05,6.002118875876597e-05,1.3705852321122151e-05,0.00011670924785563502,1.2813477728717126e-05,3.475486326559341e-05,2.193900495318848e-05,0.0004679797212277275,0.00020644583742146088,0.0001459330395779002,0.0007096132810904006,3.7604400675163656e-05,0.0002958974683155279,7.811956758935438e-05,0.0004427181083818078,0.00010490564565955684,0.0003953719519487445,0.0008170947676723548,0.0008468390500798933,7.326642876812863e-05,0.00022047599135810916,0.00011225969017441424,0.01063146397956737,0.0013149671667630337,0.01132553649910289,0.01412840631603231,0.022523764380546776,0.006466029561976406,0.0019468177735792068,0.008821532283595106,0.0147721082911329,0.013454827879811733,0.037155639784067655,0.016659790256629264,0.00356903743109876,0.004072750277615086,0.005843572011100097,0.010591392979751584,0.009007966306318877,0.04122713137050397,0.02955348750437816,0.009836088582156255,0.006153708756630453,0.004788827595657376,0.004350295868496908,0.020581777047731845,0.046957830052709655,0.018594025300365427,0.007272521914913332,0.00910944584002961,0.014423916095929221,0.07097592472602898,0.0371413570059628,0.01904761709724962,0.010555324794884038,0.017061070979158023,0.07143316565662208,0.025107993710461834,0.018140895183735652,0.014196388041560076,0.01540638534852681,0.046486533811673676,0.05961491238162595,LC_V20_H2p5_T7,0.07143316565662208
29,"(29, 0)",66,2,single,,Y,0.01865926834490689,0.00020361707518888025,0.00035771001105860105,0.000361201192951915,6.826556486674235e-05,0.00015500189488137532,0.0013719277964645133,0.0010672824437185115,0.0002954472544234238,0.002413689806647326,0.0002566789541023042,0.0008491470432981506,0.0005240828351514156,0.011208021999938414,0.0049317058036974035,0.003744671797824262,0.01827609923672579,0.000945936699472575,0.008100075882944239,0.0021123543432072386,0.0131421507406032,0.0031384642861142344,0.010722022146774146,0.02317494684689961,0.022267838727650785,0.0021379871198418244,0.005818597580973341,0.0031462234511396747,0.29198451181801155,0.036107592612444894,0.3165571289959544,0.39446940334127994,0.6463080943911418,0.19008577128466278,0.0563840629724773,0.2207973351893465,0.37735059343285543,0.3418269004767301,0.9698329695536854,0.4423007279139271,0.09774240234428894,0.10954490943218817,0.13600444496121075,0.24987662339393385,0.21198823017130233,0.9830644465748213,0.7108930445012088,0.23944926152334672,0.14876424397403037,0.11695316378440374,0.10359731533163498,0.4976775686131909,1.1506365764335924,0.4561606389549351,0.17919675531348092,0.22367694571939445,0.32215970608309047,1.5895085255124628,0.8304399914309865,0.4250563840540319,0.23340819372374666,0.3613995292506116,1.5099605862350698,0.5279184530114481,0.3751728867287459,0.30131434678081426,0.3239361340057589,0.9496641486742765,1.0422210637202745,LC_V18_H2p0_T7,1.5895085255124628
29,"(29, 1)",75,1,single,,K,0.0007988684190733986,4.95633060523191e-05,8.693683269011244e-05,4.9873996698279575e-05,1.0079264585667255e-05,1.1483362313520675e-05,0.00010123068479682626,7.8713531371243e-05,1.5802596467962528e-05,0.0001298622780660554,1.4125113738774205e-05,2.9464038936658566e-05,1.8709903972698647e-05,0.00017818749538167628,7.776696156319438e-05,4.956797603945569e-05,0.0002370771761251982,1.289638180178574e-05,8.173595732599397e-05,2.2121378485349673e-05,0.0003488464466847852,8.404381052064914e-05,0.0002155126462419177,0.00048020114328664804,0.00032613803628197977,3.574987323756018e-05,7.651920035887292e-05,4.1570634183832236e-05,0.001321829074860457,0.00016307416266455216,0.0014563977556635984,0.0018029708109768775,0.0029332594744443078,0.0008288519714119226,0.00024593322505767214,0.001830027881690158,0.0030862533779330487,0.002805155942767347,0.007701719020043611,0.0033665065512967114,0.0006923201888190298,0.0007930926782283623,0.0016146097741304277,0.002905078963882599,0.0024615451712026288,0.010967943375131115,0.007607831435758416,0.0023686417580607,0.0015182629101187376,0.0010914936810504287,0.00097116083927102,0.004566778962140579,0.010206140543670078,0.003753809845996637,0.001522476172220696,0.001760233078070298,0.002494394633829205,0.012127837993082083,0.006159058557474402,0.003090202917036625,0.0016241669050441087,0.0029962393783304255,0.012171616423862828,0.004184744766709595,0.0028626264134646185,0.002549150136588826,0.0026534311426512354,0.007283600821725411,0.010620584979338545,LC_V20_H2p5_T7,0.012171616423862828
29,"(29, 1)",75,1,single,,Y,0.0007988684190733986,4.976824495515888e-05,8.668039166249393e-05,4.9474266249702374e-05,9.953569758218384e-06,1.0947360554344699e-05,0.00025551587995162664,0.0001990616785691652,3.841729909747122e-05,0.00032055344632408517,3.5069251974042426e-05,6.65875534253128e-05,4.4982204527681545e-05,0.0011927244461226497,0.0005240367836371462,0.0003160436021102812,0.0015356167378635722,8.421867781583533e-05,0.0004975293000649486,0.00013798536463463393,0.003108859234955594,0.000747989995489931,0.0018806904652618696,0.004226060578268201,0.0026765687063791004,0.0003065138763513397,0.000488935108971335,0.0003019474732689188,0.014783867328726516,0.0018316515514131475,0.015689459686933707,0.01958398005949449,0.030601049775249807,0.008459723293262776,0.00255692295527101,0.013572988895514363,0.022407172751080062,0.020458482171052422,0.05492528193472994,0.023572462714719297,0.004721530780403358,0.005451928155930162,0.010542290514216702,0.018875428255567466,0.01605119952633436,0.07118170490792913,0.04900512489974763,0.015035094113445911,0.009699298656179316,0.006876376560928069,0.00888568086917034,0.04086310011434745,0.08928792716368814,0.03213124143351991,0.013076468381019064,0.014758425142862543,0.027519906053024217,0.13115943557431933,0.06503147146634919,0.03191785944995801,0.016307003126547842,0.03684252487885297,0.1465595041781988,0.04951265621063851,0.03321498078421381,0.03421736441428218,0.03509703486851405,0.09424249750413383,0.13174374060796684,LC_V20_H2p5_T7,0.1465595041781988
29,"(29, 0)",83,1,single,,K,0.00022047813845452478,1.8087895735476326e-05,3.0183030492329658e-05,1.9424955392828895e-05,3.648258381916849e-06,4.494263024971423e-06,6.706117302098099e-05,5.0377378437520344e-05,1.3515412878098073e-05,9.017938069496427e-05,9.309920014449046e-06,2.2665013554165193e-05,1.3605414348442629e-05,0.000270256062883576,0.00011455274568930522,9.288029023408793e-05,0.0004006479269094909,1.910132693718621e-05,0.00014155397725335272,3.5165711022927154e-05,0.00035372990000306285,8.302698392678098e-05,0.0002653677728398934,0.000541209506085274,0.00042709991682936374,3.904167582691838e-05,8.234704617522422e-05,4.390446229776512e-05,0.004501886074661505,0.000551592506008669,0.005049671988683265,0.006074321722517471,0.010008874034091557,0.0027526554961738877,0.0007915187100578855,0.004203631010307753,0.007363284473183027,0.0064922815796261465,0.018423044977818548,0.00791184727915211,0.0016839170655928346,0.0018086793332943141,0.0031783095020887268,0.005952277351782777,0.004938033737469302,0.022932324120773544,0.015790484743629724,0.005092027118758455,0.0030911005118166627,0.0022757635235709163,0.002435049998854886,0.011478146466924225,0.025176057787580603,0.00948730721528195,0.0036337782715810843,0.0042660971352810545,0.007237135615244965,0.03476237362506197,0.01797735530453485,0.008725314495308077,0.00462908808840727,0.008711193061245617,0.03608708706924078,0.012056239059325196,0.00834065581909342,0.006806305991278051,0.006936431599147532,0.019310767160835712,0.024170481284516168,LC_V20_H2p5_T7,0.03608708706924078
29,"(29, 0)",83,1,single,,Y,0.0009928411453373612,0.0001285007861885052,0.00021618631893521468,0.00013728650144518943,2.6063509943278103e-05,3.177063212761475e-05,0.0008584763167338126,0.000651374954605385,0.0001591867980762909,0.0011338266512100552,0.00011905043827249663,0.0002712803322180787,0.00016833040874486853,0.005065382403064047,0.002179164024814312,0.001557828820954071,0.007108712682953724,0.0003590720788371907,0.0024375877840401806,0.0006334536678990072,0.007233175879331427,0.0017178916087171538,0.004921537949228937,0.010512266868813288,0.007544312606372857,0.0007631290173684844,0.0014287857614264587,0.000813120301758023,0.10882161115651129,0.01340358905865128,0.11773274174578767,0.1443403384019106,0.22957715578051216,0.0626787523636551,0.018443420667731712,0.08673940619359204,0.14758478809155487,0.13184121488662806,0.36340887992113885,0.15509786065512016,0.03195678001828426,0.03540441977472229,0.06007900298700723,0.10938460732001853,0.09178343643985652,0.4140693859397369,0.2827456100261903,0.08856817422515813,0.05523527913890539,0.03972553466320205,0.045222088016818596,0.20989783793071976,0.45695370364207166,0.1674918989148583,0.0658579509634621,0.07556728437023319,0.13855396283468494,0.6620419174438263,0.3336231565907453,0.16251627012036796,0.08422679795838367,0.15598677718204418,0.6306532354901244,0.21105301679015412,0.14307454117374702,0.12501911616384667,0.12775776316956977,0.34896853259247146,0.39995230967868883,LC_V18_H2p0_T7,0.6620419174438263
30,"(30, 1)",74,2,single,,K,0.01845480010867993,0.014952893628732936,0.026233401601742878,0.014726994668126268,0.002996039939470337,0.0030820790472068753,0.03492292818085741,0.02730457066437239,0.005227157197147202,0.044025155371794515,0.004832121141081991,0.00903200831945041,0.006148514753860201,0.048979499141250576,0.021412858885304444,0.013377545373996463,0.06413581881380505,0.0034745667442469524,0.02085763352904694,0.005745482328527729,0.05151951780727422,0.01238989317534109,0.03160768347100537,0.07065024113599926,0.045341432108529554,0.005140269694008138,0.008263809070383016,0.005079548149944976,0.08026124473084675,0.00990465023087801,0.0871207531587333,0.10749280751657661,0.1708803358320708,0.047312409509573806,0.014215504801940648,0.08815670734591532,0.14826936212148895,0.1344873515893267,0.3665932227324267,0.15790319940152878,0.031978130379224694,0.036604761940048386,0.05582075690813824,0.1010310564983815,0.08582628778885698,0.38377326269679674,0.2648537942256217,0.08175843630166384,0.052539804668481654,0.03742092262635353,0.03456207874883066,0.1609494758356432,0.3548431086247786,0.1292794311895161,0.05256983989820853,0.05979068515471981,0.07380001016539386,0.35784098762347205,0.1796631822319748,0.0893055616930809,0.04614009807334623,0.08157770918401709,0.3289870491758967,0.11253293975486905,0.07608849099705627,0.07548753610409388,0.07808239629046108,0.21209316414748242,0.2475339717785623,LC_V14_H1p5_T6,0.38377326269679674
30,"(30, 1)",74,2,single,,Y,0.025609676486213574,0.013218582650486315,0.023162386178014263,0.012972494891993671,0.0026352383528795865,0.002704751358420428,0.04129340629477554,0.032309560920522326,0.0061008054433956075,0.05178586447210547,0.005692778342612213,0.010528633783450562,0.007194056721475916,0.09229134942805223,0.040463484491439515,0.024497457206080812,0.11892813297793535,0.006511349394413371,0.03820568615168423,0.010615280399102162,0.12940392788948527,0.03117429452574506,0.07803068746401005,0.1757957931626541,0.11076905183090287,0.012769725405470458,0.020058722127515465,0.012472568331787325,0.26153762363081945,0.032362407402435865,0.27772640568302537,0.34576400974114974,0.5383789205953358,0.14797776419140665,0.04495595176344904,0.21540319100135089,0.35811134009386064,0.3263530829916461,0.8797475173142163,0.37699786461840107,0.07547253157020463,0.0870012026200923,0.1306556712348051,0.23457121608600962,0.1995914863617998,0.8852429792215905,0.6075424903563265,0.1857392568627548,0.11992117154886665,0.08466051400186743,0.09407800636841812,0.43508286853424966,0.9544396009209205,0.34434431823925377,0.14067195799834473,0.15861689840370757,0.22034015042204413,1.0603913740673587,0.5269071005063781,0.2605447871065921,0.13330837426596376,0.2502106831025706,0.9988434478590983,0.3396961917270325,0.2274379432038899,0.23710502131830755,0.2445231081836073,0.658649457192418,0.7631149181933276,LC_V18_H2p0_T7,1.0603913740673587
30,"(30, 0)",82,2,single,,K,0.02195901258036114,0.0025620620597588063,0.004360756252866391,0.002826078125524571,0.0005415589605759661,0.0006749756873719548,0.004844547308952841,0.0036910399776316936,0.0009368014992347475,0.006842582637473842,0.0007127598621098718,0.001761837987032384,0.0010886345840924812,0.020137979756554233,0.008826939674921404,0.005825477340457061,0.027159193759678436,0.0014290859084198216,0.009576040402912328,0.0025067377898573525,0.023804775865794263,0.0057236303901103775,0.014716976575528633,0.032978636063539936,0.02148265062612399,0.002419995244227195,0.004046583279404491,0.00243490186238751,0.10106844801577734,0.012507051095000948,0.10733180096215317,0.1336321536962632,0.2085871262271176,0.057441858688884545,0.017382754889640282,0.07916254518945216,0.1323231974448704,0.1201348170431983,0.3255290695235002,0.13969518938105263,0.028159369889399113,0.03224349597509442,0.0528100590317015,0.0953770871193594,0.08082277607755531,0.36041601302131876,0.24726092084536389,0.07599940229595804,0.048749283203693365,0.03455511210636784,0.038798615645226256,0.17971700165442678,0.39424375991458277,0.14224721573712673,0.057801754012942776,0.06538531457938264,0.08565175378948303,0.41281268520268727,0.20647210241814465,0.10219758024318248,0.052617693782197904,0.09838486289849731,0.3968469216561859,0.13530320871230736,0.09129908030180298,0.08407766799508593,0.08679861172795093,0.2354188984146944,0.2852347623518549,LC_V18_H2p0_T7,0.41281268520268727
30,"(30, 0)",82,2,single,,Y,0.033450645807245966,0.0067507525555604705,0.011545070660125351,0.007242912554280941,0.0013994278616730835,0.0016802877355294968,0.024782578711376263,0.01910264933904082,0.00418555191257379,0.03269303326776667,0.003495958336057409,0.007480388873776858,0.004837575009760078,0.11574820633039365,0.0508987470994151,0.03140357118461976,0.15049070969803957,0.008123883772842944,0.050037074529605846,0.013576288961903507,0.13767589288981086,0.033153707103501184,0.08274194683230245,0.18664924309782982,0.1172602189725294,0.01352043652610472,0.021430246539015752,0.01318757056086831,0.6816944616997638,0.08443174729105392,0.7159582248253054,0.89406368333427,1.3765659554155403,0.3752603532819922,0.11429479212970453,0.4816194368763626,0.7961272675468715,0.7249100588389925,1.9390123856909875,0.8249578864384812,0.16361366241673175,0.18899069216744024,0.2844080799483308,0.5071402961162228,0.4315630888727217,1.8987977373480374,1.2932342728345934,0.39175387083879926,0.25341435546056396,0.17726657192042664,0.20143816134019582,0.9262768966164878,2.019553877297344,0.7207466536848884,0.2947828759966513,0.3299505678536462,0.4628675106586647,2.217151628678379,1.0958653045060964,0.5396715226259672,0.27427887130247725,0.4891792477188977,1.9481681554854142,0.6600854225434175,0.4402221904098788,0.416345393789945,0.4277497439135753,1.1477571443005046,1.2637638188198725,LC_V18_H2p0_T7,2.217151628678379
30,"(30, 1)",91,1,single,,K,0.017757733270687803,0.011484556230457327,0.020068762060559422,0.011296852994100074,0.002290658900995791,0.0023616018431351915,0.024703145496519145,0.019296959966810495,0.0036924467093438183,0.03105568198581181,0.0034094731283646805,0.006350146788232962,0.004327029843340913,0.03714268050260807,0.016222767341206625,0.01009527118139061,0.04838722493200391,0.002624357510904814,0.015649438036778512,0.004318871180785022,0.03795450634682836,0.009120817469193828,0.02332786738418616,0.05197177552464967,0.033288037076205534,0.003767513140234236,0.006030195596571532,0.0037087422184780773,0.06581239763510556,0.00812214595535367,0.07093949582289202,0.08758610250372155,0.13813606098601497,0.03802368870310165,0.011461631077703661,0.07004983268393249,0.11735892117050532,0.10664004102090646,0.28933748455501274,0.12433461661878518,0.02502617785050563,0.028759863787780043,0.04653643142615184,0.08395795026275744,0.07138432524989928,0.317905363315517,0.21872814667009216,0.06713401814821031,0.04328443095548763,0.030644753864080016,0.027932273656528304,0.12965098816899467,0.2849223718976642,0.10300527733242063,0.041899426059493,0.0474595538389205,0.05979716940076392,0.2883826233278833,0.14409379258440225,0.07133294044087138,0.03663296271018263,0.06620235309795439,0.2660457450826131,0.0905977142275614,0.06093064616670198,0.05937602622642286,0.0612833912452488,0.16565516796712101,0.19870190529242304,LC_V14_H1p5_T6,0.317905363315517
30,"(30, 1)",91,1,single,,Y,0.03279981331286207,0.015198042435614678,0.026490216464631514,0.014920031621250282,0.003017853630282597,0.003114911162327662,0.03859788188230789,0.030165880715190132,0.005722949847082752,0.04836862026350213,0.005313199604527233,0.00983686509812812,0.00671548683096814,0.08477869355243182,0.03712535482446837,0.02256325062364818,0.1092520535193124,0.005970818987109806,0.03505500214204509,0.009732150085210304,0.10739963039284835,0.02584874234644721,0.06508766581064634,0.14617212831289797,0.09238011343551676,0.010603836363933377,0.016707459713061687,0.01036761387185265,0.22222092799974988,0.027490554367020813,0.23604838146997426,0.2936017513107284,0.45702535854247517,0.1254653165456953,0.03810950675003235,0.19227462341798246,0.3198885161792469,0.29136200506503285,0.7855118902893867,0.3364660155156364,0.06731966414243344,0.07760556911034451,0.12100674273002245,0.21741185525195494,0.1849876834697226,0.8202372771676157,0.562837654331988,0.17190719227432658,0.11110645277733384,0.07834488225115745,0.08365233764823599,0.3864599145041416,0.8463003314630532,0.30394912061291246,0.12401214348112397,0.13972049027433026,0.18951722638068613,0.9103756756834412,0.45223864236044004,0.22325027725126545,0.11411016316709773,0.2143344624692327,0.8563068671837812,0.29066705910803176,0.19446606956940957,0.19743093391404692,0.20327400753521924,0.5467764421970257,0.6493302990355273,LC_V18_H2p0_T7,0.9103756756834412
30,"(30, 0)",99,1,single,,K,0.015017499714656922,0.003033144681337223,0.005241874160613246,0.003050370197147834,0.0006078541006037925,0.0006572296039416273,0.007731460257857905,0.006014010334411752,0.0012023318875182566,0.00989724623720058,0.0010768332772633194,0.0021054052696414297,0.0014101707281731204,0.02555570604204772,0.011184269870580684,0.006932804008409115,0.03339703197800428,0.0018086565688472547,0.010904911301366935,0.0029964036318473287,0.027724278954542964,0.006650608892105733,0.0172673164756479,0.038373560927157324,0.025076916738442232,0.002794980143694889,0.004622872350017292,0.002807644228062346,0.1163956124022865,0.014396933475556827,0.12381237872580772,0.15384723861536645,0.24034452773762066,0.06605545195312809,0.01994919139759973,0.09100695677812186,0.1519691132307578,0.13800266470321235,0.3736159062202408,0.16011697547338521,0.03223804330978538,0.03686588561661433,0.05899184225505135,0.10645276857397404,0.09013930866369779,0.40155297225477987,0.27513043920542374,0.08451997491845324,0.05417780464802943,0.03838012787544799,0.04135559591984722,0.1912034456269712,0.4187635798064517,0.1509402202043201,0.061310976514486554,0.0692995604799794,0.0928563574867686,0.4465676192450052,0.22289978582555964,0.11009133795034518,0.05656321785149994,0.10319579238780754,0.41517234047272833,0.14100298107770645,0.09496066509046948,0.08602681877161898,0.08859521172640453,0.24016899812431175,0.2779106516030792,LC_V18_H2p0_T7,0.4465676192450052
30,"(30, 0)",99,1,single,,Y,0.02627542893399122,0.008008308345463212,0.013893224956877177,0.007876816395364913,0.001582449993329716,0.0016536748424445698,0.02897680648205465,0.02263443009703836,0.004308658145184218,0.03640514324497547,0.003993943341230404,0.007448615710497103,0.005075370433448026,0.11440699187188838,0.050257304447980135,0.029948933676494236,0.14625028193177075,0.008043056252585288,0.046733792478181505,0.013020784480645984,0.1296973231226151,0.031199141403354613,0.07855196530539109,0.17645296856581946,0.11162231482594392,0.01278372249506286,0.020219281836384558,0.012519258177603387,0.6105535091501834,0.07558736550580085,0.6432307041408863,0.8019172100215947,1.2387176897314554,0.3380989633925708,0.10276369011334927,0.4401628641534965,0.7291889447700608,0.6635542158830912,1.779490426798258,0.7581564874955733,0.15087654195927294,0.17383073361334542,0.26367473224006094,0.4717135719915376,0.4008268267834189,1.7691683649791097,1.2064631147116847,0.36674138006246404,0.23663718053992314,0.16604852950285806,0.18329478987714948,0.8434168915555337,1.8397194463243174,0.6586850938720495,0.26889876915783273,0.30160251238374164,0.42321683745677074,2.0286292344286068,1.0049458768115909,0.49503556233455037,0.25211576954278664,0.4502968427149389,1.7981691794911714,0.6089850460142812,0.40718181659909436,0.37442759760454153,0.38465296562564993,1.03378026796326,1.1301961840392032,LC_V18_H2p0_T7,2.0286292344286068
31,"(31, 1)",90,2,single,,TY,0.00017195705585056363,6.158847923925559e-05,0.00010857344219830024,6.027024889337047e-05,1.2323376007033757e-05,1.2505296464695547e-05,0.00018017668578551233,0.0001406191893232004,2.6770446791344844e-05,0.00022501263063741053,2.4692742881716104e-05,4.5725646216702064e-05,3.115574959695557e-05,0.0007671304061098038,0.00033709112869475334,0.00019777633408632912,0.000969891781378437,5.350678913755721e-05,0.00030653572688240066,8.568928916999333e-05,0.00233436561600443,0.0005630326580191581,0.0013909856246507163,0.003150071397140615,0.0019606763562306125,0.000228539971514549,0.0003535949483595283,0.00022149551099634102,0.011033196567969292,0.001365692040948327,0.011589800437247425,0.014456917007973753,0.022254921836866046,0.006072592160413569,0.0018516172866080219,0.009184121847567232,0.015122248029077795,0.013792842292942163,0.03681267342609669,0.015632514126933846,0.003095676606004579,0.0035773861840801406,0.006866233142610068,0.012275182225577583,0.010438120602002946,0.04605280760463411,0.03142797411074827,0.009545789892789517,0.006168903857901816,0.0043263858043301965,0.005984401803419196,0.027415877911841215,0.05969095406892561,0.021293004382783653,0.008704662515121793,0.009736049463374159,0.019050192069155505,0.09075926584453048,0.04467137527755737,0.021901014766163754,0.011107755053492574,0.025050478906235612,0.09922047795771101,0.0334334777028856,0.022188747830208643,0.023656999221506648,0.024240950989426427,0.06491183546449339,0.0855751111922595,LC_V20_H2p5_T7,0.09922047795771101
31,"(31, 0)",98,2,single,,TY,0.0001656108074764826,8.745211241225969e-05,0.0001531773833475022,8.477669527690308e-05,1.7245555997230964e-05,1.7503910792822772e-05,0.0006663127246568883,0.0005199279254657679,9.873610811587037e-05,0.0008297671595393245,9.108105917511158e-05,0.00016813682503779965,0.00011465264718073663,0.003827252311186861,0.0016805295879660524,0.0009932703544139887,0.004844325881344553,0.00026646621121131605,0.0015310480999581534,0.00042689764332102723,0.006119025329111964,0.001471754442664856,0.0036895485124417413,0.008282240580338185,0.005200773005728399,0.0005963302637908136,0.0009337892575437811,0.0005791923318608311,0.07542426134597904,0.009334499300562632,0.07891651445704428,0.09831329691476437,0.1506516831690214,0.040675755878976816,0.012340162861496534,0.05908252048008302,0.09727834742806285,0.0883629000457481,0.23517556740834167,0.09926925963096282,0.019591006222813026,0.022538383456638042,0.0376626463541002,0.06685697610754605,0.05683194488574042,0.2487898854974946,0.16837482659027886,0.05077343470682943,0.03277284044415842,0.02281557952629389,0.027308445734157156,0.1247444661291112,0.2701481284829378,0.09651863368269466,0.039360355085355306,0.04386025309454028,0.0770819235834714,0.36718652196386525,0.18071497932199723,0.08848052330040893,0.044748558639889906,0.08404320095974815,0.3332815178727292,0.1121886426290712,0.07451642536078787,0.0683867131816916,0.06993963199595195,0.18698243242953783,0.21117768842392948,LC_V18_H2p0_T7,0.36718652196386525
33,"(33, 0)",54,2,single,,K,0.00028371109036605207,0.00013892928713503622,0.00024537898515657744,0.00013652496181037896,2.7957073669212397e-05,2.8566377487647705e-05,0.00036537582786553484,0.00028559918947776983,5.5088698659849374e-05,0.0004616104474146801,5.061652458503157e-05,9.549140276047617e-05,6.47701427619862e-05,0.0007446901409503815,0.00032519954067825036,0.00020347353936792892,0.0009755999041101506,5.257525978956336e-05,0.00031729056088659945,8.707087529599605e-05,0.0013780570813224757,0.0003313234237179801,0.0008358742981778446,0.0018723238453223338,0.0011939494233869062,0.000136224846856364,0.00021766836798177324,0.00013441987233128933,0.006132186985033443,0.0007576319486674296,0.0065326547135174376,0.008093067031784895,0.012658306864029445,0.0034753421466922558,0.0010458015972979948,0.006993642866400667,0.011669919397342758,0.010611118392544285,0.028718802636377966,0.012338109521274638,0.0024911524343634315,0.0028512582820035045,0.004811853234135934,0.008676476618635477,0.007379850189331445,0.032908661910793245,0.022648684490200847,0.006978419176836726,0.0044700247216958346,0.0031818973915989203,0.0033941136290947197,0.015592115786838173,0.03400918117859712,0.012421678508385213,0.005052794919709925,0.005729349180967407,0.009088733604580004,0.04361180021525679,0.021770961557364823,0.010742936389561107,0.00553781732778165,0.011029747888716072,0.04411271735784812,0.014923158365205379,0.010030985282114355,0.0089258177057895,0.009178343862208404,0.02490236913444658,0.03286838866699739,LC_V20_H2p5_T7,0.04411271735784812
33,"(33, 0)",54,2,single,,Y,0.000844591659841593,0.00014882753190220742,0.000261635331035992,0.00014493409493938352,2.9528508650194693e-05,3.0065670000601953e-05,0.0008677792103709264,0.0006764121928507591,0.00012888553190912343,0.0010787641920202659,0.00011815883286350019,0.0002190019293778323,0.00014874357759099465,0.003641959498154709,0.0015931250307417474,0.0009585854716515639,0.004642205126327991,0.00025273134183498785,0.0014763726629113075,0.00040954457866777816,0.00957740280002982,0.00230527565728741,0.005738866731801336,0.012924582367010279,0.008077099906083686,0.0009311768073410734,0.0014506646157684223,0.0009025650227794768,0.046075038325301375,0.005702810579398184,0.0483255829941745,0.060211916018096896,0.09255593932173721,0.025123529272156175,0.007628747223872665,0.037768122166565145,0.062356095612929874,0.05680334081358735,0.15198085320795332,0.06459486552361826,0.012836790894286517,0.014762932171011389,0.025221428409513684,0.04504437903105587,0.038315073099976484,0.16890514189611602,0.11541946803483681,0.035181945897780426,0.02269278781515214,0.015981387726430794,0.02169236343305597,0.09883406103238192,0.21382350024461713,0.0762590212606152,0.031043166263276526,0.03467451130279605,0.06771981403393373,0.322453776511487,0.15900733475226506,0.07816994837783106,0.03973598326820059,0.08961506947345914,0.3544560884779494,0.11931217544458092,0.07933553500327138,0.07788951552284161,0.07959384821069224,0.21271040298593172,0.28555037447671067,LC_V20_H2p5_T7,0.3544560884779494
33,"(33, 1)",68,2,single,,K,0.0013125498595900975,1.9285734550350242e-05,3.4443231579681947e-05,2.4590320104832825e-05,4.917145206428136e-06,8.169101810344083e-06,9.700563410611259e-05,7.60806457271547e-05,1.6930861580711126e-05,0.00014545774041711882,1.588789134956038e-05,4.224153299118917e-05,2.6626534064722593e-05,0.0005305973227904292,0.00023314671401597446,0.00015677462279912403,0.0007689003669597062,4.188690201820859e-05,0.00031630885287520547,8.353229510173054e-05,0.0005680354643865951,0.00013544476980554272,0.0004549134714854331,0.0009679634708546924,0.0009846526200951676,8.881123782970935e-05,0.000257294279057792,0.00013351580551743873,0.009712466928712382,0.0012013645938047206,0.010401847671465134,0.012991943574498784,0.02091169923281304,0.0060587464510700436,0.0018141257046994463,0.00910746107873187,0.015355262262792196,0.013942626952427206,0.03872928567314958,0.017359692398728387,0.0037291911302122817,0.00423310465234369,0.007162339994929677,0.012963910735023607,0.010992503918894694,0.04984334786164589,0.03517250907353896,0.011300580735896664,0.007194056729907539,0.005391282909229241,0.0057518917601275445,0.02687977827011948,0.06060458935326956,0.022779851917958272,0.009292447026250913,0.011025543279129586,0.016557342569164257,0.08125878033202034,0.04168362631222714,0.0212897310555725,0.011494070010785057,0.020972923638407116,0.08616948122845726,0.030077337111960936,0.021030256381673367,0.017904088649835278,0.019113329172931185,0.053916573149986394,0.07240735458150756,LC_V20_H2p5_T7,0.08616948122845726
33,"(33, 1)",68,2,single,,Y,0.019659773986898558,0.00020580610960926839,0.00036288063619205747,0.00035020330276809954,6.660011655969441e-05,0.00015167872382461733,0.001442241953579104,0.0011250374104436267,0.00030528045894875775,0.002543416250567309,0.0002712762921441306,0.000896382127317327,0.0005537374843798484,0.011465874504513121,0.005040217205863202,0.003736770307219308,0.01837775568389144,0.0009680231461158242,0.008169905635399509,0.0021303535295551022,0.01379184303192722,0.003287975439664016,0.01094857079037505,0.023921111616591634,0.022981926755593296,0.0022282655814574743,0.006082038824248712,0.003283628240303591,0.27557620370896685,0.03408795420783687,0.29977643625916056,0.37371550048707236,0.6158865227921019,0.18229139963176563,0.05385419342372066,0.2232852937550825,0.38289059144556536,0.3469067501321042,0.9885610286436222,0.45181343231399795,0.09984066625110319,0.11163696504999011,0.15186608224626666,0.27838027673273436,0.23590083712539367,1.0892968930218976,0.7826278397428951,0.25837918594250314,0.1622029103945863,0.1248172484609282,0.1178702803148563,0.5609191263789302,1.2780859242239255,0.4924217924540323,0.1967251777539592,0.23921302741315306,0.34753250886781667,1.7130126322175796,0.8890982391392355,0.45377714800763563,0.24597685997071747,0.3945177804993011,1.6350790026084328,0.5701589616896253,0.40135493487955193,0.33808717837840396,0.3596448022241735,1.0235765524596394,1.1456397681159507,LC_V18_H2p0_T7,1.7130126322175796
33,"(33, 0)",71,1,single,,K,0.0007486592432474353,4.6782040626310205e-05,8.249400066962393e-05,4.694991824704651e-05,9.538805539388771e-06,1.0837018050892264e-05,0.00011352931990073239,8.833272306615347e-05,1.7766920330481928e-05,0.00014638519398546776,1.596955063485332e-05,3.199038802418294e-05,2.1177703348977185e-05,0.00022787521355275385,9.964891354624828e-05,6.431710569058119e-05,0.0003086913471654707,1.6516896642388778e-05,0.00010509354282897794,2.856097322242583e-05,0.0004615977771669591,0.00011063851115047787,0.00029306991605949624,0.000651860541450698,0.00043833123730297136,4.815879895711061e-05,9.354638327378391e-05,5.172777520755484e-05,0.0014317429293167327,0.00017721947439718627,0.001549371257251255,0.0019319790947849942,0.0031322947518494224,0.0008956307110973886,0.00026673808337513425,0.001984738321629892,0.0033540137419144035,0.00304909041789621,0.00838299306998053,0.0036533279008471396,0.0007519853840694989,0.0008563159487063539,0.001566548899129902,0.002846591453180776,0.002407765725094212,0.010822777142384893,0.007527932062546873,0.0023565360092928393,0.0015188754359513035,0.0011019797665788715,0.0010927721503836798,0.005136182849283207,0.011511398158022958,0.00422811857791765,0.0017093109672830697,0.0019791263654210254,0.0029395914850442817,0.014263555504177001,0.007185865937905339,0.0036201975723402975,0.001890408249360185,0.0036305543711409446,0.014645635455712253,0.005065221976862674,0.0034551967191814004,0.0028812581995085406,0.0029823160763435275,0.008261413557707785,0.011729069019347721,LC_V20_H2p5_T7,0.014645635455712253
33,"(33, 0)",71,1,single,,Y,0.0007486592432474353,4.27443184912827e-05,7.5049476121772e-05,4.250736207764933e-05,8.595083199056373e-06,9.45617500105998e-06,0.0003055413960282845,0.00023779569624369148,4.614620905870389e-05,0.0003856572947228647,4.2275292686401256e-05,8.087789480019826e-05,5.4801719105536313e-05,0.0013980784666536858,0.0006120355175701597,0.0003719323723122563,0.0018076729836764233,9.850636719268456e-05,0.0005880480544370445,0.0001628165347187225,0.003799676641491185,0.0009141014368720282,0.0023164774822994607,0.0052051238229696255,0.003331442266632562,0.0003791512609590438,0.0006156462199313934,0.00037858826453583374,0.015104706539569258,0.001870077681577717,0.015994216615925337,0.019944642797998836,0.031027988531642,0.008548435097607299,0.0025913196099493934,0.014151888128866526,0.023392028467588942,0.02132555066420166,0.05728538306892453,0.024497915326991058,0.004905510368169094,0.005645666565856532,0.010486199806056296,0.018847713270158228,0.01598818417709591,0.07106124297909924,0.048797887958755434,0.014974586212786451,0.009665901892534539,0.00686074363099218,0.009229674192481824,0.04265649399299046,0.09359021273545727,0.03378397187176323,0.013727288868269455,0.015518893591634882,0.02985217932651944,0.14302526350209155,0.07087073592264093,0.035047321412350195,0.01792673199263542,0.03866499320822024,0.15368644055198463,0.05211292408393299,0.03485756381852401,0.03566403853663725,0.03654524399597461,0.09813166483508548,0.1326227939432408,LC_V20_H2p5_T7,0.15368644055198463
33,"(33, 1)",81,1,single,,K,0.00019977690078636892,1.7364660662650487e-05,2.9650013891596467e-05,1.8432361491682023e-05,3.5442203740251856e-06,4.230082766560119e-06,8.629206661628636e-05,6.54085714030574e-05,1.669584477834249e-05,0.00011612143729857446,1.2049406223464566e-05,2.8769864493526046e-05,1.7449013410967712e-05,0.000344733316839735,0.00014636099811685536,0.00011551926297544093,0.0005064238493214239,2.4387034559022035e-05,0.00017867378431615745,4.474868586344584e-05,0.0004461498813109034,0.0001050352906586205,0.00032455495086481544,0.0006717628573465886,0.0005207102467073785,4.861837214739786e-05,0.00010130213846245887,5.449718539701881e-05,0.004660488865856756,0.0005729051663172324,0.005266624113515817,0.00636165403274457,0.010641991851851124,0.0029744724894217502,0.0008499656020747749,0.004391744569901305,0.007756579518503005,0.006837535803734383,0.019612778486356806,0.008509168444293717,0.0018356820428823088,0.0019629462160696853,0.0034336980989433464,0.00640637576210161,0.005329399652247909,0.024701703743343743,0.017076201995961427,0.005542702575811218,0.0033616320060081166,0.002494110059981108,0.0027022556346105245,0.012652009395284566,0.027798444577499973,0.01047177902064396,0.004078008758347327,0.004757136765618866,0.00801960554316797,0.03884607422615422,0.02008800794562248,0.009874219269807348,0.005278901529556255,0.010136152071732274,0.04178836036283394,0.014114118020407929,0.009788927271893266,0.008650075353365698,0.008836505897702122,0.024669531930174213,0.0340386153070534,LC_V20_H2p5_T7,0.04178836036283394
33,"(33, 1)",81,1,single,,Y,0.000983142457972936,0.00012972120991093172,0.00022008933462471563,0.0001369272292846943,2.6253532428327092e-05,3.157093747387429e-05,0.0009312771697410798,0.0007073815809942668,0.00017225044646007267,0.0012308531832332225,0.00012913121993742113,0.0002941021250185923,0.00018296864957362364,0.005501013076190909,0.002362254711710945,0.001699715980403318,0.007716117906552485,0.0003882148723077506,0.0026425344336952162,0.0006854601264842427,0.007685465799380563,0.0018185082989311669,0.005244465569712605,0.011141248404609349,0.0079894976956315,0.0008073206440619346,0.0015112542010100318,0.0008609138971144162,0.1077703959932361,0.013283744638663053,0.11709658846137981,0.1434644735666274,0.22988586966879754,0.0630906022100451,0.018523808619235534,0.08821956142960004,0.15071374303579316,0.13439708516029994,0.37242922226228675,0.1594179225239056,0.03310132111762372,0.036481426236130376,0.06298622574824266,0.11485432542427614,0.09632645444531511,0.4349607343185395,0.2975238346933046,0.09340738664222888,0.05822666557073213,0.04197432615155339,0.048022021004907656,0.22180198867603632,0.48271410540399706,0.17693211440626053,0.07015231677966362,0.08026653282194865,0.1463604920145906,0.7003724202855062,0.352742403668364,0.17249181043581185,0.08953646522167366,0.16671471763526913,0.6717871764869198,0.22565382620775587,0.15265639138041642,0.13907013086401554,0.14237006371273167,0.38903568593947585,0.459863534591936,LC_V18_H2p0_T7,0.7003724202855062
34,"(34, 0)",70,2,single,,K,0.01637246635323421,0.014817452429028372,0.026025239491072834,0.014592135729026085,0.002972128729669784,0.003051154173675111,0.03573152484282681,0.02797956582902193,0.0052903088771863015,0.045023056659897046,0.004949421437277017,0.009191188866071407,0.006280670959383874,0.05120454624149328,0.022450835916940682,0.013715113309968082,0.06653031291123003,0.003635922509648604,0.02154818340782587,0.00597471339934107,0.05418185582443707,0.01303305831514416,0.033057600159766075,0.07414066449716214,0.04729538360938172,0.005396457705890284,0.00861109544306258,0.005315879369228445,0.08664707076308155,0.010714731106435196,0.09285071076750073,0.11533957424681612,0.18142885374278359,0.050173025911141,0.015164434325368098,0.08858509742214027,0.14796989880789077,0.13481260925876934,0.3654386315890785,0.15741608229683265,0.031722140411526614,0.03647503675766563,0.0547140100005706,0.09865273038710418,0.08407588537762367,0.3752074710829707,0.25934963178780257,0.07989240727385358,0.05150687137242037,0.03663449384928872,0.033564341905122294,0.15617688405027852,0.3442841458534975,0.12430695181446678,0.05069198554827559,0.05747288243015664,0.07124370200887511,0.3447633158493795,0.17227392421379928,0.08571467670065881,0.04409040482026387,0.07799478236411132,0.313105886070564,0.10702553756251315,0.07206021790968145,0.0677557711340024,0.07012315869747496,0.1900604636410925,0.22487203166710795,LC_V14_H1p5_T6,0.3752074710829707
34,"(34, 0)",70,2,single,,Y,0.023767067899714136,0.012953021890055256,0.022706371246118965,0.012728793243461217,0.0025877101860452617,0.002656385676827489,0.04209187444114384,0.03296806377775338,0.0061789422738426835,0.052794128759462586,0.00580821160378098,0.01070370425927214,0.007330175710955406,0.09374704549077173,0.041148611915232176,0.02468941994418092,0.12048594247508268,0.006619226182646726,0.03866089622224322,0.010769437328180007,0.1343439381933411,0.03238440962263106,0.0807097878704603,0.18217194894162944,0.1144473346465915,0.013236680850652965,0.02071912373912923,0.012909568742041338,0.27416173989277076,0.0339490664019994,0.28987800554343124,0.36163598949141246,0.5609731558593837,0.15402389541758787,0.04685509295332721,0.20683501872629317,0.3431505801022507,0.3131072432389264,0.842440575687782,0.36087969692856375,0.07212254220592637,0.08324023656385035,0.12176801648954258,0.21850719648551697,0.1861409619180502,0.8254997064040205,0.5672735407973349,0.17346201840201977,0.1121062221639793,0.07917605978396182,0.08677967575171881,0.4007728337588806,0.8781035686255785,0.31486735407086375,0.1286733570739681,0.14479215092351108,0.20245662013998933,0.973121385450575,0.48281688780733306,0.23894042907351673,0.12205501986844632,0.22822445551144185,0.9100372525310109,0.3093780086156738,0.20687393948737282,0.20300559863569845,0.20913645850254436,0.5625851344023197,0.6562777913122352,LC_V18_H2p0_T7,0.973121385450575
34,"(34, 1)",84,2,single,,K,0.018572217779577734,0.002334670788242757,0.004022473278742427,0.0026062970764822394,0.0005036021296461843,0.0006281337197855713,0.006319375953759252,0.004882187047297029,0.0011197698779089266,0.008714316254427519,0.0009235226989437829,0.00212705021843311,0.0013508141516338002,0.021705363037428555,0.0094372018169041,0.006456902790935409,0.030442850371836222,0.0015799493669304621,0.010748677393162704,0.0028361257783437684,0.025588238361622426,0.006146827284214008,0.015756366329976224,0.0352589587143695,0.022899747781997125,0.0025803072567219206,0.004330126224411049,0.002592889317617753,0.10490161565891601,0.012984753536399211,0.11117924102482035,0.13853918375392502,0.2158151926326871,0.05936982130897201,0.017980177697603145,0.07845394469433714,0.13075858663360074,0.11883055173679896,0.3210373519599774,0.1375749963631526,0.02782281541773579,0.03176517703798263,0.05097590661133913,0.0917350552612963,0.07787270994553315,0.3461807981848286,0.23743485730272107,0.07278655162717622,0.0468031392112706,0.033102520922726024,0.036963599220572727,0.17081811948569992,0.3741797104447737,0.13497124326415638,0.05497921585966611,0.062034983854152285,0.08375895796048848,0.40307234608931125,0.2009035753882692,0.09936244513727029,0.05097676702497466,0.09349617396443001,0.37584785211635285,0.12782216360437734,0.08604395825479086,0.07886415316820936,0.08136587031336506,0.22049588202457251,0.26097044993640356,LC_V18_H2p0_T7,0.40307234608931125
34,"(34, 1)",84,2,single,,Y,0.02989214821991126,0.006812933799178031,0.01175360957566547,0.007269512825164385,0.0014192334019890796,0.0016715604898432277,0.027104009982983103,0.02103868412169767,0.004416125361640384,0.03561072011750466,0.003831465659870003,0.007988674116067164,0.005229473178729215,0.11831292265044359,0.05173229844665012,0.03269437312892265,0.15721074735787677,0.008418645639922086,0.05247135571332368,0.014243582176663756,0.13846264021499052,0.03332794307521412,0.08322386797591143,0.18750810034035206,0.1178943740963573,0.013565855858910868,0.021640899596349447,0.013243424857038673,0.6929716825181892,0.08580938838239177,0.7279333140283603,0.9085815801335855,1.3990532569615513,0.3811706603171186,0.11601904659545474,0.47484498874394737,0.7848340570000485,0.7147198934553463,1.9117184140052264,0.813244567285269,0.16149996919719944,0.18621278088641732,0.27519013410494936,0.49093838134135154,0.41763458049724933,1.838225368907808,1.2519355810586745,0.3794096747986135,0.24526113493319446,0.1716194290382455,0.1927715857612637,0.8859714309617063,1.9303523534899667,0.6903245846309181,0.28205315953957955,0.31576505638598523,0.45015428696866566,2.1541779803517906,1.0647528517056413,0.5237704896493974,0.2661077680749621,0.4711668234628803,1.8770938264926116,0.6348189653992905,0.4235011366286873,0.3898659505591563,0.4002584087401327,1.073385219711204,1.1602400750906796,LC_V18_H2p0_T7,2.1541779803517906
34,"(34, 0)",87,1,single,,K,0.015088895217195336,0.01092247191098126,0.019165684845051788,0.010732179339786619,0.0021850919135682,0.002239844023820059,0.028779050633443416,0.022510501288181037,0.004272807383275807,0.03616297068850065,0.003975248586684554,0.007370070850467808,0.005034622873661459,0.04344903624363902,0.019018689355469447,0.01168444291237892,0.056377355050055485,0.0030754138794824235,0.01820585364517707,0.005044789469556187,0.04537082093046812,0.01090533567050758,0.027749945709021635,0.062023907108109934,0.03952446744633219,0.004503316172762957,0.00716733536234226,0.004426397138987418,0.07072673741521344,0.008737910072820796,0.07587891838753073,0.09397865675189647,0.1476453754432486,0.04066144427446272,0.012292402890558912,0.07300426789893179,0.12202687806581468,0.11102860589675463,0.3006599573101615,0.12918236727679205,0.0259651977248514,0.029895014074445968,0.046473434779717715,0.08381403590595907,0.07129227012647059,0.3175125954324055,0.21865468410065775,0.06713058289188743,0.04330303261903692,0.030688196948398146,0.028647000264252705,0.13297178498070772,0.29235773122105885,0.1056256952434025,0.04306169884819651,0.04873021842902819,0.060879544851088395,0.2938836310941113,0.1466025096022644,0.07272054939740305,0.03732560073993311,0.06782935202664998,0.27171738413463764,0.09274340831174291,0.06228942303558705,0.06096880823145926,0.06297190804528331,0.1701331847839247,0.20694704055984944,LC_V14_H1p5_T6,0.3175125954324055
34,"(34, 0)",87,1,single,,Y,0.02844681383358251,0.013959228092556373,0.02446504493136403,0.013686831583561408,0.002782828206921597,0.002850777866812698,0.04650423467058157,0.036381479781405796,0.0068566713535190725,0.05826813960683953,0.006408373045649851,0.011815496122401289,0.008087019129104773,0.0971445106963537,0.04258287671158276,0.025752045232875508,0.125048943613754,0.006852680705302759,0.040122670240894436,0.011160541459354743,0.12503806580397828,0.03009956469534686,0.0756487048546593,0.17006853966544586,0.1073299939810108,0.01234686139908654,0.01942064985180579,0.012068315408710686,0.2327884400753809,0.028803327186083097,0.24697406694751584,0.3073860279709578,0.4780131779629823,0.13119212330687657,0.03985485746898211,0.19282336799117925,0.32042622566694723,0.29208488330317023,0.7866879570296438,0.33698376930595086,0.06736155507756408,0.07777161655965975,0.11770608205929364,0.21143323753326485,0.1799659268598632,0.7981537218158273,0.5479428854511426,0.16744131636007886,0.10820373864850058,0.07634930580801069,0.08176563895551778,0.3776831645927766,0.8269705445783928,0.2971544654129842,0.1213062794089802,0.13663169797467545,0.1844899631953006,0.88692985428093,0.44020719100148836,0.2177977281027997,0.11122796092296004,0.20934171581693345,0.8346475791147054,0.2839897036565154,0.1899360374929794,0.19064096022937432,0.19644301272001288,0.5283210755364626,0.6302623553587116,LC_V18_H2p0_T7,0.88692985428093
34,"(34, 1)",97,1,single,,K,0.014531609694100183,0.0030260294651032714,0.005255969084153879,0.003034853163637789,0.0006076003153981741,0.0006512412603644215,0.009725131275019012,0.007577757584515138,0.0014998065934241716,0.01238958648645005,0.0013514716980616499,0.002616469302205655,0.0017569444660216226,0.031096669983689786,0.013613203428986429,0.008415004399575425,0.0405660596380312,0.0022032296607208185,0.01321887034708285,0.003642723792587709,0.0322597917102511,0.007737192441154689,0.02017094744097014,0.0447230607275336,0.029311740538817504,0.0032614022836916887,0.005402520898504099,0.0032775163724828326,0.12429286505231335,0.015373362232056119,0.13228729513518112,0.16424326669220582,0.25678091789284135,0.0705413194008852,0.021293386671727782,0.09458159266949517,0.15804609588462915,0.1433092172310537,0.38814377921137005,0.16613020483132163,0.0334528757560379,0.038229943432496014,0.06062772122369816,0.10954256353592445,0.09277723075921099,0.4137775647369266,0.28378015339496104,0.08729075820277224,0.05590364478123409,0.039644460424478195,0.04377388469761737,0.20286483031443966,0.4451220917049137,0.1614947406689391,0.06547215285832181,0.07411351531157888,0.09835979362684628,0.47326006257328257,0.2364057688578605,0.116727936535235,0.05998729513902838,0.10989883075753507,0.4422667146861557,0.15040982927125598,0.1013598474322844,0.0930843609879234,0.0959881476664517,0.260168352670331,0.3127967941782388,LC_V18_H2p0_T7,0.47326006257328257
34,"(34, 1)",97,1,single,,Y,0.02614361276698686,0.008192213783500275,0.01427378774660979,0.0080519635532403,0.0016245916728413442,0.0016872872941759848,0.032838549854145686,0.02565585447645,0.004892774942570489,0.04124791375643369,0.004526156466192682,0.008443486268770258,0.005749856201297312,0.12712206791113462,0.055829957660894304,0.033351283742301195,0.16264778483028966,0.00894705581535386,0.05203896162293147,0.01450283360392163,0.1386570893862363,0.033345121962256946,0.0843277332419563,0.18909676371139672,0.12005572419469825,0.013708688804125157,0.021767547207783643,0.013451943573838911,0.6322531400866909,0.0782670489891693,0.6665255297916763,0.8305316416760417,1.2836407205217126,0.35033237380502097,0.10642995507031572,0.44740708488281916,0.7415384778608359,0.6743032081538306,1.8088150188338183,0.7702466539679814,0.15331274252010896,0.17654430553294476,0.26528889460516014,0.47485666127948517,0.40346532174834915,1.7819454221236983,1.215688468545526,0.3698258540369859,0.23851634901760568,0.16747085819184993,0.18681148966740008,0.8608150663575947,1.879598284075779,0.6751754212805713,0.2753108532205647,0.30910643950455013,0.43144454011439837,2.067918994027723,1.0242656665989731,0.504491574257665,0.256993229045542,0.460637067549315,1.8386538245277597,0.6232511205892588,0.4167054056228319,0.38604216084790755,0.396873382897715,1.0675351082548057,1.2002963802437985,LC_V18_H2p0_T7,2.067918994027723
35,"(35, 0)",86,2,single,,TY,0.0001716281689120525,5.9525581534033266e-05,0.00010499876469966097,5.825238155171591e-05,1.1912746052035412e-05,1.2090393055345981e-05,0.00019093391022436665,0.0001490729233119192,2.8557961709465398e-05,0.00023874520921067995,2.6203124888190097e-05,4.86821011999988e-05,3.3115369695655366e-05,0.0007768169081638998,0.0003405366323501845,0.00020237505681962363,0.0009869554181008648,5.4119715600275096e-05,0.0003126811061654434,8.704776465546176e-05,0.002628567065839873,0.0006335018855335707,0.0015728635144820076,0.0035543601287163426,0.0022198412765184958,0.000257687313399261,0.0004004592102322377,0.00025028906311485525,0.011160029175669542,0.0013821955528392144,0.011713385682145555,0.014630305325103407,0.022517070444273694,0.00614857332729148,0.0018760926506565137,0.009157136747868508,0.015093048114339985,0.013763351385984767,0.03676634878891301,0.01563502413386296,0.0030994868289040247,0.003583486076627654,0.0067304579256338105,0.012035298933280859,0.010234766533877008,0.04516562544681208,0.03083484094805659,0.009368646406931915,0.006058335428649043,0.004251918209647161,0.005958937455840955,0.02729171602870462,0.05933596728337498,0.021059602982698336,0.008602072511744349,0.009616985445598617,0.01871157184413768,0.0893410996987982,0.04409669649961656,0.021693858960675307,0.011020670284163848,0.024049926906045602,0.09549001668582138,0.03228546786019256,0.021478813285319302,0.02168368289142895,0.022213105051807118,0.05938092549821032,0.07794246787568804,LC_V20_H2p5_T7,0.09549001668582138
35,"(35, 1)",100,2,single,,TY,0.00015470242744071056,8.595373509253203e-05,0.00015025775504811975,8.348056428559904e-05,1.6929728652208598e-05,1.7249986865284062e-05,0.0006335642374597323,0.0004945682351164056,9.353678448113212e-05,0.0007883839815434952,8.657968905360454e-05,0.00015939460013446533,0.00010886377147728603,0.003613418347857367,0.001587990607395377,0.0009341929375898422,0.004563704209770446,0.0002515103891088927,0.0014406131392423274,0.0004020256193169604,0.005942240505383392,0.0014293497407882087,0.0035728027081564874,0.008035164344828281,0.005032904374864752,0.0005783367031319901,0.000903836796064352,0.0005611549029774862,0.07408184313090184,0.00916860718283441,0.07746122102741404,0.09654346119692733,0.14783863387953536,0.03990804259299858,0.012113725683144725,0.05872958865484852,0.09665526698148738,0.08784081088650363,0.2337351191158962,0.09871845973968768,0.01947876498622943,0.022426673458692162,0.03787590962093277,0.06720709155276315,0.05714055934326867,0.2500311799814581,0.1691908927611875,0.05098326210964143,0.03292499276198599,0.022907255875697217,0.027424834060772875,0.12525815213328606,0.27120074905785946,0.09682954114186551,0.03949655838882979,0.043998014566610046,0.07699647584262578,0.3667405982891897,0.18044396971742813,0.08834443951096788,0.044669960813643,0.08409357916015127,0.33356630241787666,0.11225179426753903,0.07457443062190644,0.06854677164083492,0.07010764370218599,0.18730620033693438,0.21015062011075708,LC_V18_H2p0_T7,0.3667405982891897
37,"(37,)",37,2,single,B_as_chord,X,0.004144983460713111,0.000127216263010213,0.0002211457931961815,0.00012872092619483716,2.5676389275227002e-05,2.8137043286476646e-05,0.001022944909884953,0.0007965009165640394,0.0001562359361148801,0.0013002637309982644,0.0001411778308398154,0.00027572711784653865,0.00018458385797700936,0.007381995525180266,0.0032279891011441136,0.001953134426871644,0.009469102236145749,0.0005109885976710574,0.003048925127793432,0.0008354758695013037,0.015639260361079776,0.0037642648574984184,0.009426616613142102,0.021194084463753,0.013447525115886875,0.001536703451919014,0.002463473529305071,0.0015182119347120363,0.11923115675518688,0.014743210537563261,0.12481785041360031,0.15523287820361062,0.2387650332494037,0.06474550262993962,0.01955611260626031,0.08269980610702307,0.13597135633085133,0.12380553966847783,0.33077311944440496,0.1406765716985585,0.028098129972698793,0.03221430166862859,0.05113158455748276,0.09103175459964606,0.077321596385851,0.3408916748379271,0.23199355677558636,0.07087428790446192,0.04528986535549277,0.031983005994989926,0.048209924088286595,0.2189508991483033,0.4716384262060475,0.16840154628554957,0.0679821732942251,0.07613447175991246,0.15961533424139235,0.7510033996062844,0.3685669410822126,0.1787927789239882,0.09058678475564622,0.2140902703989189,0.8431576503407312,0.28101454274649235,0.18595940135282246,0.17382558355698438,0.1763968179003116,0.4693952212210261,0.6646256462604846,LC_V20_H2p5_T7,0.8431576503407312
37,"(37,)",39,2,single,A_as_chord,X,0.0035385114087223414,9.794155746155802e-05,0.00017184011600187446,9.794298866063363e-05,1.971753685643648e-05,2.1150516810017903e-05,0.0009373108769220264,0.0007330460752282633,0.00013955323149650135,0.0011826840336454177,0.00012956071578403372,0.00024623483477572995,0.00016720198433419636,0.007925657290817937,0.0034790498674859634,0.0020573681602219195,0.01005830580346349,0.0005488169434354808,0.003212121787509169,0.0008877707333195506,0.01729801293302339,0.004162349887933312,0.010434295778713375,0.023530567863077587,0.014919963948272677,0.0017180978286918365,0.002740919866904103,0.0017011859657140376,0.1243761540272876,0.015374629172568434,0.13060574955497434,0.16253142897487904,0.25069727258420615,0.06820950907213118,0.020657406807316137,0.09710253759038433,0.1597928674101617,0.14546481094822336,0.3885309481924288,0.16506195721376965,0.03291591441007979,0.03779400418216861,0.06800253594742481,0.12149317129186998,0.10311462106219267,0.45507457106819843,0.30959203793073964,0.0944231544442326,0.060471196965734504,0.04258550626493368,0.06583954062162933,0.2974967293208716,0.638741984153748,0.2261230239247436,0.09165329251567243,0.10199999947067298,0.20061968146760362,0.9486633075745827,0.465548198321746,0.22667860581224752,0.11480372555832151,0.26828433013852304,1.0570371393338422,0.3540131742046524,0.23447969344494382,0.23849213893706775,0.24241363346906988,0.6443790060895669,0.8645916198630901,LC_V20_H2p5_T7,1.0570371393338422
38,"(38,)",41,2,single,B_as_chord,X,0.0037293835044872317,0.00015945933284794084,0.00027936516543507656,0.00015884254663400615,3.19977284694545e-05,3.397877037397812e-05,0.000989942159054486,0.0007731258205655833,0.00014716694629681476,0.0012439226109646959,0.0001359923341945395,0.00025932623415283654,0.00017558495618405837,0.007642241010664778,0.0033531866106596493,0.0019870954685627064,0.00970382168970748,0.000529108743645965,0.0030927146856620526,0.000854502084453718,0.01627801436286318,0.003916503002839505,0.00978169257346434,0.0220075820757755,0.013898250977435151,0.0015956353087746118,0.002530958989099368,0.001568166734058222,0.11276329467090287,0.013953475400634144,0.11815311482200751,0.14726538660465135,0.22707878556159752,0.061931092114123946,0.018744692259594485,0.0964764551207811,0.1589294966751708,0.14452164667212222,0.38636254501345035,0.1639984989681085,0.0326979645470668,0.037510180808967716,0.06653211775006956,0.11811206322139961,0.10025453583808829,0.4399306951157514,0.29795515869067296,0.09045962227700462,0.05800099891254568,0.04068864264444752,0.06716747076907499,0.30417098943489485,0.6545038198411585,0.23196547393400152,0.09419392045770061,0.10478064747990996,0.20480252402376062,0.9688395971862568,0.47548637275472416,0.2311344817202829,0.11703462760037281,0.27601194099256693,1.0861066979814051,0.3631888937422081,0.23978753393870794,0.2599380104306569,0.2645540589869589,0.7036579628811112,0.9675516634809734,LC_V20_H2p5_T7,1.0861066979814051
38,"(38,)",43,2,single,A_as_chord,X,0.004492330226484989,0.00012195931915563285,0.00020989587600250205,0.00012363509015932944,2.453632115041015e-05,2.7298227930070053e-05,0.0007797197903199645,0.0006088206145655467,0.00011679899497137707,0.0009823592145827209,0.00010702269900626335,0.00020637066170041705,0.00013863209210857098,0.007713480902622144,0.0033832745829009987,0.002019458401488214,0.00985525525116462,0.0005362354279836777,0.0031658174283040047,0.0008720525722312712,0.014953700403447867,0.003603679052645356,0.009080654887828176,0.020517532738018842,0.013139647510167714,0.0015089567946325504,0.0024365827942943695,0.0015061868635635972,0.1381928084160717,0.017073073713978384,0.14503217141730812,0.1801271173076965,0.2776476229034407,0.07553397534538554,0.022839757949400134,0.09882565652054398,0.16263132954063536,0.14797058052768636,0.3956437329183999,0.16795474379969597,0.033474722125157445,0.038307270688662964,0.06275625821496088,0.11187861065793143,0.094906572775286,0.41789258175689104,0.2841929107255741,0.08657152151920772,0.055505417905958136,0.039077542808796294,0.05670236897622994,0.2563670686426728,0.5504159144610891,0.19590617323056284,0.07932910261761861,0.0886495491727858,0.18986096175845923,0.8934305650438872,0.43881854166660483,0.21242277032012558,0.10758096434396991,0.24763763905819106,0.9761019804093214,0.32489548853271966,0.21504069452550048,0.20957740654431872,0.2129261421429743,0.5676118779677238,0.7937463405623721,LC_V20_H2p5_T7,0.9761019804093214
39,"(39,)",45,2,single,B_as_chord,X,0.075687678811176,0.0005941236901620081,0.0010645277457016396,0.0012521390893295893,0.00026160219324234676,0.0006694502882921231,0.0038455364383338094,0.0030546428020566175,0.0008596976967384475,0.007952967722389988,0.0008874472723145945,0.003088539412939928,0.002178285886618259,0.04107237780999511,0.018291480502029948,0.012916565173238104,0.06561335489726876,0.003743659054054564,0.030629213639085846,0.008730444862969101,0.04970657886567601,0.012097279458401942,0.036258826464694444,0.08409001475183651,0.07162233213473691,0.008846365439306373,0.020024264889779732,0.012917630926375753,1.3970810862279819,0.17291084984129196,1.5114752436920438,1.8870314860480717,3.0638030830459466,0.8986872346804831,0.2716443312074371,0.9385312521848456,1.591610789058934,1.447349505197891,4.066826772103291,1.8581328774968404,0.4029720302716878,0.46382734298696826,0.5625804563387892,1.0194966104498233,0.8680975235781558,3.9540995943650667,2.8471684986745083,0.9271804900775519,0.5973957133672082,0.4550679069941855,0.39690800825676875,1.8816375477149136,4.3027328906771745,1.6409296354465401,0.6657870850980775,0.8068221867750911,1.1364101689239106,5.588634493946752,2.8703095543076143,1.472404066989254,0.7905417982236875,1.2036250883367816,4.95617292366243,1.7402097752588241,1.2185612900863814,0.9569229655878964,1.0220132764330887,2.8994873188722634,3.102596633180838,LC_V18_H2p0_T7,5.588634493946752
39,"(39,)",47,2,single,A_as_chord,X,0.07291683245898976,0.0005614366493838028,0.001011555678274544,0.0011713824481270187,0.0002471491918560828,0.0006382758925650951,0.004215809560649982,0.0033538179286872337,0.0009301592728656083,0.008637769734117395,0.0009701019424423935,0.0033124321855262074,0.002341786809783356,0.041849057158984175,0.018627509876849944,0.013220519213104045,0.06707378009549102,0.0038187810255815133,0.031403374447386105,0.008965407278636161,0.05452652095090159,0.01327227865902057,0.03937559317180016,0.09132575341163349,0.07723864007093059,0.009594364638913099,0.021535886320750746,0.01387445544798094,1.3333003806895418,0.1649307379283644,1.4471007175161668,1.8054437339899103,2.9418690744875184,0.8673366099124563,0.2624930851775169,0.9451230441941666,1.6054447568900811,1.460434393245543,4.109863107929445,1.8796179493623995,0.409453218389362,0.47177724903669793,0.6006060576119964,1.0890267507448057,0.9272666570003478,4.225202832667686,3.0390697006166008,0.9870805478967974,0.6354541741536056,0.48265254262462365,0.42827280024946984,2.029152586687878,4.633322312404837,1.7691421473528293,0.7180760744283088,0.867528942676651,1.201086009491965,5.918892491330126,3.042804370874372,1.562929671397524,0.8389712762493046,1.2775823101164432,5.260800117606001,1.8486921730486752,1.2922075148442895,1.0588743353800114,1.1302802800354792,3.1949805912596823,3.408763140121826,LC_V18_H2p0_T7,5.918892491330126
40,"(40,)",49,2,single,B_as_chord,X,0.07159020564400165,0.0006624225398924012,0.0011854031221802288,0.0013161483977878732,0.00027366146559676136,0.0006882194027135145,0.004566765393827556,0.003597388307866855,0.0009886144034067965,0.009082902232368822,0.0010203723965524648,0.003362514531595976,0.002394519575536735,0.0390321524202617,0.017263282709466813,0.012695307253897593,0.06413065235621931,0.0035830537921113883,0.03055525610267447,0.00860644259400757,0.04744687329943598,0.011403415897570874,0.03448116491456151,0.07891149872342385,0.06794262374470726,0.008003624367066371,0.018657647802767165,0.011732610737116836,1.0201868772141458,0.12633603893795428,1.104594867684338,1.3804339541486996,2.2611558275416592,0.674647305981298,0.20429273524746458,0.7740949664807723,1.3174118574494085,1.200340750347083,3.3983828148266366,1.572497969494847,0.34641937744766615,0.39819325630580754,0.48259559769707816,0.8776080705647271,0.7473037676917706,3.428995725309575,2.485988883257761,0.8164938293207661,0.5244569529914967,0.4033136863481071,0.36375031278875464,1.733558672622752,3.9909355549659007,1.5336740145788967,0.6247526287690184,0.7605987535802816,1.0118832496825423,4.995951168615995,2.5805146450142344,1.3298683274994225,0.7181701717468202,1.1128203451394367,4.596096203245049,1.6183029897326382,1.136400061563385,0.9358718775762741,1.0050324572042608,2.853045565488366,3.096785238161163,LC_V18_H2p0_T7,4.995951168615995
40,"(40,)",51,2,single,A_as_chord,X,0.07485632353023376,0.000654319887556438,0.0011709332693989757,0.001330316425551232,0.0002772165509671499,0.0007001027939104149,0.004446558989941103,0.0034974674604482197,0.0009724702340221983,0.008817798148430502,0.0009849615420345714,0.0032880992260002225,0.0023235690584119785,0.03911927395657802,0.017309629435970975,0.012772565221383946,0.06445222765828078,0.0035903257459625844,0.030604516555913425,0.008603453188933519,0.045146714735600835,0.010895334056014932,0.03315782156058389,0.07623605980361065,0.06609238075704486,0.007795132585308174,0.018256647278096574,0.011468561685462664,1.0697197992623677,0.13249368774591075,1.1577139532344183,1.4459123442132935,2.3635158618309537,0.7021097456408659,0.2121106234794127,0.7636463106599436,1.2981409935130295,1.1821427836950844,3.3407281708673695,1.5440251370224336,0.3401425210750673,0.3911006312348965,0.44619536518787983,0.8141735734014187,0.6927468213210628,3.1878699624718,2.322993918168852,0.7671046043614863,0.49271810913641656,0.38153020271824073,0.3327431143494051,1.5926389841028823,3.6761488352452742,1.418945163756319,0.5747578292310732,0.7049420983562319,0.9470698788652885,4.668260878343981,2.4151509054253513,1.2457322974288378,0.674645253940908,1.0321633670622095,4.274764497081403,1.5049288008217343,1.0611936480606865,0.8311387061970527,0.8971035883445748,2.562048887260187,2.771733979507727,LC_V18_H2p0_T7,4.668260878343981
41,"(41,)",53,2,single,B_as_chord,X,0.00491281616901139,0.0005604012309495674,0.0009786595531479769,0.0005492612055788261,0.00011096829753162419,0.00011482425388201674,0.002291587423795086,0.0017818761624095044,0.00034678493724039434,0.0028604503836740435,0.00031178126979439685,0.0005892084804922193,0.0003962349632093952,0.00872005258938146,0.003801684588607164,0.0023394650308632497,0.011222059142222079,0.0006023316474630672,0.003593898030557225,0.0009857622800143332,0.016811857345087517,0.004045233206300169,0.010126543599261543,0.0227117182920219,0.01432437746213498,0.001636193467697196,0.002616256515784934,0.001620962780412412,0.10000624862237291,0.012351019852005969,0.10518103021987665,0.13044558985495702,0.20149844216533974,0.05480233267746394,0.01655227777074299,0.09045162019793375,0.14923648893432281,0.13565384838159886,0.3642204273836537,0.15576846804720365,0.03128024513906265,0.035891611014373485,0.062347253464826176,0.11240744931351881,0.09543498184769184,0.42549979304270674,0.292001592372156,0.09006469510086423,0.05752838509883354,0.040997142174208974,0.05109874000883635,0.23307187205401322,0.5044563486827058,0.18053644780052552,0.07304011083584638,0.08191440460598322,0.1572632918127033,0.7455251749361741,0.367948943992831,0.1798125314274671,0.09153516379315707,0.2014693537921863,0.7961648649494782,0.26566501041785895,0.17616966945134613,0.16293166708085002,0.16556196438058565,0.4425574567400327,0.6021629742921828,LC_V20_H2p5_T7,0.7961648649494782
41,"(41,)",55,2,single,A_as_chord,X,0.003851039485897432,0.0004741088004416097,0.000837472832923908,0.0004763188227591165,9.71412683937569e-05,0.00010295776548003064,0.0023330874870403466,0.0018219801697240423,0.0003531882063027854,0.002952976849277114,0.000322934542806913,0.0006142295510175967,0.00041558796570980014,0.01024368554600491,0.00448882847943911,0.002688501787005073,0.013045000736027518,0.0007094947242962848,0.004148666893926317,0.0011442502674274093,0.019587010088072638,0.0047142884808830995,0.011840302900969516,0.02663546029421794,0.016844117465690638,0.0019299620189817369,0.0030542442670226564,0.0018907604074694588,0.10290351136365462,0.012714064922399002,0.10830219160341865,0.13439524066429295,0.2076107398244466,0.05645548606655518,0.017078008816688577,0.09980720013326094,0.16454813345934158,0.14986851060952774,0.4008221684691404,0.17032367184026453,0.03390223768070599,0.03899451459957831,0.07654261772570953,0.13724080418792411,0.11648514726082293,0.5151584715840117,0.3507005641444623,0.10698974333898964,0.06860889227540164,0.048276509580598655,0.06545817613545926,0.29686730601502853,0.6391109666088102,0.2257955707200452,0.09177506647956818,0.10215471488795524,0.1862083981989582,0.8835407593550616,0.43457365329080255,0.21217314288865316,0.10750510420619706,0.24390633896106076,0.9625659815829716,0.3228819547722303,0.21391886594494788,0.21557203457754745,0.219132532451239,0.5834420547317641,0.7804203319903462,LC_V20_H2p5_T7,0.9625659815829716
42,"(42,)",57,2,single,B_as_chord,X,0.004012049934069755,0.0006447096362323433,0.001136305186220759,0.0006289826685543972,0.00012841353398259812,0.00013032866231476876,0.0025253410969825144,0.0019748687683123433,0.00037386742666726744,0.003154934939222896,0.0003458005158537618,0.0006433855396297945,0.0004369399844711713,0.009788679125851912,0.004283437163465915,0.002586191969757554,0.01250295819930802,0.0006775957036440542,0.003978127154340885,0.0010945920735407754,0.018263724240365868,0.004397862107161462,0.010990766438480383,0.02471168003295119,0.01556867234082528,0.0017856647355315477,0.0028137947807473957,0.0017421691434240996,0.10194370924544613,0.012593261353217528,0.10841712430677367,0.13451487648705207,0.2102874886888271,0.057856187363498186,0.01745746247251741,0.10264591607424552,0.16991644989423563,0.15427525771845202,0.4136849018847853,0.17543144085761425,0.03494175115182394,0.0400372166910077,0.07550268978647388,0.13445880195541882,0.1141809017283246,0.5023706086411689,0.34089243031200567,0.10344611802352878,0.06648941318060249,0.04656793401725163,0.06836937076447655,0.3112586955978073,0.6719951549047869,0.23789416268034344,0.09672737059886591,0.10763188667853606,0.19014026800376338,0.9015143135845491,0.44262450594755215,0.2157315937029031,0.10923302120883308,0.2543826811072023,1.002314278423586,0.336166986495272,0.22231007101959174,0.2380458505251157,0.24245248282829393,0.6459971074927038,0.8882896704085517,LC_V20_H2p5_T7,1.002314278423586
42,"(42,)",59,2,single,A_as_chord,X,0.005383514158790856,0.0005165655849417399,0.0009048971778777639,0.0005187682665976296,0.00010498531436744467,0.00011306568050024989,0.0018939932287385414,0.0014837489401440286,0.00028679512921385024,0.0024274592471328136,0.0002659276068929846,0.0005159405227836348,0.00035025435446408383,0.008544212534934672,0.0037389025002439254,0.00227489722842642,0.010999068221938373,0.0005961606439728669,0.0035581373787577164,0.0009766400126257325,0.014542085376992803,0.0035014681368480045,0.008843424972530793,0.019823637583052535,0.012623438399640028,0.0014340641120950384,0.0023067586817432984,0.001415641290840148,0.10898142998762364,0.013450852006553696,0.11475414939887656,0.1420598425943986,0.21893572335157216,0.059184794664303805,0.017883001433376334,0.0949636190417573,0.1567703135913432,0.14243534364235025,0.38094932269030124,0.1612619816852494,0.03202528300927984,0.036645071688291425,0.06997504708289995,0.1252194239810447,0.10624335108028753,0.46876886788240535,0.31858300134950457,0.09682826795543528,0.06218018706603513,0.04357467064576074,0.05685080996988911,0.2580407740487031,0.5558121813401702,0.19792944496291415,0.08039902714360007,0.089886462256316,0.16786727181379923,0.7902849703925814,0.38827221859585,0.18820446415838726,0.0952607615670658,0.2151172045406935,0.8491221335764322,0.2823565532302119,0.18674293424499475,0.17986376898151202,0.18279517610267726,0.48726470719351805,0.6851314064065848,LC_V20_H2p5_T7,0.8491221335764322
43,"(43,)",61,2,single,B_as_chord,X,0.061673187210455144,0.0010319732836292811,0.00181382002479251,0.0017051531959228624,0.00033048349211582965,0.0006627564600072956,0.004743485970355361,0.003721462461854578,0.0010322931396359125,0.00867787862347106,0.0009199331367688689,0.003055788794035814,0.0019600766359612618,0.037766971277120545,0.016680424317778553,0.012176828105148847,0.06040966475794451,0.0032431488678285403,0.0268010668052905,0.0071844990038918664,0.04016746196408914,0.009761752422043963,0.029925610766748028,0.0683831310389761,0.059179146483442364,0.0066026210038045265,0.01564927592959295,0.00936677224631371,1.0886121748277795,0.1345948782419637,1.1866303150772834,1.476437808414197,2.4176717513651433,0.7046330496995367,0.20949063325644254,0.7713662519440585,1.3155644679674587,1.1924623486710189,3.366253170149309,1.5263180286150149,0.33180868938498753,0.37335122637575163,0.47854065526652195,0.8710889864719817,0.7403875690517099,3.384804244711967,2.4167906233903853,0.7856385435795794,0.4981720740926735,0.37699348772604235,0.32981240979046683,1.5701707156533435,3.5731414571031896,1.367411713585879,0.5471048726788859,0.6614203795852046,0.946627661223058,4.644960461620716,2.3918854427686336,1.212266544666777,0.6505320473922809,1.0071665133187317,4.163196071184361,1.4458479282396102,1.0114073949554059,0.7960504163995517,0.8411436079910024,2.3863587926652734,2.5583512037596834,LC_V18_H2p0_T7,4.644960461620716
43,"(43,)",63,2,single,A_as_chord,X,0.05208144206630975,0.0009226482914120979,0.0016415343847594242,0.0015040117644459685,0.00029515872961126817,0.0005879499008018122,0.005981009371504503,0.00470107057736156,0.0012493700649599344,0.01059661781879484,0.0011302186058646073,0.00356077777972773,0.002304921439365714,0.04117095531723346,0.018191228489884987,0.013168765999282522,0.06522613725817138,0.003486393973957322,0.02838580475583674,0.007619047536306946,0.04887109983786032,0.011849786467150517,0.035733026736509785,0.08166115726507585,0.06888468708268407,0.00782037156971055,0.017836761029885823,0.010724109310041129,1.050444862710437,0.129818216646004,1.14765101929526,1.4251790541895784,2.3409907417693563,0.6825780424472084,0.20270748155959473,0.7824056704971796,1.3351456612937525,1.2098340731328778,3.4170829747581943,1.5492887392996013,0.33735632730309567,0.37894456122459025,0.5157812587765463,0.9394571134272095,0.7984689257200276,3.653796114584265,2.606697610692267,0.8443680800151148,0.5346502780117914,0.40277157631326166,0.36232548182779595,1.722489637392726,3.9101962726578883,1.4935708570488726,0.5975520263684848,0.717989856542675,1.014860484355854,4.986785060588209,2.564499421840703,1.3006518511034861,0.6959620642457656,1.0882164373459369,4.48503488118779,1.5584455467600715,1.0871873547026014,0.904032812073646,0.9538674700346851,2.6917338718363126,2.878545533760485,LC_V18_H2p0_T7,4.986785060588209
44,"(44,)",65,2,single,B_as_chord,X,0.05423271204520602,0.0011815701565700686,0.002092383566871399,0.0018218253243364702,0.0003555040580880604,0.0006780154470344079,0.006733281441419744,0.005257757585071319,0.0013969776073418446,0.011670929842666293,0.001245768506607045,0.003819052398189798,0.0024836593655578497,0.03921571984576276,0.017209652641664065,0.013012851872110105,0.06369122451528628,0.0033510997466402485,0.02838269777887609,0.007545906749386394,0.0431353549922427,0.010332107418110978,0.03204251415673494,0.07185263419648083,0.061801001246942,0.00661332582423542,0.01584214944911674,0.009244657889627167,0.7910067192861492,0.0978366453146599,0.8639233410263957,1.0768716318831781,1.7833229429230877,0.5272780043972823,0.15603720456108053,0.6416204628562161,1.0995834275271146,0.9974055546877377,2.8397517576145574,1.2997847652228416,0.2860101486454711,0.3207966695361519,0.4143331684894176,0.7577910954144065,0.6449015997361804,2.970438117923088,2.1391758372850735,0.7028161479981389,0.4431861134085637,0.33848905188984096,0.3104925948961793,1.477144336344192,3.3756419445750727,1.2998960307576974,0.5210053524789957,0.6315654277220617,0.8615028666022555,4.25042319758977,2.1999999988394845,1.120507903061897,0.6043989517998984,0.9546036228529783,3.9455291114780184,1.3765234171781475,0.9648562763510784,0.8129926009458115,0.8622008903084728,2.4442593905025327,2.6720026065120424,LC_V18_H2p0_T7,4.25042319758977
44,"(44,)",67,2,single,A_as_chord,X,0.057898386117542326,0.0011995715374990277,0.002107301789036374,0.001878274802113391,0.0003653109070519269,0.0007040541045381994,0.006022076887289123,0.004680309088278707,0.0012621982017017236,0.010423436771162,0.0011088709572185768,0.003461328603123623,0.0022356697800516166,0.03683094117897187,0.01622528748253504,0.01230664763920779,0.06072377764813587,0.0031848833051899,0.02713408914166918,0.007161481887505794,0.038086550244169196,0.009163127191060223,0.02868807624897778,0.06500569838969797,0.05702414072957896,0.006071067980828224,0.014821424035621712,0.008598276734426636,0.8255561809835259,0.10213155226459569,0.8999291432655252,1.1222197333306565,1.8545596994034752,0.5471323947793157,0.16163525488464062,0.6345999109655281,1.0827257211712797,0.9838834888663534,2.788378846928893,1.2710037534340326,0.2793453413528771,0.31339320603381243,0.3817076501698257,0.7009794167979849,0.5951557848968512,2.756619339056768,1.99062233363272,0.6573617728341231,0.41404094510789463,0.3179160163397533,0.28105922328589467,1.347327963633013,3.0830267601811556,1.1905226536995157,0.4727157211910518,0.5761857322283138,0.7992684013735338,3.934937154619016,2.041174974760636,1.0361123054870625,0.5600662245638109,0.8804146873985773,3.6526366410318873,1.2685743468036321,0.891643083941792,0.702984905588509,0.7484939253726347,2.1318637862850514,2.3078538819476497,LC_V18_H2p0_T7,3.934937154619016
45,"(45,)",69,2,single,B_as_chord,X,0.030577283158793277,0.007230790029666628,0.01258790632749155,0.00705904085339667,0.0014258345963586354,0.0014757322740424172,0.027243023717774362,0.021294330316266756,0.003998612422868346,0.033956513341796536,0.0037327645595423373,0.00685763842286924,0.00469227603086233,0.08895505862712343,0.03901673304773002,0.02326859024590064,0.11343681577866022,0.006226872316646853,0.03609056379206155,0.010052854358303599,0.13710485710433074,0.03302075288894147,0.08234906571414048,0.18569907269487673,0.11639560679538768,0.01346104854634668,0.02101573974142815,0.013100653151328308,0.33392351813377336,0.04132898434831048,0.35159783988543275,0.4383007112205228,0.6764032330485709,0.18470890431422443,0.056229523527023685,0.22754900331605318,0.37576088969734694,0.3427274943451195,0.9173077232111467,0.3908375442409011,0.07763782030376688,0.08965631727917334,0.1334818033341415,0.23906690016871948,0.20324026024996333,0.8980954997322294,0.6134980686917012,0.1867110171663068,0.1205494114071946,0.08470666884841671,0.10363820546392916,0.47571593198786605,1.0357503335144131,0.3699092017034728,0.1509591639832758,0.1691272722096877,0.24390301509121295,1.1644750297528443,0.5750729831724586,0.28288751372567844,0.143795898748859,0.28292233121957205,1.1242925600548004,0.3801708818113278,0.2531848897522875,0.244870497843232,0.2510569363877373,0.6727422137761943,0.8079890732105075,LC_V18_H2p0_T7,1.1644750297528443
45,"(45,)",71,2,single,A_as_chord,X,0.02728936102964853,0.005806057253337211,0.010159812060984728,0.005664115708717982,0.0011499433199965196,0.001181071795129065,0.027941488257208557,0.021886622325617985,0.004060737248879338,0.03478955150100364,0.0038318752221526407,0.006989165906450595,0.004799038688463935,0.0961922596786148,0.04221462974249259,0.0250688356464603,0.12246657847238679,0.006736497656736904,0.03898041475865231,0.010877505690891465,0.14335139488459073,0.03452733029309501,0.08597410867968676,0.19399859559299187,0.12141409399266276,0.014051894962543832,0.021905750643672995,0.013662718307959086,0.3344089974936145,0.04140665169501572,0.35224008919984034,0.4395561608722777,0.678842537372547,0.18572473665628178,0.05658356587978862,0.2417427819102693,0.39952653520377907,0.364397247758635,0.9759406845207089,0.41613644049878235,0.08271488379355793,0.09560455577404896,0.1480503883201283,0.26482466758048473,0.22532527667627467,0.9948276603556879,0.6797769940710096,0.2066907552776857,0.13367026459566436,0.09387973786373896,0.11616416282761861,0.5339410881257581,1.1640461674018783,0.41687192751488455,0.17034819787114622,0.19085689818361593,0.2707384812530419,1.296989410906266,0.6411367845418127,0.3162785147573542,0.16099282244837143,0.3096207579404807,1.2304001752086795,0.41727588542767163,0.2780620400787315,0.28144983988995287,0.2889639938593715,0.7739553562286973,0.9126815878085273,LC_V18_H2p0_T7,1.296989410906266
46,"(46,)",73,2,single,B_as_chord,X,0.02755649091946258,0.007767248466951017,0.013591034236681367,0.007550572468283586,0.001534283295197303,0.0015601047927141201,0.02768023526525035,0.021682610805553112,0.004020572954133456,0.034474361269463856,0.0037969740737011214,0.006925381855226984,0.004756350299192259,0.09400136916226184,0.04130617364233101,0.024393648272503454,0.11946634124306081,0.006589648335779372,0.037954480869660724,0.010608967684195862,0.1353280534812929,0.03261740178764711,0.08099329927190982,0.18303681034786465,0.11438425117789112,0.013277366033486214,0.02065032205132957,0.012901849740750768,0.32207306635978034,0.03987629415232298,0.3392780831534563,0.42337501978540776,0.6538807567372475,0.1789889210744919,0.054575907663872006,0.2451891172474576,0.40517697265933983,0.36964274000790726,0.9899895046999667,0.4221876979131446,0.08391263788865451,0.09701916548232148,0.14995484947225396,0.2684510428319423,0.2283376329081074,1.008792198046404,0.6896766592886495,0.2098202969319136,0.13568314600882658,0.09534100585754449,0.11781962766568974,0.5417741269355338,1.1819979918307864,0.4230520691830752,0.17296686108818535,0.19379098804607173,0.27775346677205154,1.329668207778956,0.656897983760006,0.32357390634503924,0.16464678205973624,0.32582009356912395,1.2943786571820186,0.4385086413947261,0.2920927136751123,0.3027301254788935,0.3109943906920195,0.8337687951621625,1.003647770140637,LC_V18_H2p0_T7,1.329668207778956
46,"(46,)",75,2,single,A_as_chord,X,0.031601630257481035,0.006874245958826559,0.011943428058703515,0.006715400946014902,0.0013540239712532779,0.0014046530977439155,0.02206467146401168,0.017260393966438334,0.0032461479673290077,0.027632946032197382,0.0030365803492775276,0.005634864458597405,0.0038500310077916643,0.08749185053996675,0.038394109404364454,0.022864364823888737,0.11148848675768343,0.00612576842583954,0.035507621164325445,0.009888824102939042,0.12078531911712714,0.029084090125385556,0.0725257323117574,0.16349369304294853,0.10240738800780312,0.011831547410984343,0.018489069635330355,0.011512603647976726,0.34494531430454833,0.04268776793504808,0.36328132900199706,0.45282089174441975,0.6989229343734382,0.1908379296249122,0.05808570423032383,0.23913360062625522,0.39528243472080166,0.3604681468981835,0.9657321344876784,0.41171293029607897,0.08185339707523812,0.09448964462635437,0.14168028948856654,0.2533493502991233,0.21556992560289018,0.951545976490292,0.6503123434542383,0.1977285160859697,0.12781816864788154,0.08973145421490195,0.10770367890137453,0.4944240279565834,1.0768078231454352,0.38432658577583945,0.15695445173339675,0.17583922287631407,0.2560346339684063,1.2209323869662507,0.6024840378249542,0.2957395065340087,0.15026030726497178,0.29518372034782714,1.1720763787039232,0.3955054952370449,0.26313446495814946,0.2627357339548514,0.2694467079210744,0.722277159579386,0.8684156631366514,LC_V18_H2p0_T7,1.2209323869662507
47,"(47,)",77,2,single,B_as_chord,X,0.054027368819710264,0.015749835456769626,0.026942865660174224,0.016516529279051676,0.003220737368853084,0.0037436853941635573,0.05742455748641132,0.04447964333090284,0.009474669721560719,0.07499603453406994,0.008066397117982469,0.01677408134390039,0.010950301253793938,0.2404020127120084,0.105136660364999,0.06674237546772502,0.3193257960611155,0.017111194474338502,0.10599255818262426,0.028820032323773906,0.22262314306170136,0.05334618088346244,0.14288318604408495,0.3149670749911317,0.21327652321972196,0.02313219481390543,0.04003880686186672,0.02384633258237298,1.415254178019955,0.17488728852935312,1.5137840171202261,1.8751795054916542,2.9476964927123968,0.8106331780740378,0.24345476015056522,0.9452343416498081,1.5834368448153116,1.4340619235789087,3.900416076866572,1.6744162867253063,0.33983251366177003,0.38596127157311355,0.5457521159015398,0.9834618377157084,0.8337271457504114,3.714759565383498,2.5473568563726525,0.785397513242899,0.5015528558987014,0.3567011718186214,0.3620533988853817,1.6795641541642445,3.685192697350964,1.336867268955144,0.5388747974472639,0.6135258007029364,0.8567894815682504,4.119419158177752,2.0619021170305323,1.0163493417864398,0.5240504428797421,0.8633125169877318,3.4789475803096455,1.1789776292511596,0.796312148501623,0.7087718247216073,0.7287144434457624,1.9853535156103503,2.068747881831991,LC_V18_H2p0_T7,4.119419158177752
47,"(47,)",79,2,single,A_as_chord,X,0.04722284741131891,0.014591282143739536,0.02508498576272743,0.015285896699998419,0.0029915107456796436,0.003455703372040613,0.06518388170718797,0.05057975228551387,0.010595467822212951,0.0847978064430308,0.009146167956415322,0.018765891989765537,0.012312806141261413,0.25243891584548617,0.11049263260020967,0.06962245466307034,0.3343047811002711,0.017969744564347263,0.11066456089233115,0.03014080659036578,0.24561795021204624,0.0588572054282949,0.15685329726968752,0.3461788316557586,0.23337082870793932,0.025440370359238358,0.04379865634692155,0.026165732919591365,1.3992407083316574,0.1729365368790857,1.497790762001285,1.8559476480152328,2.9197377299650076,0.8034180565928959,0.24131651496742204,0.960485659004069,1.6090005634459086,1.4574602907680443,3.9662229586650213,1.7026536116847333,0.3455112837144216,0.3925740991705472,0.5664535865945024,1.0213686066147676,0.865772919341036,3.860271611454222,2.6475456461129654,0.8163196891827894,0.5212673827900417,0.3707745465286485,0.3807216460826637,1.7648601748692625,3.872315678367724,1.4089628701192136,0.5684031925299934,0.6468198349129871,0.8983199662014075,4.323177961933096,2.1621890351842343,1.0674923841533244,0.5502290552301107,0.9070014830061667,3.655178759534992,1.2405466358752464,0.8380723275483273,0.7633973072501367,0.7849480681095289,2.1371831606012863,2.238565717516138,LC_V18_H2p0_T7,4.323177961933096
48,"(48,)",81,2,single,B_as_chord,X,0.04786466233647548,0.01718739929198845,0.029632690022860078,0.017855700498045347,0.0035131428630156137,0.004000195924494761,0.06834357204569248,0.052892865114010666,0.011129550090373067,0.08854315761536406,0.009545424168365237,0.01953569343984427,0.01282433458381026,0.23911493606919634,0.10430639478860346,0.06696675450475452,0.3191666639871937,0.016989658731285984,0.10604740522934711,0.02872482321026697,0.2372013565613133,0.05671489195096356,0.1519290766788072,0.33394219290505056,0.2252617061036136,0.02435101362608794,0.04207323694853141,0.025020764668397075,1.1679014439693802,0.14438704260490695,1.2487090269695065,1.547862297613497,2.436021495568502,0.6706327019369611,0.20127379082661057,0.8330591086662571,1.39809779269915,1.265187486763392,3.446116535561128,1.4791646551973248,0.30046170484003976,0.34085387444356957,0.4804583519369542,0.8661664881387742,0.734018166133257,3.2748287169637305,2.2456562354580303,0.6939257225499352,0.4419573492320589,0.3150149727085869,0.3354200240647971,1.5540239713955102,3.4062552100770156,1.2396986740109677,0.49978801529857797,0.5689032454506013,0.7827027027944914,3.768361228668151,1.8895048631648563,0.9318583002195056,0.4812468071267456,0.8141474461691828,3.2764852111735205,1.1113549687167803,0.7504834922583495,0.6965116580011895,0.7169459271760031,1.9511160200479811,2.084442283674688,LC_V18_H2p0_T7,3.768361228668151
48,"(48,)",83,2,single,A_as_chord,X,0.05274577300502735,0.01733344296259518,0.029752513558489548,0.018110155428057082,0.003544191003088503,0.004078508280610156,0.0647455225247953,0.05003925975722292,0.01064569385236719,0.08397162541289292,0.00903746341559818,0.01867223847041994,0.012201011385372433,0.23177840305865446,0.10106303016409722,0.06524420707039921,0.3104856663594026,0.016496398514630733,0.10357133673079492,0.028002045268383628,0.2271728153237597,0.05434137325689709,0.14597581624506667,0.32068695012196025,0.2175373573567206,0.02343918043663045,0.04080866964235354,0.024188611891927,1.1868000873934739,0.14666781923811242,1.2697610540890645,1.5731382286583278,2.4757031594552275,0.6812549730039495,0.20423258666046795,0.8190358238690509,1.3746248130343144,1.2440867101770268,3.389149838409005,1.4548232462303015,0.2957832637201992,0.3350881777663799,0.4620953719471945,0.8351949706880031,0.706969472062737,3.1616677623942326,2.1699585735046116,0.6723521704736575,0.42730254061594863,0.3051616593246085,0.32062956358525535,1.4891326543866497,3.2659228040351147,1.188853073431098,0.4771711175033531,0.5443835885253497,0.7522720799124387,3.616913009358757,1.815001669185866,0.89365521896784,0.46170964697851946,0.776899462330714,3.1341682183269124,1.0607982160059901,0.7175387209128118,0.6415526725060959,0.6596489412684604,1.7959812886379387,1.8946943001810845,LC_V18_H2p0_T7,3.616913009358757
49,"(49,)",85,2,single,B_as_chord,X,0.007545636237569302,0.0034401424904559946,0.006041028883170085,0.0033780845199931904,0.0006879055000653445,0.0007044593492316582,0.007039228039724924,0.0054871063105567264,0.0010648524053413302,0.008831006016611959,0.0009673137448393932,0.001814117750290098,0.0012295036872066766,0.013122486292842316,0.0057027898073087535,0.0036179059472863013,0.017169843846627706,0.0009191510239669728,0.005544383596673959,0.0015175985971656628,0.026105557336963733,0.00628630135294756,0.01579335056454981,0.0354745473053483,0.022420087504057582,0.002571315219002429,0.004046700213303282,0.002508642237640596,0.06760913164691192,0.008350021622039856,0.07235121407325767,0.08964810496802206,0.14038155578627654,0.03856003303424539,0.01166841389597591,0.08462828042405048,0.14075148417581512,0.12825011138930623,0.3458470009337235,0.14828677744142507,0.02969449168313717,0.0342394780742373,0.057741061969797815,0.10414262456845429,0.08845737641561172,0.39379399010050925,0.2705445157588911,0.08290209462801199,0.05345934545975871,0.037793431885805376,0.03918294728153081,0.18111812783949727,0.39667656125738576,0.14263118339821027,0.05818612393633276,0.06555754205991791,0.09530995592847882,0.4586032805706051,0.22826181697318038,0.11292808404408194,0.05782786097819357,0.11294253997304143,0.45220422609576544,0.15362138513744367,0.10292846372899518,0.10013528127320835,0.10304873680020693,0.27784819580877995,0.3455670969215478,LC_V18_H2p0_T7,0.4586032805706051
49,"(49,)",87,2,single,A_as_chord,X,0.005667439683957085,0.002415601615476098,0.00426776284332074,0.0023662756607331073,0.00048438184890226915,0.0004918504758062745,0.007047003876744658,0.005491378551310635,0.0010622647943512292,0.00884003343204906,0.0009683607166354804,0.0018129773154054937,0.00123060773309834,0.015319242040558333,0.006697004294339018,0.004118716290214548,0.019795891322668038,0.0010764976775828117,0.0063648347649827115,0.0017593227054666619,0.02833566984808362,0.0068068364699607805,0.017259447314159553,0.03864301027849574,0.024537374470506527,0.002802261887101366,0.004442690151915519,0.0027480971714107585,0.06776460699395691,0.00837995180057177,0.07225081124391697,0.08965434226971107,0.13997638227158993,0.038417076807230555,0.011638479591825242,0.07662738397611489,0.12769286149878586,0.11625029070939998,0.313805927204603,0.1344881584530844,0.026947255597407863,0.031052059914267533,0.05231665898852649,0.09418847656548753,0.08010047424936266,0.35578600846529146,0.2443922435510753,0.07478312016141922,0.04827957464143275,0.034107111605640845,0.03606067958297811,0.16657836218698263,0.36470445780562116,0.13113708157334206,0.05349025152635461,0.06027896527870924,0.08722265936278871,0.41930420472619817,0.20827580381372232,0.10302959489342679,0.05268202561889035,0.10404571477499412,0.4151325255916013,0.14119726930432056,0.09448330372945202,0.09432701702264926,0.09714700961236573,0.26138290378325,0.3300312307343574,LC_V18_H2p0_T7,0.41930420472619817
50,"(50,)",89,2,single,B_as_chord,X,0.006060450455971421,0.0036281370300027533,0.006424440909182903,0.003545821479885671,0.0007289429736751798,0.0007346981698245256,0.008309336371123962,0.006505988626057964,0.0012354692125752056,0.01041240547518759,0.0011453592922453157,0.0021192031686809603,0.001445550260819022,0.01617399917239079,0.00707581211514091,0.004354224657859082,0.02093694957195028,0.0011390236445183108,0.006736791282209295,0.0018628648962183887,0.028111266642164588,0.006772519341471574,0.017002829215465125,0.038198530922007895,0.02411023423346029,0.0027736356112452016,0.0043617529722502065,0.002710112485500405,0.06972984241968777,0.00861268009865586,0.0746367618195209,0.09247429587389049,0.1447751484776207,0.03976283584526007,0.012027515243019479,0.08679434911147585,0.14495644319884915,0.13182356317740956,0.35655283843575064,0.15290849832380163,0.030667767406741767,0.03529170318570949,0.058976796480991786,0.10612744331226352,0.09022817042124434,0.40072130691853153,0.2751761395526646,0.0841849898372321,0.05435709793847811,0.03838780916068699,0.04079337106082251,0.18869287101284057,0.41385880586906093,0.1489004312399303,0.06081424080442248,0.06856902103482611,0.10105630546628548,0.4854792853698765,0.24080151295656085,0.11896342151800898,0.06076804191941863,0.11896564257924262,0.4745123658781668,0.16125610854799471,0.10782972606847675,0.10909733599230995,0.11241764613193518,0.3029399737793483,0.38809573562614524,LC_V18_H2p0_T7,0.4854792853698765
50,"(50,)",91,2,single,A_as_chord,X,0.008226705134857177,0.0026159152995281613,0.004559454916332052,0.0025754307301821978,0.0005205021461333522,0.0005397122340935481,0.0050646958793746375,0.003936644301344048,0.0007710039394687444,0.006354407961357829,0.0006942941968679705,0.0013105964308620626,0.0008856185905580839,0.010990050424797913,0.0047942741888671175,0.002987406152706651,0.014263336501267928,0.0007706962284523968,0.0045899296901426,0.0012631666447963884,0.021489762017779582,0.005165636149494656,0.013181341306405714,0.029418546844225905,0.018777999880749695,0.002132201836955134,0.003398785961752836,0.002095615617870592,0.061235289387283294,0.007567367168507441,0.06548076299455644,0.08111721135016448,0.12691595700064986,0.0348391932082366,0.010544227679716248,0.07333958929582673,0.12256663882581602,0.11134747414435385,0.3012864566269694,0.1291227816139352,0.025920421398575536,0.029778580541244753,0.0525157049542468,0.09452707568498492,0.08038149948350182,0.3570652039300039,0.2451898397045801,0.07501531740321384,0.04844037604349816,0.03420227196393355,0.03572641421308067,0.16505520707876822,0.3613427633567202,0.13007809112426244,0.05295913255912292,0.05973285872958551,0.08593970301314535,0.412457827766875,0.20520249034867796,0.10112421861651076,0.051778999368796215,0.1020583420125155,0.40860067533763855,0.13849929071493114,0.09275572478010642,0.09397693741533412,0.09666283437371831,0.26025740687927584,0.3274924298434905,LC_V18_H2p0_T7,0.412457827766875
51,"(51,)",93,2,single,B_as_chord,X,0.006295879453302038,0.0008424265070213374,0.0014540728979739461,0.0008268083200360966,0.00016531058732443922,0.00017318158403088556,0.0026854191495025563,0.0020791508033594086,0.00041227163544695425,0.003355511939940113,0.00036597431776723844,0.0006937397684301233,0.00046715031046293823,0.015785589372952474,0.006899687111414628,0.004200220786893665,0.02021832118855681,0.0010989193922070156,0.00643320471333239,0.0017786372167309,0.02206467783296677,0.005296742255107671,0.01342321840367603,0.030000230493792922,0.019001832226833847,0.002158666934012679,0.003418558438441275,0.0021073442210847357,0.2735532599670846,0.033836854049527104,0.28796578457319033,0.35816384893094816,0.5520597309913624,0.14977283226059257,0.04540755983055021,0.21035558600070242,0.34839504191301623,0.31645033559429603,0.8474312040500622,0.35976447405285467,0.0714158959167255,0.08221481537791694,0.14213515016396866,0.2541922950931411,0.21582404654200038,0.9516102686949388,0.6474195698336822,0.19640369269012117,0.1266616506480447,0.08865091383418743,0.09392593557716743,0.43116737149458756,0.9376918213312746,0.33546174498272,0.1368106927272082,0.1529983099683816,0.2395290332012991,1.1464697528703143,0.5674679010861229,0.27905705622567056,0.14198242143585557,0.25136244618445364,1.0028086330437933,0.33911983344114655,0.22630111278875592,0.20525223611376983,0.21058942019878032,0.5657166110974317,0.6347458496184234,LC_V18_H2p0_T7,1.1464697528703143
51,"(51,)",95,2,single,A_as_chord,X,0.0041753826970265095,0.0006523729905490264,0.0011487128701047052,0.000634857366544095,0.00012965544058793127,0.00013137389171636262,0.004533284398975461,0.003534196735870427,0.0006755684745111453,0.005670465227849318,0.0006220351519365858,0.0011552405959203386,0.0007872959855694595,0.021901159610774754,0.009599233052100316,0.005762422635171654,0.02799231533749547,0.0015326126412987064,0.008914026105408052,0.0024775434588573124,0.03068384006922255,0.007372326540892356,0.018586221604240206,0.04171366943256214,0.026320970248464567,0.0030137509047616683,0.004747678340053506,0.002941720335783088,0.2956627738311194,0.036582264571999576,0.31102081973706086,0.3872540979645264,0.5964633444984924,0.16187174600271104,0.04913656597435355,0.22379851259513095,0.3701352126889076,0.3366568402326305,0.9005681992682499,0.3826718323106338,0.07589933721245949,0.0874938790152031,0.14695091637995164,0.26241943654666977,0.2230437693248884,0.9822285004810907,0.6685069745103257,0.20265234457983697,0.1308611896803171,0.09157604450106045,0.10158282056606929,0.466781130177455,1.0168037670964298,0.3625477734813528,0.14816221760616483,0.16579911331113364,0.2583014195830285,1.2376026434931242,0.6121823577445357,0.3014435896257649,0.1533105307159463,0.26984474955476084,1.0758066243454236,0.3643442759667064,0.24308207094830733,0.2214944033344161,0.2275978359658476,0.6114022893385217,0.697225645829472,LC_V18_H2p0_T7,1.2376026434931242
52,"(52,)",97,2,single,B_as_chord,X,0.005197064491425404,0.001027807855848108,0.0018098977423715804,0.001000816421844124,0.00020473782010175666,0.00020707876879937523,0.005139579648880278,0.00401955378143903,0.0007595586949051881,0.006412012467112047,0.0007052120297925291,0.001298625954019665,0.0008872532650791949,0.020384192244689917,0.00893474744102651,0.005371211898298521,0.02600939376493483,0.001424625526886429,0.00827358969375036,0.002299831376819865,0.028317302302534483,0.006807195372588021,0.017178499583787848,0.03847562681196908,0.0243025087781052,0.002776964650242135,0.004377243915730269,0.002708834327933843,0.2271652076430737,0.028110471316212745,0.23857205935274783,0.29698631112878127,0.4570394507476021,0.12384873955230043,0.03759027130779561,0.18532036307708455,0.3068255673823219,0.2786204953914573,0.7457545596989589,0.3164191994848458,0.06277334183427274,0.07225920582939478,0.1211902467759311,0.21657766428876962,0.18393563368419283,0.8102088998935553,0.5510343304679963,0.1670469138277699,0.10780014516836291,0.07541025239008259,0.08777450807372279,0.4032900945963014,0.87813054318387,0.31329683727680085,0.12788390246089265,0.14310864707075693,0.21695507119730859,1.0381215035719829,0.5132653731779961,0.2524074563377666,0.128302146949011,0.23879643317346258,0.9515540564747482,0.3221603876380011,0.21496228984285648,0.1990541886886386,0.20446259468279407,0.5490098452829469,0.643115601259094,LC_V18_H2p0_T7,1.0381215035719829
52,"(52,)",99,2,single,A_as_chord,X,0.00519688304003464,0.0010107647690255814,0.0017562714854978182,0.0009908010206826122,0.00019974968436671864,0.00020698180316623642,0.0039517751569175955,0.0030770890721584427,0.0005922190444051438,0.004939724442993934,0.0005409647552235271,0.0010082708119974024,0.0006855121315225397,0.015254783737943105,0.006677978034045524,0.004023384154030914,0.019456854817280083,0.0010625762710811232,0.00617781243265856,0.0017139795116471734,0.022976443249926388,0.005525809967549101,0.013901534683383102,0.03111971918507269,0.01963241285428289,0.0022423374214164426,0.003531911912272771,0.0021855146743175943,0.20918202519270135,0.025877581590525136,0.21958450377389666,0.27335138187997926,0.4202590071377134,0.11382252143319026,0.03453541978937951,0.17788140140345313,0.2941929748486143,0.2673822852062122,0.7151589323937028,0.3035287242270692,0.06020209413092413,0.06934698852243101,0.11802133839567683,0.2108179427092835,0.17901343908394385,0.7882520730798204,0.5358200222470695,0.162335068633209,0.10473558367033023,0.07323775840682305,0.08364861082832076,0.3838789819230773,0.8348480311472127,0.2986462628599162,0.12182350267628876,0.1362300833820563,0.20939368903951325,1.0014272710852183,0.4952592975403718,0.24333289464617097,0.12364637494867983,0.2306202393792357,0.920031917403042,0.3109820754014724,0.2075561514524815,0.18852912291901008,0.19338867272320892,0.5187770111559218,0.5915201286948707,LC_V18_H2p0_T7,1.0014272710852183
