node,sub_joint_id,brace_member,brace_end,chord_t_scenario,direction,treatment,LC_V26_H3p5_T8,LC_V2_H0p5_T5,LC_V2_H0p5_T6,LC_V2_H1p0_T7,LC_V2_H1p0_T8,LC_V2_H1p5_T8,LC_V4_H0p5_T5,LC_V4_H0p5_T6,LC_V4_H1p0_T5,LC_V4_H1p0_T7,LC_V4_H1p0_T8,LC_V4_H1p5_T7,LC_V4_H1p5_T8,LC_V6_H0p5_T5,LC_V6_H0p5_T6,LC_V6_H1p0_T5,LC_V6_H1p0_T6,LC_V6_H1p0_T8,LC_V6_H1p5_T7,LC_V6_H1p5_T8,LC_V8_H0p5_T5,LC_V8_H0p5_T6,LC_V8_H1p0_T5,LC_V8_H1p0_T6,LC_V8_H1p5_T6,LC_V8_H1p5_T8,LC_V8_H2p0_T7,LC_V8_H2p0_T8,LC_V10_H0p5_T5,LC_V10_H0p5_T6,LC_V10_H1p0_T5,LC_V10_H1p0_T6,LC_V10_H1p5_T6,LC_V10_H2p0_T7,LC_V10_H2p0_T8,LC_V12_H0p5_T5,LC_V12_H1p0_T5,LC_V12_H1p0_T6,LC_V12_H1p5_T6,LC_V12_H2p0_T7,LC_V12_H2p5_T7,LC_V12_H2p5_T8,LC_V14_H0p5_T5,LC_V14_H1p0_T5,LC_V14_H1p0_T6,LC_V14_H1p5_T6,LC_V14_H2p0_T7,LC_V14_H2p5_T7,LC_V14_H2p5_T8,LC_V14_H3p0_T8,LC_V16_H1p0_T5,LC_V16_H1p5_T6,LC_V16_H2p0_T7,LC_V16_H2p5_T7,LC_V16_H2p5_T8,LC_V16_H3p0_T8,LC_V18_H1p5_T6,LC_V18_H2p0_T7,LC_V18_H2p5_T7,LC_V18_H3p0_T8,LC_V18_H3p5_T8,LC_V20_H2p0_T7,LC_V20_H2p5_T7,LC_V20_H3p0_T8,LC_V20_H3p5_T8,LC_V22_H2p5_T7,LC_V22_H3p0_T8,LC_V22_H3p5_T8,LC_V24_H3p5_T8,worst_bin,worst_bin_contribution
3,"(3, 1)",33,2,single,,TY,6.227368967393322e-05,2.374707516852839e-07,4.2747713270461535e-07,5.738244445757993e-07,1.2751269860038024e-07,3.7084503016830114e-07,1.7233191260754977e-06,1.3808861982509486e-06,3.872632457664249e-07,3.829421381255537e-06,4.467336224348261e-07,1.5582063960167538e-06,1.1780096694503073e-06,2.2825153569965388e-05,1.0154674710743046e-05,7.058027942028578e-06,3.607786620421878e-05,2.122435320616989e-06,1.719289122749835e-05,5.0655683729841e-06,3.529882279302761e-05,8.59068512523454e-06,2.481814992052728e-05,5.8006309771254193e-05,4.7623072960409105e-05,6.202587814070213e-06,1.334989538201723e-05,9.00698107563926e-06,0.0008959543215273447,0.00011097623926516686,0.0009716187679363641,0.0012156802149620402,0.001988719109988844,0.0005995709866418285,0.00018453756842610704,0.0006249722331174747,0.001059866019764481,0.0009636568269686798,0.002725312875463444,0.001272439195120666,0.00028374014264931705,0.00033413634096432076,0.00040276023185132124,0.0007334123662397865,0.0006233022702452195,0.002863164523649648,0.0021023604644914984,0.0007036458492081137,0.00046377095580832627,0.0003705457400827187,0.0002979259482531291,0.0014209438913427635,0.003315281864619593,0.0013595876435629273,0.0005614033733410301,0.0007171142352972149,0.0010671056309216847,0.005400338413143447,0.0028588484875983356,0.0015690492921903922,0.000893120639040487,0.0011874187710345602,0.005020372812163585,0.0018759984753685375,0.0013838218111420241,0.0009493831308268973,0.0010800011017872277,0.0032405914298106837,0.00367070394036584,LC_V18_H2p0_T7,0.005400338413143447
3,"(3, 0)",36,2,single,,TY,5.297641678723037e-06,3.0013958258632283e-07,5.273161816675186e-07,3.078154822095199e-07,6.208335401214714e-08,6.892285730177126e-08,1.6336685102281316e-06,1.2730236507272849e-06,2.5575454837835774e-07,2.1170334245603304e-06,2.3041177684662128e-07,4.625700751819185e-07,3.100538787684744e-07,8.029880002660388e-06,3.512578891592679e-06,2.1739050984765315e-06,1.054438858278348e-05,5.683261481606029e-07,3.5048912363106947e-06,9.593780446695809e-07,1.4811020455943455e-05,3.558270379598098e-06,9.068773052271675e-06,2.0370977345832218e-05,1.3267976480156444e-05,1.5011664175575488e-06,2.49924899210882e-06,1.5294124863603351e-06,0.00011954130192304222,1.4765380976708651e-05,0.00012624452223388173,0.00015670479271032587,0.00024411498620522748,6.706021118737538e-05,2.0124478461223863e-05,8.910227744577199e-05,0.00014770110915236968,0.00013438757590732004,0.0003630778636233536,0.00015671117603150144,3.182901688307782e-05,3.650648412490301e-05,5.5050005275755334e-05,9.887391077709357e-05,8.408357524298554e-05,0.0003749673747111612,0.00025851067599508016,8.014246070342607e-05,5.1213045673288515e-05,3.6761302981712624e-05,4.753986586994763e-05,0.00021667290902650446,0.0004687639788736623,0.00017153182318531442,6.901525797662021e-05,7.851409888459138e-05,0.00016463960457641807,0.0007774163161558326,0.0003839233774721507,0.0001872335942579134,9.585389181516666e-05,0.00022393274547345793,0.0008862046918852456,0.00029750444004520067,0.00019857431193214353,0.00018079846346503317,0.00018402071909216831,0.0004936687872770829,0.0006938080590435798,LC_V20_H2p5_T7,0.0008862046918852456
4,"(4, 0)",37,1,single,,TY,2.8332813764889115e-05,7.383016483230245e-07,1.2869204598669784e-06,7.481887925188988e-07,1.5064293157005296e-07,2.1686106462614176e-07,5.710190656812161e-06,4.444298360157301e-06,8.752164164252717e-07,7.267320309785773e-06,7.911794869692256e-07,1.5569510335132878e-06,1.1168349383980286e-06,3.738460224194375e-05,1.63492834648927e-05,9.938620393703282e-06,4.8192413107821296e-05,2.614983528876386e-06,1.5749123022483223e-05,4.427824844068959e-06,8.950271402649064e-05,2.1593684034087343e-05,5.3899432654998694e-05,0.00012315036613516715,7.973443152849922e-05,1.0234965315313675e-05,1.6414668472248844e-05,1.135440248912419e-05,0.0006713895729642233,8.303822262249444e-05,0.0007039296638018713,0.0008781414587523086,0.001361618250342258,0.00038510009887492836,0.0001214809748911301,0.0006304479192919951,0.001041856777541448,0.0009509362977275268,0.0025637923383960157,0.0011328544027731375,0.0002333801811839002,0.00028488788797806694,0.00032228450099583774,0.0005734373975148477,0.0004887218299343721,0.0021610537201431374,0.001521099093084912,0.0004757562875229561,0.00032350814388513056,0.00024163618310714543,0.00025109505854991395,0.0011408507688376811,0.0024930058540079438,0.0009112983079887148,0.00038659953450189175,0.00045711608265921463,0.0008342173378690242,0.003941755941221717,0.001943364908456648,0.0009706775202974594,0.0005079424475270997,0.0011523237626083285,0.004576793516227752,0.001556258720060506,0.0010496785886805835,0.0009106410296215519,0.0009546298970629969,0.002619467639757795,0.00373370736706194,LC_V20_H2p5_T7,0.004576793516227752
4,"(4, 1)",45,1,single,,TY,0.0003881542295800685,2.406982191396068e-06,4.313177238030637e-06,5.499027312559121e-06,1.1391601782409368e-06,3.1089686885324065e-06,1.630360984336452e-05,1.2969276274720414e-05,3.7777152188825865e-06,3.5160317439841444e-05,3.907321098439139e-06,1.4240113608393125e-05,9.96648004198203e-06,0.0001961790077033225,8.73365398268197e-05,6.214903435554745e-05,0.0003161188996307143,1.7974757614384152e-05,0.00014902516566684881,4.228954261718779e-05,0.0002452916641501548,5.970071151552501e-05,0.0001797756568118088,0.0004171039227378997,0.0003582642052163507,4.4060095238842815e-05,0.00010102483026276883,6.495559999671863e-05,0.00736774845409376,0.0009126516007616117,0.008046448958892909,0.010050645746426716,0.016568042864520332,0.004977060777389157,0.0015064064183377243,0.0050884151169394,0.008669595874893177,0.007872252713825242,0.022411546235583335,0.010441862811556206,0.0023411523804708245,0.0026922769741504486,0.0031823177731089623,0.005809857757760451,0.004949255545259604,0.022892319721236305,0.016869191681681123,0.0056717490580663905,0.0036710556927589213,0.00292457046249044,0.0022922784516379966,0.011001707379667786,0.025726935108028808,0.01017972340321793,0.004138231586520007,0.005262170022055296,0.008053962295821653,0.040583409623580376,0.0215012164430354,0.011519533265920449,0.006506236464147782,0.008990388748525868,0.03811093062004359,0.013984992048658556,0.010279052724612131,0.0069075604666203995,0.007696523930179781,0.02300751776382288,0.025602586940124537,LC_V18_H2p0_T7,0.040583409623580376
5,"(5, 0)",40,2,thick,,K,5.0704763799150474e-05,1.105503381823833e-05,1.9527258547880663e-05,1.1449717678399455e-05,2.3373402978233592e-06,2.6081278095909546e-06,3.0840249077644235e-05,2.414183236970495e-05,4.873510266492118e-06,4.0921359553774005e-05,4.494763776651568e-06,9.182924533695931e-06,6.252449657433123e-06,9.052500784267642e-05,3.97252699034275e-05,2.5404923147868657e-05,0.00012333853974601466,6.6573329596445425e-06,4.304395606873799e-05,1.179151614211098e-05,0.0001277973390740564,3.0814015531870556e-05,8.069888038487263e-05,0.00018134149923724663,0.00012400838926097244,1.4276260789583822e-05,2.5150484530807774e-05,1.5573089114531606e-05,0.0009639032634646685,0.00011900990474187231,0.0010486144673221807,0.0012952458605303301,0.0020920063844055395,0.0005945611407937545,0.0001783113348839108,0.0010783477739405194,0.0018129111642561525,0.0016487261532525618,0.0045524872627323715,0.002015522408930864,0.0004216998729172577,0.0004812612300975978,0.0008439337581897383,0.001537019002019222,0.0013057753072241772,0.005926575208276574,0.004159449213773093,0.0013188366685586775,0.0008400127420400332,0.0006173123158190503,0.0005935494349172293,0.002737339643953397,0.006049245582683118,0.0022407263844405035,0.000904895961788984,0.001050927927621716,0.001708490169657457,0.008232630996335796,0.004139083639073246,0.002069242564882097,0.0010875945747314043,0.001958345022475023,0.007905954424311907,0.0027160614820710208,0.0018633178945594,0.0016518625977686395,0.0017177231401566012,0.004734208156756066,0.005861881657438086,LC_V18_H2p0_T7,0.008232630996335796
5,"(5, 0)",40,2,thin,,K,0.0016503007373172122,0.0004160649526205494,0.0007355709024237871,0.0004303262474044427,8.787394074276697e-05,9.777364343854616e-05,0.0010544157194238353,0.000825093975855887,0.00016719167158492425,0.0014013884373024399,0.00015393019020956903,0.00031532711324450607,0.00021481897905341557,0.0027735437977648167,0.0012155518320738005,0.0007845618304451543,0.003801329964853306,0.00020440743601433475,0.0013360715293270085,0.0003652682997215475,0.0036966390152294855,0.0008900061846156905,0.0023466785728495816,0.005257569858928505,0.003639521850913977,0.00041836145726968757,0.0007455987452060966,0.0004612031051278778,0.02785060581287119,0.003436802932442496,0.030470205956078186,0.03756896506725061,0.06105195474986604,0.01751698176885808,0.005232370882427447,0.03266589534376081,0.055006536074836195,0.04997728220985161,0.1383195709360021,0.06139365112571842,0.0129074841647522,0.014690347716560878,0.02558388192452068,0.04668201501961377,0.03963808985058309,0.18047783099444825,0.12711401074153728,0.04049763892896622,0.02577271800257409,0.019027195259444518,0.01708201735996014,0.07929114430034459,0.176036043002109,0.0655230992860324,0.026477595589739427,0.030974464820935646,0.047920218052480625,0.23265410550829188,0.11764266968351712,0.059216153690139654,0.031226407027750362,0.05409590552443547,0.2197611677315437,0.07592547924051424,0.052253217457206215,0.04570414938756706,0.04768684993759658,0.13210355495265347,0.16235230462848182,LC_V18_H2p0_T7,0.23265410550829188
5,"(5, 0)",40,2,thick,,Y,0.00024634618766406575,2.4229029658241183e-05,4.2731356164588634e-05,2.5172661842039258e-05,5.12132430134305e-06,5.745291494249969e-06,0.00011756794105492468,9.198968098873098e-05,1.8299779154720424e-05,0.00015423633163002816,1.6912407933160135e-05,3.397451270811428e-05,2.3087256503452682e-05,0.0005823157050781981,0.0002557202728176931,0.00015694250123491209,0.0007669282764117238,4.170852155250977e-05,0.00025839726865097706,7.118284694572118e-05,0.001096600800819374,0.00026408071528810417,0.0006780573550897267,0.0015273481726624035,0.0010025215489314623,0.00011587240161084636,0.00019279780188331843,0.00012011256063886445,0.007874672054853453,0.0009732324575024301,0.008405116733458309,0.01043456188593272,0.016430972780692058,0.004566183029292895,0.0013794426428890328,0.007216887429486745,0.01201924974403616,0.010954909554679428,0.0297658023372249,0.01295582023903143,0.002653029643316725,0.0030451905015932705,0.005437412772615629,0.009843250892799308,0.008355910200836284,0.03743981252746011,0.02590052582083742,0.008067668950183668,0.0051583003773978545,0.0037216731151991627,0.004487631718835776,0.02055199823919926,0.04480304964096329,0.016279227937815128,0.006591610328449608,0.0075043462356192,0.01382774049557662,0.06601739015201,0.03282599895561238,0.016235488775542446,0.008388434022633076,0.017178967887010663,0.06854740453921447,0.023340817688159956,0.0157070099852659,0.015187530377966276,0.01557992558231057,0.04208768723235019,0.05383915616727802,LC_V20_H2p5_T7,0.06854740453921447
5,"(5, 0)",40,2,thin,,Y,0.0071556217962365646,0.0008376076570431872,0.0014773089044194671,0.0008702342520916943,0.00017719987670539172,0.0001987032269691676,0.0035809609914745225,0.002803190628503272,0.0005598237257221222,0.00471276463256455,0.000517102276368671,0.0010433717252075782,0.0007095725186224115,0.01601481670809151,0.0070356711132576666,0.004344500679337706,0.021211741814555495,0.0011531896080883475,0.007198117388590116,0.0019802440775507153,0.028531628784012733,0.006875981313405814,0.01769812800439049,0.03988351958269116,0.026310331143137345,0.003046326340513485,0.005112879952591287,0.0031857900417429975,0.20752039700742658,0.02563356859373079,0.22218613454130295,0.2755620166173213,0.4354918596127583,0.12141921261241588,0.03661874005931112,0.19048233131781617,0.31749452241966825,0.2890673465739132,0.7867942219174792,0.3424668349156067,0.07022536272947745,0.08063124274462671,0.13879869920206048,0.25063499506613135,0.21267906357108887,0.9514745242662813,0.6561410921043298,0.20402431561190848,0.13033405202011056,0.09385920733901333,0.10798137384226322,0.4965106137670785,1.086793533299033,0.3967511370337761,0.16059965664799516,0.18371099985943115,0.3105744396584464,1.489244494435297,0.742446072043189,0.3683855456444304,0.19036686004439698,0.3728677769524017,1.4891389272592213,0.5068706405353959,0.34109270398233865,0.3354228362488205,0.345418652637923,0.934016574143275,1.1535776315011987,LC_V18_H2p0_T7,1.489244494435297
5,"(5, 1)",48,2,thick,,K,0.0001345091069973092,2.4826302864484266e-06,4.394428277627538e-06,3.588902606940539e-06,7.193039154239344e-07,1.2697373847035244e-06,1.3823158694030696e-05,1.0856631301814277e-05,2.708518898153559e-06,2.2891447438374723e-05,2.481180837151336e-06,7.1310603966380616e-06,4.755736296230231e-06,9.393222605483327e-05,4.1429985223392025e-05,2.8930583237437617e-05,0.00014262935205046438,7.757036011227314e-06,5.942291298439905e-05,1.6240811162650027e-05,0.00011155844433964662,2.703781292391326e-05,7.838604529988524e-05,0.0001790370345804884,0.00014413090337306493,1.662940731442056e-05,3.585114243198383e-05,2.1972632143197514e-05,0.0026577125601785225,0.00032833711260052813,0.0029022342465116883,0.003595906480860408,0.005879972503538667,0.0017166122871871388,0.0005119974888710972,0.002017495159301012,0.0034321171690700762,0.0031074595997763865,0.008765945155002283,0.003977467890848479,0.0008699715652265636,0.0009796028147318423,0.0013966006892907386,0.002551826723936962,0.0021672527560001854,0.009975757937077107,0.007183768233296868,0.0023545554762710976,0.0014974331210801377,0.0011487519592086903,0.0010033258574345162,0.0047583385083355785,0.01084476957066527,0.004156817429587894,0.0016699545728339658,0.002039048292803334,0.0032679261334677178,0.01617383195432439,0.008422040204189567,0.004360147971201814,0.002386862259584409,0.0036984965624374693,0.015450929762571987,0.005514555569835908,0.0039436105192549335,0.0030394935053169206,0.0032402173638237455,0.009343712386430742,0.010691144992076728,LC_V18_H2p0_T7,0.01617383195432439
5,"(5, 1)",48,2,thin,,K,0.0020064633527523317,1.438766323497757e-05,2.5527150267981114e-05,2.5368157416351386e-05,5.154026456138131e-06,1.1245343620646184e-05,5.45217945241286e-05,4.293156752410162e-05,1.1612269856669339e-05,0.0001043377912239411,1.1546120246095483e-05,3.9788726636207604e-05,2.7408960718597418e-05,0.0006230744527590393,0.00027606495334027344,0.00019467810360998173,0.0009821475968506213,5.515880591533943e-05,0.00044509399699730966,0.00012459405756137153,0.0009383404980487434,0.0002286220915417976,0.0006497184643644396,0.0015166100420020902,0.001229438826602723,0.00015301980295920402,0.0003306932846042633,0.00021199596796830269,0.019426273079548917,0.0023999931204927083,0.021242411619961033,0.02639391088395255,0.04343075214560047,0.0129562364534699,0.003907818201845509,0.014949669920089389,0.025443393611341982,0.02313694569296496,0.06561896797220114,0.030579369845006008,0.006816849167713815,0.007859695830091483,0.011890898808931898,0.021922833033062052,0.018634704238980056,0.0863978599906671,0.06295900020094687,0.020872596290032963,0.013425070655526367,0.010506986737166797,0.010028504357275331,0.04766458410253849,0.10946960925798002,0.04225153712364841,0.017184796451066048,0.021170169549373605,0.032141027658703,0.16072313763435675,0.08389873537809163,0.04444727690362562,0.024548262994183303,0.03994944089989261,0.16652178636225323,0.05976257966111977,0.04283810942468518,0.034370182453422576,0.03755946559623523,0.10893959238394472,0.13617824727113978,LC_V20_H2p5_T7,0.16652178636225323
5,"(5, 1)",48,2,thick,,Y,0.0020163288416233734,1.0089910189629488e-05,1.8145988048391066e-05,2.4574055106653726e-05,5.08468943226158e-06,1.4569265177061821e-05,7.706793013513577e-05,6.167310649871302e-05,1.816258819995675e-05,0.0001695522184965118,1.8800551005339814e-05,6.985592677237408e-05,4.833594275639179e-05,0.0009753646927702438,0.0004339100817164883,0.0003107416726579489,0.0015855532095867618,8.972627030305235e-05,0.0007534687885108928,0.00021245868491515533,0.0015081280799373621,0.0003669470171374359,0.0010780347674096467,0.002516108075794959,0.0021100696630786163,0.00026033909190942544,0.0005905118308901408,0.0003771922088480484,0.036003513863064995,0.004455824390156388,0.03939768707041715,0.04918152602777322,0.08132862738248181,0.024548957217965472,0.007420723680820682,0.0258386865520025,0.04410518897488769,0.04006281389998207,0.11408557855608789,0.05330393431387986,0.012015761953483525,0.013828367653155477,0.018100377177918202,0.033277468953206234,0.028313859372468785,0.13145633260084577,0.09626041608472839,0.03229790154718639,0.020743282084959798,0.016486222863505994,0.013728303903183862,0.06591122859861673,0.15380539678889663,0.060539225251077654,0.024542655260357284,0.030928229925603762,0.04603739124683877,0.23177551318956877,0.12207919228895052,0.06532636931753187,0.03664552751836492,0.05226107265663518,0.22086505575231077,0.08039996868256584,0.0585828208385072,0.04431003876385161,0.04918434008972794,0.1455327166295805,0.16330670346214152,LC_V18_H2p0_T7,0.23177551318956877
5,"(5, 1)",48,2,thin,,Y,0.045354229655085704,0.00023033467551860422,0.0004137170753092541,0.0005518296090077185,0.00011402677132785881,0.0003212355182433996,0.0016777146020680513,0.0013419769214721548,0.00039459030559628667,0.0036705420094027,0.000407344959397807,0.0015061142572704489,0.001041093778780671,0.021175029315925735,0.009416130220957306,0.006738540777340109,0.034354551021569216,0.0019435771874426926,0.016282910340246624,0.004587871648131344,0.03286292760083741,0.007991867106491237,0.023413049406186503,0.05465342350053385,0.04566892323419518,0.005646894373572657,0.012766060204548783,0.008152460317437176,0.7591491647044771,0.09401107524838603,0.8249551631490278,1.0314490723411602,1.689863022607662,0.5028411501478227,0.15201195208856033,0.5393701977572305,0.9165894278764045,0.8326322240601431,2.349265600974438,1.0849330879949608,0.23944440506641096,0.2766333165074308,0.360611978132302,0.6573774790960735,0.5598326546726404,2.569777352835739,1.8592793936542578,0.6102697878306479,0.39229981776699624,0.30161587901466885,0.270162421471247,1.2878760264188853,2.9619427230767026,1.1386154680264664,0.46191844048112285,0.5625668505158795,0.7911180264394853,3.9105290336442367,2.0159530981855656,1.0417787769851259,0.5619446781141216,0.8725028193301606,3.6032108282210795,1.2711259853389016,0.8912480297134064,0.7408368559809587,0.7949845681814369,2.254117752373244,2.4494579539024564,LC_V18_H2p0_T7,3.9105290336442367
5,"(5, 0)",53,1,thick,,K,7.289298899285001e-05,7.092959830403939e-06,1.2456615019207044e-05,7.063941062451342e-06,1.4393419309565723e-06,1.5735799880589288e-06,1.6228330280901584e-05,1.2628851734620228e-05,2.5314806176367766e-06,2.076192705478121e-05,2.259672880398942e-06,4.6243913967709955e-06,3.269143480639001e-06,3.793852168905155e-05,1.664895562976866e-05,1.0631097804886272e-05,5.1716419067178986e-05,2.916383413496953e-06,2.1153924612659825e-05,6.255229089967703e-06,5.4641763605235034e-05,1.3137277970585455e-05,3.430616682741692e-05,7.627081355777314e-05,5.176179595660323e-05,6.873830501697145e-06,1.311641473040502e-05,9.23618769504517e-06,0.00045986151241916807,5.700958797442094e-05,0.000500732035295906,0.0006300897209610311,0.0010407404043543665,0.00032329596254583235,0.00010082648863548638,0.00048792736205499783,0.0008217568131030576,0.0007562807329048734,0.0021272103885860735,0.0010051912148989364,0.00022305459623332008,0.0002659529210540091,0.0003746638559992725,0.0006815810990060303,0.0005853265276275714,0.0026895424983294698,0.0019950819086403185,0.0006620326459452696,0.00043738177829461575,0.00034475355712004844,0.00028512511842423017,0.0013380089178878821,0.0030979284300577136,0.0011798514409126965,0.0004922260314171912,0.000608338553110957,0.0008004122080893994,0.004009173039418326,0.002094860758365531,0.0011442817851581848,0.0006403518284052122,0.0009823174046064886,0.0040871913247323526,0.00152145732808291,0.00110544346792676,0.0008670439650249343,0.0009621730844740006,0.002806779324646802,0.00344583788406113,LC_V20_H2p5_T7,0.0040871913247323526
5,"(5, 0)",53,1,thin,,K,0.000720713260332974,0.00031089159059006935,0.0005464458422028783,0.00030811976400945567,6.260367079394915e-05,6.52397799018706e-05,0.0006424943301181775,0.0005000694739451336,0.00010049584770713278,0.0008231905601757642,8.96287987725049e-05,0.00017636183795204433,0.00011807389216529991,0.0013229875712733538,0.0005780767181233798,0.0003738606853434072,0.001782394250309627,9.456674119397706e-05,0.0005980668744162905,0.00016167421763287374,0.0017691465888635093,0.00042441915576590304,0.0011200170414263702,0.0024685038190863217,0.0016809650542785606,0.00018547488113974592,0.0003247357449601655,0.00019542708546996758,0.01125619736658555,0.00138689130546688,0.012320856619729734,0.015123157580950362,0.02442710696506053,0.006824380433191294,0.002017203321461561,0.014322559288561954,0.024167110854112443,0.021871596586909684,0.06030704736583125,0.026235971525187866,0.005432975124950463,0.006128751671232876,0.011801695199899846,0.021608024923851697,0.01829608534980136,0.08302025306557963,0.057774112520851253,0.018214160307908317,0.011510328973424537,0.00836663658014462,0.007134577402841817,0.03299484587911269,0.07239256153337226,0.026542614283493072,0.010691452159122053,0.012274458383917091,0.020262458118113832,0.09761742398648107,0.048991380362859605,0.024209504948801808,0.012556141603487173,0.022068233510194227,0.08913550275550249,0.030359948691100546,0.020601460210041715,0.017637562852309892,0.018159654003118756,0.04976965340554168,0.06194907125309789,LC_V18_H2p0_T7,0.09761742398648107
5,"(5, 0)",53,1,thick,,Y,7.289298899285001e-05,5.664537690655885e-06,9.909283779412153e-06,5.551415304576164e-06,1.1254811476672351e-06,1.193538151235821e-06,3.0152087192376947e-05,2.3518049225145906e-05,4.582698976133688e-06,3.822620469614099e-05,4.169406096481435e-06,8.019437527618635e-06,5.410296211998166e-06,0.0001484374172035277,6.502049088085248e-05,3.980149628534829e-05,0.00019324476307085726,1.0453398575497225e-05,6.303936206971047e-05,1.7347798729995133e-05,0.0003254175900386053,7.839764855773272e-05,0.0001997105399838338,0.0004500800849485658,0.00029144765369861696,3.34495227124723e-05,5.438866566614781e-05,3.370644397284249e-05,0.002012566577484858,0.000248744770132216,0.002136047625557521,0.002654393421294673,0.004141409009423389,0.0011394595736993378,0.0003441617861999993,0.0017753025850250899,0.00294391037233638,0.0026838854294222027,0.007239238491886965,0.0031127332797125616,0.0006281979552574935,0.0007208276106331599,0.0013277023622958535,0.0023949877761715753,0.0020350465178094607,0.009078276701532413,0.006245688828582577,0.0019275744923792162,0.0012321365331708042,0.0008783430741321617,0.0011192635761334629,0.005107052970156733,0.011080475724547047,0.0039559429894550505,0.0016040329516163153,0.001805320171884195,0.0036103567374366585,0.017212017930988484,0.008520504886662856,0.004184483899435019,0.0021385760855462533,0.004534620506325934,0.017990138891856074,0.006104395472352538,0.004077417914958579,0.004020444892573996,0.004104084583160748,0.01098890386355687,0.014120269169357205,LC_V20_H2p5_T7,0.017990138891856074
5,"(5, 0)",53,1,thin,,Y,0.0014300928707160821,0.00022909210659309074,0.0004009539920776356,0.0002250442823325226,4.5642665703561565e-05,4.725866064589881e-05,0.0009775902071255272,0.0007623540453943899,0.00014992005224824222,0.0012448921393097443,0.00013570364154776444,0.00026265823437630214,0.00017677812367676078,0.004128718115508166,0.0018080268347620988,0.0011165703191387789,0.005408493325981286,0.0002916000283692276,0.0017763371717680612,0.00048711061783017614,0.008355989957055027,0.0020108251928142758,0.005140641253841562,0.011555136180477469,0.007526927540998515,0.0008591706169583268,0.0014097029270776636,0.0008712174345643739,0.05222660655188445,0.006452799935399197,0.0556879468192719,0.06908670878518662,0.10838967715249181,0.029889083961017332,0.009011094885580452,0.04859075584357797,0.08081652858397984,0.07359145311721257,0.19921938633804914,0.08587111122281399,0.017413452903851333,0.019957560956681893,0.037349621415529846,0.06759314396967507,0.05742610477049781,0.2566985795107705,0.17666477352667362,0.05468058325573605,0.03490727821792202,0.024952023722840836,0.02953879941037076,0.13527958264866188,0.29434120150408427,0.10557603651836184,0.04278361655436201,0.0483535040117801,0.08934912426012398,0.42739568209292994,0.2121392941251646,0.10455055386749476,0.0536004150216611,0.10871464747436801,0.4326030669652879,0.14657268755542696,0.09804233227191944,0.09910294235630866,0.10145467888784042,0.2726398839437503,0.3423710802215381,LC_V20_H2p5_T7,0.4326030669652879
5,"(5, 1)",61,1,thick,,K,7.861132217145787e-05,2.051587383111903e-06,3.5825114118793773e-06,2.740989618963263e-06,5.291810171453844e-07,8.487145053538739e-07,7.748982466498214e-06,6.037475186282787e-06,1.5997509969324728e-06,1.2676133822174139e-05,1.325270159837371e-06,3.977328826803399e-06,2.462420368586989e-06,4.5034281241609255e-05,1.9703425602698613e-05,1.4705735244243312e-05,7.082010282185726e-05,3.641645923803677e-06,2.9290312292827885e-05,7.614195555811827e-06,4.19730770268588e-05,1.013563450520922e-05,3.1036768741236696e-05,6.93952386247466e-05,5.9093258773822166e-05,6.2536461948628845e-06,1.4681702868856381e-05,8.427252136792948e-06,0.0011550764071447204,0.00014255981720122108,0.0012729208921865606,0.0015719688620601643,0.00259700968752197,0.000752863404757509,0.00022059027972210363,0.0009164508847560109,0.0015791195343655491,0.0014223454734922487,0.0040683911145615505,0.0018409508851074529,0.0004078134448630726,0.00044546523067097573,0.0006649080899020779,0.0012227997554779607,0.0010330314018290295,0.004792912400810091,0.0034312255684807026,0.0011318183511965622,0.0007037128055391957,0.0005390483614554708,0.0004640878412450712,0.0022165081785010324,0.005042436985965329,0.0019752961449813243,0.0007746581414528867,0.0009483120685080252,0.0015008916247209634,0.007402038299776114,0.0038824042623097623,0.001976618846098109,0.0010883910944764648,0.0016998537063176594,0.007160388118919228,0.002499983018676517,0.0017974798890181634,0.0013847290890306567,0.001456401070368939,0.00421191493797173,0.004783977671735022,LC_V18_H2p0_T7,0.007402038299776114
5,"(5, 1)",61,1,thin,,K,0.001997612590745079,3.680679653172568e-05,6.35806568571449e-05,5.1868543213105505e-05,9.93923178022889e-06,1.6840879373920485e-05,9.425490389830036e-05,7.38535363522154e-05,1.960457678343475e-05,0.00016200562433497614,1.7048254409587998e-05,5.334321209846489e-05,3.363013016926279e-05,0.0007911129890885845,0.00034758511203086763,0.00025117374400152975,0.0012316321588860405,6.485618155369867e-05,0.0005193900001676268,0.0001368381732621983,0.000644161988046446,0.0001564330672525242,0.0004782946019327607,0.0010876718518548132,0.0009307366615882711,0.00010112148073971125,0.00023906288385061583,0.00014030492949231062,0.021311636626191705,0.002633687036531686,0.023301666744344567,0.02890559176888879,0.04755579932278838,0.013848201651285077,0.004085574716540498,0.016544474994799992,0.028298904377367703,0.0256256055714111,0.07273823553013645,0.03314363555969823,0.007305886766893138,0.008119217913387723,0.011823249906517263,0.02167213075755914,0.01835352212952827,0.08477455230555343,0.06079712157972383,0.019986858082839856,0.012580931570666922,0.009664009344255648,0.008300676808927168,0.03981845317571406,0.09147933285099388,0.03534274429536237,0.013969140979868974,0.017171314329566856,0.027656663938304026,0.13614976739887322,0.07138292884954296,0.036397294493885624,0.020027396875733253,0.032428298819402,0.13658248207457122,0.04769626582536976,0.03421138965581203,0.023634147929908863,0.025144152648706106,0.07360420172566069,0.0937501492450442,LC_V20_H2p5_T7,0.13658248207457122
5,"(5, 1)",61,1,thick,,Y,0.0009142975116747182,9.978777820085479e-06,1.7472319499253847e-05,1.911407091689591e-05,3.585510152920523e-06,8.273726521961646e-06,5.626551667532054e-05,4.397675668853501e-05,1.340401638870206e-05,0.00011054318401865722,1.1444971835314536e-05,4.2434760906471085e-05,2.6233945750493844e-05,0.0005841731243327154,0.0002576198905011097,0.000192227838079439,0.0009491893919743545,5.023647117206546e-05,0.0004259455943404909,0.00011246287756198292,0.0006772722113981707,0.00016467862022819608,0.0005149140339885008,0.0011713848103197526,0.001031878104882555,0.00011214783842535491,0.000273038270321304,0.00016024924851803021,0.019991681262640653,0.0024713929802902476,0.02205115637170095,0.027371877984314945,0.04554491095794819,0.013480091638804757,0.003972756248283005,0.014240075980136666,0.024534563197467312,0.022150212199106026,0.0637492999536104,0.029393455085907908,0.006598724545917791,0.007299390662253579,0.009470184928489488,0.01741135875830513,0.014773745879883069,0.06878800009790165,0.04997330419087735,0.016718145254579323,0.010494768622638517,0.008215752254997198,0.006630279202459935,0.03205477645810513,0.07433028203991714,0.029274995611989565,0.011555297472690776,0.0145030597824331,0.023011954342740427,0.11503515788714255,0.061029244020554034,0.031637708365469114,0.0176575925088415,0.025923564222581852,0.11011788413282679,0.03910292387636161,0.028459361573961787,0.02024414036798097,0.021801474600536108,0.06441237360381699,0.07166313676035972,LC_V18_H2p0_T7,0.11503515788714255
5,"(5, 1)",61,1,thin,,Y,0.02171690637165076,0.00025349661437328236,0.0004439555070807143,0.00046897169833550416,8.81903251161649e-05,0.00019668467070400186,0.0013140011446090677,0.001027350874160612,0.0003089257294227887,0.0025479911170678514,0.0002641873595099103,0.0009640161358314904,0.0005971560467597143,0.013369556728049271,0.005896352184534243,0.004381802398552531,0.021637746175784817,0.0011448345871829517,0.009650130246666841,0.002547069534986442,0.014962411242285556,0.0036365045518101,0.01134489179448102,0.02581051532505221,0.02268273764555788,0.0024660718037808585,0.005992679991346716,0.003516987584033119,0.4470708613524953,0.05528266677269902,0.49033938865530385,0.6096050042492804,1.0080126949463082,0.29631191333145707,0.08765245407319096,0.318244962487485,0.5452431203275503,0.4927473164972929,1.4037996786854428,0.6410715808288876,0.14177513449142487,0.15769846322783723,0.20355668168506716,0.3713293845573958,0.3154512127195758,1.452515343046198,1.0474941877706403,0.3455398626336318,0.21775887289950627,0.1675105538743259,0.14284114882665028,0.6864154195017277,1.5725744848065673,0.608757314230904,0.24120471388280115,0.29603877968252135,0.4402740230833336,2.1700943663175623,1.1283787982385403,0.5734671930818841,0.3114015935765426,0.47959929409742896,1.9988560176530135,0.6966533213892532,0.49268753726145215,0.37949429921242395,0.4024997152514487,1.155518612496034,1.2545903729810965,LC_V18_H2p0_T7,2.1700943663175623
8,"(8, 0)",33,1,single,,TY,4.285020481455965e-05,2.2434996165476132e-07,4.0337591933394636e-07,5.46564417638402e-07,1.206522253820497e-07,3.5874562677155545e-07,1.8492923405431677e-06,1.4798963892545081e-06,4.161537710483265e-07,4.088586652346058e-06,4.755129824401929e-07,1.6544720434470906e-06,1.240973121928648e-06,2.312981110061826e-05,1.0291824301292007e-05,7.248256305515305e-06,3.701475014775572e-05,2.1709512694404997e-06,1.7727969011655304e-05,5.217234802938989e-06,3.6801791018674237e-05,8.940312724372984e-06,2.5949218521568728e-05,6.033420524032215e-05,4.97238812481273e-05,6.425697495669677e-06,1.3921493952193309e-05,9.33086994378002e-06,0.0008819014798092168,0.0001091912746796198,0.0009603402363247074,0.0011988934514565697,0.0019663119829196433,0.0005945144627690305,0.0001826696284572129,0.0006309643373344819,0.0010716842756661748,0.0009742627450139081,0.002759413006511293,0.0012928080216607618,0.0002897325947784892,0.0003405198991972154,0.00042433622039965576,0.000774396297023014,0.0006588744586852943,0.0030387453878383125,0.002236382144244314,0.00074879699154992,0.0004916380124761788,0.00039229742572507965,0.00032159399342932124,0.0015343508152481607,0.003573960877925301,0.0013292326580390628,0.0005476754138374524,0.0006853210722542233,0.001038222925257788,0.005214226756487613,0.002731303037272815,0.0014835606829928585,0.0008322185303592977,0.0011587711365921402,0.004856249529874311,0.0017916136806378088,0.0013038905968016567,0.0009529116863714198,0.0010675081406460538,0.0031500802666314877,0.0035962245460437574,LC_V18_H2p0_T7,0.005214226756487613
8,"(8, 1)",34,2,single,,TY,4.437939371732237e-06,3.4547949312624413e-07,6.075805546662039e-07,3.4912740417986566e-07,7.068104664016241e-08,7.630966344454917e-08,1.5943137993504754e-06,1.2459326928124425e-06,2.4408224673905064e-07,2.050474973397573e-06,2.238038287727749e-07,4.414736720778328e-07,2.9826658437877406e-07,7.906063031773352e-06,3.461971399257251e-06,2.116337886497967e-06,1.0278507851187553e-05,5.549846279496027e-07,3.36563183843684e-06,9.241134829917876e-07,1.565747042879398e-05,3.7633059493653773e-06,9.565997812476905e-06,2.144684121718515e-05,1.3885869164952108e-05,1.5724326704737363e-06,2.581147582698622e-06,1.5840014597047218e-06,0.00010994899061512313,1.3605910834476357e-05,0.00011591221201585447,0.00014448513771213965,0.00022460311733147242,6.18344972172143e-05,1.865255083059433e-05,0.00010010200553018561,0.0001662426778008031,0.00015109470203285652,0.00040828695184102787,0.00017527843781093986,3.5456090547554135e-05,4.057877879725886e-05,7.143936669153467e-05,0.0001276217070535312,0.00010821315430001247,0.00047803039458603795,0.0003259921705100716,0.00010001664210428133,6.402822305367867e-05,4.5485707819954e-05,6.787243095061084e-05,0.00030905154084663177,0.0006684764524032937,0.00024022809805420326,9.745979522311494e-05,0.00010972828118361889,0.000205461771433672,0.0009797672307984466,0.00048676027312249005,0.00023848212448541315,0.00012241218775055606,0.00027725622199340573,0.0010975206011406826,0.0003686924090118715,0.0002457858399483635,0.00026431008360149234,0.0002711986485619892,0.0007288502475764052,0.0010222467354086032,LC_V20_H2p5_T7,0.0010975206011406826
9,"(9, 1)",41,1,single,,TY,2.06493745241891e-05,9.157865720071257e-07,1.6046694946156292e-06,9.16630508725543e-07,1.8465492954963858e-07,2.090641766424722e-07,5.491111537193707e-06,4.288498026961612e-06,8.23595045677256e-07,6.953173708017184e-06,7.583160658529794e-07,1.4631031506501334e-06,9.97614068389941e-07,3.820124952481344e-05,1.6759380224680317e-05,1.0004472391728712e-05,4.880354888739481e-05,2.6531056546056942e-06,1.5663137769016538e-05,4.341363758585016e-06,8.611794073999234e-05,2.077611442523673e-05,5.1945257696957094e-05,0.00011830857921633205,7.606401618496997e-05,9.531444277255194e-06,1.5236252332935577e-05,1.0365816597047023e-05,0.0005931885949997809,7.336970272162364e-05,0.0006236552144157346,0.0007778166474448324,0.001206720704209156,0.0003395431858199891,0.00010601070645971566,0.0006289596294641129,0.0010389762165536405,0.0009475674927187504,0.0025479584469782187,0.0011156323347317279,0.00022770088780843544,0.0002757583838334955,0.00035128635727855524,0.0006246743361544257,0.0005306814897842378,0.0023377116579347437,0.0016156154690216034,0.000500383712298639,0.000336106004887243,0.0002471481537224757,0.000341977896407734,0.0015513833277040492,0.003341713036025447,0.0011944694941266511,0.0004896435125455037,0.000556329595226508,0.0010720632697941537,0.005071870333158355,0.0024959421900386455,0.0012174754533278828,0.00062318915015128,0.0014802831452568246,0.005827765650468108,0.0019588506463252935,0.0013015025628047353,0.0014425275497253554,0.001470616660832051,0.003922239031335079,0.005597720221866927,LC_V20_H2p5_T7,0.005827765650468108
9,"(9, 0)",47,1,single,,TY,0.00035369460292108973,2.243987463895527e-06,4.040338443986977e-06,5.046373410287576e-06,1.0578545507228632e-06,2.9139355940294335e-06,1.7926778124143028e-05,1.4286402980150372e-05,4.086255279410389e-06,3.820413857263888e-05,4.264896691603095e-06,1.5190039791600797e-05,1.0634991924541328e-05,0.00019816954404492062,8.821394490225119e-05,6.309537558761346e-05,0.0003205326348709342,1.818346298820965e-05,0.00015134284832596547,4.301786341178476e-05,0.0002695250093643141,6.553838918410127e-05,0.00019517891588572534,0.0004526599091243442,0.0003848095627508324,4.758653712936148e-05,0.00010785490945116608,6.934738827778736e-05,0.0069973681293925725,0.0008659757460108889,0.007669407340157578,0.009564788489242568,0.01583317092100664,0.004783464594797127,0.0014495491385608952,0.005104499616686175,0.008715137534519184,0.007919792976887366,0.022556955360086683,0.010533064992693937,0.0023697961794084377,0.002726041386341129,0.0034702611183278823,0.006354429454429213,0.005405025349973633,0.025019360885417362,0.018385312925732856,0.00616492802146907,0.003976742941501134,0.0031572130600781745,0.002554347102440796,0.012231993890971798,0.028521644604262958,0.01115532046171005,0.0045231288641781105,0.005704318025200302,0.008400032977139857,0.04242432944062706,0.022455849488594998,0.0120993182278534,0.006830416080344973,0.009394927955298097,0.03985341731914229,0.01462281374150053,0.010728207910226915,0.007774660371036617,0.008624298669219065,0.025588065583784462,0.028277542666282372,LC_V18_H2p0_T7,0.04242432944062706
10,"(10, 1)",44,2,thick,,K,5.687034926015176e-05,1.1224533962505133e-05,1.9801171494074e-05,1.1723956267352934e-05,2.386230844847455e-06,2.699341238975216e-06,3.344353488425571e-05,2.615240036286059e-05,5.308288168064037e-06,4.4463336948140875e-05,4.860288428748803e-06,1.0026878066322904e-05,6.778425136087842e-06,9.476957179266489e-05,4.169476486623037e-05,2.670724106851156e-05,0.00013028613516038797,7.014827174055078e-06,4.579537005552919e-05,1.2517947048250698e-05,0.00012374815731334269,2.9819946792374085e-05,7.915366007905738e-05,0.00017770782284788806,0.00012306108959920085,1.4176012699363584e-05,2.537898554281261e-05,1.5752811440607182e-05,0.0011901594232203167,0.000146699991328973,0.0012852711952921498,0.0015885874951452822,0.0025461945942008494,0.0007193939994724281,0.00021515679756224128,0.0010749189911831362,0.00180328916915427,0.0016388485385625102,0.0045080440398752065,0.0019798152597260508,0.00041352633546436353,0.0004713999272882933,0.0007589965827691643,0.001382365225812132,0.0011756183100839993,0.005324872276185214,0.0037431114860775857,0.001190963111712568,0.0007597937244302857,0.0005610760880140189,0.0004914968998021444,0.0022754242008383918,0.005034017252924886,0.001855759783123869,0.0007505973938831584,0.0008762022511263487,0.0015682461481185783,0.0075408469330677606,0.0037920767724814383,0.001890408227796408,0.0009916760883813673,0.0017828772858515494,0.007209011915378519,0.0024720917696748035,0.0016951026159267267,0.0012624254760029525,0.0013236707269213403,0.0036792573050396992,0.004762381811214572,LC_V18_H2p0_T7,0.0075408469330677606
10,"(10, 1)",44,2,thin,,K,0.0018343909951669816,0.0004199062905121049,0.000742029828809649,0.0004377276511896624,8.924631001500122e-05,0.00010058528791655174,0.001152578769368384,0.0009012932588543764,0.00018336750633652737,0.0015372408403198463,0.0001681354048285786,0.00034765863313988957,0.00023518101786279007,0.002936790221653604,0.0012918192073087887,0.0008333026591533971,0.004065929624190127,0.00021832674554430164,0.0014438174156267973,0.0003939539147208543,0.003648989645944053,0.0008765215273535975,0.0023403508604948582,0.005251951318743247,0.00366340212836006,0.0004216426349221643,0.0007631477231805248,0.0004734872465364103,0.03442573468752823,0.004242479420228048,0.037415369077475044,0.04613239899991512,0.0743982771675653,0.02113452674408858,0.006313419754168153,0.032744120192141374,0.05506477020081925,0.04999117846489574,0.137865494432157,0.06065796175826543,0.012720370586068381,0.014473805714769184,0.023362110291183437,0.04267513524755193,0.03626735620238103,0.16495561010752227,0.11645961733581395,0.03724011629569578,0.023774001746462513,0.017646873678873774,0.014623992610632429,0.06789167270170046,0.1506604208370073,0.055787437725859944,0.022563474774763833,0.026486683571972335,0.04519652843386341,0.2181141397989917,0.11008862236120798,0.05509706315175865,0.02898159778686842,0.05056666525067167,0.20530594756469084,0.07059428307002642,0.04855398409282205,0.03556958069773699,0.037441865846138206,0.10471427095059413,0.1327576568342212,LC_V18_H2p0_T7,0.2181141397989917
10,"(10, 1)",44,2,thick,,Y,0.00027719926025964153,2.5534238315443924e-05,4.474342781976498e-05,2.6774175341665705e-05,5.411313027172645e-06,6.184838299305351e-06,0.00012063315960749899,9.427025614097595e-05,1.8715251972380653e-05,0.000156950815977412,1.7120533671749992e-05,3.4517249607265224e-05,2.3249939811139485e-05,0.0005931216445253095,0.00026062380076061854,0.00016057067856860337,0.000786015892205838,4.276309302169551e-05,0.0002655927588432996,7.308495799177955e-05,0.001004271344367205,0.0002421798323059812,0.0006259225463573218,0.0014133776267747451,0.0009427522791561313,0.00010896803590031757,0.00018462664614504417,0.00011463799387262812,0.009391662581919306,0.0011596838485467193,0.009998936218434708,0.012394937023476865,0.019458925009185144,0.005388779850555049,0.0016226691587352203,0.0072009041579887785,0.01196005773222089,0.010882009017923022,0.02950579652229382,0.012778215590350205,0.0026088717840966336,0.0029833483013278943,0.0048188719838237765,0.00866252788477455,0.007363478568775833,0.03288391596897304,0.022736240011335132,0.007071700052826059,0.004527963901900544,0.0032633783575856763,0.0035924705584609224,0.016460054246671824,0.0358744468138094,0.012994497925114284,0.005264635526559109,0.006010759257236106,0.012452362881973307,0.05933758339054372,0.029551846432694224,0.014560090588556632,0.007496759135992751,0.015247222295007676,0.06092401457151166,0.020594495310623753,0.013874121644051322,0.011796016187790343,0.012135684575668828,0.03292182643051641,0.04547354394635355,LC_V20_H2p5_T7,0.06092401457151166
10,"(10, 1)",44,2,thin,,Y,0.008064559792505447,0.0008742773735562558,0.0015344594725122934,0.000916596742198827,0.00018563407235462617,0.00021178708923730866,0.0037260560140025905,0.0029129928087428467,0.0005813275826259595,0.00487456953489284,0.0005319048697372042,0.0010788275164220977,0.0007268018014973869,0.016354449022419025,0.007187204348641024,0.00446008897637335,0.02181859808319433,0.001185765977674586,0.007440838642176161,0.002043476316799415,0.026281035811822766,0.006338387775626381,0.016494937164548463,0.03719708451264661,0.025006357663884194,0.0028883234916134365,0.004947860141410969,0.0030706027674072354,0.2491429335115565,0.03075906106063917,0.2659058640077265,0.32941704600831473,0.5184413883130693,0.14391286728667826,0.04330917205514194,0.19319544785154855,0.32153066190521046,0.2925269597618774,0.794676703378277,0.3442659969547757,0.07044363649371428,0.08054154567890663,0.12365382424953829,0.2222080878963987,0.18883948564354655,0.8421855606374024,0.582104958688681,0.18097129386683025,0.11585348457988717,0.08341183701708249,0.08985333112206498,0.4129235525667764,0.9031073559921872,0.3280128080001256,0.13274829904427532,0.1520236084670395,0.28386330687891476,1.3547360980115764,0.675000993343915,0.3321760661936315,0.17107233906131092,0.3349359707104212,1.3377451295524074,0.4522071839588846,0.30425155213455096,0.2691474901874404,0.2773235623883807,0.753114023477587,0.9767177426485271,LC_V18_H2p0_T7,1.3547360980115764
10,"(10, 0)",46,2,thick,,K,0.00011416187796556393,1.590951804326702e-06,2.814317539164332e-06,2.4773574915499093e-06,4.944654363658673e-07,9.422767494066102e-07,9.472297449934185e-06,7.420045132818313e-06,1.932685624771774e-06,1.625667733451261e-05,1.7480279897124896e-06,5.290077726081714e-06,3.476055998192095e-06,7.09576751931689e-05,3.138693100122285e-05,2.196102359470484e-05,0.00010878225038260712,5.912765326275516e-06,4.5989849581326205e-05,1.2537305673412228e-05,8.415965085039321e-05,2.038048529136522e-05,5.991696716409106e-05,0.0001365378263083098,0.0001110659639754312,1.2718771121424553e-05,2.7787250032862782e-05,1.7020636252881266e-05,0.002136896706966255,0.00026399044320430873,0.0023390845344352746,0.002901446133699163,0.0047719265394427016,0.001395982065820396,0.00041522880244487163,0.0015693856832928814,0.0026729312811338344,0.002420873042170394,0.0068564997502030935,0.0031071642027399467,0.0006816253570610576,0.0007644851934467432,0.0010389549949613058,0.0018979599966263009,0.001611873584110668,0.007419190015619415,0.005343840478060437,0.0017568825530475847,0.0011155466652075605,0.0008587767647544901,0.0007217425559686018,0.003438748675330696,0.007878012321877613,0.0030336745407535184,0.0012153768700618201,0.001494412145711137,0.002497070813707506,0.012394391098854434,0.0064721971940732235,0.0033512557456343403,0.001844353452610549,0.00282575421690386,0.011808427619417248,0.00417766135431147,0.002991212107344246,0.0022176815371902354,0.002380328210660861,0.00690866675221344,0.007814690678928022,LC_V18_H2p0_T7,0.012394391098854434
10,"(10, 0)",46,2,thin,,K,0.002305684778952669,1.667101528612996e-05,2.9658870935149615e-05,2.875431025785339e-05,5.888884917235214e-06,1.233088305108123e-05,6.913094836651237e-05,5.452405051020282e-05,1.5078042958270019e-05,0.00013380030635055273,1.477360996488291e-05,4.865757967371225e-05,3.339907495670974e-05,0.0006926253137469531,0.00030553616373389544,0.0002166679146496534,0.001079424627409639,6.047997919703148e-05,0.00048064197146184485,0.00013556133546801575,0.0008496217811782661,0.00020615163096200217,0.0006088886721996092,0.00140102743575371,0.0011611138617582274,0.0001395485113218107,0.00031005373194053164,0.00019631815296373617,0.019151491776815795,0.002375043524733782,0.02080424578019462,0.026047435636134323,0.04278970755911621,0.012840092130451198,0.003896226042339091,0.014794874716482713,0.025287972338857947,0.022923383999828982,0.06509630114156105,0.030092591229466326,0.006697340575898779,0.007682013372332648,0.010909139254776054,0.01998970590049662,0.016960761825483534,0.0783281020193624,0.05688655050340023,0.018950668906764008,0.01211376072212538,0.00947966631263568,0.008384996648652611,0.03999276853204228,0.09197451372830891,0.03546217013428117,0.014354376520721239,0.017838692090791527,0.028844326368750547,0.14305700735777804,0.0746610154137604,0.03932212822116702,0.021793163812939716,0.0336553311474015,0.1409701034116947,0.05083629183076799,0.03674713386098839,0.026861309133939925,0.029433431767542647,0.0862738482511188,0.11110921336387646,LC_V18_H2p0_T7,0.14305700735777804
10,"(10, 0)",46,2,thick,,Y,0.002188644251897794,1.1641773466440045e-05,2.088186205989973e-05,2.7093038419138357e-05,5.538812522222232e-06,1.5334027302283585e-05,8.128437088268593e-05,6.477732225666845e-05,1.9192570612297574e-05,0.00017726501333314353,1.9523940538671952e-05,7.237251622008972e-05,4.9779471002672396e-05,0.0009984009252737658,0.00044322082650048885,0.00031882751818953803,0.0016191162385997368,9.092113939153018e-05,0.000763337151151189,0.00021402605183687117,0.001378618450800802,0.0003351849127408666,0.0010055377434028455,0.0023309607660091836,0.00198535659770958,0.00024126695121944616,0.0005506664670067925,0.0003500846200152145,0.036805535327227135,0.0045630145077087195,0.040158947217077835,0.05030525479117615,0.08302222516900333,0.02499459311412372,0.007571714230931305,0.02567371459017192,0.043887186975966316,0.03981652976552573,0.11355635392959647,0.05288776044811169,0.011865639221639166,0.013599806079099544,0.01671576977265166,0.030593487555699996,0.025987863280201095,0.12029255985859556,0.0885474671544827,0.029756984554545837,0.019183270480968233,0.015252374015822924,0.012068284820042343,0.05812708919098041,0.13590797918211336,0.05351982735773461,0.02173468131549642,0.027555058643268314,0.042889072203602184,0.21465193945727976,0.11307008184308792,0.06001280958101093,0.03365110874510879,0.04774178282932445,0.20170847915978207,0.07357028628001484,0.05374006801526142,0.03739394168229074,0.04160069074003727,0.1239223707154647,0.14196999416771464,LC_V18_H2p0_T7,0.21465193945727976
10,"(10, 0)",46,2,thin,,Y,0.04979435681932691,0.000270644003604421,0.00048502154711646127,0.000612884169116822,0.00012538280787495514,0.00033946778086215,0.00181386110665178,0.0014443779359555474,0.00042618758387895166,0.003921163861724028,0.00043181777964495415,0.0015862482950119,0.0010898768614937895,0.021813730682035886,0.0096789900981478,0.006967325943463658,0.035310483459466586,0.0019793024276690213,0.016579195164704144,0.004647027936244526,0.029907762088681417,0.007270995134699404,0.021789710393384364,0.050466577366628136,0.04290616637811753,0.005211380346783955,0.011874805188878419,0.007546686097210386,0.7747751738031776,0.09602769842891029,0.8400761049579135,1.0524909575856614,1.721508612129822,0.5114649134991736,0.15482055347768403,0.5349848804338266,0.9105216257953817,0.8264857509826897,2.3362059738836893,1.0759477662123191,0.23681348690946727,0.2725288957578706,0.33642102765965504,0.6110241751095828,0.5200035865663224,2.3808355450340923,1.7210905868372264,0.5661331944664044,0.3641334498933509,0.2807195665964536,0.24107663449962505,1.152283667002084,2.6552395617627127,1.0215485671308882,0.4147291885375977,0.5077469705583827,0.7359082380165028,3.628943179720895,1.8728492296241934,0.9645943302136268,0.5206984311868789,0.7927530765121935,3.27596362771508,1.1549406365323431,0.8118306960867548,0.6386525513532105,0.6860180369489731,1.9570368793517054,2.1426464902297035,LC_V18_H2p0_T7,3.628943179720895
10,"(10, 1)",57,1,thick,,K,6.828939673794014e-05,7.397858306972935e-06,1.3104657446268618e-05,7.2793217455906635e-06,1.493016712778091e-06,1.5626743953809972e-06,1.8294655560201438e-05,1.433177221904218e-05,2.773503290126972e-06,2.3334497501939734e-05,2.5551106813838618e-06,4.911020374368559e-06,3.3253667804778445e-06,4.181859217559068e-05,1.8324729525572106e-05,1.1509186027524095e-05,5.5621997170170764e-05,2.988015797914341e-06,1.8483511810289316e-05,5.156206116203998e-06,5.643325775374831e-05,1.358136951454504e-05,3.527341818059777e-05,7.907243248356307e-05,5.2355521578701056e-05,5.927743857577769e-06,1.0527932275082214e-05,7.014369231734137e-06,0.0004714630047753383,5.834693484671125e-05,0.0005064935197870015,0.0006345217550210531,0.0010328535513211413,0.00031662373885469485,9.89422547271678e-05,0.0004228322576410695,0.0007075385675340144,0.0006443353963817915,0.0017710315384398259,0.0007886612162245106,0.000169293165267201,0.00020415355082257402,0.00031132743797925006,0.0005654964812351118,0.0004804402826844619,0.0021651221475395086,0.0015074641158220258,0.0004750377880652847,0.000308840719704241,0.00023728577768377488,0.00020727450383123717,0.0009526528065461731,0.0021223205280803906,0.0007853619276177256,0.0003286546605616494,0.00039934991842213377,0.0006485539406118642,0.003135650561476975,0.0015866846001344119,0.0008167521674293434,0.0004495499606520887,0.0007453734513818412,0.0030216102145551563,0.0010659071377721197,0.0007615474118099648,0.0005451602251729079,0.0005871771956758345,0.0016998233835381392,0.002194727958895391,LC_V18_H2p0_T7,0.003135650561476975
10,"(10, 1)",57,1,thin,,K,0.0005994424624637654,0.0003203262413431162,0.0005675221356994298,0.0003155564661910037,6.470055622798514e-05,6.61607127119009e-05,0.0007302718094153799,0.0005718213463274094,0.0001113511265041322,0.0009346732012244402,0.00010230418947665763,0.00019744468346191387,0.00013337993642490497,0.0014835439095973776,0.0006499074887022648,0.00041087370023846397,0.00198514995583049,0.00010626806430176227,0.0006630206533793493,0.0001799741656669153,0.0019009153183201207,0.00045656886600017557,0.0011942837793383703,0.0026612572233371433,0.0017755243216248126,0.00019838745288308917,0.00033946717024933696,0.00020712571303139213,0.013657320069497892,0.0016819167544385018,0.014804585641532293,0.018207245230099697,0.029157940023863377,0.00808529961820264,0.002398118042166959,0.014535868416340015,0.024364619075542972,0.02205740072053878,0.06024344601326087,0.025996427566064028,0.005328037283432634,0.006022442391420757,0.010954754986324838,0.01999741503367652,0.01695666220809598,0.07680060699516053,0.05352037815587899,0.016830793163490555,0.010693395738758316,0.007754156660363071,0.006902151201679671,0.03180085420811835,0.06948722812296086,0.025007410417608875,0.01012868521691607,0.011484715585720546,0.01952477340515323,0.09327830922921436,0.04640078940556358,0.022757644179200974,0.011707757257535733,0.021969974427905877,0.08791564490713538,0.02971652089170606,0.02002839056727918,0.01654225856816918,0.016934033720547005,0.04585003196560188,0.06660171570465177,LC_V18_H2p0_T7,0.09327830922921436
10,"(10, 1)",57,1,thick,,Y,6.828939673794014e-05,6.611697217346168e-06,1.1632044829790394e-05,6.442407574020353e-06,1.3152226630682474e-06,1.3462954925965086e-06,3.074410317741285e-05,2.40850423618983e-05,4.517652403249969e-06,3.837209437183194e-05,4.218435354575871e-06,7.806986545721568e-06,5.329099267945327e-06,0.00015300944876905375,6.71746368552462e-05,4.033562060870816e-05,0.0001968974008887047,1.0771020079820352e-05,6.371445548206697e-05,1.7647483446869748e-05,0.000299186533753053,7.217194314752866e-05,0.00018277784513543116,0.00041317394199315456,0.0002677338095018905,3.097850324809231e-05,5.061810647520063e-05,3.1503932858247503e-05,0.0023169004267268195,0.00028639887858838433,0.0024480764696264137,0.0030406311593264854,0.0047286746750971245,0.0012988061059687353,0.0003934499987185779,0.0017589553160247977,0.0029049285357803834,0.002642769628656243,0.007102809147240087,0.0030412475976716678,0.0006127013812406289,0.0007016533698941175,0.0011991881749323467,0.0021472418789661046,0.0018245464372372159,0.008088560403243421,0.005557916752448846,0.0017090568655019856,0.0010992052680126472,0.0007825544280968568,0.0010055768669830494,0.00458029514598806,0.009911982413016551,0.003535609513238943,0.0014397744450700912,0.0016145064049548868,0.003299290808495303,0.015622308029909916,0.007702853735298679,0.0037604054385248493,0.0019126511685696114,0.004336984293935874,0.017096492529082633,0.005735741274803608,0.0038003985952689426,0.003909021160315276,0.003979052049248734,0.01060206865013635,0.015092412525296337,LC_V20_H2p5_T7,0.017096492529082633
10,"(10, 1)",57,1,thin,,Y,0.0013788710173609844,0.0002592020449189532,0.0004571521004427907,0.00025314507367288895,5.176716891680477e-05,5.266604826068488e-05,0.0010298041730862407,0.0008063601392028849,0.00015251255118514204,0.0012907456972446427,0.0001417229187463597,0.0002648165490124375,0.00018025923632765574,0.004303259949820882,0.0018881739426308709,0.0011451821988190457,0.005577656254074068,0.0003034946620634301,0.0018141844904746834,0.0005002876651427421,0.00783765737387418,0.001890719206907107,0.004802744521163729,0.010842338735987186,0.007022000714650361,0.0008088569862066847,0.0013334327916295391,0.0008281284468638463,0.06123915142141102,0.007566018466989269,0.0650008630304247,0.08066187315114588,0.12586432345640727,0.034641434271899814,0.0104587306870917,0.048180964012323205,0.07974163379779176,0.07247317196139387,0.19511644082532636,0.08370564912838954,0.016926458123006822,0.019358563624172674,0.03341928742610337,0.05999574621455397,0.050935848991290354,0.2262428805304978,0.15552928202583707,0.04796146669164311,0.030809565140713077,0.02201471673126412,0.02654279074489278,0.12108420204029964,0.26237804241896506,0.09373665386359398,0.03818902467385436,0.04292256405970839,0.08318155548051831,0.39466954057020925,0.1950618666915859,0.09540836348181055,0.04863863831646204,0.10397649577453928,0.41061821232729107,0.13792343480876984,0.0916658188918476,0.09382865989287356,0.09568101840386406,0.25541793795299544,0.349500845555165,LC_V20_H2p5_T7,0.41061821232729107
10,"(10, 0)",63,1,thick,,K,7.748871575078731e-05,2.9133594936094684e-06,5.074271717335379e-06,3.815854217741011e-06,7.341471665753812e-07,1.1404027006082408e-06,1.1476040176271194e-05,8.909716871315675e-06,2.3216647620163287e-06,1.8152134279017937e-05,1.897374242058461e-06,5.470186501037663e-06,3.3868512880778284e-06,6.361707016675359e-05,2.7824682286959132e-05,2.0291435679752532e-05,9.699234462525578e-05,5.029160316158784e-06,3.9277672828164335e-05,1.0213911398167563e-05,5.240408940969022e-05,1.2566906328100146e-05,3.8514112111850054e-05,8.54795586019228e-05,7.211415811129868e-05,7.588565402266432e-06,1.7566204953125574e-05,1.0034814167963487e-05,0.0016397688537168394,0.0002020664650013284,0.0018053049449314887,0.00221933836630643,0.0036604088894759247,0.0010513103110540753,0.00030636741541879066,0.0012187546949441537,0.0020977673589318516,0.001885876943779782,0.005375314656012665,0.0024078733137249606,0.0005285598660292053,0.0005759465737919215,0.0007996788556133433,0.0014757071423462912,0.0012422197150416155,0.005755301601576228,0.004090774073385423,0.001345099295791394,0.0008349262724279689,0.0006369900866776696,0.0005304999145099697,0.002513219247034442,0.00569911183594171,0.002202942679805026,0.0008700794486736523,0.001059586996083607,0.0018613566316418115,0.00911720532693508,0.004720140025166239,0.002397342829111637,0.00130380015147854,0.0021611672093934955,0.009013272847962755,0.003116235209932481,0.0022094421252743675,0.0015788411276323683,0.0016601943962496713,0.00478500379597749,0.005480092519086848,LC_V18_H2p0_T7,0.00911720532693508
10,"(10, 0)",63,1,thin,,K,0.001358695586033062,2.7806301661116914e-05,4.96712368020929e-05,3.83510325807091e-05,7.51681824130619e-06,1.2345733768646556e-05,0.00015297333298033632,0.00012037955091776771,2.9060511651464123e-05,0.0002465552251653015,2.6327127182924142e-05,7.352905252912338e-05,4.741694363852452e-05,0.0009398031502826575,0.00041345255843502654,0.0002893900169197237,0.0014253388169773486,7.567038172067319e-05,0.0005757515914385447,0.00015431243286033108,0.0010593568182811956,0.00025587840325243054,0.0007426074278977485,0.0016913744374477855,0.0013479619718383944,0.00015278539462436778,0.0003283506991839774,0.0001969670722149542,0.019389104718725122,0.002394731242856987,0.021295141273176554,0.026392459020521147,0.043579141826881614,0.012752644598500954,0.0037687597866054227,0.017344084169756285,0.02962791649823579,0.026808749588027047,0.07605448657296617,0.03448402329061093,0.007551669281827582,0.00840974501280341,0.01444958281768656,0.026691711021597862,0.02258987473247827,0.10459294085600711,0.07474474889189556,0.02444198789213854,0.015328724042304518,0.011630343430072892,0.010930428164856783,0.05153924776828107,0.11640227968384664,0.044226469795831884,0.01766499659337782,0.02121938910512549,0.032500298450938096,0.16047071836963192,0.08336991239317683,0.042775848050258594,0.023273839341934825,0.039510486741280285,0.16503311330028783,0.057844089413959486,0.04098272666330766,0.03410520382395588,0.036090504830993145,0.10331195160991957,0.1276891216067788,LC_V20_H2p5_T7,0.16503311330028783
10,"(10, 0)",63,1,thick,,Y,0.0007820818345687129,8.802176346043269e-06,1.549065904688026e-05,1.6694249159910514e-05,3.148686486261122e-06,7.295396186654233e-06,6.878559485533703e-05,5.393017043896966e-05,1.570550697958957e-05,0.00013030819662054757,1.3609969199581566e-05,4.7540272108164426e-05,2.962771034182218e-05,0.0006156228104352963,0.00027189258567094347,0.00020088261960775794,0.0009915152087435536,5.2421029005087576e-05,0.0004374248959592644,0.00011588483965261491,0.0007816176660106176,0.00018929194505621947,0.000585502848669156,0.0013296595625423488,0.001145591169718947,0.0001253044578743207,0.0002974293773937423,0.00017479244510904527,0.019393040346846198,0.002395612895711877,0.02143715615697405,0.026558570268352944,0.04427991202690629,0.013101181815996406,0.003857810248255216,0.014401536683806622,0.024816733772530814,0.022387712599354192,0.06432653715377276,0.02951318693187013,0.0066242143032479986,0.0072979733801400385,0.010203799626437932,0.018860501813055663,0.015964777335360777,0.07430777616671376,0.05374509993166423,0.017912610964433976,0.011204417124742473,0.008706769154636432,0.0071960266411794,0.03468921605668888,0.08012207407750302,0.03156661573769243,0.012449786905649247,0.015500845260356905,0.024090307755717556,0.1209005995600245,0.06401609280099169,0.03322470702731983,0.01847910614709591,0.027279250560848282,0.11574472162629423,0.041142863551137145,0.029783395424439803,0.022684912925858117,0.024312601599204033,0.07136440967003163,0.07811724997852776,LC_V18_H2p0_T7,0.1209005995600245
10,"(10, 0)",63,1,thin,,Y,0.018023511455833096,0.0002183691740655662,0.00038528494337037114,0.0004000007020023492,7.57650038799323e-05,0.00016938476196953683,0.0016670249509922468,0.0013077253686133701,0.00037246575408450333,0.0030977351711302787,0.00032461390549353824,0.0011051864627577579,0.000691747281470177,0.01424364759876835,0.006290493709704958,0.004623827319869999,0.02279644931931575,0.001205842365133052,0.009972923618688236,0.0026451137015748158,0.017855603015145705,0.0043239733626889145,0.01329899562153788,0.030235348290680173,0.02586826247346477,0.0028396629758139355,0.006676420072299505,0.00393005169728779,0.42976122501988473,0.05310080087683101,0.47229739120980885,0.5858585723095835,0.9710182760632776,0.2856589225312787,0.08425248850575305,0.3217536312527442,0.5519367256466184,0.4980199948625925,1.4188397562210775,0.6454776540248274,0.14255433921423535,0.15850734637661246,0.22197678575130977,0.40658042561681346,0.3449059641301864,1.588063013752976,1.1373124715848537,0.3724494196813253,0.2342852809933311,0.17838731202446084,0.15674421541556954,0.7514021321343063,1.719925932216437,0.6661403550170548,0.26420194735944164,0.3213386050860283,0.47081152755691597,2.3245089314583383,1.2059048121194573,0.6135315351128583,0.3319533486592046,0.5181698040917136,2.148576875044296,0.7480602690416802,0.5264017224164025,0.4322488004365234,0.45759874101788167,1.3039622558933561,1.403682162995167,LC_V18_H2p0_T7,2.3245089314583383
13,"(13, 1)",34,1,single,,TY,5.484324240006687e-06,2.464415083496019e-07,4.29436275019319e-07,2.5683176518377783e-07,5.161212924462457e-08,5.8863215462183615e-08,1.3264652886950661e-06,1.0352885789932303e-06,2.0427567470614085e-07,1.7077557831099402e-06,1.8593799126883497e-07,3.710741109339764e-07,2.490512286431609e-07,8.3444407665402e-06,3.6613557961071598e-06,2.233053299939929e-06,1.0895458166769823e-05,5.921249708703524e-07,3.6036429663141246e-06,9.914128041720225e-07,1.4627928996915476e-05,3.52548976315291e-06,9.005032354772417e-06,2.0298853568892116e-05,1.3309392668193343e-05,1.5310592860331784e-06,2.5462612529057507e-06,1.5749772532322125e-06,0.0001463548299900308,1.807031622963388e-05,0.0001552096610232758,0.00019247319381354304,0.0003002073378246801,8.237503942862529e-05,2.481210660943663e-05,0.00010614631215415797,0.0001757560356238275,0.00015980575903494862,0.0004311729041493211,0.00018528782867864588,3.748599414839282e-05,4.285420029760075e-05,6.837811555076443e-05,0.00012257285505214488,0.0001041204933664551,0.00046276370615821387,0.00031764867511797657,9.795630373701661e-05,6.271096979560854e-05,4.482278579321154e-05,5.5392025283112905e-05,0.00025229056521037076,0.0005462211171726332,0.00019948382209294895,8.070321483418166e-05,9.145693224855065e-05,0.00019798294760555403,0.000939501981723242,0.0004649700805090746,0.00022734571974531505,0.00011633514933876893,0.00025039652010929033,0.000994935168471114,0.0003339533759173862,0.00022364760051344357,0.00020529428496314942,0.0002093808915468911,0.0005602690748597613,0.0007978554709960916,LC_V20_H2p5_T7,0.000994935168471114
13,"(13, 0)",35,1,single,,TY,5.900790392201723e-05,2.3673917018015435e-07,4.2888223610132703e-07,5.695670396695062e-07,1.2590764504908596e-07,3.678202514747062e-07,1.8456029577937952e-06,1.4604401735086117e-06,4.0714681332255313e-07,3.92461247281756e-06,4.582482890208675e-07,1.5589720484523936e-06,1.1883765734640163e-06,2.120336856901835e-05,9.411903996036392e-06,6.749461209646963e-06,3.441234364084636e-05,1.9850971561044698e-06,1.6566188363866155e-05,4.843838430387477e-06,3.0788603055234903e-05,7.413677266994211e-06,2.1704440767906658e-05,4.9775380213641404e-05,4.1294866201282374e-05,5.1449647895208405e-06,1.1368739616481879e-05,7.485855060335245e-06,0.0006714184552342664,8.313497005022237e-05,0.0007222771268737436,0.0009050165204132923,0.0014789748016577134,0.00044944201089395,0.00013867081606009724,0.0004883920533621928,0.0008303497884951278,0.0007571642657798362,0.0021500709850760407,0.0010140637751368529,0.00022841363947296558,0.0002702649949600013,0.0003099855698210176,0.0005675028064611499,0.00048179516903902136,0.002234152687681942,0.0016521005760193937,0.0005593444975659051,0.00036737033307685494,0.00029720488332707205,0.0002476462390065569,0.0011950670077734524,0.0028133973157252515,0.0011702464541402692,0.00048640200203518537,0.0006290460209847763,0.0008479164068604202,0.004275214600882913,0.0022768579479849737,0.0012432111513057305,0.0007136556552574878,0.0009640833628522697,0.004111504351811868,0.001540723311457061,0.00115300349223031,0.0008178877649417374,0.0009465229860241895,0.0028558805416339953,0.0033837825831685674,LC_V18_H2p0_T7,0.004275214600882913
14,"(14, 0)",43,1,single,,TY,2.802112552209457e-05,6.6205958992478e-07,1.1424368819047313e-06,6.74227653069792e-07,1.362977406946779e-07,1.9457730664232124e-07,4.354571815497272e-06,3.3998782487754884e-06,6.548135606703083e-07,5.51312538627278e-06,6.093836713942318e-07,1.1969626510720311e-06,9.312947789699081e-07,3.898878371681956e-05,1.7108859270376104e-05,1.0235476989737257e-05,4.9987392478613426e-05,2.732251801259003e-06,1.6257684927773075e-05,4.531054946292405e-06,8.918095449987725e-05,2.150813696244102e-05,5.400474914248884e-05,0.00012278806385057652,7.947958396385582e-05,1.0153283102549156e-05,1.6289332684867996e-05,1.1243046955418414e-05,0.0008152767310762133,0.00010095192950438487,0.0008581574816619005,0.0010722836092869616,0.0016670761052813752,0.00047481774577041075,0.00015015837315020093,0.0007204346404377899,0.0011899907864679935,0.001084799978095497,0.0029159435446049924,0.001277261799077015,0.0002607343030960076,0.0003146087215182955,0.0003817487566531469,0.0006808378469010352,0.0005792796240026447,0.002562743502895485,0.001790170765755661,0.0005566308484648143,0.00037533111272446243,0.0002773456484256351,0.00028850274227561873,0.0013113736319202477,0.0028623907296936005,0.0010308222844076938,0.0004292575122978571,0.0005020725271221592,0.0010011815601337678,0.004736651524871558,0.0023371256775161506,0.0011853339364328553,0.0006230486873886208,0.0013198141123618597,0.005216591127879655,0.0017651000662648431,0.0011862589905067401,0.0010906824642350733,0.0011355502579997348,0.0030964678344600942,0.004386465370630904,LC_V20_H2p5_T7,0.005216591127879655
14,"(14, 1)",51,1,single,,TY,0.00038059649713638574,2.534556090256521e-06,4.5518282328531774e-06,5.672396979816594e-06,1.1779483116016564e-06,3.1958416082162066e-06,1.8731526772087665e-05,1.475356293519603e-05,4.2425056910620435e-06,3.869876554264479e-05,4.312004544359263e-06,1.508180219810921e-05,1.0615302884772231e-05,0.00018520178039841312,8.2018302511933e-05,6.092856606359727e-05,0.0003084655307681369,1.713017951205274e-05,0.00014818975608858217,4.151089538811199e-05,0.00022335282496947786,5.3951953868468166e-05,0.0001643413814355497,0.0003780540785359723,0.0003295936250049607,3.8750116183248745e-05,9.162536711189907e-05,5.7170146866412095e-05,0.005478405529227063,0.0006781832732554018,0.005945358179674595,0.007431479891826539,0.012283020562344255,0.003737592849597828,0.0011297893738509974,0.00398436965685575,0.006826838454270308,0.00620223844270214,0.017774985635456746,0.008374674209850275,0.0019004305241442463,0.002193693404520876,0.0024365810868383565,0.00448734783996676,0.003803110470343276,0.017775123645692517,0.013197220294332585,0.0045036446982214245,0.002899061331577164,0.002356670082493768,0.0018838502700650873,0.009193968123247975,0.02173141765972059,0.008726191162321607,0.0035210773789846697,0.004530889279173131,0.0064533858245978525,0.032463602292983354,0.01734752012737556,0.009283604720482069,0.0053030279191884685,0.007247951958907249,0.031001116491467,0.011390328759849919,0.008493997681764842,0.005837114450234582,0.00662986448202144,0.02000192347875678,0.02274461910852134,LC_V18_H2p0_T7,0.032463602292983354
15,"(15, 1)",42,2,thick,,K,5.021430174303505e-05,1.4075422418613633e-05,2.4843960934689668e-05,1.4336747564228455e-05,2.9239966171514493e-06,3.1926860354792836e-06,3.691154654840696e-05,2.8898534214200715e-05,5.805626469645029e-06,4.8789656389390835e-05,5.332051486814725e-06,1.0873199325290259e-05,7.356117543715307e-06,8.54932727304085e-05,3.73869680483136e-05,2.428797737133442e-05,0.00011685063358543112,6.2516390119939785e-06,4.0867288061739664e-05,1.1149267392068104e-05,0.00012537028417097603,3.006497221670908e-05,8.012474195980679e-05,0.00017847840467263612,0.00012240841229009102,1.3655377558740535e-05,2.4166656138561234e-05,1.4684395046187307e-05,0.000836921656300987,0.00010337568320217024,0.0009021802041101296,0.0011201946316868525,0.0017977249888139078,0.0005100534125898134,0.00015270873829423205,0.0010066288169592744,0.0016981117809051725,0.0015408217006789076,0.00425318314579573,0.0018776558081204072,0.0003927020328770995,0.0004490743253987653,0.0007479321318445448,0.001358965626764207,0.0011542924452649882,0.005229929033770702,0.0036578357094695967,0.0011568634313678366,0.0007367499373124887,0.0005416591138426732,0.000561639878586642,0.0026011027805220794,0.005749083296039709,0.002125580031506002,0.0008635213678211603,0.0010007268580667745,0.0015605806435299897,0.00758582407337139,0.003856148954419359,0.0019376091183737343,0.0010234596748447966,0.0019454146701178602,0.007895675892689679,0.0027166842235642205,0.0018652079803746762,0.0016653894252664783,0.0017463780716938076,0.004811791424303238,0.006330995347862693,LC_V20_H2p5_T7,0.007895675892689679
15,"(15, 1)",42,2,thin,,K,0.0016287053552584416,0.0005114401433698202,0.0009026220339766747,0.0005211754355161842,0.00010634203708982629,0.00011613908921405388,0.0012449503223337446,0.0009749553424441802,0.00019623793926631684,0.0016500137763446074,0.0001803865010948547,0.0003679907843888122,0.00024926237825533107,0.002633080432630348,0.0011500804711686086,0.0007541558279238089,0.0036243267628589225,0.00019373465872741513,0.001278139518042578,0.00034861693891312845,0.0036183004366719014,0.0008685671779324191,0.0023303178196120338,0.005183774318411652,0.0036021700341597007,0.0004014103422575534,0.0007191826862561599,0.0004363437583106865,0.024627992828153047,0.0030402876779103217,0.0266471750435245,0.033040034865772665,0.05316642923141238,0.015135495184750495,0.00452689676922437,0.03053238731475559,0.05158876182328408,0.04681119076898712,0.12950326349307478,0.05725301719105019,0.012019915181617484,0.013720847893128574,0.022779835457394374,0.041612481442884694,0.03531158403652477,0.16066108841108076,0.11253939259976514,0.035730267728144534,0.02272658897958007,0.016770602650963008,0.01625110401176185,0.07539021667690618,0.1672398616884769,0.06213532825281918,0.02523928986835524,0.02940720717799762,0.04430826234124849,0.21633149942441307,0.11023885903244486,0.05557017912754274,0.029459356759730184,0.054457602737011584,0.2215057599363402,0.07625499426974461,0.05251532895377955,0.0454688537441312,0.04782319797993209,0.13215991008952152,0.1712998081096961,LC_V20_H2p5_T7,0.2215057599363402
15,"(15, 1)",42,2,thick,,Y,0.0002444860272334937,3.6296507858286105e-05,6.394886595997345e-05,3.694647727276118e-05,7.504199246921639e-06,8.172946477504221e-06,0.00014323338234819669,0.00011198968696265382,2.2113502925063645e-05,0.00018670880785261385,2.0419292270627377e-05,4.081047531440168e-05,2.7659299051907912e-05,0.0005506886144210963,0.00024109878051042046,0.00014999444009384337,0.0007273144061681535,3.925472056820888e-05,0.00024371071055001846,6.686881519851356e-05,0.0010544163272339572,0.0002535418162672482,0.0006502470634411387,0.0014606448776315873,0.0009572878387611395,0.00010835221503037971,0.00018115972746319257,0.0001110343034718542,0.006793283770990694,0.0008402701486062398,0.007210007418443881,0.00897310134605409,0.014103298612747516,0.003927063066388761,0.0011817452440537174,0.006778535488675808,0.0113178729222218,0.010282016522284878,0.027984492990914003,0.012140725162914314,0.0024849019582045004,0.002845607906320965,0.004943579163121878,0.008861895620837092,0.007528160551878724,0.033497866856616494,0.023046791496670743,0.0071435980597493705,0.0045811452868875354,0.0032935907037562116,0.004426233577564719,0.020278813626749027,0.04424051872063259,0.016026017621026616,0.006513903430577515,0.00740261812151644,0.012926674382505636,0.062015861934294814,0.031007535623282116,0.015302132296068067,0.007916635526595162,0.017109492241296858,0.06812124727177243,0.0230359765056515,0.015468095709439723,0.016067665470051774,0.01661694551557032,0.04494683768507246,0.0616466502511046,LC_V20_H2p5_T7,0.06812124727177243
15,"(15, 1)",42,2,thin,,Y,0.007098885489501204,0.00121692028172099,0.0021458156412656544,0.0012386906434585826,0.0002519822903274016,0.00027443455797531395,0.004382491407048733,0.003425706415908486,0.0006798705061280941,0.005735579387868631,0.0006275681680377311,0.0012597413392214252,0.0008538546584904115,0.015087872425701214,0.006601063180629441,0.004145045832405342,0.020067149843717987,0.0010793931050053346,0.006785179654082195,0.0018541976413783755,0.0275076682859569,0.006615192549438847,0.017048684654005598,0.03825681203544639,0.02524943065836868,0.002848070133706724,0.004812555012358904,0.002948761704552663,0.17780805987605497,0.021982562482886832,0.18904858220882803,0.23522231592246504,0.37137768016148054,0.10379904165689291,0.031207591301432316,0.1797410549123924,0.30046001271323636,0.2727822031675554,0.7434717189613095,0.3236028051780286,0.06647948353032941,0.07607714446341461,0.12698390150604844,0.22802151936622786,0.19367579764670897,0.8630361932492892,0.5945152188777394,0.18464880633889275,0.11817397516509709,0.08493619241155656,0.10596157399555793,0.48707910865462983,1.0654248321566029,0.3875032890140456,0.15757883833571681,0.1796019196477172,0.2974777874325585,1.430064236864882,0.7155065763184335,0.35374187592961426,0.1830061409105345,0.37431698928901336,1.4963747841406654,0.5079678531823564,0.3418706975238925,0.34489597785403026,0.356017492770795,0.963198744609659,1.2244054942157143,LC_V20_H2p5_T7,1.4963747841406654
15,"(15, 0)",50,2,thick,,K,0.00013421234923896523,3.1430471231418227e-06,5.533806694980103e-06,4.283784741672412e-06,8.557156915631573e-07,1.4385443973169981e-06,1.6215628499369017e-05,1.2641229370197176e-05,3.1417708214587146e-06,2.6191304800162974e-05,2.8291297303817186e-06,7.85799456037552e-06,5.222291210856001e-06,9.036722001406565e-05,3.9667113557099635e-05,2.8558157903416383e-05,0.00013983369284123668,7.463427347367393e-06,5.888102738717154e-05,1.5884746636771096e-05,0.00010184192555396584,2.4353394533587876e-05,7.266327698167417e-05,0.00016239124011136074,0.00013167174070578504,1.4314805931286738e-05,3.1890369584844765e-05,1.8961239472812494e-05,0.002014705436552507,0.0002491217471897456,0.0021850699888530806,0.002717218173557098,0.004450869906426041,0.0013090505977654111,0.00038912837889362874,0.001625393386417957,0.0027862570178270305,0.002524464836318271,0.007169074590034346,0.003273749056639145,0.0007212367399691113,0.000814446037795154,0.0011075934385223062,0.0020318084751544067,0.00172120414447985,0.007953150941800517,0.005727191356368924,0.0018930308743393567,0.0011979782459699666,0.000925876360371754,0.0008510402098192124,0.004055671707484494,0.009279739356375763,0.003582355321259247,0.0014337719928953889,0.0017589889882279656,0.0027518246020317434,0.013630551082127195,0.007125841906261503,0.0036785235490311417,0.0020279847586021824,0.0032439939061131174,0.01356462777864232,0.004808164366710654,0.003447147293431871,0.002712292384648723,0.0029319563377281825,0.008455833369035617,0.010182968696825091,LC_V18_H2p0_T7,0.013630551082127195
15,"(15, 0)",50,2,thin,,K,0.0020773219168351434,1.642440241531888e-05,2.9601822226502003e-05,2.7582583740051432e-05,5.6280459181841425e-06,1.1715751373570429e-05,6.575845625358707e-05,5.1234614133248505e-05,1.3765656921797888e-05,0.00011881513760827972,1.3017365948806174e-05,4.3070281554250494e-05,2.955122313115394e-05,0.0005917598736960199,0.00026136151886556016,0.00019113691418394605,0.000956525516710525,5.2197120448611515e-05,0.000434926918157544,0.00011944700957118608,0.0007370519745085944,0.00017702917949525434,0.0005144604159662361,0.0011705834906621017,0.0009592008420934987,0.00011415311716685798,0.0002552490178354439,0.0001610118732142648,0.014725472936056102,0.0018225067046602668,0.0159609794256166,0.019919038442903058,0.032843504654928725,0.00989119848419717,0.002985886261062399,0.011872388483764474,0.020263352114760762,0.018487348847793163,0.052762171684237386,0.024744322307800624,0.005544287775288353,0.006412259315257863,0.00912970605917963,0.016803854811949365,0.014272399504423477,0.0662698171976899,0.048587329636229915,0.016273587748329293,0.010443949084370924,0.00825826818961978,0.00854598920412542,0.04055725762035091,0.09398569340625705,0.03632297195315273,0.015033720476257322,0.01859400477870778,0.025321423611793927,0.12653373298581047,0.06635175193677005,0.03509194368154104,0.01954039233440307,0.03334706672421372,0.13999594782356745,0.050567046613267046,0.0365469892481842,0.030813006011288557,0.03410814926063758,0.09937451306762253,0.13750314816512416,LC_V20_H2p5_T7,0.13999594782356745
15,"(15, 0)",50,2,thick,,Y,0.001992175450140576,1.1095260700456123e-05,2.004793357524594e-05,2.6222535700304114e-05,5.345319316357948e-06,1.5080806602097664e-05,8.439109618284034e-05,6.652175328248968e-05,1.955413618575133e-05,0.0001786126616821783,1.9842065561013328e-05,7.106339136205879e-05,4.975951871718787e-05,0.0009101577471404132,0.00040345793990320043,0.0003011664071043683,0.0015249441881789482,8.428580065609512e-05,0.0007349162844595821,0.00020424405818387836,0.0012591117129865928,0.00030294392468789257,0.0009028827259962471,0.0020662682789449474,0.0017601885275468831,0.00020667805177869647,0.0004822170791169516,0.00030021565710791804,0.02625186761702396,0.003250408871050566,0.028521772889194563,0.03569850537945904,0.05918530249274181,0.01807244414326649,0.005457099335953011,0.01983404715053589,0.03398569091584891,0.030955878427980425,0.08873354566324532,0.042049474376439966,0.009539837858497305,0.011050731832780084,0.013591109670119209,0.02506178451048984,0.021267095721869293,0.09936260600903796,0.07337810062842536,0.024914362626497585,0.01601033595896509,0.012887760932550974,0.011451256745302592,0.05517382707630895,0.1299126867953851,0.05130474009464054,0.021055864894320247,0.02674409427684024,0.035912901673647406,0.180778022762821,0.09603313259249827,0.05147850894540553,0.029216885228949413,0.04289341230166728,0.18254424629521065,0.06689245279314253,0.04930484307741366,0.038492469496268264,0.04343131964670285,0.12913102275835509,0.15565797104867415,LC_V20_H2p5_T7,0.18254424629521065
15,"(15, 0)",50,2,thin,,Y,0.04481457582420421,0.0002544901450748493,0.0004605189946251447,0.0005873893052931689,0.00012008751384231106,0.00033157566607180705,0.0018634220384415898,0.0014675994962975972,0.0004299742106773429,0.003905580531118646,0.00043326605685102266,0.0015430775973003204,0.0010791009353863952,0.019829991533561072,0.008786746622470231,0.006550814210870191,0.03312799271493199,0.001828965239005686,0.015903427175326328,0.00441444818601311,0.0272664589487988,0.0065560515545079355,0.01948572557286219,0.04459454878933147,0.03785492691966163,0.004446955382425564,0.010355731523417505,0.0064506067656221276,0.5619002132680165,0.06958873107859802,0.6100812311765799,0.7633422050117452,1.2617459275423326,0.38121040806203893,0.11494038751272836,0.42390657436509555,0.7229959079752132,0.6592824141671378,1.8772818416866048,0.8789356242495746,0.1963131104811153,0.2257923887110398,0.28023668798270357,0.5129089465698496,0.43666328529211773,2.017796756264578,1.4772870425791367,0.4905805222631461,0.3154026750184384,0.24631247351025098,0.22606409139659428,1.079382003119028,2.503295366213165,0.9686871269500631,0.3957266273001669,0.48652774933648985,0.6442775960256681,3.1978608261671226,1.657642468608837,0.8610109073683057,0.4681020832646462,0.7366583938870871,3.0535805590450824,1.080683681410887,0.7621043416126702,0.6478899299101384,0.7001456902407024,1.9957865197722044,2.248132254442523,LC_V18_H2p0_T7,3.1978608261671226
15,"(15, 1)",59,1,thick,,K,7.596311677829753e-05,7.614903433219245e-06,1.3432382396197733e-05,7.635610594597569e-06,1.5582725969372342e-06,1.716303627097039e-06,1.8041810179287074e-05,1.410979007743184e-05,2.7987432468355878e-06,2.3325088228986665e-05,2.5438151721651978e-06,5.0974749960199055e-06,3.4902409048661155e-06,3.6158703724098724e-05,1.576379761510185e-05,1.0211719593880196e-05,4.934794241992299e-05,2.7505101721864055e-06,1.945124684813022e-05,5.742882291945644e-06,5.378722832071329e-05,1.2885347432584985e-05,3.4010633660771784e-05,7.54912372950847e-05,5.12842334566598e-05,5.92819723156564e-06,1.154951356249637e-05,7.83610752931809e-06,0.00038059925799861284,4.730242875266325e-05,0.000410511010133673,0.0005197842740024052,0.0008560148002121137,0.00026683119293367363,8.326451430933704e-05,0.0004236378935361609,0.0007151691550454857,0.0006562343877544042,0.0018500942732474687,0.0008759267600394648,0.00019435303709368346,0.00023353679294547334,0.000318855184251477,0.0005790481279459709,0.000491673515719594,0.0022440813960092256,0.0016467170964541583,0.0005458882421859095,0.0003642764824393047,0.00028781833593770486,0.00025712526129026663,0.0012135847469051501,0.0028385757591980936,0.001080590263991291,0.0004586765558573101,0.0005699032014546274,0.0007252597030857721,0.0036867059787477705,0.0019350787381874775,0.0010474051358885044,0.0005850803133220192,0.0009535389229378351,0.003985845257284498,0.001478289588437017,0.0010742512870854028,0.0008305925159942429,0.0009385913475883703,0.002754496485701676,0.0036712629090506843,LC_V20_H2p5_T7,0.003985845257284498
15,"(15, 1)",59,1,thin,,K,0.0007338483091360338,0.00033089163724691457,0.0005835083744065311,0.0003298481786000429,6.714576899701365e-05,7.033074215805577e-05,0.0007130842216780312,0.0005575379079265414,0.0001107715409107763,0.0009223472592372936,0.00010051889011477635,0.00019842544555855225,0.0001331152178488437,0.0012678751587149209,0.0005522122568774873,0.0003607967389738223,0.0017156604795546696,9.078400508023673e-05,0.0005792979654808268,0.00015617586814367784,0.0017465024268464768,0.0004184485090808698,0.0011142533421884945,0.0024649833792322415,0.0016766630839957445,0.00018386099386886976,0.00032110844370473454,0.00019238047439821315,0.010313556552474979,0.0012720487124142806,0.011135422411376536,0.013742381067656023,0.021903628177028477,0.006109671172472306,0.001815910009039468,0.013863760564897661,0.023392313816749933,0.02115068723401934,0.05812448880029281,0.02524942810503465,0.005212271232037101,0.00589345511460432,0.010532257446795933,0.019229316596625357,0.016301773720588844,0.07390808308686311,0.05135481907050748,0.016161502383469292,0.010209452799891319,0.007419839600791434,0.006939109973556283,0.032147164930244686,0.0706025049544998,0.025891890790250335,0.01043621822641533,0.011992293976257356,0.018927243712678146,0.09102840921235834,0.04584401682935745,0.022681153675343055,0.011850782524493304,0.022216640766402996,0.08997021130667161,0.030642200896932596,0.02088401982198831,0.017639724111367574,0.018319091462807077,0.05018512192117085,0.06625385726759098,LC_V18_H2p0_T7,0.09102840921235834
15,"(15, 1)",59,1,thick,,Y,7.596311677829753e-05,6.5775706520414286e-06,1.1548186511801907e-05,6.5795754458720546e-06,1.3336444207713457e-06,1.43485709607997e-06,3.12455425883473e-05,2.4439292309169756e-05,4.7397429003330355e-06,4.0091981731693504e-05,4.38483347899922e-06,8.516425168936592e-06,5.770883444322888e-06,0.0001416498377763361,6.201127986350078e-05,3.773973787999936e-05,0.0001829846807924118,9.924001488236089e-06,5.9364491081261284e-05,1.6374341371373693e-05,0.00030971708661046786,7.448829063773443e-05,0.00018801576805941602,0.0004232465266651381,0.00027216732280737287,3.0983054664016245e-05,5.04700352147356e-05,3.1048559637217466e-05,0.0017523235939436986,0.0002169899078474207,0.0018564155243493763,0.00231390239098515,0.003610545081410892,0.0009956614271483775,0.0003004467891950813,0.0017062839340430901,0.002833037620013629,0.0025757085867566484,0.0069483068416702366,0.0029758797301146383,0.0005993855175855489,0.0006887280003634413,0.0012368694327569082,0.0022106758402104095,0.0018765331155583828,0.00829539222964657,0.005680281080542953,0.001746178600481529,0.0011207035210538878,0.0007975345392126238,0.001141284843556316,0.005221269329503533,0.011339656609222721,0.004051293573888412,0.0016471393662184225,0.001853220169168429,0.0033679818025948507,0.01609676508938842,0.007981520185720842,0.003919835457794807,0.0020105715475884646,0.0045235070936085016,0.017909795466369425,0.006027616287122144,0.004014447419194567,0.004382827130887004,0.004510695324095781,0.012140363783015003,0.016656193523619627,LC_V20_H2p5_T7,0.017909795466369425
15,"(15, 1)",59,1,thin,,Y,0.0015238329735426256,0.0002605372726631023,0.00045820184758298864,0.00026047364807789614,5.288839232927331e-05,5.597323846096974e-05,0.0010439379199539192,0.0008165409872986658,0.00015942192924817348,0.001342628686430266,0.000146716889524752,0.00028642615904801526,0.00019367011628613467,0.0039307734016565,0.0017191577761498829,0.0010583737199307039,0.005111209552773993,0.00027602022530174447,0.0016735312401078535,0.00045973797597926355,0.007992517808866477,0.0019233831000013287,0.004886761265754884,0.010984811443122603,0.007116441270846341,0.0008060835233233263,0.0013260434060098196,0.000812894127002277,0.04514052278000729,0.005589123416904573,0.047854666708249935,0.05957959451398215,0.09328313681455172,0.02576685288771656,0.007743600671305248,0.046417157640289364,0.07739497987894639,0.07025231944218797,0.19035650564620965,0.08182085368733977,0.016630363419071283,0.01906324792852436,0.03414873529115972,0.061071535539785074,0.05183478400369408,0.23006894962330146,0.15793708682456822,0.04870403366084116,0.031198934352044138,0.022287086142213128,0.029854151931689433,0.13695461967675518,0.29816182625450605,0.10699320579735531,0.04338267026563981,0.0489646507272346,0.08392319761679856,0.4025881825754514,0.20048280878828276,0.09882395246232586,0.05088880833638318,0.10996999628503458,0.4375775651371263,0.14789943404735076,0.09895939405616805,0.10458479577819008,0.10776453935404533,0.2901834721338102,0.38331388012783196,LC_V20_H2p5_T7,0.4375775651371263
15,"(15, 0)",67,1,thick,,K,7.055462606115611e-05,2.4140187212146184e-06,4.210730449097813e-06,3.0891723003881426e-06,5.971544205995512e-07,9.159379361317081e-07,9.249403319285429e-06,7.146513002617306e-06,1.9040155161592361e-06,1.4790463322135174e-05,1.533951457525827e-06,4.526520949883492e-06,2.793070606663106e-06,4.363025079953888e-05,1.8994906201153567e-05,1.4709588118349078e-05,6.996024863279603e-05,3.5369140773083934e-06,2.9445053734359735e-05,7.552103747293378e-06,3.952991591365895e-05,9.448364709058147e-06,2.9540220094434965e-05,6.510521970007048e-05,5.625939642540589e-05,5.684479619433987e-06,1.3851573640275589e-05,7.694938223323308e-06,0.0009068353770309545,0.00011202247115136333,0.0009992060351018128,0.0012355757399174227,0.0020636949787147473,0.0006058332825151403,0.00017555610409694452,0.0007779497427446141,0.0013512660641159474,0.0012155496687831842,0.0035079705115882327,0.0015939966422392022,0.0003559539792913469,0.0003885080930196955,0.0005523299501893204,0.0010243222302363181,0.0008633252102840384,0.004032264006548522,0.0028941840115186525,0.0009666262810965135,0.0005952999473562197,0.00046083247329432994,0.00041684823903479965,0.0020031550976496696,0.004571568284160714,0.0018205601547287514,0.0007039998253474294,0.0008700413627648784,0.0013141883766704951,0.006530540294383195,0.0034678132703904008,0.0017663320835747173,0.0009830858677285041,0.0015902355104431998,0.006722124952993489,0.0023313992895142607,0.0016798596250440162,0.0012732503083956734,0.0013493227080987953,0.003915243827324653,0.004592353706877041,LC_V20_H2p5_T7,0.006722124952993489
15,"(15, 0)",67,1,thin,,K,0.001756536077554093,3.7513762411307594e-05,6.515539044701789e-05,5.1911190772340374e-05,9.985598195230033e-06,1.645377874886808e-05,0.00012745701078744674,9.939444364134864e-05,2.5288356952034255e-05,0.00020695334878057523,2.1867029301007525e-05,6.296592207365673e-05,4.012230781043771e-05,0.0007685447778985312,0.00033702230361071906,0.00024723023399905535,0.0012084078071145348,6.29228444851826e-05,0.0005067817093935632,0.00013288716143218396,0.000657555505523968,0.00015878652726574404,0.0004853275336896393,0.0010965625852268149,0.0009425401292608113,9.849924318765755e-05,0.00023518353380089764,0.00013384594923321477,0.01648907566642442,0.00203931778431899,0.0179608053657494,0.022339525130882016,0.03677387109580593,0.010774796948310045,0.0031676548947009537,0.01414080357954883,0.0241135430786494,0.021906869255027175,0.06216465453674841,0.028302876898112412,0.006207912135987631,0.006947194802863872,0.009529831859242178,0.01757608868475714,0.01490192725722634,0.06938023234850449,0.050204041321082644,0.016698015402758788,0.01044794415707226,0.008088407069413371,0.007269737593561518,0.03510736106588391,0.08053705008381556,0.031272552124230156,0.012206157727175274,0.0150212173785243,0.023590106528727832,0.11653968955109031,0.06149529995351735,0.03129852857625082,0.01725254692322162,0.02825523228424553,0.11899870570728795,0.041406076134777994,0.02963285922025883,0.020815616101767492,0.022342072264396447,0.06481459657848766,0.07936288527484583,LC_V20_H2p5_T7,0.11899870570728795
15,"(15, 0)",67,1,thick,,Y,0.0008392382627488334,1.0964862103704844e-05,1.9234772531200664e-05,2.0213279618451153e-05,3.8066128257181513e-06,8.555233527726257e-06,7.117049973332369e-05,5.5204182487840555e-05,1.6206058326254146e-05,0.00013121905528013197,1.3737728061934587e-05,4.7136902220489715e-05,2.9481854457676686e-05,0.000563588781097964,0.0002478722340185713,0.00019284167996319696,0.0009479095893931256,4.8752162601809225e-05,0.0004288704963861072,0.0001114439151786296,0.0006431456546729774,0.00015469970911166056,0.0004887475090889603,0.00110163653145444,0.0009788679785755294,0.000102051468812248,0.0002532651417085016,0.00014427812477484916,0.01451971720616989,0.001795002761731277,0.015929786587066615,0.019830663239018515,0.03315157115109927,0.009921208508783036,0.002905880946308828,0.011166879351721403,0.019272185793636314,0.01745831063944394,0.05033270549305427,0.023314326355192625,0.005278566735125062,0.005840964615876849,0.007219685274196518,0.01343720189241365,0.011358039652384246,0.053554297242467144,0.03915555957660242,0.013313283760397683,0.008262628137149175,0.006567066689359484,0.005535052173472125,0.027083313885865015,0.06317475144721285,0.025188191969195257,0.009799271877778954,0.012385932866445045,0.018588551880759273,0.09293960483250968,0.04984611391475429,0.025734768168860018,0.014506203308304834,0.021300105137325095,0.09093783239513632,0.03220580548861409,0.023630567107486077,0.017327271226411717,0.018890571144187095,0.05584545583636517,0.06271492106611559,LC_V18_H2p0_T7,0.09293960483250968
15,"(15, 0)",67,1,thin,,Y,0.019736775910261593,0.0002775002911502958,0.0004862041937967216,0.0004934163889412844,9.312384295575508e-05,0.00020158488282392528,0.0016890701231627022,0.0013109661754974525,0.00037865851667605516,0.0030665144505029316,0.0003211846070292491,0.0010824432998875991,0.0006784761304755994,0.012927797474854787,0.005685523218627717,0.004393949391099295,0.021605544346401113,0.0011122434991893122,0.009694894243476488,0.002518834361674274,0.014317186353645947,0.003445544345822394,0.01086339730639464,0.024514282527209486,0.021722958683108497,0.0022633830776313457,0.005603484534854635,0.003190225151185732,0.3278751866906963,0.04052688718610324,0.3590421462764272,0.4466718437449152,0.744367918179366,0.2217519844201021,0.06511232687383123,0.25340577195733055,0.43656855931015265,0.3955655524099206,1.1341275647487925,0.5218305828500301,0.11686294846401786,0.12968991637659172,0.15737130865374138,0.2908245518079732,0.24639039631916576,1.150776124547268,0.8372158604005258,0.28132595129709415,0.17539198318421487,0.13732468338759063,0.11979296215157823,0.5803662824638188,1.3391394606650753,0.523109119977599,0.20576082157551925,0.2544613443326079,0.3626765347865045,1.7934797554792627,0.9402116618607368,0.4788865514058526,0.2617284700221991,0.4078820443116603,1.7103727936084843,0.5957303126433393,0.424252685045463,0.32660088882613575,0.34909248567382867,1.0072981528002354,1.1022691585916982,LC_V18_H2p0_T7,1.7934797554792627
18,"(18, 1)",35,2,single,,TY,4.387481860647121e-05,2.4217198306135245e-07,4.3781994783685416e-07,5.796286369466762e-07,1.276404871475285e-07,3.7490998826712954e-07,1.8544263036235111e-06,1.465918254922415e-06,4.124617379175675e-07,4.018943904698994e-06,4.696496600180334e-07,1.610408302309463e-06,1.2255422433786858e-06,2.119765452149261e-05,9.413287067081641e-06,6.829535965949404e-06,3.4880554049150286e-05,2.0114084773809857e-06,1.707563616008815e-05,4.975871689873534e-06,3.131457297371556e-05,7.531021495415318e-06,2.2177337513080402e-05,5.074834473497107e-05,4.244671411383927e-05,5.266275561015971e-06,1.1754083593263841e-05,7.728645266662491e-06,0.0006583894189544855,8.155777844534499e-05,0.0007112012860807418,0.0008915480953331348,0.0014621829362509895,0.0004472524081451623,0.0001379215717195994,0.0004969850755283303,0.0008476838444443518,0.0007719182127645733,0.002199085047643995,0.0010414195921666855,0.00023563150472368554,0.0002786201523985102,0.00032792058947797944,0.0006000904584892624,0.0005091724173572459,0.0023579480757177874,0.0017449474455085508,0.0005905857044589585,0.0003895096811956265,0.0003159156812318112,0.0002693698212611535,0.00129679827704696,0.0030505752943550276,0.0011435433588304037,0.0004756086698545676,0.0006043351773399897,0.0008203690499850639,0.004106942073534375,0.0021631027468912963,0.001168626845793832,0.0006618851771278205,0.0009549613971226508,0.004031534621577661,0.0014903635504347587,0.0010988644044586575,0.0008311774135310586,0.0009499039907951961,0.002819686521037501,0.0034028076321230413,LC_V18_H2p0_T7,0.004106942073534375
18,"(18, 0)",36,1,single,,TY,4.3194815287771415e-06,2.2494441968484047e-07,3.96506360333783e-07,2.3103849833131338e-07,4.683802831496833e-08,5.176837127107664e-08,1.3554960405520673e-06,1.0597789043393535e-06,2.0836182775418821e-07,1.753934882153649e-06,1.9189804822544568e-07,3.7966312017010384e-07,2.566845200468858e-07,8.296662267373601e-06,3.641729919298687e-06,2.2043538529860496e-06,1.0761031767292775e-05,5.844367371245585e-07,3.536460053347623e-06,9.731728456838897e-07,1.6248598093283888e-05,3.908904702122853e-06,9.95013699909307e-06,2.23671576536527e-05,1.4493094345996178e-05,1.6614023187861768e-06,2.7238056539348086e-06,1.6887706968412857e-06,0.00012550935623037614,1.551565234225583e-05,0.00013313700191896731,0.0001653739892521706,0.0002583318969159347,7.104451379877992e-05,2.146828819073003e-05,0.00010574355749016526,0.00017552962888403334,0.00015964791025649015,0.00043137821137409043,0.0001855844168866367,3.760243032786584e-05,4.306978877570978e-05,7.652175235343595e-05,0.00013791958769744064,0.00011697065282500716,0.0005213708896513322,0.00035804460524158397,0.0001105968243634908,7.061777462582441e-05,5.048069144932842e-05,6.860199390053563e-05,0.000312141226023774,0.0006751474799993405,0.00024384340684483833,9.859249930531811e-05,0.00011136890149751976,0.0002131448734757604,0.0010140344045082975,0.0005019763704799677,0.0002468761104697436,0.00012670310452098834,0.00027911165285630674,0.0011075496455697624,0.00037483894596000125,0.0002508085710798136,0.0002474572685430351,0.0002528836074321838,0.0006777827288827938,0.0008924148275858411,LC_V20_H2p5_T7,0.0011075496455697624
19,"(19, 1)",39,1,single,,TY,2.0755430870164285e-05,5.60519597719935e-07,9.84197687683857e-07,5.651862862498031e-07,1.1412805060998483e-07,1.3891403668637536e-07,5.042527442780642e-06,3.943085472073854e-06,7.578483169513379e-07,6.40098745911353e-06,6.994754615229382e-07,1.3455980536894318e-06,9.423706717232869e-07,3.965072800258261e-05,1.7407852765550033e-05,1.0353765775914743e-05,5.060843962080004e-05,2.7583840931183105e-06,1.633033561907952e-05,4.545881961292968e-06,9.3145914643252e-05,2.244298373248025e-05,5.627778070905245e-05,0.00012774887781953674,8.195022471102159e-05,1.0501399316826196e-05,1.6779749590451074e-05,1.1596899091806513e-05,0.0006837293176571339,8.462000292699879e-05,0.0007196302693933425,0.000899159275528941,0.001397400532054782,0.0003989323569479687,0.00012624014915811924,0.0006560803603714905,0.0010837529045175135,0.0009887445307110952,0.0026608109853085015,0.0011710423363051686,0.0002401958964540884,0.0002911972344398802,0.0003799814305284269,0.0006796362055313011,0.0005789888378676623,0.0025673354402970714,0.0017891254424208963,0.0005573577256718534,0.0003753869613315087,0.0002781069390156586,0.00033553092477860933,0.001518021752030279,0.003272485060984372,0.0011706543603424205,0.000479758473066217,0.0005478127076877307,0.0010785889801474108,0.005100307311945143,0.0025078590236963677,0.00124241497596573,0.0006399077737415196,0.0014766291926369406,0.005820971256272466,0.001954285470369016,0.0013064708169395832,0.0012964654072000648,0.0013240814611495861,0.0035454353096695474,0.0047512483797867424,LC_V20_H2p5_T7,0.005820971256272466
19,"(19, 0)",49,1,single,,TY,0.0003524782255310857,2.5874606396003806e-06,4.640814870705969e-06,5.617822437094248e-06,1.1610590732227312e-06,3.1421800348341567e-06,1.8910508192817618e-05,1.4919979189269048e-05,4.243040225002045e-06,3.930522925132798e-05,4.407709367985999e-06,1.5191931130745186e-05,1.0772974845315853e-05,0.0001831283204230551,8.112298740426607e-05,6.014221859805847e-05,0.00030457274401733437,1.6996953967785285e-05,0.000146890944573742,4.1261207419302705e-05,0.00023182819324038203,5.5767945347919686e-05,0.000169255030568026,0.00038708182821687215,0.0003349934819714988,3.9386948663833645e-05,9.249260281547653e-05,5.796164257545111e-05,0.005167777149099105,0.0006402395549583151,0.005620211698546484,0.00704127428870009,0.01165927910602364,0.0035665890651278703,0.0010788207562131488,0.004013785905048858,0.006893258845063602,0.006266049990351068,0.017979211845600227,0.008482704911075627,0.0019255969780978882,0.0022234733221279932,0.002675210245170261,0.004908065366379071,0.004164694875931443,0.01938778131376374,0.014274135271562493,0.004837734468706695,0.003119988060707428,0.002513699645599179,0.0021297206606269783,0.010282700243276065,0.024134513312198437,0.009533037330747833,0.0038913670062573937,0.004957946959985574,0.006733277742138727,0.033862997973314296,0.018045688826716765,0.00970951968266015,0.0055334430179900095,0.00784651237720223,0.03339007858453372,0.012286680785485352,0.009118131986071178,0.006723051182521157,0.0075975088944842855,0.022657575799507564,0.026529842218625185,LC_V18_H2p0_T7,0.033862997973314296
20,"(20, 0)",38,2,thick,,K,5.816203816873654e-05,1.3526208208138284e-05,2.3889253275427362e-05,1.3879712177953772e-05,2.833794535349147e-06,3.1305796557666065e-06,3.834515159869661e-05,2.998763358116667e-05,6.124487914267696e-06,5.097188365693783e-05,5.573129863411086e-06,1.151730084008852e-05,7.779806486803443e-06,9.453728992294892e-05,4.133071115379042e-05,2.6977128595518023e-05,0.00013003519424632586,6.97739385644887e-06,4.614886750812354e-05,1.2595705158246853e-05,0.0001225581560914469,2.9510462987936693e-05,7.922550094522747e-05,0.00017755452022222973,0.00012393297304565278,1.3783099111499254e-05,2.491637119318356e-05,1.5108960160175624e-05,0.000991135109832108,0.00012220375667369997,0.0010737097066661184,0.001327281557502519,0.0021355648774715407,0.0006047085331053503,0.00017929890041634694,0.0009785557722594349,0.0016409525810347156,0.001493736840725536,0.0041207717675216015,0.0018273553345469985,0.0003836258473103702,0.0004384663192905827,0.00063359485459885,0.0011548027776557743,0.000984991202439987,0.004478902857514401,0.003178618190770895,0.0010215353591694757,0.0006509975952695801,0.0004862546699513772,0.00043103896943353075,0.0020084267142504598,0.004477150936237809,0.001664047328196235,0.0006712273241795919,0.0007890878231058816,0.0013076838813569282,0.006342771079432301,0.003233665894280632,0.0016251333329766022,0.0008639902504424898,0.001561812246975166,0.0063611914995949,0.0021800987195413632,0.00150673817113728,0.001171151276674741,0.0012267458911895367,0.003422613275614952,0.004401828575801176,LC_V20_H2p5_T7,0.0063611914995949
20,"(20, 0)",38,2,thin,,K,0.001886678433653919,0.0004956223586768821,0.000875794321833334,0.0005083920893722277,0.00010382522142433892,0.00011463877477956464,0.0012973095094889417,0.0010145983795322798,0.00020736658101723195,0.0017280058434900904,0.00018913516999140433,0.0003925033705315559,0.0002646111844706391,0.0029239263806099627,0.0012776024634693975,0.0008402282088860547,0.00404829628013756,0.0002169304197559763,0.0014500513327800255,0.0003957483902011078,0.0035581657736941472,0.000855893547774616,0.002328346449708898,0.005219058108831355,0.0036902119938439677,0.00041049736341533126,0.0007495983228741113,0.000454249313211928,0.02932690391218269,0.0036121742332629833,0.031858644160390415,0.03934909272550498,0.06366270291328902,0.01811394843274033,0.005362289569828279,0.03028008458337622,0.05093374945099373,0.046332537898351296,0.12799315797460384,0.056851025866242855,0.011999074866443067,0.01369439904698215,0.019828111254457045,0.03630096091327629,0.030966754795350313,0.14185033367794334,0.1007905020339762,0.03253327161406414,0.02070258626769419,0.015525994413240415,0.012914242363871717,0.06056715479555882,0.1360980479400302,0.0508435334027925,0.020518216017392548,0.0242462224853836,0.03832704162077604,0.1866021521397547,0.09542315278035658,0.04809196131924947,0.025633858839578638,0.04453915580934845,0.18231770748739792,0.06281524174820428,0.04358982912021869,0.03345778367991214,0.03521021515869665,0.09871219058638098,0.12451573264619056,LC_V18_H2p0_T7,0.1866021521397547
20,"(20, 0)",38,2,thick,,Y,0.0002761895713146011,3.285464103927703e-05,5.787899431108104e-05,3.3735301807586967e-05,6.848289223666663e-06,7.5879007884935285e-06,0.00014954034870260724,0.0001167337217483232,2.3545629205269476e-05,0.00019591341697499287,2.1355984971809164e-05,4.31789460629643e-05,2.9111117876358972e-05,0.000581415244035541,0.00025450134595798917,0.0001596675696567098,0.0007742279856805403,4.1797526436564086e-05,0.0002627521113132385,7.198065854997074e-05,0.0010300605054908787,0.00024732212482302416,0.000636084442263015,0.0014274483127014674,0.0009451436748998121,0.00010662150294061596,0.00018075303600114412,0.00011071946758091318,0.0075825765342409,0.000936621256054608,0.008052624869605573,0.010005316888085104,0.015706181654050407,0.0043539061173276435,0.001303736380585997,0.006107759713922662,0.010157865300077356,0.009247576086024343,0.025150492975049402,0.010952747650853046,0.0022467053356393903,0.002579869027131735,0.003873604696473216,0.006983495975390267,0.005948498547133101,0.026660714309281894,0.01856392831562983,0.005809510318348525,0.0037137969949797662,0.0026934066960738203,0.0031167720633615338,0.014292986098618773,0.031227479359022037,0.011364887875500536,0.004582633188723602,0.005254771396418258,0.010149828555217523,0.04823296667386211,0.024087830223367485,0.011846542258778153,0.0061363953200715875,0.012819981635996786,0.05129795104912914,0.017258028602373698,0.01167480866001781,0.010264611044510881,0.010584114798883033,0.028786788639910944,0.03883745228202705,LC_V20_H2p5_T7,0.05129795104912914
20,"(20, 0)",38,2,thin,,Y,0.008085884981191253,0.0011179784743226555,0.001970945489391188,0.0011482588522139818,0.00023339236571518472,0.00025853995462004747,0.00456496655190218,0.003564670669818468,0.0007214831721609657,0.006009620426114677,0.0006552438354482734,0.0013304524467447182,0.0008982193212097602,0.016111895795381206,0.007054743016820195,0.004454419379428899,0.021581475523996817,0.0011642720566152494,0.007391591778366019,0.002023606668220282,0.02686297204458211,0.006445642363179668,0.016679534723325302,0.03745124240671623,0.025060332559954362,0.002819842495728878,0.004847644842223796,0.0029627779305323567,0.20020412833973486,0.02472687234910533,0.21322875316711445,0.26465096389356907,0.41679763459680064,0.11591402434449702,0.034689166647147524,0.16482484159865968,0.2746252834528364,0.2500501626377158,0.6810344386317776,0.2971503510838903,0.061130323946313146,0.07015757291120456,0.09991533798419322,0.180631660273034,0.15389015466539158,0.6914873448240869,0.48220803231219805,0.15111981444899067,0.09652023721966764,0.07005201772294588,0.07639721555447869,0.35159180508550747,0.7711677684642274,0.2813433786958208,0.11361947161377453,0.13058786685936455,0.235686871968241,1.1248407201199737,0.5620816935567529,0.27719725791456984,0.14364234798195946,0.2849460299266916,1.1416773424596118,0.38680520751268815,0.2618466808625105,0.22823076048562,0.23541291675845574,0.6401600151535373,0.832230948942045,LC_V20_H2p5_T7,1.1416773424596118
20,"(20, 1)",52,2,thick,,K,0.00011627703029205062,1.928659250135788e-06,3.3976484254929292e-06,2.8533240683613776e-06,5.664874190553382e-07,1.0406569310410106e-06,1.1122276172759178e-05,8.650056863701458e-06,2.2336197403865305e-06,1.8514984218418878e-05,1.9935531652409293e-06,5.837387204287265e-06,3.851710682800932e-06,6.804247447267497e-05,2.98760349882896e-05,2.1922037918855103e-05,0.0001075179032557925,5.716943552741873e-06,4.624677380583412e-05,1.2449664987422455e-05,7.622804982253172e-05,1.827831770186537e-05,5.526922241495575e-05,0.0001239744231668671,0.00010320272582585746,1.1242994315125371e-05,2.5664286545989123e-05,1.5239425142949212e-05,0.0016003055836762072,0.00019777985516722423,0.0017428488776503107,0.0021670835536840736,0.0035677161249589337,0.0010570715234153917,0.0003139949614955327,0.0012642958278559053,0.0021661462417529634,0.0019595030370985014,0.005569456916104016,0.0025544724902716743,0.0005665414312288359,0.0006390093762253143,0.0008062091186310747,0.0014831071517573042,0.001252902895157614,0.005824618208768926,0.004213976327259929,0.0014064450530341139,0.000886003809189325,0.0006937700965734225,0.0006132736789371129,0.00294407072159655,0.0067875213762646075,0.0026396686608072405,0.001050294085300651,0.0013020775876055964,0.002052201181573701,0.010179237504318357,0.0053544601733133065,0.00276689956860003,0.001536013899853389,0.0023920456194791687,0.010082824729124985,0.0035730396070451204,0.002590791989596955,0.0019504685804118762,0.002124942617287777,0.006195989804941094,0.007412973693435848,LC_V18_H2p0_T7,0.010179237504318357
20,"(20, 1)",52,2,thin,,K,0.0022121698559381905,1.3962912426949147e-05,2.48425639477429e-05,2.5091018049378423e-05,5.1213737118113236e-06,1.1383801632433944e-05,7.11497167909776e-05,5.567534578255688e-05,1.554725984220629e-05,0.00013497637896737563,1.4809906332157526e-05,4.889214307632644e-05,3.352925524466256e-05,0.0006272024519635727,0.00027632843486089794,0.00020150997479389567,0.0010087381329863681,5.575853722145676e-05,0.00046386068191911717,0.0001285284936415984,0.0007666777278385611,0.00018514861944249653,0.0005445266306221123,0.0012487518456907791,0.0010412183379399536,0.00012355546169997547,0.00027886171436081175,0.00017299114078350697,0.014363320396055368,0.0017802563731997045,0.01545992882813341,0.019395269326200653,0.03173044099187149,0.009597080935662198,0.0029107289819360954,0.011685960723316168,0.020012977274238137,0.018120129074094545,0.051947343591176615,0.02440791328556299,0.005532195248275587,0.006319056469988514,0.008470518106205372,0.015591906143781278,0.013212750622263306,0.061513765131635416,0.04504520374207307,0.01523896736408649,0.00972769393938741,0.0077635293321708316,0.0071371061352873445,0.0342919204382633,0.07992759273396376,0.031053682790235463,0.012646749285213402,0.01587100635050872,0.022916280406023937,0.1147441455046628,0.060607927730593265,0.03193187246624574,0.017885720197364337,0.027843715242635677,0.11739593171155345,0.04231089174106056,0.030778364691263185,0.02335201002688152,0.026059110548579543,0.0768744065987226,0.09854848976232299,LC_V20_H2p5_T7,0.11739593171155345
20,"(20, 1)",52,2,thick,,Y,0.002131446453468819,1.1098821875952534e-05,1.9954897685404895e-05,2.641900108891113e-05,5.395911728307078e-06,1.5231606146946996e-05,8.593295608554861e-05,6.765137260395185e-05,2.0135689376453945e-05,0.000183802444481172,2.039129990034452e-05,7.359824321121967e-05,5.1215189995758686e-05,0.0009222290781441485,0.0004088310065241923,0.0003049747626276328,0.001547885057703892,8.566257752206367e-05,0.0007458725052072146,0.00020789045103921814,0.0012378306894096217,0.00030007907582012234,0.0008963028716389257,0.002079838714739221,0.0017851141493031247,0.00021186749664052327,0.0004938482482080553,0.0003065428929779296,0.026701599005043274,0.0033073931295119637,0.028961872349103017,0.03628892655783535,0.05988750403058873,0.01829378434220862,0.005527993171769539,0.019573876578607447,0.03354704311247342,0.030486465636794264,0.08756253816768586,0.04142611469853808,0.00945860428524368,0.010865613447367372,0.012536618668948627,0.02308641396308146,0.01958585171951028,0.0920071800366363,0.06821734200629333,0.02333688200546512,0.014932193158845175,0.01212672712838997,0.009917773429640429,0.04830773468078726,0.1141155200126874,0.04538422831042865,0.018379309360601784,0.023560050112290298,0.03354795793435899,0.1686063518080904,0.08994052608421337,0.04813391004004509,0.027427342882623468,0.03820318136183012,0.16289355271774647,0.05975590094442637,0.04433600021829344,0.031712749686991545,0.035893670196502706,0.10795699564058885,0.12501322260418876,LC_V18_H2p0_T7,0.1686063518080904
20,"(20, 1)",52,2,thin,,Y,0.04831386302947458,0.0002542651611010762,0.00045681316783363775,0.0005929354550752569,0.00012106209327051543,0.00033554052114656097,0.0019064960055747324,0.0015023851336753472,0.00044542302496675845,0.004047449547502419,0.0004487396262555098,0.0016084819641615097,0.0011181925740089088,0.020118818471529985,0.008912861899856449,0.006641026984422674,0.03366813522144399,0.0018629111551293155,0.016172794868831532,0.004503904828726198,0.026833763305621854,0.006507844121157634,0.019382699873776818,0.04504427579606421,0.03854230171674875,0.004582514571000542,0.010642639487157173,0.006606492369051045,0.5698154322056782,0.07058959505589125,0.6168342678325724,0.7727822312935282,1.270524467883414,0.3849351483813362,0.11625528362510033,0.4168743313658987,0.7135826807708556,0.6483661364882349,1.849473137952304,0.8641884137916063,0.19410751141101568,0.22205722321440663,0.25939963017850176,0.47581035816304906,0.4045033061326203,1.880269910791948,1.3798611008266402,0.46209250423463366,0.2960974675455682,0.23269389655788847,0.2000936648168203,0.9626410644525062,2.2370515930468526,0.8703949487190278,0.35268785816592935,0.43729894905216293,0.5924657658938122,2.9332331583717806,1.5267484990532143,0.795046738984233,0.4346926036253859,0.6587082688792767,2.745229019662286,0.974550364743012,0.6927779606407416,0.5478103179717173,0.5955094179076522,1.71584806262185,1.9016740163102395,LC_V18_H2p0_T7,2.9332331583717806
20,"(20, 0)",55,1,thick,,K,6.280152274045448e-05,7.3188746338688365e-06,1.2923478775640198e-05,7.306284759687957e-06,1.489892555947015e-06,1.6122416278735316e-06,1.912768683337497e-05,1.494733666437725e-05,2.9798578306890268e-06,2.4668622084261526e-05,2.6919085707779358e-06,5.299671766497108e-06,3.5530041485894802e-06,4.143444331083165e-05,1.8108416795427883e-05,1.155017533244414e-05,5.525258540179427e-05,2.9438845668347353e-06,1.8610188090839463e-05,5.299243478028044e-06,5.681195897898791e-05,1.3663162666670179e-05,3.555893853749627e-05,7.951360379868342e-05,5.307049512398637e-05,5.982283088465718e-06,1.096039115419347e-05,7.2960490860268735e-06,0.0003943846999499868,4.86929599608062e-05,0.00042338790121431824,0.0005293361422347704,0.000862381597279991,0.0002667734974300343,8.250204458183916e-05,0.00039516544908354417,0.000663611911434631,0.0006018553362757602,0.0016509324086075576,0.0007463455974763379,0.0001610091920322263,0.00019173121773877712,0.000286696266730956,0.000521685432542859,0.00044262482276834165,0.0019979917496665196,0.0014064731826744512,0.00045269315626186174,0.00029489871350507347,0.00022924038977863682,0.00019121434517522284,0.0008756155019140396,0.0019305538560302257,0.0007045047430797301,0.00029151668113675157,0.0003633416457122708,0.0006020292474129515,0.0029057481251113762,0.0014746632007447372,0.0007604773229513391,0.0004209561174984494,0.0007127641683014163,0.0028765322347992497,0.0010062579571541949,0.0007164722110691682,0.0005416403180705364,0.0005905693381361468,0.0017195779773619096,0.0020510702419273266,LC_V18_H2p0_T7,0.0029057481251113762
20,"(20, 0)",55,1,thin,,K,0.0006072574243339947,0.00032057942134706985,0.0005668041883518254,0.0003195337286699812,6.523414937975748e-05,6.809645464326879e-05,0.0007613535250573596,0.0005949311644421905,0.00011859701724737976,0.0009832432574039369,0.0001071834345174912,0.0002111468992753266,0.0001414157597786193,0.0014595761112815386,0.0006371993981719045,0.00041214724338222683,0.0019649212636360432,0.00010391734715966903,0.0006579988500044002,0.00017749480864561894,0.0018736653175107241,0.00045038634894678395,0.0011874874846048075,0.002648140493752883,0.0017949949283420366,0.00019754010127912895,0.0003427994111774657,0.00020520452099582958,0.01212340075391755,0.0014934474355989382,0.01313358986914836,0.016166857439053432,0.025900233723405722,0.0072294776117446296,0.0021378107600833556,0.013964356313871216,0.023559380801335156,0.02132394819320097,0.05849398108489169,0.02531773877592314,0.005218374088141127,0.00589153709254979,0.01025141230430569,0.018694420727118227,0.01582823747744576,0.07151413487223761,0.04947314266131265,0.015466419819090069,0.009806263040203508,0.00707618043020561,0.006420305306377865,0.029524302183952744,0.06441828969057023,0.023424807224324516,0.009417572058056281,0.01075149592088126,0.01845150210508517,0.08835706043199185,0.04430719106875583,0.021738887587925675,0.011268212592586133,0.0213701300051101,0.08567689186855074,0.028887997763205095,0.019446713618245164,0.016610449604685735,0.01698855676207953,0.046396327109101014,0.05995673742850617,LC_V18_H2p0_T7,0.08835706043199185
20,"(20, 0)",55,1,thick,,Y,6.280152274045448e-05,5.708942860433515e-06,1.0023496951557188e-05,5.737461094462506e-06,1.1622018741444296e-06,1.2546843529997047e-06,3.3253493100521754e-05,2.5941912575645674e-05,5.1272496125986835e-06,4.265646031481471e-05,4.644372618603264e-06,9.095490224432966e-06,6.103092819323481e-06,0.00014999521745291122,6.565296732100703e-05,4.007366771943329e-05,0.00019447481044680448,1.0530167731536382e-05,6.321302822568745e-05,1.7393091499143438e-05,0.00031789892111912883,7.642790257679978e-05,0.00019331436760170741,0.00043375538017821174,0.0002781980255328051,3.153818863319049e-05,5.113035054044276e-05,3.136513833114192e-05,0.0019461750997498263,0.00024066802085354326,0.002051485986654785,0.002550909238958067,0.003958489118569045,0.0010813896613982954,0.0003254622420456248,0.0015365255347173827,0.002542682991954774,0.002311965697651236,0.006219210925774202,0.0026653298591754956,0.0005366677220863892,0.0006155481492891594,0.0010252657989148865,0.0018358613884650805,0.0015593180266842495,0.006901303100973916,0.004722654948585972,0.0014495275356510907,0.0009272553541675743,0.0006573509782192372,0.0009126707865467856,0.004133072700213102,0.008902923456776178,0.0031527060482826755,0.0012824496101683715,0.001431389929629759,0.003069425554726624,0.014531112555311008,0.007156249448033668,0.00348867824493342,0.0017756841786727943,0.004080111666383448,0.016104584574005154,0.005400770843151817,0.0035841401603853872,0.0033639510052359575,0.003421444693643406,0.009140082813845532,0.012400483210928546,LC_V20_H2p5_T7,0.016104584574005154
20,"(20, 0)",55,1,thin,,Y,0.0013102218336543217,0.0002327846292237016,0.00040962399314767545,0.00023400154106624637,4.7499916459619924e-05,5.053025978390631e-05,0.0011041229326784674,0.0008615862651416771,0.000170950092527702,0.001418574636206684,0.0001544388610518908,0.000303069171308817,0.00020313489867841776,0.004250484125254579,0.0018595390651924741,0.001143265357263564,0.005536983909265664,0.000298903997805647,0.0018091015312795113,0.0004963909873541004,0.008207963395665159,0.001973659726275696,0.005018203772933983,0.01125496202066766,0.0072658922304427755,0.0008205880094992216,0.0013435785529520056,0.0008204118124379484,0.050853991577545735,0.006282227660442266,0.05382829238588882,0.06679385971996893,0.10422404235755497,0.028600950798762473,0.008579401550074632,0.0424286855848299,0.07040613737029948,0.0640271406891222,0.17276010986974963,0.07418761457078854,0.014992974272085567,0.017151390681616387,0.028734412977544192,0.05166957715969354,0.04380536298554768,0.19448052952043424,0.13337429050426522,0.041060083891741525,0.026266344993171858,0.018657775515574713,0.02410329159865345,0.10949398181410508,0.23609004661168706,0.08384977343052541,0.03401951377649017,0.038115865435487166,0.07587866687646382,0.36021109459707173,0.1782121656640008,0.08703054917693527,0.044464857086293365,0.09813120629419302,0.38854085725690596,0.1305557733594462,0.08680699366608201,0.08356435755308843,0.0852053570523631,0.2281519140902765,0.30125557995598834,LC_V20_H2p5_T7,0.38854085725690596
20,"(20, 1)",65,1,thick,,K,7.76508537609807e-05,3.3473804920348942e-06,5.834268395164105e-06,4.251136454321687e-06,8.227894086941201e-07,1.2393928999845971e-06,1.3456581465746196e-05,1.0374888973962115e-05,2.6912136169890656e-06,2.0792479576022113e-05,2.1738321019618946e-06,6.0872991132715255e-06,3.793618498921097e-06,6.309423909986094e-05,2.7543910737367608e-05,2.0638474472298363e-05,9.843179943954316e-05,5.036807091884071e-06,4.003380978271186e-05,1.0388313775145218e-05,4.84026334757815e-05,1.1563085587737431e-05,3.704887652728721e-05,8.089933265462233e-05,6.970280793441813e-05,6.896113269330089e-06,1.6600318900229466e-05,9.176581236877244e-06,0.0012989679194150723,0.00016015355974858771,0.0014293374687229,0.0017619395242250355,0.0029161763405606547,0.0008465982173754819,0.00024646905882486395,0.0010441481683559223,0.0017975126104936756,0.0016142422879888007,0.004599940329192621,0.0020713613062388987,0.0004563933411036214,0.0005000950302860128,0.000642239673524017,0.0011966914258953608,0.0010039561087766995,0.004703791742882771,0.0033608026252275698,0.0011209550896289697,0.0006900279625566042,0.0005355820606416201,0.00045823182264066617,0.002203808132954957,0.005034417065363337,0.001973177148701272,0.0007706071943892442,0.0009472591038971972,0.0015894811191510684,0.007810397719544199,0.004099183994579562,0.0020810686674342742,0.001145917262346864,0.001957792195079945,0.00821591797156319,0.0028474969192214825,0.002037476067379906,0.0014495955836696824,0.0015534610108036684,0.004494477500320795,0.005639432349021777,LC_V20_H2p5_T7,0.00821591797156319
20,"(20, 1)",65,1,thin,,K,0.0015585455003468214,3.591405412187036e-05,6.401260025893621e-05,4.8101009619796454e-05,9.412211555706705e-06,1.5264486129208226e-05,0.00016545425686719962,0.00012912410429840882,3.1816163490506176e-05,0.00026493820591185835,2.8084058849758492e-05,7.95185864260179e-05,5.1180341723006115e-05,0.0008755721620756873,0.00038320777021139384,0.0002795427395775539,0.0013576098930768734,7.093452226490902e-05,0.0005666312005163517,0.0001497101224831458,0.0009034321081044747,0.00021628641388269027,0.0006502807167945177,0.0014499426998557576,0.0011870330460973292,0.0001253107995078028,0.0002869775889028112,0.00016579179638270353,0.014686179499813353,0.0018168848604378056,0.016093847589287284,0.020053029551764887,0.03335609363560978,0.00994496133356995,0.0029229025996332456,0.014488258138912925,0.024965386607247668,0.022574968348699855,0.0646199061281296,0.029503141080187947,0.006549051907268154,0.007272240003986478,0.011802430058400952,0.02171425661973671,0.018382736508631172,0.08522982836570261,0.06127167452601296,0.02033874117952051,0.012681178329680404,0.009806915879400208,0.00961691355548633,0.04561351145522081,0.10419280748360388,0.04002092021274599,0.016032841027069106,0.019501330896195455,0.02774754616213822,0.13780142069575063,0.07222136792638133,0.037123637181807535,0.020519930906321728,0.03585181156197628,0.1499465495632817,0.0527112752032161,0.03764507955517596,0.03181806618570762,0.03408817019663135,0.0981140160741229,0.13211247698419376,LC_V20_H2p5_T7,0.1499465495632817
20,"(20, 1)",65,1,thick,,Y,0.0008324583793025232,1.0946484031443405e-05,1.926710290764364e-05,1.982130408344862e-05,3.7358308423329794e-06,8.363865579628714e-06,7.570023414551909e-05,5.8954898107765056e-05,1.7205191911854842e-05,0.0001400097400903123,1.4744244294256898e-05,4.9970077696886954e-05,3.162356461680808e-05,0.0005836164337884353,0.00025604626451101716,0.00019937616672337057,0.0009744519437806633,5.040449242371863e-05,0.0004420136514687068,0.00011545791971024973,0.0006828836186103368,0.00016319780250491955,0.0005160486147413703,0.0011500898392499547,0.0010144046577427036,0.00010632017266840029,0.0002619245001665549,0.00015012168210334112,0.013894912557340157,0.00171778148512193,0.01528905688323603,0.019027205866025194,0.03189981312154488,0.009584821310602672,0.0028083861864523605,0.01116369427523064,0.019381090132282355,0.017509584939374778,0.05074680798356697,0.023575498508450806,0.005351867858390054,0.005928327159918245,0.00772798959960839,0.014359059858650016,0.012144237900258141,0.0571507697258971,0.041683554278664776,0.014153034405326514,0.008788813989784523,0.0069805167128331415,0.006020328896053708,0.029097039075962148,0.06755568000637506,0.026924653642169453,0.010652189410500473,0.01340787981941988,0.019294259276183605,0.0967178380200182,0.05165925355466911,0.026957949076083572,0.015244646555432381,0.0227849692398878,0.09682556007659568,0.03459885427127574,0.025414053167840445,0.01995230329360309,0.021806847451648046,0.06451845778716592,0.0755749329598944,LC_V20_H2p5_T7,0.09682556007659568
20,"(20, 1)",65,1,thin,,Y,0.019418258468988144,0.0002761231069307514,0.0004864594982533876,0.00048194052690820477,9.116416402791024e-05,0.00019693118606913375,0.0018290588759858803,0.0014257930669774373,0.0004079537550343243,0.003328999398819556,0.0003508437460598434,0.0011659616101997539,0.0007394291895247915,0.013481913460778866,0.00591507788569915,0.004577800793983158,0.022339207815965902,0.001158196644713549,0.01006802804921558,0.002633519760634844,0.015525719637116325,0.003709898760172384,0.01167708322180054,0.026040644493673458,0.022835315251004695,0.002393187922950998,0.005862417939923229,0.003361259490452251,0.3110376026541491,0.03844549588118037,0.3415362519696626,0.4250796399463704,0.7106021471109096,0.21267629408111666,0.06251298238522564,0.25405022905582825,0.4391445825290359,0.3973001660872467,1.1448540811127645,0.5281055248401073,0.11837953407706428,0.13136400130610945,0.17127370133984723,0.31580669400080164,0.26773506570278444,1.2477585858769384,0.90450818926782,0.3026176641888183,0.1890996934557328,0.14726809838779018,0.13232118917050134,0.6341270662501077,1.4559228785241747,0.5689812981156096,0.22589425388893164,0.27830029634046477,0.3896865217361552,1.9318889233651446,1.0110411543517988,0.5183846081464777,0.283487609013366,0.4438346677768055,1.8531611225810793,0.6485262163043684,0.4601164327633803,0.3824366452792682,0.40808042145258644,1.1728288195202037,1.3026958316333643,LC_V18_H2p0_T7,1.9318889233651446
21,"(21, 0)",56,2,single,,K,0.00010036781110420536,3.5359752744362656e-05,6.216154698763813e-05,3.553896297478938e-05,7.219710437030168e-06,7.67469993763405e-06,8.717723289059867e-05,6.788279067210798e-05,1.3468836115481572e-05,0.000111365629060692,1.2166458255410096e-05,2.3588902984204687e-05,1.5935201855474693e-05,0.0002181954814921989,9.55433964003937e-05,5.9035195176347306e-05,0.00028521493780278947,1.5448784149582112e-05,9.33503579827942e-05,2.5676460560187077e-05,0.00040341706017587,9.705878207651739e-05,0.00024762698744909735,0.0005555639852621576,0.0003579611602142299,4.082226132161095e-05,6.596133342456156e-05,4.0699483744198796e-05,0.001874526492321982,0.0002314744946759683,0.0020054166039816723,0.002483115584213211,0.003904728772691001,0.0010769803584160446,0.00032470278119056564,0.002246722923203555,0.0037560051504010946,0.0034130103744836014,0.009276308950214484,0.004007618957728765,0.0008142871923806102,0.0009329002796180008,0.0019025878512170104,0.0034554676057021124,0.0029377698403250654,0.013188502346562174,0.009116122514157667,0.0028254694212189752,0.0018056483541328573,0.001291268748702587,0.0012055702360436106,0.0055454852091969915,0.012143584136695394,0.004304714673256215,0.0017510294486379305,0.0019757641305603274,0.003590730148871357,0.017174495517845348,0.00851977404914315,0.004187357953483862,0.002141228818007383,0.004053247365460704,0.016155772529852362,0.0054720581270396845,0.0036572181262627674,0.0033479963133490505,0.003430333105918584,0.00923189854716972,0.011998614152136464,LC_V18_H2p0_T7,0.017174495517845348
21,"(21, 0)",56,2,single,,Y,0.00034141254558501844,3.7119762161695147e-05,6.498234785498356e-05,3.756489343647061e-05,7.6247891043005405e-06,8.299693008887287e-06,0.0002394707222234028,0.0001866322453796466,3.602099512135075e-05,0.00030129570819362726,3.294380863181049e-05,6.229849654357864e-05,4.218736230185584e-05,0.0012000296212729353,0.000526254656428803,0.00031233506212673167,0.0015207399208730461,8.324486787157774e-05,0.0004819294606096764,0.0001339409212778881,0.0031879148964862594,0.0007672416802831981,0.0019188910476371094,0.004322158465181863,0.002715138411747175,0.0003128637450109737,0.0004902755936478209,0.0003049273106798563,0.015514070949434423,0.0019185747403255625,0.01630407933119242,0.020294619929724856,0.03125615043680548,0.008500143394819856,0.0025822587640949627,0.013080016592704118,0.021560386987320573,0.019662048037640753,0.05256754458199923,0.022365876028136424,0.004442279853761371,0.005125989322470809,0.00948176808581512,0.01697880364603977,0.0144479765809691,0.06383423445729558,0.04359962457153603,0.013279932368156786,0.008559846007543429,0.0060192868372269115,0.007981964376199984,0.0363484254200345,0.07853249725129652,0.02780402702352967,0.011318955838050804,0.012620529546071372,0.026418514665892703,0.12568113032358252,0.061919096907575015,0.03032212970523716,0.015379217755387154,0.033726164613169275,0.1331202566878124,0.04478729188255265,0.029661361298173892,0.03010253465614881,0.030664273709971414,0.08157539965388826,0.1092344884368197,LC_V20_H2p5_T7,0.1331202566878124
21,"(21, 1)",64,2,single,,K,0.0004274826788446205,6.457394901577856e-06,1.1224536503174304e-05,8.845715367527608e-06,1.7114687141460016e-06,3.050576264733799e-06,2.002305717402728e-05,1.574769736200627e-05,4.1735277331193135e-06,3.264646637478154e-05,3.463249219900342e-06,1.1848589233054861e-05,7.022257708906542e-06,0.0001721468950866181,7.58096586815752e-05,5.334820864267766e-05,0.00025729501147205757,1.3748788928342359e-05,0.0001087165781192986,2.8413915865827426e-05,0.00019335008580911612,4.593758938349735e-05,0.00016831392877002753,0.0003613134267371517,0.0003628330681261511,3.3983004822655164e-05,9.702253096605913e-05,5.133429106218026e-05,0.00494462940070025,0.0006111815334645211,0.005312678347781465,0.006608615502577947,0.010602549000128234,0.0030256985554779673,0.0009058509118387356,0.003715986627777709,0.006251336416305883,0.005673044437257362,0.015739943984383078,0.007083365577423079,0.0015763343764852223,0.0017266905219719116,0.0025872070931433795,0.004686568913379901,0.003979087821982869,0.018172932752158012,0.012974777840961252,0.004323816509574082,0.002680595146782053,0.0020911706392384936,0.0017902748177184564,0.008609743923545753,0.01984851183503625,0.007830208780625451,0.0030803357630643275,0.003840773570866497,0.00633686438860887,0.031519775827457686,0.0166775729464403,0.00862403563745426,0.004844067116968703,0.007208747531769516,0.03065312690624628,0.010824827908600726,0.007967719267814569,0.005633346469607413,0.0060860282312829705,0.018553993323719434,0.021582904916213647,LC_V18_H2p0_T7,0.031519775827457686
21,"(21, 1)",64,2,single,,Y,0.006721195242014338,6.474166236692195e-05,0.0001133145496817828,0.00011985556656694359,2.2380222191188306e-05,5.3299298609977774e-05,0.0003837461865774492,0.00030099257796201183,9.124531090450243e-05,0.0007221937043281992,7.474042372857143e-05,0.0002879817540832526,0.0001710942156976448,0.00415427472239505,0.0018334331819177992,0.0013415077064095598,0.006548139701561374,0.00034795859918112853,0.002899946599632157,0.0007579820143636362,0.00533018668389053,0.0012785030255824928,0.004360326635492517,0.009618267355968118,0.009106638631404443,0.0009151811958523051,0.0024507624570706704,0.001352038117204966,0.14378588504612494,0.017771966466680614,0.15723776653932797,0.19515388981914222,0.320264682829335,0.09331987263981781,0.027637394174413965,0.10102590338854912,0.172531321167175,0.155973574352695,0.4430201863743749,0.2017687256726145,0.04534623693938138,0.04959136159022573,0.06605344664840111,0.12055895373438179,0.10236377116281803,0.4736800761358179,0.34222471364546414,0.11518039405926367,0.0713467816503825,0.05598735760406105,0.04603792859650898,0.2216820657064419,0.5124087577074575,0.2040658416362306,0.07998962258103147,0.10025134590492678,0.15746888254929106,0.7816478806224197,0.41216191153737125,0.21126194315683125,0.11710121978083476,0.17238043306618367,0.7267091254709444,0.2550628688454939,0.1839851654190858,0.14105155881826992,0.1512990013084165,0.4477848604428678,0.4839251854782915,LC_V18_H2p0_T7,0.7816478806224197
21,"(21, 0)",69,1,single,,K,0.00034680391929361375,1.6428219563291735e-05,2.8719867896045732e-05,1.6745483067600694e-05,3.361756753958659e-06,4.048904660054762e-06,3.397283791390379e-05,2.6313631730844963e-05,5.42413072902329e-06,4.371873483668602e-05,4.752323807823704e-06,1.03371649953829e-05,6.50972313883379e-06,6.292563904481321e-05,2.7174666261510732e-05,1.843592585320619e-05,8.620651391146066e-05,4.5107947068004564e-06,3.0433157910920452e-05,7.879141432519486e-06,0.00012591433236883772,3.0354668173386857e-05,7.937835719552083e-05,0.00017742552191965714,0.00012393775072462183,1.3223493649734922e-05,3.272545785396808e-05,1.655224517458649e-05,0.0004486916390440083,5.543846128600937e-05,0.0004904293704195168,0.0006087347213674437,0.000983471676295121,0.0002792905294975578,8.352094427133891e-05,0.0006635237995923855,0.0011247505046821035,0.0010236899197281848,0.002832254670822606,0.0012430126992392899,0.00025725159757241875,0.0002924819329412189,0.0005121470668483597,0.0009318898459983523,0.0007864845973946785,0.0035449816252420686,0.002461872443250795,0.0007713619633928315,0.0004929867221092059,0.00035756722462988667,0.0003494875258345581,0.0016450660678474919,0.0036653326488698844,0.0013551079258437672,0.0005465328509885989,0.0006321879230928565,0.0009050062697469919,0.004397304808843316,0.0022238489893831094,0.001122535201157616,0.0006097688753671253,0.0011100037506401772,0.004536749825354287,0.0015691335829538312,0.0010889260392505922,0.0008588680377644035,0.0008870593429510414,0.0024966722818526785,0.0035157931626874986,LC_V20_H2p5_T7,0.004536749825354287
21,"(21, 0)",69,1,single,,Y,0.00034680391929361375,1.7522853382690606e-05,3.051590376202031e-05,1.7750806656110504e-05,3.5493928733345985e-06,4.0713401631336e-06,0.00010395399778391146,8.086018247903089e-05,1.5898867276095913e-05,0.00013148304572568854,1.4363739446033917e-05,2.7603674751159677e-05,1.8632405100372864e-05,0.0004471160099410026,0.00019501990564905735,0.0001215372546444737,0.0005838266293309251,3.152798807627099e-05,0.0001902851935351273,5.231373810310747e-05,0.0012315415320687422,0.000295861655673031,0.0007519402367430912,0.0016831353639640638,0.0010749042924403103,0.00012314573442575,0.00019711664475418188,0.00012204308608705611,0.005181708241851642,0.0006408744274466971,0.00549311298391759,0.006831558107136324,0.010641289029824681,0.0029342093270692967,0.0008893302986327994,0.004857090480617813,0.008044045729907724,0.007344932796195446,0.019789384413883462,0.00851857642685212,0.001716017236743473,0.0019733074327610784,0.0035106355746286817,0.006296230041599834,0.005344392932708961,0.023734434023220376,0.016332593755019387,0.005022026959230689,0.0032340562705427916,0.0022988789452915753,0.003031736778601598,0.013941061165031216,0.030385809609453474,0.010979496451336697,0.004449573156345177,0.005030329982644754,0.00987549876385607,0.04719213232600729,0.023426189963124195,0.011602558550118294,0.005942108503849467,0.013575085960502786,0.054352661080309644,0.018485739799857424,0.012425995301383753,0.011299745330857596,0.011538375193042693,0.030996495888592365,0.04376346830453955,LC_V20_H2p5_T7,0.054352661080309644
21,"(21, 1)",77,1,single,,K,8.89416609774022e-05,5.191973926237191e-06,8.536945006246752e-06,5.667257769316537e-06,1.04558069092045e-06,1.3409975023438403e-06,1.5122302438652749e-05,1.1467583572149225e-05,3.15995770844846e-06,2.095980401103407e-05,2.152200339219325e-06,5.550393411251047e-06,3.2652310332129046e-06,9.291085043712476e-05,3.9754519699447694e-05,3.116345921265938e-05,0.00013677015988014312,6.628894371418363e-06,4.8853875458648e-05,1.2202265116104997e-05,0.0001170530090636438,2.752550875649904e-05,8.71246067468855e-05,0.0001791373294845921,0.00014039147677008713,1.2932358107123405e-05,2.7106474608242553e-05,1.4526048940546124e-05,0.002140315075839805,0.0002622574874441773,0.002403303770255439,0.002893245271614914,0.004780727711159856,0.0013192299752002596,0.0003786270682325875,0.0017072148845112384,0.0030050680830135137,0.0026498105159674687,0.007584924337244048,0.0032915360453484605,0.0007083600120993712,0.000757270060077579,0.0013698510492083135,0.002537441774893803,0.002114927225690665,0.009722388430382131,0.006696633263740986,0.002149402898142071,0.0013144968612522469,0.000965642357498338,0.000927842784074001,0.004350727761158257,0.0095709158185161,0.0035890241541739884,0.0013902103909946833,0.001631146256991397,0.002968172701840492,0.014267547228366113,0.007356084347480222,0.0035853217487413743,0.0019045132490580561,0.003420475504473043,0.0141933259776639,0.004752918555955883,0.003302973548250984,0.0027653713827508015,0.0028065315152142455,0.007879867073275548,0.009822117892958409,LC_V18_H2p0_T7,0.014267547228366113
21,"(21, 1)",77,1,single,,Y,0.00039839181358915574,3.588551141425724e-05,5.967547781000045e-05,3.898187411142682e-05,7.291443176673291e-06,9.23792250805523e-06,0.00021477659312344358,0.00016414771674398183,4.0328744062019284e-05,0.00028813109860053476,3.0240064438590933e-05,7.056472071670439e-05,4.349899359300055e-05,0.0018237541533369114,0.0007894306410769564,0.0005455977696566874,0.0025036012119050094,0.0001289495612065842,0.0008538132917319005,0.00022365057913233675,0.0025646948180658817,0.0006099736629367964,0.0017536481081201819,0.003762253353909236,0.0027162173207274124,0.0002760016513262904,0.0005167601423093738,0.00029547038259705065,0.054725753619982366,0.006730805548987646,0.05974033305793825,0.0728928611524093,0.11662394208057797,0.03183834918149031,0.009362088517181493,0.03932140899431336,0.06686793592422917,0.05978924517333556,0.16492984748299094,0.07066134293604429,0.014636069266503546,0.016202068446142723,0.028184828609921175,0.05125263088933293,0.04304260509028969,0.19317409560832968,0.13174757174430848,0.040982498058325066,0.02574719402308052,0.018426613780911334,0.018956482995629985,0.08773345830380835,0.1916600318339555,0.07006552496774304,0.027773593878307655,0.03186423499040492,0.06313880477306877,0.30153912734832383,0.1517275758136221,0.0740092573538223,0.03837669674917613,0.06974021928950712,0.28250285136290315,0.0946920273552834,0.06425546891702409,0.055979941839546375,0.05691106006257541,0.15625245787873068,0.17817552480608992,LC_V18_H2p0_T7,0.30153912734832383
22,"(22, 0)",72,2,single,,K,0.008759276614052654,0.007036660237548449,0.012331933053419043,0.006932021941591202,0.0014091141936232933,0.0014503912982122803,0.015801928773282407,0.012363410457692035,0.002348838877650481,0.01991082385109714,0.0021873789466119987,0.004071357585610406,0.0027786054784014963,0.023618645094268455,0.010351690532609061,0.0063334908613779965,0.0306886255292345,0.0016763999263319969,0.009941564955462197,0.0027555413936157344,0.02481173339283622,0.005973439989993927,0.01513714529953449,0.033950181528002214,0.02165935617732467,0.002472314229082225,0.003945393093690228,0.002437459957159529,0.04052419904882464,0.005008793225474201,0.04345916302986195,0.05393887436796617,0.08480210026393506,0.0234366471576305,0.007087169574252278,0.04186045420346744,0.06996952469010932,0.06371421310580677,0.1727179167617336,0.074384346541115,0.014987835879666565,0.017251599377278916,0.02715941177917816,0.04912863161001486,0.04179085789242775,0.18673244599368932,0.12888007614914782,0.039683333683761146,0.025566058080656973,0.018173741242627696,0.015973698375379836,0.07424410787372965,0.16352820054130637,0.059569643430085986,0.02425274869803405,0.027566103019444142,0.035286783151688796,0.1706902096333148,0.08532243422594142,0.04239277491544928,0.02180974103611516,0.03823282813095634,0.15372958261303613,0.05261723014336875,0.03546638207026157,0.03463031041425236,0.035818999747808986,0.09709720396070977,0.11427259456136371,LC_V14_H1p5_T6,0.18673244599368932
22,"(22, 0)",72,2,single,,Y,0.012430344372483434,0.006090465423872209,0.010660297017324469,0.005982023102711355,0.0012141606750738418,0.0012480530477885258,0.018950601560070265,0.014837330389435069,0.0027847086317152876,0.023768286460489705,0.002614484540414683,0.004820558101005909,0.0033009085700609676,0.04648818352313006,0.02041827847609185,0.012199468867044717,0.0596212450294856,0.003280971863077197,0.019104384503422094,0.005328252498001668,0.06632963049315671,0.01598167857730701,0.03991154329266531,0.09008744028961599,0.05663227293124646,0.006551858601741187,0.010265056130592655,0.006397886030705768,0.13615324928126255,0.01685995945767002,0.14390929925145277,0.1795811206638153,0.27851544123259314,0.07651553702643037,0.02329345394385819,0.104959534764661,0.17397080153002467,0.15879994235033731,0.42683071923715243,0.18286849419454015,0.036513944419768,0.04222397901217081,0.06370898647718443,0.11425790959239708,0.0973494007294807,0.43119452142489895,0.2959255176131784,0.09034914811533995,0.058426447968231286,0.04120831342493865,0.045170552734275976,0.20841588271283137,0.4562158414530209,0.1644692558644416,0.06722559569568483,0.07570230433164447,0.10619864027340084,0.510783988890385,0.2533550444466581,0.12540415429372426,0.06405897965861544,0.11801482777528512,0.4705923840234183,0.16018655134406434,0.10714095723655293,0.10946594912767503,0.11280649110600767,0.3033632322302152,0.3519976540396113,LC_V18_H2p0_T7,0.510783988890385
22,"(22, 1)",80,2,single,,K,0.01080450232428853,0.001319694961630174,0.0022566492294105655,0.0014451674866586303,0.0002786469386859898,0.00034074954299871614,0.0022885323012278415,0.0017877626690087115,0.0003961070745476859,0.003012325916044424,0.0003229369790713231,0.000770225453022201,0.0004752075972768749,0.012130906980854022,0.005320096105990212,0.0032477454521748182,0.01581056480297245,0.0008623159835658944,0.005157534102939454,0.001426365102742664,0.014559527961637694,0.003501744724371795,0.008908179982212333,0.019986704777927494,0.012853237035475532,0.0014602650638178508,0.00237238134368998,0.0014547989989081298,0.06842391746089349,0.008470602832191112,0.07246406732313322,0.09034628888218131,0.14048907984774503,0.03859444830534936,0.011707616498092998,0.05128534606801152,0.08523491328639062,0.0775830931977068,0.2091062887290298,0.08957328625728353,0.017948658785027105,0.020652490156203362,0.03423734309026501,0.06148883370917535,0.05223440842076107,0.23166164106849937,0.1587256873120076,0.04853271500564453,0.031284974787478506,0.022081934714348155,0.024019995250368305,0.11113474482155099,0.24383772706981824,0.08766865585575913,0.035770090507098576,0.040372792981944544,0.055208623202876825,0.2663409601139028,0.1329085310719045,0.06586252031337274,0.03382149122391415,0.058857320869430685,0.23666113109043094,0.08058122325117678,0.054199980369376316,0.050222070697482246,0.05186085513098719,0.14044282554738344,0.16154990800305882,LC_V18_H2p0_T7,0.2663409601139028
22,"(22, 1)",80,2,single,,Y,0.017150906270630144,0.0034550090625981465,0.005912275097518785,0.003690976220801031,0.0007151156122475508,0.0008488773019522761,0.011760449781742104,0.009210712026320308,0.0018644696399450075,0.014962834397848531,0.001624256395034597,0.003400070220061579,0.0022050211162674745,0.06784266836432672,0.029848066016148162,0.01755729403141974,0.08625649186773189,0.004770126567029427,0.02744750279949296,0.007683004693627079,0.0784877449988871,0.018905362527671426,0.04709021866536299,0.10626576826969462,0.0665514916440229,0.0076957569364108965,0.012056096347406082,0.007485806356061613,0.44920514886748675,0.05561859845323312,0.4727968934326361,0.5900903924229772,0.9102170166830673,0.24839222717686224,0.07560594469753165,0.30705833818373723,0.5075892172658315,0.4625630930906541,1.2378220126507717,0.5273708196107973,0.10467161342165669,0.12101650754915877,0.18436509053281835,0.3288021386285835,0.27997036784570295,1.2322872535772023,0.8402674396920984,0.2546970678080069,0.1648513268943422,0.11541257175114839,0.12420071525412767,0.5716085375984443,1.247627116032805,0.44540873078177046,0.18226526831819972,0.20415657781087204,0.2940261422197324,1.4110771134446252,0.6982614778843462,0.34446215830000004,0.17532191252621346,0.2981339428765,1.1888185283429709,0.4031546950242044,0.2690463909575548,0.2502765869104021,0.25738811216891755,0.6913961550440497,0.7354144319067302,LC_V18_H2p0_T7,1.4110771134446252
22,"(22, 0)",85,1,single,,K,0.008811204464142172,0.00638687166813862,0.011186877305218801,0.006277953676477223,0.0012761249640831206,0.0013109000003307088,0.014156022898703264,0.011066887373740055,0.002105900667507087,0.017789931907729466,0.001954548426090882,0.0036290714023065533,0.0024772264527278586,0.02070564160658284,0.0090584704344402,0.005581550091453755,0.026879349150896004,0.0014642157398547368,0.008677525477567505,0.002402588537838008,0.02252225820985164,0.005419527697003074,0.01371842469120934,0.030698126822480756,0.019521455944307882,0.0022277300649848997,0.0035357167087734158,0.0021852812942096426,0.036736441929244856,0.00453808374916142,0.03945583631759256,0.04885495590704877,0.07681179551328433,0.021163537331528395,0.006395380777210946,0.040081158367602905,0.06692681682405821,0.06092500621163063,0.16489191697680042,0.07086689742618635,0.014242595040570188,0.016399612361287185,0.02594524872269124,0.04685390460241156,0.039830174239223616,0.17760826844694694,0.1223912696854987,0.0375871574189727,0.024255620092617333,0.017191847877237775,0.01601682981758629,0.07431221449937826,0.16330507522962184,0.058880335660217574,0.02401513078826064,0.02715162339184912,0.03388965215211012,0.1637055833451645,0.081724574714747,0.04057915510313866,0.020841984931269843,0.03741010349478791,0.1503197223678113,0.05125555884905595,0.03447270875416983,0.03291943280623259,0.03399540179051449,0.09203037706149665,0.10969174356245089,LC_V14_H1p5_T6,0.17760826844694694
22,"(22, 0)",85,1,single,,Y,0.016387335978985288,0.008781414914387279,0.015371733155129939,0.00861451138935692,0.0017500429878208647,0.0017950578431250553,0.023922213357944505,0.018707455024086047,0.0035376011263939804,0.029981582343286777,0.003295788574256275,0.006090343615359039,0.004162953662246026,0.04761289897760253,0.020855224609164346,0.012660403552283019,0.06135515953785721,0.0033554033286863952,0.019688569393141966,0.005468850213591021,0.06478145626867557,0.015605406987546032,0.03905335531784986,0.08791143510214654,0.05532479839860583,0.0063786792149603385,0.009997399786329016,0.006219530787681926,0.12559526648612868,0.015538336367448323,0.13345414979580333,0.16604887643470143,0.2585472918764942,0.07101851727068907,0.021573361351077604,0.10865668331801098,0.18040735045066852,0.16453866091253871,0.44291506161269256,0.18979914125423974,0.03793462341446732,0.043808203349367976,0.06761873975117873,0.12166555220862266,0.10345572350052179,0.4595221964728946,0.31556163194617853,0.09650814563195488,0.062337652303637414,0.04401434914226185,0.04686326984452322,0.2166088746661153,0.47457163254400025,0.17021294390106517,0.06953180236139847,0.07829917159231588,0.10582913505389056,0.5093392488653045,0.2530935511653784,0.12530466739388313,0.06408414146992829,0.11930037286301555,0.47677202427330573,0.16215605975947173,0.10856590135709825,0.10677868440984119,0.11001724934530112,0.2962672405525447,0.34873655376165286,LC_V18_H2p0_T7,0.5093392488653045
22,"(22, 1)",93,1,single,,K,0.00814432999021228,0.0015673725408185703,0.0027028439030019565,0.0015780740835418152,0.00031346724955438383,0.00034016841199724466,0.003275075792513405,0.0025318138772429384,0.0005246709324864251,0.004196421030115673,0.00045363957886943756,0.0009088624203086644,0.0006006276238051443,0.013875066225132257,0.006051510750912723,0.003816924659619781,0.018228444166748493,0.0009792798743283255,0.005959557398936486,0.0016294475402232659,0.013586795255924803,0.0032573189727485774,0.00853179144815094,0.01886443642740189,0.012438031414588015,0.001372640781036501,0.0022936187742962698,0.0013842178481665423,0.07321261517996598,0.00905079640182719,0.07810231625538228,0.09686899560211581,0.15162612285537913,0.04158849599554598,0.012533703823552114,0.05390749328448894,0.09022091339205794,0.08179172910731221,0.2217994857702444,0.09498700091024365,0.01914205255853999,0.021854216157825377,0.03556569629007447,0.06424315928763119,0.05440314061971322,0.24241186593820863,0.16601676606660395,0.050974888808251656,0.032665130165284065,0.02312455706083298,0.023722915673071512,0.1097462113155211,0.24031813594486617,0.0866347705951684,0.03517858946240029,0.03974752842258041,0.05413618133583956,0.2604205284325666,0.130073254493624,0.06420631499601637,0.03299944655038053,0.05736030467054064,0.23071529443157335,0.0783037191683653,0.052693928156255156,0.047951250771456275,0.04938938192580895,0.1340608626912913,0.15339172862365394,LC_V18_H2p0_T7,0.2604205284325666
22,"(22, 1)",93,1,single,,Y,0.014672928776636755,0.004064069709158548,0.007042683821298916,0.004000799190565124,0.0008023910672985146,0.0008410991870236768,0.01282221899950305,0.00998420971037225,0.0019343457154224857,0.01609726577600797,0.0017606673879294464,0.003316416415983408,0.002246004111346224,0.0631341340012179,0.027683902209841592,0.01667216417435477,0.08103766373165891,0.004438242504001999,0.0259521517579909,0.00721071017651116,0.06534067756644832,0.015712427453725784,0.03973247364331549,0.08902896097573938,0.056550645307601226,0.006447211698861435,0.010255528041313884,0.006329506123060211,0.3872185080503607,0.047917146753190025,0.40892682161454147,0.5092923353656634,0.7882363771416722,0.2151490435973199,0.06530656309531842,0.2668879075197871,0.44265787997824485,0.4026851022974821,1.0811239134416055,0.46086656621439415,0.09178730178915152,0.10572937505461534,0.16278834894118432,0.2914859058381591,0.2476328269707041,1.0937798796315272,0.7461787398646118,0.22692953893580656,0.14640492029630292,0.10276756334599202,0.10788958036235377,0.4967910076484116,1.083866001770391,0.38826496697776497,0.15844950597844518,0.17773664885202242,0.2527952929932641,1.212512046780499,0.6010363349512344,0.2961822256506229,0.15101838458561945,0.2590580704526619,1.0345613895312422,0.35038974421197894,0.23412922816394272,0.21399526814246445,0.2199515962151243,0.5917045545100149,0.641051616428659,LC_V18_H2p0_T7,1.212512046780499
23,"(23, 0)",88,2,single,,TY,4.6849928182832146e-05,1.158599179105746e-05,2.032136604473104e-05,1.1352899237261037e-05,2.3054715051397855e-06,2.364128620519575e-06,4.499630157415434e-05,3.505024994141709e-05,6.73752053823368e-06,5.6249098300454354e-05,6.163206773591792e-06,1.1478767526291995e-05,7.803629486590703e-06,0.00024626873087613507,0.00010806035692556131,6.381657549599176e-05,0.000311984106757755,1.716169239269073e-05,9.86983350215733e-05,2.7547725513229567e-05,0.0008280851979628577,0.00019942058354794007,0.0004961999910840465,0.001120188315872308,0.0007000604322565039,8.11402447826507e-05,0.00012621649838505164,7.882662726793721e-05,0.0033694592133783016,0.00041702404911093315,0.003538948498809949,0.004413960089543661,0.006795878802110645,0.00185255859871828,0.0005643034371029629,0.0026138691625904563,0.004299894319089163,0.0039240763150466965,0.010466226248052674,0.004446070310339225,0.0008802778618104194,0.0010180604339949141,0.0019976880074461583,0.0035665203286666864,0.003035497517048224,0.013377619950916778,0.00913245791394924,0.0027729126268945673,0.0017937512049865513,0.0012581194174794955,0.001810124684039838,0.008267158451203875,0.017931912240544426,0.0063709069062451934,0.0026038113466286678,0.002904331000187791,0.005984596550736835,0.028521886890397138,0.014064691889549223,0.006915202131762169,0.0035071926228611157,0.007996507993727744,0.031691213611271196,0.01070616365052382,0.007121330556760457,0.007269071191411786,0.007437443630370148,0.019872656385723084,0.02685794765662615,LC_V20_H2p5_T7,0.031691213611271196
23,"(23, 1)",96,2,single,,TY,4.43255571834259e-05,1.7897542342258368e-05,3.1333135031341895e-05,1.7298721371466372e-05,3.5066980000675697e-06,3.5577446624072376e-06,0.00016645627778446188,0.0001296819837167314,2.466662984639824e-05,0.00020713599586108622,2.272866252385577e-05,4.1995405032606426e-05,2.86413960196608e-05,0.0012510978351951954,0.0005497800570139848,0.0003241649963601603,0.001584962269549531,8.726912624647403e-05,0.0005014660996112536,0.00013982315767910807,0.0019932792665185843,0.00047915050305325695,0.0012032827208176443,0.002702426810750415,0.0016989668053312402,0.00019448294380888518,0.00030555983123535253,0.0001892017268445043,0.03482941426531506,0.004307825985501911,0.03651303315960547,0.04545290890506682,0.06974478193975177,0.018819020355628352,0.005699855959329571,0.024965964785428212,0.04106083138992679,0.0373235223761583,0.09925233268386568,0.04192668230091475,0.00826757465269833,0.009532794005685437,0.017186181956903412,0.03049619172396975,0.025922437775826927,0.11340829999473558,0.07673907934298116,0.02311664909036207,0.014936276252077593,0.01039056007008853,0.011387615749081552,0.05193321111646159,0.11225094057508578,0.04010091835262544,0.016352320702071845,0.018197220793619184,0.03582508552577535,0.17056726557546692,0.08390761601692096,0.04106661233853081,0.020767431105751702,0.0381058247421559,0.15108276176573884,0.05075544910924123,0.03367182783029592,0.030188823674541728,0.030833750501861806,0.08240700083312398,0.09235003448308192,LC_V18_H2p0_T7,0.17056726557546692
25,"(25, 1)",60,2,single,,K,0.00010181678316395699,3.5562072881921895e-05,6.307019658746167e-05,3.536588041366028e-05,7.2737879222738396e-06,7.609109814487996e-06,9.76950081726357e-05,7.656325069223899e-05,1.4567804596203051e-05,0.00012375514988268097,1.362895209281368e-05,2.5653728852804357e-05,1.7553989465872324e-05,0.00023239540574159775,0.00010182714646045519,6.203408421892176e-05,0.00030104997092102176,1.6373147800113088e-05,9.770416328974833e-05,2.6950586895662533e-05,0.0004141047976334405,9.965205407669859e-05,0.00025280681480268377,0.0005674525058337746,0.00036359662653495846,4.179668384903472e-05,6.71892076707836e-05,4.17636780154503e-05,0.0021928623149767316,0.0002709001953167315,0.0023341814439462884,0.002891776422758252,0.004514607404384405,0.0012375135958039498,0.0003738427214614162,0.002194018620163293,0.003639536728341854,0.0033126664089753437,0.008929865060161425,0.003830266387914958,0.0007702385695312382,0.0008855794561874678,0.0017504260548261243,0.00315681904806469,0.0026823536503674077,0.011940188180982454,0.008201906092305419,0.002521202711878575,0.001622490612747628,0.0011520160865056996,0.0010739825056408031,0.004933353247879257,0.010746410536148832,0.003949574040026361,0.001609779314343133,0.0018301307134504252,0.003292613097590179,0.01571756630684926,0.007790832643979499,0.0038326191265551906,0.0019610050072485998,0.0038042635283432416,0.015187284589352637,0.005126150212215179,0.0034373534159903105,0.002938985868094773,0.0030251273099752046,0.00818683579489521,0.011447958032870057,LC_V18_H2p0_T7,0.01571756630684926
25,"(25, 1)",60,2,single,,Y,0.00031389431714512017,4.254280839116557e-05,7.495191103592508e-05,4.254385395038901e-05,8.692956050122281e-06,9.24615798157757e-06,0.00022606874801909204,0.00017726075486155924,3.3040947052953606e-05,0.00028284700548767024,3.114303530883338e-05,5.8063632259039594e-05,3.9798457902762475e-05,0.0011854977451251467,0.0005203078341520464,0.0003067904532822499,0.0014978807856455205,8.220799783848252e-05,0.00047241038157741077,0.00013140227830398085,0.0030267126780811372,0.000728958676158876,0.001815108223832977,0.004092917396290275,0.0025612351815623765,0.0002958572170563617,0.0004615196702199496,0.00028734135008023047,0.016739686073412325,0.0020703773795432926,0.017566552920871812,0.021860863779787663,0.03360454230907824,0.009122220243886472,0.0027730470224490065,0.013366741910690165,0.022005008122005867,0.02005982417379141,0.05352493476123766,0.02271112009432718,0.0044981863982624555,0.005184738782949183,0.00955786620410774,0.017065859520617857,0.014509950548718778,0.0638670098489625,0.04348106469765578,0.013194439711476198,0.008514557277413551,0.00596521983364761,0.007984804420982504,0.0364175268373361,0.07876017479991569,0.028135984620042357,0.011490555636221766,0.012855700276257317,0.025412227546006912,0.12052660362362523,0.05928524219430048,0.028938673590090686,0.014637384107100948,0.03343656379775054,0.13218220986552995,0.04424743438062473,0.02934650222437736,0.030100982766273994,0.03088241009797699,0.08278141775739896,0.11569933762132409,LC_V20_H2p5_T7,0.13218220986552995
25,"(25, 0)",62,2,single,,K,0.0004569430064647096,5.0497504995335e-06,8.913165303355244e-06,7.534537150197983e-06,1.4309644607552167e-06,2.895647427350812e-06,3.0352679476152108e-05,2.3997531542081337e-05,5.191706201640064e-06,4.641869214721573e-05,5.142577398090196e-06,1.3393661044127168e-05,8.80937880241101e-06,0.00019787103850751246,8.749096187962042e-05,5.940602948115285e-05,0.00029026031701034194,1.5696094216111702e-05,0.00011767804983432306,3.165969620679451e-05,0.00022920450491794263,5.547048994699831e-05,0.0001719098860257268,0.00037876863470357255,0.00035813072310376763,3.4557905050380094e-05,9.475101119149531e-05,4.8830065658907326e-05,0.004566889984735905,0.0005647388617017559,0.004902563679081014,0.006110130632480792,0.009776799237735122,0.0028182448536286722,0.0008539746714542977,0.0038648280117226054,0.006481622842997503,0.00588367338882832,0.016237410489209757,0.007243252590342895,0.0015356428925324185,0.0017641891681444877,0.0030962987991232428,0.005621738465377538,0.004778788254246794,0.021673663488916292,0.015353220168412444,0.00490651186685577,0.0031544360742450654,0.0023540306426634056,0.0023067151275398628,0.010743846628114893,0.02404612594005732,0.008988335679742394,0.00365376704509595,0.00432725085045318,0.006923696535528417,0.0340033672385435,0.01735752433726128,0.008930610957677658,0.004785054426705402,0.008141892688640979,0.03348555815921957,0.011823421820113068,0.008278024956203537,0.006821111034443295,0.007247151083113725,0.020508094702425324,0.02508015739663906,LC_V18_H2p0_T7,0.0340033672385435
25,"(25, 0)",62,2,single,,Y,0.006981459810400851,5.819545763699697e-05,0.00010191222981813163,0.00010948882573108256,2.035536916142939e-05,5.1212823813916e-05,0.00045524628500697947,0.00035861052397232406,9.692935598457929e-05,0.0008253700393390539,8.812154826600937e-05,0.00029206354846681294,0.00018389573591965204,0.004288564351959815,0.0018984988340445522,0.0013735044954671853,0.00675262686978241,0.0003590478297995819,0.0029412634359093945,0.0007811838118784868,0.005578888415835751,0.0013525652469249974,0.004259641609397335,0.009593938268481109,0.008782228831604144,0.0008980671642479635,0.0023464131053889995,0.0012773488327072807,0.1371312849652224,0.016951808965381395,0.14999818479693924,0.18624882415944813,0.3058028863082737,0.08965187825478561,0.026728774060635296,0.10221164473294993,0.1742356028053393,0.15756033665852126,0.44580748309720675,0.2022824771730199,0.04435378742779264,0.049825491906693886,0.07329391468204315,0.13410884420237687,0.1137228430078603,0.522355350885205,0.374015425260235,0.12233075835878673,0.07757775110317201,0.05931846833299125,0.0517119551168498,0.24631307639645317,0.5627134425713679,0.21685791449632705,0.08663310601104114,0.10579309326650811,0.16425245485794351,0.8129480745179112,0.42172416433311777,0.21672533882743147,0.11798099905342248,0.18306679777105433,0.7603511249268873,0.2671834660876033,0.18891589695250113,0.153543396185545,0.16367523865256234,0.4688298652567771,0.5125862618710894,LC_V18_H2p0_T7,0.8129480745179112
25,"(25, 1)",73,1,single,,K,0.00031061049589702945,1.735158030159753e-05,3.062504652548225e-05,1.7494735841418308e-05,3.555785350753945e-06,4.0601476210025235e-06,3.929730307202809e-05,3.0812857953452364e-05,5.9306649624089835e-06,5.059063407097237e-05,5.555748889759922e-06,1.1010361916332643e-05,7.303485619511078e-06,7.212998496186385e-05,3.172360616845806e-05,1.9498206536844283e-05,9.499410887242799e-05,5.232244532997242e-06,3.1676955879820426e-05,8.822555333189886e-06,0.0001395953589699066,3.363206251704357e-05,8.59997695807646e-05,0.00019374922438605615,0.00012737319415421955,1.4539650999819108e-05,2.940542201133872e-05,1.6330100367164213e-05,0.00047428391754773634,5.87635815460363e-05,0.000512326493628779,0.0006389617154230113,0.001021150963169149,0.0002893562504345255,8.715761230339201e-05,0.000700460446117895,0.0011718495734406812,0.0010725211976298108,0.0029254276101469616,0.0012832454780375916,0.00026316916842798814,0.00030383459545809733,0.0005434169937611977,0.0009812506869498092,0.0008363722489934857,0.0037510233458916764,0.002618780753002779,0.0008186272061307436,0.0005260222481284265,0.0003808066421002241,0.0003932640830416427,0.001842633494954683,0.004105017059642825,0.0015038300291374148,0.0006107940056231113,0.0007033270257954985,0.0010242110744531929,0.004956836829792344,0.00249084793009323,0.0012440381268184286,0.000653019582714994,0.0012798280284195918,0.005167011617087568,0.0017796055317105333,0.0012127169255327348,0.0011817266201502637,0.001225142038990264,0.0033624202533908535,0.004823995281624091,LC_V20_H2p5_T7,0.005167011617087568
25,"(25, 1)",73,1,single,,Y,0.00031061049589702945,2.0634089740846853e-05,3.62617468546722e-05,2.061040578506734e-05,4.187820685525531e-06,4.553954484897524e-06,0.00010243197163515265,8.049060456582187e-05,1.5118740260001116e-05,0.00013107282833465188,1.441841331921762e-05,2.7259455126117198e-05,1.8679958858071876e-05,0.0004611261578880516,0.00020275291134686505,0.00012059250418236184,0.0005927673383712696,3.268362854507339e-05,0.0001924385465821595,5.3657091682306507e-05,0.0011615042777708407,0.0002805094370968799,0.0006971823755857512,0.0015845375581032704,0.0010033003014132329,0.0001170301672260938,0.0001859744416891452,0.00011627223215403795,0.005073201838544301,0.0006278231928467989,0.005339284209750261,0.006656805047293364,0.01028526262306587,0.002826250444664723,0.0008616248353375938,0.005076344711974046,0.00837076174917546,0.007640187305471578,0.020480549726852867,0.00880357675750831,0.0017643244485439557,0.0020408178384818815,0.0038803487498512658,0.006943064985133205,0.0059094703438407935,0.026167709631717773,0.018029978016277495,0.0055294302833508654,0.0035742282235853764,0.002538810461545303,0.00344733952254081,0.015920553943971648,0.03499228930362858,0.012647991313646653,0.0051557825066975375,0.005827690936543013,0.01100142927818607,0.05264910367420905,0.02610038833668944,0.012882243829885561,0.0065940413520407595,0.015444819942666707,0.06143265830114753,0.020873648703018235,0.013961860616474149,0.014909506825686274,0.015291175798322556,0.04116042106860201,0.05806778234278211,LC_V20_H2p5_T7,0.06143265830114753
25,"(25, 0)",79,1,single,,K,5.3580256104224516e-05,3.843815179713643e-06,6.543133265429821e-06,4.1414513103386114e-06,7.866083380478601e-07,9.585477499285208e-07,2.4657572577824653e-05,1.8749034002398112e-05,4.730383825935695e-06,3.2940727979642584e-05,3.4454869641233704e-06,8.077130813496385e-06,4.93381106208721e-06,0.00012052635163396064,5.1934916252141136e-05,3.7805500821134795e-05,0.0001704363755336054,8.561590036669383e-06,5.890758548786471e-05,1.5143310547467265e-05,0.00017146895255842039,4.068309199593082e-05,0.00012267205308692363,0.00025651479862452193,0.00019342226280594257,1.855151589141827e-05,3.678659969185543e-05,2.020935319836137e-05,0.0022176333059922065,0.0002719928951008263,0.002487612523135558,0.003001192083114704,0.004940794007692594,0.0013598022976475468,0.0003923795116952322,0.0018501243071286106,0.0032197178183210854,0.002845793566236435,0.008026386106615869,0.003442336623395257,0.0007272979818987725,0.0007868813397253734,0.0014697622238217546,0.002741734019712051,0.0022792164793030913,0.010499633538966597,0.007212229490794869,0.002301352982807827,0.0014115537808800666,0.0010297259123651314,0.001075451428086821,0.00502253319879762,0.010979938695553745,0.0040804016709584095,0.0016007111890408829,0.0018464127689729482,0.0034095234947616984,0.016339685357871975,0.008282854552693493,0.0040436770357246965,0.0021145362155111204,0.00385983704435418,0.015802442705253328,0.0053063363029842115,0.0036357729800359697,0.0031797003583807697,0.0032402072520729126,0.008968817315758845,0.01122890840493828,LC_V18_H2p0_T7,0.016339685357871975
25,"(25, 0)",79,1,single,,Y,0.00028873070675708743,3.1172231429903344e-05,5.251431337673043e-05,3.354252636246507e-05,6.345507385071484e-06,7.841396808964866e-06,0.00026774061215065187,0.0002053638407945632,4.840828008782336e-05,0.00035574607860262863,3.75832269653117e-05,8.452406482978567e-05,5.283957074975818e-05,0.001981953644009633,0.0008619708707827426,0.0005766106994306595,0.0026890579472876376,0.00014034251577978792,0.0009049084118328874,0.00023992370325212986,0.002954806621458684,0.0007038320454308979,0.00198845006858123,0.004288591267107861,0.0030488189590929275,0.00031507628868562897,0.0005793745200197384,0.00033446748428660574,0.05448328931452993,0.006708933949636818,0.0592301425043472,0.07249298764815762,0.11556748193077304,0.03155427903125081,0.009310901844968036,0.04042810935060897,0.06843199913376452,0.06124609774892604,0.16835218849145284,0.0718393062774952,0.014793171588576915,0.01640367369543695,0.02954182228513007,0.05387198765895443,0.045251084285279776,0.20372795884874995,0.13906304897836352,0.04326764426902118,0.027161994395916395,0.019422840044271417,0.020232306638950745,0.09336424801490872,0.2032825354008402,0.07431584058994352,0.02955024597576051,0.033707766481801946,0.06687565863202538,0.3198030203506121,0.16044570470080208,0.07844780228889721,0.040542989302333424,0.072928715245816,0.2945529083903311,0.09899311474585534,0.0670528503403662,0.059785236904744715,0.0608683670080147,0.16636934696532335,0.19020972646036063,LC_V18_H2p0_T7,0.3198030203506121
26,"(26, 1)",76,2,single,,K,0.008428860238081709,0.006937233001150651,0.01219140202911188,0.0068299376156155,0.0013914007367160596,0.0014284363989420458,0.01652000366500534,0.01292240149783557,0.00246772278266716,0.020822946781822713,0.0022868808656089775,0.004269444133133959,0.0029081123997347323,0.024529562227166075,0.010726201957357899,0.006680447604239835,0.032081668817387214,0.001740482511167719,0.010436417275184764,0.0028762786463937856,0.024901533880110245,0.00597829746042356,0.015414208341141813,0.034286335897346996,0.02215799490140963,0.0024914478092996047,0.00404112163635925,0.0024728250736944053,0.04429506841886339,0.005466436607381963,0.04784873480605077,0.05908492337982585,0.09355615914007734,0.025845303716025596,0.007771940584097316,0.04248872585948155,0.07127507142731605,0.06475702818795082,0.17598345375066526,0.07570697054851175,0.015301482560356093,0.01753142992666834,0.027143942352365023,0.04912078308844225,0.04175622393645855,0.1867348060719361,0.12888775323084167,0.03977288018011712,0.025554859161069907,0.018189148022128752,0.016050752501695773,0.07475210042023017,0.16472555373492428,0.05966847627145952,0.024212230455869545,0.02752650620310078,0.03547493429199973,0.17126858150645813,0.08567020703554565,0.042446186353740284,0.021828833695075885,0.03853601491587217,0.154947707311158,0.05281302052816738,0.03558021702807782,0.034143011366686585,0.03530646916115016,0.0956768977301573,0.1131310040945992,LC_V14_H1p5_T6,0.1867348060719361
26,"(26, 1)",76,2,single,,Y,0.012200485822356544,0.006131014233342653,0.010766233039409248,0.006015209031357817,0.0012244767849984475,0.0012534242257832252,0.018627466115445832,0.014592682499354602,0.0027427810762542357,0.023358384529409373,0.0025694457530625416,0.004741147284977002,0.003242467053725477,0.046240698705571855,0.020274153072188356,0.012253098068587171,0.05956194439138114,0.0032619104217665885,0.0191359447276847,0.005317114086436689,0.06205525082408205,0.014942433911292569,0.03756984184095555,0.08451365940960907,0.053435280039074266,0.006141223473213792,0.009687601964531768,0.006012428661057282,0.14407525423764872,0.01782485093995789,0.1528290550491027,0.19021702171677732,0.2958166462758749,0.08119412634678065,0.024659705175869764,0.10718787287227932,0.17804298853458356,0.16230268847272813,0.4370683716385785,0.18716262067184114,0.03742862464804829,0.04314670255415195,0.06362808722273915,0.11426228760136718,0.09725497571869264,0.43126855303938705,0.29605739069572495,0.0905402292972936,0.05843314335931316,0.0412548930806827,0.04463588820206324,0.2061349402290315,0.4513199670086171,0.16191485639328906,0.06603133315133528,0.07438004550086708,0.10655287904184468,0.5110276178851473,0.2534651527541783,0.12499314420624372,0.06378986675845111,0.11926567047630711,0.4755027354793675,0.16123665282571756,0.10775269269877072,0.10833678597439839,0.11157277469875457,0.3000996979368767,0.35246982454848796,LC_V18_H2p0_T7,0.5110276178851473
26,"(26, 0)",78,2,single,,K,0.009514940439446088,0.0010498694318623058,0.0018229009983240284,0.0011604968475476265,0.0002256714316136797,0.0002811476804811002,0.0034317291840944763,0.0026458352236005214,0.00061760046553312,0.004739367461149785,0.0005011341758756069,0.0011646369207335648,0.0007363211387518244,0.01258460078671617,0.0054825193308024826,0.003661572332226185,0.017278037340399597,0.0009079783183808369,0.006043381863768156,0.0015975372261230842,0.01280886454819204,0.0030798416109343125,0.007898384334545294,0.01767124805603374,0.012234837445252804,0.001296095091013494,0.002436614128920462,0.001399573686284584,0.06795040949127518,0.008412598652087192,0.07185576825531295,0.08959373426981132,0.13919139850996223,0.038216856761326475,0.011585817730724535,0.0488069125801346,0.08127130470307381,0.07395575151113139,0.19975018734249897,0.08568177626163216,0.017210991412929342,0.019755203311259673,0.03188631262165156,0.05734088982635378,0.04870934643646482,0.21643431376812902,0.14843786971656173,0.045492412880668985,0.029265091691922436,0.02069444648753449,0.022077124601505106,0.10211814087825476,0.22396064224950643,0.08084041831782592,0.032925899059319225,0.03718508463475036,0.0508651035945352,0.24476603434256214,0.1219586750609239,0.06029499461393868,0.031022359819719847,0.054492538833396977,0.21889479580624271,0.0744463915066407,0.05005326497482874,0.044852181395737406,0.04631136121171071,0.12545285162920478,0.1488540823856552,LC_V18_H2p0_T7,0.24476603434256214
26,"(26, 0)",78,2,single,,Y,0.015122616651308082,0.0029724747679855767,0.005146725327055519,0.0031455049463335037,0.0006142380348541274,0.0007343752960070392,0.014341614769005683,0.011128461134218288,0.002353199107227032,0.018859748839184405,0.002029892910827192,0.0042461999361373785,0.002775460345032952,0.06799592179292599,0.02979002518764648,0.018478386374306544,0.08914036061910048,0.004825324983397782,0.029587925265125263,0.008058033253955156,0.07129943306115052,0.017175837967250963,0.04285596145422312,0.09661243163245556,0.06309660532290737,0.007020301791632214,0.011923457652641202,0.007147545023490919,0.44899459876183423,0.0555889581021391,0.47220369328942585,0.5893146285766514,0.9082497430226261,0.24761742006431828,0.07536182869650473,0.2987990722436268,0.4937803858353179,0.44995311481249356,1.2037267138652117,0.5125612283433462,0.10168447363022379,0.11751707731687182,0.1757924721530156,0.3135248592852643,0.26690483211991517,1.1747016736558866,0.8007196908670213,0.2426375429776399,0.15701337387441036,0.10987631995806668,0.11784371539521594,0.5420830181033404,1.1821085165908978,0.4226692523113896,0.17275728170772026,0.19349301545194347,0.27894837345045354,1.3365601354684422,0.6613656957794066,0.32575140684125803,0.16593019991444288,0.28374491342584873,1.130687619549081,0.382857904012329,0.2553523276501138,0.2314172192225879,0.23782370056272925,0.6383261512047737,0.6892864900589907,LC_V18_H2p0_T7,1.3365601354684422
26,"(26, 1)",89,1,single,,K,0.007670011970365214,0.006354136139937817,0.011163695724870682,0.006238256629996788,0.00127204390624517,0.001300442738538094,0.015530863504758128,0.01215257185081176,0.0023008012116773387,0.019510817430249308,0.002145636062682701,0.003971245221296437,0.0027148150884358027,0.023165322542914295,0.010145996450470379,0.00622557808345761,0.03006181956919202,0.0016414551854065586,0.009708552455623513,0.0026925891822164394,0.02402687692596686,0.005783741445903374,0.014627986773782228,0.0327619466285629,0.02082370205645602,0.002380387750956083,0.0037749011443307646,0.002334647559921243,0.03819391832076701,0.004717447660975499,0.04106787308903258,0.05081597571235723,0.07998895592789865,0.022045865908999672,0.006657110918735512,0.04118402898063581,0.06894260144288186,0.0626940820388932,0.16995335283779409,0.07304926168529996,0.014701160578994819,0.016903901890761176,0.025798386717067464,0.046482937862886674,0.039537990778988334,0.1759175919218365,0.12102822726121736,0.037134680362035426,0.023951776249549733,0.016959558640008466,0.016446514286339173,0.07641887061873776,0.16822900355196105,0.06078762458112991,0.02481716436695827,0.028081414050395975,0.035534583494758215,0.17150222415934122,0.08544781279060581,0.04237987288414725,0.02173048763396052,0.039143074578671375,0.15675415396737552,0.053488338512213816,0.035920168667792775,0.03595691844994862,0.03716348767621755,0.10046546156952284,0.12223309064511306,LC_V14_H1p5_T6,0.1759175919218365
26,"(26, 1)",89,1,single,,Y,0.014442741920045155,0.008865744888720096,0.015569583716785133,0.00868437343799752,0.001770231548483199,0.0018060980248659874,0.02551693387286132,0.01997809911714447,0.003752345581931947,0.031971032673691696,0.003518768631403626,0.006474189726552522,0.004435443779832279,0.05179383251841037,0.022718651118260585,0.013701417816774083,0.06662865512548712,0.0036572114666528674,0.021377939654774816,0.005953853826991024,0.0650146421423462,0.01566050030066582,0.03920432766741736,0.08829057093256007,0.055567771960791594,0.006413054093455237,0.010051271244679038,0.0062562519051554445,0.12838831063321388,0.01588311723589772,0.1364261624132691,0.1697060487726936,0.26422881424933853,0.07256712258266476,0.02204297152216744,0.11127153937690212,0.1851379558333602,0.16870324869956088,0.4548419567331114,0.194942444535121,0.03899837493568922,0.04499686402776345,0.06800906225626716,0.12213633783798503,0.10394514285808162,0.4608180986083141,0.3163263484655746,0.09661741478377354,0.06246516929540256,0.044056568595303665,0.04746968988667088,0.2195988007955851,0.48174084163992137,0.17317488769152686,0.070808319184016,0.07977629958282864,0.1101124099868743,0.5291920887101937,0.2623557616741385,0.12968218406024634,0.06620303167176307,0.12357695123324411,0.49278724296912974,0.16750026187059686,0.11199912930486154,0.11442694892856789,0.11797131734695535,0.31763563357801416,0.3807310581552876,LC_V18_H2p0_T7,0.5291920887101937
26,"(26, 0)",95,1,single,,K,0.006732272357544706,0.00124126106007568,0.0021548678919232757,0.0012490402916934158,0.0002498553189948365,0.00026947814316972306,0.005114929313726437,0.003986861376489138,0.0007820363181148969,0.006508389663768951,0.0007103572953817661,0.0013663020108179813,0.0009207679699598903,0.017733613613126996,0.007766317162991077,0.004784666103795838,0.023164147052581425,0.0012581683904274762,0.00754931078441497,0.002081304022069176,0.018285016854339146,0.004387085219261142,0.011333100011805318,0.025236047772290514,0.01638753012358146,0.001838345308565317,0.0030142082067134597,0.001839541080029698,0.07918994691523851,0.00979702851774053,0.0841028912523272,0.10461703294804704,0.16319859321171795,0.04483016302873904,0.013551860875392892,0.057634136464235854,0.09615851937047526,0.08737769985041122,0.23642715548998328,0.10137857869248727,0.020399382879555155,0.02337022926507233,0.037131974096803425,0.06685903839971243,0.05671075595273212,0.252123713301437,0.17277725458692422,0.05298527158105694,0.03404064558261556,0.02408489758120845,0.02602537257386824,0.1205169069501393,0.26441093607541,0.09568861888315,0.0389353682262276,0.043992852510146396,0.06027864635885025,0.2903344509776304,0.14485191596979674,0.07163988574346122,0.03678266663554617,0.06362243551838732,0.25571867860393765,0.08695157259401955,0.058497361779384346,0.053581495250839495,0.05527237277081086,0.14982123015530327,0.17399833920428923,LC_V18_H2p0_T7,0.2903344509776304
26,"(26, 0)",95,1,single,,Y,0.01201940201501292,0.003356810246604742,0.005845730264250791,0.003298100888541848,0.0006649787324046854,0.0006915714618322994,0.017047751099465682,0.013328605292425563,0.002521347796295005,0.021393761875376793,0.0023501006346234813,0.004361864364183297,0.0029776424033795016,0.07244577648053942,0.03182403698122672,0.018986393066184288,0.09284339577531589,0.005108058686206478,0.02974951735859053,0.008292321292844029,0.07676080936507394,0.01846536684026298,0.04646181790435163,0.10441599697685676,0.06600771972659163,0.007567360794870152,0.011962079230046448,0.007412197426918957,0.40498064987521043,0.05013236445165428,0.4268377829998005,0.5323010162265174,0.8225008165312664,0.22459601024555093,0.06826555687207454,0.2766164043779142,0.4582266838296375,0.41721570478547265,1.1192405107309542,0.47741362229488404,0.09503137533909924,0.10962013795287744,0.16632058657410875,0.29733490231771953,0.25288085251345255,1.1156495532824393,0.7613507921027688,0.2313599621448228,0.1494651244009805,0.10487891624813638,0.1127886514608131,0.5197021416274361,1.135301616770658,0.4075368883491534,0.16650672095035735,0.18687901871404672,0.2675061987433078,1.2838872665429433,0.6361275158008192,0.3137561481584266,0.1599127898945995,0.2726535251047093,1.0884283191327007,0.36911714464555445,0.24666469351854287,0.2262822304147912,0.23281145876430906,0.6264502680072886,0.6838132178544896,LC_V18_H2p0_T7,1.2838872665429433
27,"(27, 1)",92,2,single,,TY,5.9090060873491217e-05,1.2089618955591823e-05,2.1169568343610798e-05,1.1845736512304377e-05,2.4038047708648807e-06,2.4670749961068168e-06,4.2044207817682814e-05,3.275755355720962e-05,6.2931233233346525e-06,5.250278798029408e-05,5.7528318283792565e-06,1.0711125733299604e-05,7.277636528479423e-06,0.0002066023758122493,9.073385057683791e-05,5.339532685743004e-05,0.0002615200408215868,1.4406617434601733e-05,8.272137681884915e-05,2.3100106219122533e-05,0.00068820485641844,0.00016577813422828463,0.00041199017106530807,0.0009304632169860827,0.0005810283594784396,6.735744351924329e-05,0.00010469753608482257,6.537838933309118e-05,0.003145788062022098,0.00038938497997649974,0.0033062896916421637,0.004123781157065184,0.006351297974745238,0.0017333527914174392,0.0005285410660252539,0.0026408969221123173,0.004355892224790571,0.00396976976197842,0.010607761275015918,0.004505272719928616,0.0008929462236807853,0.0010307776728731904,0.002077002103654416,0.0037121047207520717,0.0031547262468172668,0.013911645201622056,0.009483136044927029,0.00287855238206448,0.001859955803391204,0.0013035722668517736,0.0019760452080862623,0.009041689405481605,0.019631375578640854,0.006965937707672866,0.0028503881468646655,0.00318223915132857,0.006113017893700544,0.02909606963597835,0.014345239700891126,0.007023456707572316,0.0035633971308559557,0.008375279128336507,0.03322622063947013,0.011190353709536865,0.00743140672621376,0.008163848386344326,0.008353964439720985,0.02234325107123169,0.030521173285730393,LC_V20_H2p5_T7,0.03322622063947013
27,"(27, 0)",94,2,single,,TY,5.317793677641808e-05,1.914646443059266e-05,3.336313182785048e-05,1.8521432798406032e-05,3.7370286826053605e-06,3.816955913031841e-06,0.00014924202059413174,0.00011601753773570412,2.234229960015768e-05,0.0001859115100282401,2.0348776329596036e-05,3.789632425827097e-05,2.574082395107454e-05,0.0011820589851727202,0.0005188926595925924,0.00030772639948033117,0.001500256480752376,8.23501519901612e-05,0.0004749048253819841,0.00013215664902418165,0.0018748795953164017,0.000450393944768951,0.0011344086004043516,0.0025385578820400923,0.0015979784001192033,0.00018223210868132783,0.00028660001728809817,0.00017718918607880526,0.03411329735066533,0.004218540340343329,0.03581812197730121,0.04455476449446822,0.06846472901810687,0.018474783131161222,0.0055901977752364695,0.024595742605331053,0.04048392563570677,0.036775845064227285,0.09784834794903206,0.04132344312971399,0.008152186597710108,0.009393224147802318,0.017217332053655443,0.030563782075267925,0.025973272663980126,0.1137023780095672,0.0769559068307071,0.023195978055086264,0.014980754915804279,0.010426227719364776,0.011350925993240115,0.051754898109406686,0.11182528720977813,0.03992978098503836,0.016276177703471024,0.018108711225711952,0.03541931895392779,0.16868792926984724,0.08302866185791206,0.040620194031095985,0.020554097711353175,0.03786890199352455,0.1502508102366761,0.05048222677599024,0.03350204817873383,0.030200377863633162,0.03084660015164734,0.08246619279986438,0.09166012190182797,LC_V18_H2p0_T7,0.16868792926984724
29,"(29, 1)",58,2,single,,K,0.00011374200048755502,4.4121005330304184e-05,7.778269347705687e-05,4.3577342418993645e-05,8.901186075717145e-06,9.20262952837421e-06,0.00010661265557137797,8.345081143077852e-05,1.6028179889609762e-05,0.00013537887228547786,1.4837770831395662e-05,2.817137083501699e-05,1.9151457891232174e-05,0.0002095408324998111,9.170256750457912e-05,5.694683820969183e-05,0.0002746092022635703,1.4798487569183564e-05,8.972375006562983e-05,2.4597483372824608e-05,0.00041076425407355455,9.893174503655901e-05,0.0002497579257505958,0.0005616749625057915,0.0003587850585356784,4.0987855613146e-05,6.58596643807189e-05,4.0702731066912774e-05,0.0017495552918779381,0.00021629565873601238,0.0018654441730698757,0.0023153738747791045,0.0036378643811404874,0.0010088612170122116,0.00030439745267374504,0.00233724881763166,0.0038926641704626888,0.003539353789936849,0.009581451088607428,0.004134935132704509,0.0008359309993055175,0.0009637763916812837,0.0017790336101907596,0.003206539303610629,0.0027257040019260563,0.012142979797971116,0.008376347298890351,0.002583524303395216,0.001664062993818796,0.0011887843169866978,0.0012814353496722283,0.0058899381308870884,0.012893254541497806,0.004587816812986969,0.0018693124866685177,0.0021098701162186946,0.0032688356575770374,0.015695277232889167,0.007816247270265031,0.0038632569100550862,0.0019850466850417988,0.004068054675478053,0.016236664216554113,0.0054978099172631285,0.0036875816509525927,0.0036431280610156004,0.0037576647149819955,0.010120438514433193,0.0137816795443848,LC_V20_H2p5_T7,0.016236664216554113
29,"(29, 1)",58,2,single,,Y,0.0003941561584838063,5.229510340074315e-05,9.184504298407767e-05,5.119871601886061e-05,1.0413951562760455e-05,1.0675013850404375e-05,0.00026373698970771133,0.00020623422358301868,3.857745372593975e-05,0.00032759607811253113,3.5979699627248546e-05,6.610506497581712e-05,4.512178801445292e-05,0.0011747977793025893,0.000515214913643503,0.000306269661653648,0.0014912262988779129,8.15840473503842e-05,0.00047525819418283783,0.00013188094779026063,0.0031240957769187966,0.0007531048805089121,0.00186111765861691,0.004205444025175534,0.002618175104473707,0.0003038326731598364,0.000471114099291913,0.00029414868579683516,0.014982069918906922,0.0018534190863058935,0.015753498545993703,0.019620902818364643,0.03023219608708142,0.008230596960333335,0.002501468270132746,0.01391294515084683,0.02292555550112067,0.020900863600915583,0.05585525162678283,0.023746551252716686,0.004713667667152055,0.0054383712300605045,0.009922281002421388,0.01768203694546747,0.015043873547829668,0.06618140706308895,0.04507212630125525,0.013673590151058524,0.008826185830142623,0.006183714891435821,0.008819899524229555,0.04031783842348917,0.08755258817355052,0.031051307397340588,0.012667738249463895,0.014145234981950462,0.027430772224584,0.13029406307222505,0.0640536320482034,0.031277843858997414,0.015836351699475178,0.036711925701764854,0.14471824488614324,0.0486573118978329,0.032191079821247706,0.035702769400794296,0.03648089379525836,0.0971797399808097,0.1328986798773368,LC_V20_H2p5_T7,0.14471824488614324
29,"(29, 0)",66,2,single,,K,0.0004140500835933831,6.7581709232652395e-06,1.1830062384208158e-05,9.176590657739748e-06,1.793912778523354e-06,3.0963731255856178e-06,2.634001701143111e-05,2.0675063058131702e-05,4.763422311468333e-06,4.051326581697353e-05,4.4417521050139665e-06,1.2182351448807432e-05,7.678103418087375e-06,0.00016394903448982748,7.232073183068356e-05,5.1305415622492075e-05,0.00024964628904706484,1.3212459681895633e-05,0.0001044345531686733,2.7559436992973242e-05,0.0001570743436648444,3.7248290528528345e-05,0.00013961389632591848,0.000289352500548695,0.00029855552042141076,2.600276469412239e-05,7.781634014221129e-05,3.975160972948252e-05,0.003768513456162729,0.0004661024403164266,0.0040183376914856225,0.005012327801542096,0.008001831886478489,0.002300544245795749,0.0006921442175853332,0.0031030670358553414,0.005201216371270951,0.004736367500136245,0.013097807345932251,0.00588040206501285,0.0012616349229514544,0.0014385022880771924,0.00204544609768734,0.003708357539662231,0.003154378892969462,0.014447049254833966,0.01036690363266484,0.003456520137104589,0.0021606639371419814,0.0016839633947960983,0.0015239222049999357,0.007217639280013556,0.01649002487085797,0.006535198261093579,0.0025560877173264477,0.0032055654905139984,0.005070168558531277,0.024968360180590107,0.01307821692446216,0.006711587969658138,0.0037228813048197826,0.00597933474011511,0.025045949394125033,0.008809876590494096,0.006366212168990521,0.004982246851740306,0.005411746371697642,0.01632800459554711,0.020774039067764104,LC_V20_H2p5_T7,0.025045949394125033
29,"(29, 0)",66,2,single,,Y,0.006537204729978827,7.029434442210016e-05,0.0001235005374785251,0.00012593061465283092,2.3765734884259495e-05,5.442335251432548e-05,0.0004811809175144947,0.0003741609359703928,0.0001042896750331812,0.0008505460922092055,9.03324779255863e-05,0.00030083279813291887,0.00018554889020639052,0.003965399590072908,0.0017445022249534194,0.0013281732688357206,0.006480729861810458,0.00033519556034120057,0.002879013870133325,0.0007503931396781606,0.004679394860783028,0.0011174866650018932,0.0038070023020240914,0.008238644783142388,0.00789561505021245,0.0007604395846621828,0.0020633288143102136,0.001117750082342227,0.10370769103982169,0.012824175781880163,0.1126140382317618,0.1402778017975077,0.2302983302685668,0.0678142196829799,0.020096056917310253,0.07839956336050277,0.13404696947435074,0.12142227571887823,0.34533894323924447,0.15811399892640443,0.03516394370929404,0.039327834300800106,0.049876667152410174,0.09193554045397113,0.07789793717526272,0.3635470250315025,0.26420926969053704,0.08972271568752033,0.05552136429918378,0.04406394930215898,0.0379005414411642,0.1833873277793984,0.42565925790551645,0.1709964626336843,0.06666097160944308,0.08404722468590105,0.12509717762224326,0.6210103712145776,0.3282407478662027,0.1692636747186959,0.09454144994927141,0.14212554070622924,0.599491804735535,0.211276636324965,0.15268912066325788,0.12105924320984118,0.1314623787440837,0.39081943874533653,0.436093669418574,LC_V18_H2p0_T7,0.6210103712145776
29,"(29, 1)",75,1,single,,K,0.0003298700244555799,1.5175579240792966e-05,2.6620082349513994e-05,1.535178816541388e-05,3.093710382878654e-06,3.6906960949829065e-06,3.1912724197462e-05,2.4809752351504724e-05,4.975559687051582e-06,4.0913113401392944e-05,4.450407184373461e-06,1.0016692718230873e-05,6.0906313352979985e-06,5.82668790045575e-05,2.544240886913942e-05,1.6149911912033493e-05,7.731042849076518e-05,4.2130607518452076e-06,2.882880068865618e-05,7.322911021109754e-06,0.00011532484336720776,2.7781705814421985e-05,7.111076598306459e-05,0.00015847286694994935,0.00011204642714584066,1.182248809130608e-05,3.133489129876912e-05,1.5026509194568801e-05,0.0004408823605008201,5.440277124528712e-05,0.00048501467171366703,0.0006005558005411143,0.0009744601330423905,0.00027711264722049783,8.171416522649923e-05,0.0005984559305634463,0.001008330035807695,0.0009165322983161969,0.002513199136950546,0.0010984379813494102,0.00022646909361032268,0.0002586666125584934,0.0005266064723831246,0.000946975239128962,0.0008023369857914221,0.00357574687213433,0.0024795449175840727,0.0007715010843400293,0.0004945024443794724,0.00035553906946537555,0.00032230181635458185,0.0015143925631905314,0.0033805216521023114,0.001242266379711365,0.000503878182535932,0.0005818282508558813,0.000834968254704895,0.004054944686644045,0.0020573884130568893,0.0010316225299580256,0.0005606637077179537,0.0010096410015899915,0.0040970500505170225,0.0014075931847757554,0.0009621062191853589,0.0008646875388568151,0.0008993656545567198,0.002549273988701447,0.0035896075501301106,LC_V20_H2p5_T7,0.0040970500505170225
29,"(29, 1)",75,1,single,,Y,0.0003298700244555799,1.570996012906124e-05,2.7355342789429445e-05,1.5663178393570348e-05,3.141834625807235e-06,3.552841589482289e-06,8.45762354707851e-05,6.58994719034564e-05,1.270041836712645e-05,0.00010596220987712759,1.1598206210845325e-05,2.2116995282580533e-05,1.4867148427493744e-05,0.0004115011597888866,0.0001807093343604532,0.00010890263935947047,0.0005295226414507099,2.9013016705093483e-05,0.00017136471206684298,4.7505033042446315e-05,0.001087254026581492,0.00026128503550083317,0.0006567846189463359,0.0014765410004206811,0.000934190814023197,0.00010706972038609438,0.000170423512019573,0.00010535484974612173,0.005197202231403122,0.000643896131499581,0.005511194641282648,0.00687934687254389,0.010737529917642303,0.0029641502414449157,0.0008962476532735989,0.004710547605145247,0.007773684787435429,0.007096930014837863,0.019044000614874344,0.008167018267871704,0.001634856489721337,0.0018875023215165188,0.0036401115198099474,0.006517821028977456,0.005543349998060493,0.024574683472225908,0.016911577875049037,0.005184645300107366,0.0033456946984725122,0.0023710611147885023,0.0030982514273595074,0.014239648683272007,0.031088767244193554,0.011179157519927463,0.004551143329621581,0.005132413557308611,0.009664147340521744,0.04600756254267768,0.022794556722235085,0.011179575798138384,0.005726018368533864,0.01312192326198865,0.052311134070378754,0.017698532941216243,0.011861390493258064,0.01224420775111971,0.012542124761803422,0.03365692186990167,0.04804984939909198,LC_V20_H2p5_T7,0.052311134070378754
29,"(29, 0)",83,1,single,,K,7.10309780947579e-05,5.983738594336596e-06,9.991306209700201e-06,6.420404526571531e-06,1.2068439494259514e-06,1.4845011135032454e-06,2.2905352225845473e-05,1.7217506754521576e-05,4.591093992738357e-06,3.0756333243945115e-05,3.178306691589766e-06,7.697244436590188e-06,4.632396921719179e-06,9.411789399511651e-05,3.994612068748484e-05,3.2111947883010226e-05,0.00013899741794614072,6.651847047395759e-06,4.900262173665978e-05,1.2208874470904543e-05,0.00012373234382430053,2.9065658416420625e-05,9.225750609924786e-05,0.00018869579648416856,0.0001479751619457729,1.3625346377616679e-05,2.849638026428591e-05,1.5251978715565593e-05,0.001594550924587112,0.00019542520934588377,0.0017840206368653167,0.0021487579707426705,0.003530851828161563,0.0009703238217251975,0.00027950704497384373,0.0014717396423541528,0.0025729162063919376,0.0022704109957704575,0.006427756976166684,0.002758402049851581,0.0005855689813141316,0.0006303599175874989,0.0011061511101111703,0.0020668307852051452,0.0017159233056241712,0.007950852744710687,0.005470407384980858,0.0017614911571204332,0.0010706255074709099,0.0007875518524046202,0.0008464030791914719,0.003985840530110118,0.00873868488826807,0.00328873119928006,0.001261261718298688,0.0014788745047540546,0.0025275288098251243,0.012134614685570477,0.006266390914337284,0.0030420599931705403,0.0016118730633443335,0.0030334059937644872,0.0125449021684216,0.0041911267076499125,0.0028959624254454816,0.002373308184131326,0.0024192717240966127,0.006725238294036214,0.00837468540166865,LC_V20_H2p5_T7,0.0125449021684216
29,"(29, 0)",83,1,single,,Y,0.00033632678295246525,4.400998929857341e-05,7.407099046800282e-05,4.704232883462993e-05,8.932170056386033e-06,1.0894043664566035e-05,0.0002994931530539268,0.00022730868167853248,5.5409137278957974e-05,0.0003955101467840698,4.1545791758261455e-05,9.45318052714282e-05,5.871652228580264e-05,0.001789951897689273,0.0007703943682748332,0.0005490428892485643,0.002508926541382167,0.00012691638740358616,0.0008598799753203697,0.0002236875673618777,0.0025627999483218387,0.0006088564732679069,0.0017396278340241957,0.0037203248039958162,0.0026639078516845346,0.0002701509600288553,0.0005044956650640959,0.00028746869705313345,0.03871278128404935,0.004768873195284959,0.04185272610371943,0.051332784415909855,0.08158519252571161,0.02227128445772434,0.006556868258572829,0.030757124673358362,0.052303589354859244,0.046736032532024144,0.12874278840922337,0.05494034327243948,0.011312933215923002,0.01254101738680839,0.021496320074406754,0.03913410130907125,0.0328112898046131,0.1482695401976762,0.10130587029508861,0.03178786737381412,0.019793722353113264,0.014258437836240187,0.01621180998862721,0.07527073772466471,0.16390247571191252,0.06015057280148351,0.023618547476020504,0.027121595718648337,0.05112877129631043,0.24437252628781525,0.12338394580253889,0.06008520987366101,0.031193689832884574,0.058385464992281005,0.23610513464099775,0.07890514109956093,0.05351778394741641,0.04714732348398601,0.04821990370520576,0.1318023989057717,0.15385005298237628,LC_V18_H2p0_T7,0.24437252628781525
30,"(30, 1)",74,2,single,,K,0.009160701820796131,0.007324299339759383,0.01284914582025501,0.0072131720394654625,0.0014674021679537113,0.0015094602470535048,0.017258275223627644,0.013493760565623904,0.0025818045709668025,0.02175290874151281,0.002387592254825812,0.004461471464866191,0.003037484993803842,0.0245596163681575,0.010737008454467666,0.006701211211603746,0.03213928477129516,0.001741743044392639,0.010447185569455049,0.002878971398617711,0.0261233342401835,0.006282944478396411,0.01601399451904532,0.035806876879049765,0.022961391553085866,0.002604999503880668,0.00418382017063109,0.0025726140359688984,0.041147475863817784,0.005078410579963857,0.0446068671032125,0.055070596964295886,0.087450371417267,0.024203342754936956,0.007276316057214788,0.044586410031771495,0.07495996770502969,0.06800419325856351,0.18528199888898247,0.07978093741226336,0.016150625812752697,0.01849009052143214,0.028187204027962105,0.05099169279381713,0.043326031835808805,0.19366843961788555,0.13364608858055518,0.04123976816541102,0.02650704933475578,0.018872470671393665,0.017585249814987297,0.08186383365573488,0.18045122428085522,0.06571723537997637,0.026726693605615918,0.03038703619176723,0.03772439998368398,0.18284935884470274,0.0917477791593592,0.045597658567518615,0.023547527889959046,0.04175075237119742,0.1682999540827866,0.05755563344869378,0.03888941965311772,0.038696662266555916,0.04002160415240629,0.10866358702991602,0.1267714179310697,LC_V14_H1p5_T6,0.19366843961788555
30,"(30, 1)",74,2,single,,Y,0.012831338840415981,0.006459467207998865,0.011317624994709344,0.006338364915068113,0.0012872888428193188,0.0013211115804073847,0.020495971950069455,0.016037814375964944,0.003025892297389887,0.02569803390364857,0.0028250788428399597,0.005221834545236854,0.003568851675451449,0.04693491295101898,0.020581976519717236,0.012442850242142546,0.060437025071084,0.003310744845508775,0.019406364722433924,0.005393954700662443,0.06652967197441789,0.01602819468255384,0.04009882492430967,0.09036578899646985,0.05690139106481446,0.006563616920548658,0.010302632814222192,0.006408382048289447,0.13570718755829397,0.016793362082794243,0.14402295116853078,0.17935111664834463,0.27910852410097015,0.07670032827466998,0.023309303327742878,0.11076052744847655,0.18406118215952297,0.16776657608961332,0.45205932992613224,0.19367705674652833,0.03875584529451289,0.044688292897245206,0.06705849860565762,0.12036248953076084,0.10242194043716966,0.45408366901562003,0.31158045269465495,0.09522887614594086,0.06149441736184058,0.04340169940322517,0.04850487390691678,0.2242507714539587,0.49181122847300646,0.17737052535010717,0.07246781684676462,0.08169339728588364,0.11389985845736873,0.5480105514116876,0.27220396855051504,0.1345652601363806,0.06882720596175815,0.12945960175545784,0.5166599377783558,0.1756823863862023,0.1175856536366951,0.12273528678988464,0.12656136166990953,0.3408224267171702,0.39483357168180855,LC_V18_H2p0_T7,0.5480105514116876
30,"(30, 0)",82,2,single,,K,0.010946234021859812,0.001317468929839313,0.0022442060645915243,0.001450288722629376,0.00027822286160639203,0.0003457162882768889,0.0025790338261970254,0.001975165097371624,0.0004899127744736044,0.0035911628056790467,0.0003751012227992747,0.0009187144473093536,0.0005690213104714766,0.010677214689509782,0.004681608995761544,0.0030750638527923257,0.01435934246906509,0.0007568949166728096,0.005044538407772036,0.0013234705791313947,0.01264829954043911,0.0030420085445454167,0.007797348555657239,0.017487885780749196,0.011351605397848444,0.0012817050336938007,0.002133075711072999,0.0012859673977622154,0.05428472033349331,0.006718305214838378,0.057580655996346194,0.07171503354195566,0.11177646589991896,0.030751239713841427,0.00931284888396298,0.04217942529087673,0.0704292783433136,0.06395839752915965,0.17310101108210113,0.0742234189755518,0.014939233821121492,0.017120366504897816,0.027891335466463666,0.05032153465800416,0.04265727877079829,0.19001717542327148,0.13028907146238083,0.03999475125030918,0.02567439723780689,0.018178493051829964,0.02044803936423323,0.09465683017884136,0.20755144306834647,0.07481218139236254,0.030419143792193577,0.03437648336013513,0.04524815650411123,0.2179736390826424,0.1089034835743664,0.05388529001079471,0.027714018221333195,0.05169136723540011,0.20830311141435345,0.07099325908794671,0.047859499207752315,0.04416668283431694,0.04557647734762632,0.12350950510088694,0.14881706083357027,LC_V18_H2p0_T7,0.2179736390826424
30,"(30, 0)",82,2,single,,Y,0.016804720510875996,0.003481293762408409,0.005956354739338106,0.003727594705976334,0.0007208055896271814,0.0008629562786286807,0.01299713009018521,0.010022320475920476,0.0021865510731412293,0.01711542489149772,0.0018315363241686979,0.0039025861137325616,0.002527314520152096,0.06091438514673944,0.02678667262037576,0.01650366242745849,0.07914562987678112,0.004275083670726465,0.026276526042547505,0.00713581444706382,0.07238376781697671,0.017430910526337585,0.04349852110322421,0.09811785952003307,0.061634466569252595,0.007106503191311925,0.011258755947987673,0.006930172768560616,0.359630723632383,0.04454207240983612,0.37768734321847863,0.47164204410965416,0.7261311537664199,0.19793128127136256,0.060284124373772514,0.2536081391063334,0.4191860860145911,0.3816930339223653,1.0208536323041255,0.43429890817955663,0.08612387783949882,0.09948578407767666,0.14939337804767333,0.26634152996616245,0.22665840637894602,0.9970987877919361,0.6790322907690391,0.2056723550868665,0.13304543573233546,0.09305756184432432,0.10571880717431771,0.4860783857923032,1.0597055621049598,0.37814954548641866,0.15467040372135588,0.17310615678232968,0.2431663195636747,1.1646963819823997,0.5755994566957566,0.28343931810422907,0.14402956227593502,0.2565289831278239,1.0214654396380505,0.34605469924451376,0.2307562773802751,0.21830469152059054,0.22426358520846487,0.6016883012117397,0.6609027970965324,LC_V18_H2p0_T7,1.1646963819823997
30,"(30, 1)",91,1,single,,K,0.008968454570663599,0.005728174033348686,0.010008866360489872,0.005634065293763951,0.0011423378149285114,0.0011777704963206062,0.012388539618261644,0.0096775260350791,0.0018514734871214029,0.015572350420268291,0.001709699052037258,0.0031839407715246,0.002169569141204191,0.018884788729104544,0.008249684437681218,0.005128623596944441,0.02459086217583142,0.0013341979733022345,0.007950555117102917,0.00219471678330713,0.019470694576225335,0.0046795243702692614,0.011959503567035209,0.026654553449361868,0.01706251283259025,0.0019322110828370854,0.0030906480686008543,0.0019016041177908932,0.03403958022671749,0.004201464682815735,0.036661108666080904,0.04528297477018206,0.07136872485115656,0.019641678991509322,0.0059228054382527125,0.03587532550605791,0.06008804691272081,0.054602805310386894,0.14811471992774478,0.06363836382970298,0.0128058104787577,0.014718290139735388,0.023782831794139904,0.04290436219664857,0.036474082576855305,0.1624281831563337,0.11174425477933969,0.03428927153689864,0.022110624467953807,0.015651134825266155,0.014372792235092698,0.06669757857072474,0.14654680601404876,0.052967213850161496,0.02154631214452152,0.02440056285578899,0.03084941727294498,0.1487412729261556,0.07430099272747656,0.03677735040206705,0.01888314940239272,0.034207953718238274,0.1374294600080938,0.0467932361170201,0.03146113938029689,0.030710751308274137,0.031693353181780216,0.08565219120957546,0.10270043639308465,LC_V14_H1p5_T6,0.1624281831563337
30,"(30, 1)",91,1,single,,Y,0.016648410508194846,0.007601134698676468,0.013247858558305233,0.007461343322718365,0.0015090504794703801,0.0015576165813927009,0.019466774449532712,0.01521429541635909,0.002885280087030592,0.024390379500118763,0.002679413720694634,0.004959265296089548,0.0033858179503220886,0.04348032474417851,0.019042327128137797,0.011563141302043268,0.05601325269447141,0.0030618978464105576,0.01796669538760186,0.004988968759418761,0.05553205712371838,0.013366603043500416,0.03363427474556582,0.07555487477013653,0.04773102218313466,0.005481143204681037,0.00863206932696993,0.005357945126841753,0.11556149672342365,0.014297235397173206,0.12270872409923499,0.1526559215897133,0.23755750096318112,0.06521151738541309,0.01980991680813354,0.09931950167460561,0.1652003440426317,0.15048168453664532,0.4056210507536488,0.17372520622214674,0.034750987996566694,0.040066176517929736,0.06237740202528269,0.11205438162553047,0.0953455990971108,0.4226931022594271,0.290009451709473,0.08856659594250237,0.05724445008666536,0.04036033287101022,0.04331317174846781,0.2000626216813565,0.43805795773847694,0.15730496454517634,0.0641844995295431,0.07230260447680888,0.09830423375607557,0.4721479089823879,0.23450331539307145,0.11575151022307904,0.0591567577466402,0.11124332380684544,0.4443660312161045,0.1508214848089401,0.10088916631456737,0.10255814463063569,0.10558639564279158,0.2839747585145089,0.337108355261147,LC_V18_H2p0_T7,0.4721479089823879
30,"(30, 0)",99,1,single,,K,0.007563994187570555,0.0015538062787527653,0.0026857918358121342,0.001560887445542844,0.00031116778707457126,0.0003358997619540389,0.004033271904570006,0.003138000660820792,0.000625573134794342,0.0051574433046501725,0.0005613981884814957,0.001094635289685846,0.0007339045255619452,0.013452856142370252,0.00588885736676334,0.0036408348889121946,0.01755380539280599,0.0009516740683243984,0.0057233451003769606,0.0015740643200616437,0.01463748085506857,0.003511890773824077,0.00909811976909367,0.020234986685712122,0.013193255257544384,0.0014732014284279606,0.002429059787945319,0.0014773050730318674,0.06187721907190779,0.007654107293879792,0.06577548117237728,0.08175059430783635,0.12761253340708476,0.035055354041790054,0.010591633027829997,0.04812378727213049,0.08031717693986028,0.07294733893942751,0.1973588570075104,0.0845468227088514,0.017008555163999774,0.019460945641300433,0.031034861844912765,0.0559743053883737,0.047407495124480725,0.2110668165630105,0.14456986968379934,0.044383020204574776,0.028461309977502,0.020150968406945233,0.021745576544819855,0.10050814391159098,0.2200643675747396,0.07928492689828134,0.03221444062138608,0.036394247562475716,0.04891334959447915,0.235183188520888,0.11733244791464581,0.057938755335936364,0.029750375029955943,0.0542125307692153,0.2179983186071115,0.07402359122074585,0.049828786027826394,0.045176179143478414,0.046515975296366203,0.12603425877921134,0.14533718389144004,LC_V18_H2p0_T7,0.235183188520888
30,"(30, 0)",99,1,single,,Y,0.013315738214894002,0.004124446352898288,0.007156388383410075,0.00405375120785766,0.0008146387335738687,0.0008503334269018767,0.015081806616445509,0.011781843596089973,0.00224009367242079,0.0189390848048066,0.0020781594943335355,0.0038712777088258776,0.00263889391163843,0.0598818045211024,0.026306852196177496,0.015663315095696517,0.07651267291928322,0.0042092193543023055,0.024438987565238702,0.006811055166024159,0.06795420379518302,0.01634775738523371,0.041131522424234755,0.09241495064822465,0.05842179023123692,0.006694771499425325,0.010578983141125608,0.006553035368132064,0.32083399404836516,0.039720171286829906,0.33794404901842806,0.4213461578180885,0.6507022911121205,0.17758043106794275,0.05398221827225958,0.23086642837028515,0.3823913578988107,0.3479832526608237,0.9330282016870363,0.3974720927149437,0.07907914933202959,0.09112412261088979,0.13803762165482028,0.24690271448310427,0.2098112861880756,0.9258915185530917,0.6313309443867539,0.19186911352469632,0.12381904186638429,0.08686470620903339,0.09594269054825046,0.4414287288119947,0.9627987377245811,0.34467752147764646,0.1407208583398205,0.15780796147439421,0.22167529461693725,1.062468371661376,0.5262376638519253,0.2592067726070056,0.13198583626334692,0.2356092830041639,0.9406896111540018,0.3185602297243716,0.21296234553338642,0.195936155625301,0.20127615936083174,0.5408379677528686,0.5903641255457758,LC_V18_H2p0_T7,1.062468371661376
31,"(31, 1)",90,2,single,,TY,5.266014019287606e-05,1.8820583275061255e-05,3.317718607080983e-05,1.84170379418479e-05,3.765668773138132e-06,3.821092799992202e-06,5.5478159982336785e-05,4.3298844734519325e-05,8.24105496178295e-06,6.927955633007033e-05,7.602844991105147e-06,1.4076427648634287e-05,9.591950376597214e-06,0.00023652328552760746,0.00010393224071369189,6.0985310806742424e-05,0.000299056025186697,1.649776493149353e-05,9.452121520517731e-05,2.642199147099465e-05,0.0007188017895809783,0.0001733699639175479,0.0004283906682215693,0.0009700172521984215,0.0006038507105711443,7.037287408603924e-05,0.00010890159937088072,6.82040145179752e-05,0.003404201783306261,0.0004213690330444381,0.0035764950451978457,0.0044606343205075,0.006867284352973215,0.0018737525933833863,0.0005713217616212546,0.002857883053679144,0.004704035250138329,0.004290735738373942,0.011448066530042156,0.004860207844691384,0.000962288643338774,0.0011120170309892531,0.0021882888323042694,0.0039121640114303255,0.0033263186806897185,0.014676333459330853,0.010014153062690075,0.00304138951911527,0.001965477509884602,0.0013784237823422183,0.0019787035498285144,0.009062413687639626,0.01973248142937189,0.007039510314222295,0.0028775351224465673,0.003218257303750508,0.006603812987219844,0.03143888513668966,0.015477123275484363,0.007580020757240881,0.0038427332252639135,0.008915020697482495,0.035310089073314,0.0119033705890158,0.007900079670176566,0.00851247115759836,0.008713570850828,0.023334537647394474,0.03175472050381433,LC_V20_H2p5_T7,0.035310089073314
31,"(31, 0)",98,2,single,,TY,5.065145857490723e-05,2.653552847310833e-05,4.647562861642276e-05,2.5720726238260387e-05,5.231867967134302e-06,5.310099313351177e-06,0.00020322515220955677,0.00015857846729354854,3.0112300474885735e-05,0.00025306740952393673,2.777884998028145e-05,5.127748203379908e-05,3.4965920394151994e-05,0.0011730723826304365,0.0005150997387031359,0.0003044146838680068,0.001484721517963066,8.167196334237913e-05,0.0004692249020781541,0.0001308364339227913,0.0018762342428507751,0.00045127742381241516,0.0011314168197197605,0.0025395484134049487,0.001594833217690509,0.00018284306558341497,0.00028634884313349256,0.00017758630105529493,0.024465594131127644,0.0030277262046181403,0.025612761188004693,0.031892349784877864,0.048894211034401586,0.013196972187900422,0.004001433358495856,0.019327242636899566,0.031813131229806786,0.028887295409556257,0.07684846236527733,0.0324136273866538,0.006395800031156704,0.007354502439442415,0.013004334885438212,0.023084575398072706,0.019614204980513396,0.08586375252438914,0.05810203791801507,0.01752215139369157,0.011307121253949889,0.00787236226907544,0.009606026660754951,0.043804680267210176,0.09470275049849022,0.0338101650047355,0.013779341087422414,0.015341553771229498,0.028834173437105756,0.13710928486484997,0.06741638771481308,0.03295554846277707,0.01665259485295274,0.03233678720398719,0.12809367405716188,0.043039905342837394,0.02856567156712477,0.025908171621392254,0.02645588572749314,0.0706349229836889,0.08218069335329219,LC_V18_H2p0_T7,0.13710928486484997
33,"(33, 0)",54,2,single,,K,9.783271235567394e-05,4.250054631809172e-05,7.505285523864532e-05,4.175000417066556e-05,8.54908587934666e-06,8.738848581349181e-06,0.00011429444365287723,8.934078365458185e-05,1.7226803195549916e-05,0.00014428876874905753,1.5822316431930028e-05,2.983511206619479e-05,2.0230709388030635e-05,0.00023875027098530524,0.00010426204619674115,6.514447022068467e-05,0.00031252528626986726,1.6848156723064172e-05,0.00010153330393003226,2.7872647072995812e-05,0.0004486387551466692,0.00010786836394037823,0.00027191301914193065,0.0006092075708069567,0.00038807116751336996,4.4306702439970596e-05,7.064753402906797e-05,4.364528412176948e-05,0.0019978054814049247,0.000246835016100549,0.002125690193352858,0.002634465285242507,0.004116550570009856,0.0011301421471511903,0.0003403779281575898,0.0022440839407959195,0.003743675335204411,0.0034037841373961287,0.009204897486793581,0.0039545080291980466,0.0007979417846751952,0.0009136176735410159,0.0015454653992960311,0.0027846553874250734,0.0023689167719259953,0.010560527764145997,0.007264924838110662,0.0022374694119677413,0.0014334362194764287,0.0010185890590751218,0.0010999652755520793,0.00505215441466625,0.01101871726479131,0.004017290620276373,0.0016334358084632503,0.001850654865628323,0.0029686948796517334,0.01423758941261085,0.007100723112290894,0.0034996205690533424,0.0018022865633333996,0.0036163002327283494,0.014454040251574193,0.004887377892735112,0.0032823519444046025,0.0029416442046234473,0.0030229277853225196,0.008194821038572645,0.010824630224132742,LC_V20_H2p5_T7,0.014454040251574193
33,"(33, 0)",54,2,single,,Y,0.0002796351697797895,4.6189898998325904e-05,8.117482306235681e-05,4.494831636557179e-05,9.153796333074752e-06,9.328058049826564e-06,0.0002826035486282063,0.00022025442629181312,4.1922808461130394e-05,0.00035100791872129513,3.842962172082121e-05,7.116339647779565e-05,4.833976367237888e-05,0.0012304000234001746,0.0005383066910588765,0.00032337595218098357,0.0015667153296643366,8.537397825279848e-05,0.0004979631403692787,0.00013819853802729643,0.0032734589939464502,0.0007878984289336338,0.0019613027206489284,0.004417501674036795,0.002760436198063387,0.0003182524448698592,0.0004957896796891977,0.00030848250083320206,0.01584361556504946,0.001960894840520827,0.016609721728281634,0.020697506228959228,0.03180075504309094,0.008630343263562521,0.0026220852320150995,0.012849822551698642,0.021207150513996655,0.019321292470897197,0.05166052173346814,0.02194878727048484,0.004360453478108076,0.005015488115207271,0.008559490335713682,0.015280426766569271,0.01299888586064811,0.05729831599830816,0.039189712694759404,0.01194118234962909,0.007703824595812055,0.005422643464996453,0.007469136579587253,0.034054990495660124,0.07369857862770876,0.026266478802669465,0.010684536780809056,0.01192377775573229,0.024293809783177033,0.11563315396029838,0.05698059269645861,0.02799378013984875,0.01422524518538782,0.03295343366254947,0.13033647261103862,0.04379020315150817,0.029102620476306466,0.027964776633377555,0.028500589153348414,0.07604844295369396,0.10537160310135096,LC_V20_H2p5_T7,0.13033647261103862
33,"(33, 1)",68,2,single,,K,0.0004461082743863555,6.4413630186318105e-06,1.1502359970808194e-05,8.317043688696505e-06,1.6597436569428152e-06,2.8060857515263715e-06,3.304045542200105e-05,2.5907856229991593e-05,5.813577617334115e-06,4.994182907080209e-05,5.447711814312349e-06,1.4664296683290018e-05,9.230881561787807e-06,0.00018452846280465126,8.108651764997704e-05,5.479138056775186e-05,0.00026882932786470424,1.4616083617295927e-05,0.00011099948051774694,2.932611610534062e-05,0.00019857944511414717,4.735188305716486e-05,0.00015914356130900697,0.0003388452843148085,0.00034400162546033996,3.115629917152244e-05,9.008312276704979e-05,4.681128563330198e-05,0.0034470215653319134,0.0004263797613011361,0.00369344145693521,0.004614554236273062,0.007434973527556821,0.002156484441735588,0.0006451709178457557,0.003197187782496018,0.005394961866326329,0.0048984294898338126,0.013625120266297181,0.006116333504648479,0.001316659341996934,0.0014935301909245835,0.0024958387041417503,0.004520267526755284,0.003833264745128287,0.017400688452222566,0.012292527277263285,0.003956827334724318,0.002515940493000743,0.001889681279948248,0.0020000538297266003,0.009355672728072735,0.021119197352910946,0.00795260379913564,0.003240711121270793,0.0038538379950278897,0.005787509411156956,0.028420127909743947,0.0145980303780893,0.0074619482183476025,0.004034327847190363,0.007295484435196828,0.030009120702618068,0.010481366925381866,0.007339307883015086,0.006235206179665899,0.006663524754908575,0.01882283965365868,0.02513030995347959,LC_V20_H2p5_T7,0.030009120702618068
33,"(33, 1)",68,2,single,,Y,0.006871576354451966,7.11631109176302e-05,0.0001253859286214714,0.00012247226115248602,2.324104635811651e-05,5.3435198314443046e-05,0.0005033291878291479,0.00039251438605610473,0.00010736086004224775,0.0008926032684123911,9.50928169304469e-05,0.00031640721093167083,0.000195300571380322,0.0040481326502770565,0.0017792022806398617,0.0013237507941840927,0.006509997509871812,0.0003424716656512498,0.0029003839526465063,0.0007558370099827715,0.004890853232105114,0.0011660959393517765,0.0038791841987455256,0.008484419052227047,0.008130620498957337,0.000790062589048383,0.0021511457474798277,0.0011632583877767078,0.09799741108530034,0.012121984127581555,0.10675389649884247,0.13306393402989652,0.21985368872111047,0.06522116974727483,0.01923057385836809,0.0791522699814916,0.13600916165143098,0.12318564024521779,0.3522319932403716,0.16173112246839777,0.036034105959170094,0.04021917145674163,0.05553729959961534,0.10229719056814109,0.08654878523755148,0.40205213497065456,0.28957068056489554,0.09637174116086648,0.060155716422152165,0.046775273200455623,0.04338728747544157,0.20746786914563037,0.47530964991184793,0.18483268631789682,0.0735937955736216,0.09050518241463572,0.13363356477414529,0.6623182530240214,0.3467664484018502,0.1785711439426903,0.09828146431294407,0.15545473717304079,0.6488079637839754,0.22819313167443456,0.1626079552684765,0.134126411054333,0.1441743336055559,0.4158528378348278,0.47468933622416365,LC_V18_H2p0_T7,0.6623182530240214
33,"(33, 0)",71,1,single,,K,0.00030770236627592265,1.429328405882285e-05,2.5198210585503145e-05,1.4433753820154009e-05,2.9197109835288686e-06,3.4726653979441736e-06,3.577795989783108e-05,2.7837870128473988e-05,5.596271800994548e-06,4.6124726172442715e-05,5.032796655194417e-06,1.0402401836163624e-05,6.71376206814459e-06,7.422866677846279e-05,3.245938296884687e-05,2.0896833679806915e-05,0.00010037225421561234,5.372772128135454e-06,3.4100771317469945e-05,9.274644104350022e-06,0.000152174856250834,3.648371821647523e-05,9.632979071918919e-05,0.0002146891095562506,0.00014637139354788686,1.5850004943550864e-05,3.3405451397921574e-05,1.8151446511617546e-05,0.00047523510895881497,5.881399904610949e-05,0.0005134140736973899,0.0006401861578137984,0.0010346430495683852,0.0002953339879262053,8.818765425169475e-05,0.0006490300382044747,0.0010955165204101446,0.0009962189069452191,0.0027359901677319665,0.0011912833891480107,0.00024484823328420563,0.00027877397735040027,0.0005114739931022951,0.0009287909015373479,0.0007858339828159641,0.003530280929285457,0.002453491476389085,0.0007673547257939305,0.0004946447798257422,0.0003585430746446199,0.0003614850606382892,0.0016977839514096939,0.0037970052069323944,0.0013937352354330436,0.0005633646709826926,0.0006514089621005541,0.0009830013549522029,0.00476616685646488,0.002399724157617009,0.0012080637978878262,0.0006397570117496696,0.0012187705709045702,0.004912296255300115,0.0016970743993646592,0.001156351755242412,0.000974786688534646,0.0010079727064386606,0.002835151374488944,0.003943390769109705,LC_V20_H2p5_T7,0.004912296255300115
33,"(33, 0)",71,1,single,,Y,0.00030770236627592265,1.3399985049512163e-05,2.3526691614859392e-05,1.3362936251993234e-05,2.6948321351405636e-06,3.0607435101396523e-06,0.0001015217838540076,7.906115828339863e-05,1.5306407004596664e-05,0.0001280869571040807,1.4045700491548783e-05,2.681312108191125e-05,1.818069459110035e-05,0.00048125857153545295,0.00021068650416377637,0.000127770547705186,0.0006212333188353593,3.387006070095046e-05,0.00020174921092055843,5.589029026590341e-05,0.0013216483630583856,0.0003180421606319195,0.0008046261461710521,0.0018097769590243297,0.0011562665759463735,0.0001317440948101895,0.00021337343308508168,0.00013135835324436988,0.00530272004391428,0.0006564329274015626,0.005608630940565834,0.006995399673401237,0.010875408647131813,0.0029936016629760727,0.000907559231014719,0.00490371696194865,0.008099983910574666,0.007385726524644073,0.019824630861211816,0.008477960014376095,0.0016964017528981168,0.001953484776556954,0.0036241798357540605,0.006512488397937963,0.005526809974039867,0.0245422264772004,0.01684691157250126,0.005166614896752982,0.003335859860733408,0.002365926545222648,0.003207763033366207,0.014817141483181138,0.03248303549959454,0.011718908066238556,0.00476339646234506,0.005382233489951876,0.0107157633233856,0.05128795749748108,0.02539341624513079,0.01255939843463111,0.006418683008291283,0.01399721938718855,0.05561094483677777,0.01886188909041734,0.012612449534724091,0.012650354170086777,0.012958584246559605,0.03478055002353062,0.047185504782464756,LC_V20_H2p5_T7,0.05561094483677777
33,"(33, 1)",81,1,single,,K,6.460711891050009e-05,5.764085365444798e-06,9.8403150313643e-06,6.113603499031331e-06,1.1757741039492065e-06,1.401986370362308e-06,2.9186822727048918e-05,2.2125911389875287e-05,5.6319321498405056e-06,3.922533340721282e-05,4.072824978990834e-06,9.694000718785841e-06,5.887885945350693e-06,0.00011890540115202553,5.050563222226821e-05,3.9656253903388414e-05,0.00017417193463535268,8.409064377052822e-06,6.129797116890367e-05,1.5389129363543953e-05,0.0001543703704853079,3.63444158803507e-05,0.00011181122376543041,0.00023181949145392814,0.00017885285277754827,1.6769096630731592e-05,3.4697776021089704e-05,1.8722579199348122e-05,0.0016442942100275129,0.00020218342905215992,0.0018526044819871484,0.002239842850099756,0.0037362553111935566,0.0010426704724798776,0.00029849743570370326,0.0015343884983681987,0.00270431606305314,0.002385492584306982,0.006826983081678448,0.002959530789335219,0.0006366831679743912,0.0006822578248382409,0.0011934320847807745,0.00222380849426702,0.0018507009383146858,0.008563128521914206,0.0059133976597125285,0.0019153113932584872,0.00116345323325879,0.0008615103872978856,0.0009374922960035509,0.0043857696490183055,0.009631504063051636,0.0036212155176137887,0.0014121155925276789,0.0016447177669605525,0.00279334407576321,0.013519001087703438,0.00697926008366938,0.0034290952820113805,0.0018305456144841975,0.0035146687855640043,0.014469570835279336,0.004884336091551173,0.0033813914495368163,0.0029906225043135667,0.0030557456938797812,0.008514583019497951,0.011679449276573077,LC_V20_H2p5_T7,0.014469570835279336
33,"(33, 1)",81,1,single,,Y,0.0003343200818269039,4.446920787779091e-05,7.543296198005336e-05,4.69765698858542e-05,9.003483145660996e-06,1.0843143477558338e-05,0.00032333424222211096,0.00024564969015351015,5.973162597381116e-05,0.00042724546244297576,4.484789408592555e-05,0.0001020515375037181,6.351807325493913e-05,0.0019352808580589446,0.0008314806582340045,0.000596837794120848,0.0027116807477786846,0.00013665608297210225,0.0009285137384729521,0.00024106166102465725,0.0027127369774733482,0.0006420387523196906,0.0018479475753642332,0.003929172728171092,0.0028120242632393064,0.0002848428891120715,0.0005317490966811002,0.0003034369858402169,0.03830658727910855,0.004721981829429207,0.04158841083371407,0.05097321770906014,0.08158845459384012,0.022383980171227322,0.006576563968422644,0.03126509554264785,0.05336547010438124,0.04760348086028698,0.13179704017137725,0.05640450064494465,0.011698615801903843,0.012905478666284729,0.02249343329711731,0.04104773528012029,0.034395773243466286,0.15556367956183434,0.10641050721774313,0.03345746939680042,0.020823724969944238,0.015029507791222432,0.017235598854196666,0.07966794656221686,0.1734407545162452,0.06360644481666677,0.0252072212553099,0.028848577035206376,0.05386027105279466,0.25766575129334857,0.12990651673154424,0.06353661803458495,0.03303015915048134,0.06268457309766766,0.25248579157423096,0.08476596047163544,0.0573806439268122,0.052251574021016066,0.0534959161542906,0.14634707470892644,0.17895629623186407,LC_V18_H2p0_T7,0.25766575129334857
34,"(34, 0)",70,2,single,,K,0.008138049383587108,0.0072575029677732685,0.01274635858670052,0.007147022737677514,0.0014556039793151522,0.0014943405267548425,0.017642954819971027,0.013815788742815681,0.002611562032672787,0.022227480593888474,0.0024435342852204335,0.004536510176769153,0.0031000864491289894,0.025642635268816168,0.011243438528255337,0.006863503717390224,0.03330174640018593,0.0018203515428374607,0.010781663982875235,0.0029902798866924905,0.027436681911871555,0.006600089794870773,0.01672693392542498,0.03752922869474287,0.023919380140100192,0.0027313486560248067,0.004354326495549433,0.002689352170018013,0.04436883011343171,0.005487013059007249,0.04751804292471389,0.05903804162266661,0.09281433981435316,0.025657014702801222,0.0077569482042232,0.04472277459461931,0.07468079782741877,0.0680440457499485,0.18439802213824896,0.07941313735014088,0.015999563977321912,0.01839744795595305,0.027561774455320136,0.04970672329406975,0.04235447757380581,0.18898684302316704,0.13060126815238468,0.04022275463753451,0.02593362506408814,0.01844284052068112,0.017021570407206667,0.07917736164947071,0.17449696985787475,0.06298688051927795,0.02568752467133222,0.02911583989737283,0.036306904976124973,0.17563475740268594,0.08773425361316804,0.04363916390756194,0.022442180564237746,0.039822906954280764,0.15981252176383515,0.054611662855043736,0.03675894047774011,0.034620617991730225,0.03581984951333161,0.09706435972551433,0.11477199313102299,LC_V14_H1p5_T6,0.18898684302316704
34,"(34, 0)",70,2,single,,Y,0.011939614884379795,0.006322125424336509,0.011080824347774913,0.006211365450136284,0.0012625434755605689,0.0012959969944373842,0.02090614879878589,0.01637410759540086,0.0030680740943083724,0.026215003688168047,0.0028842466537347313,0.00531385207512764,0.003639194056277214,0.047621561599779025,0.02090406391834316,0.0125309093948745,0.0611695663929838,0.0033614515022434193,0.01961986316554476,0.005466812110870893,0.0690788765168353,0.016652187968986504,0.04148551964075348,0.09365314278642807,0.058809797608210014,0.006804712243302709,0.0106454844420413,0.006634942439465881,0.14206776564569468,0.01759295103683778,0.15014567106118462,0.18733616994595856,0.2904822844648454,0.07973427083341977,0.024259659977067714,0.10618185847311627,0.17609634226685197,0.16069131288094016,0.4322362038164245,0.18514607816921191,0.03698979990700622,0.042699625553734084,0.06243044479112423,0.11198900333234924,0.09540880896956211,0.42300933727036677,0.2906249156452746,0.08884225738988828,0.057419532068520115,0.0405407674238707,0.044692631354995606,0.20636814922272212,0.4520591862615177,0.16206206586814925,0.06623343045163302,0.07451310046954832,0.1045159310563124,0.5022737793068696,0.24916237090733673,0.12328724504982949,0.06296430992931298,0.1179494106812749,0.4701879047643263,0.15982672421930777,0.10685052821274996,0.10497156377989948,0.10813078693192928,0.2908049504602085,0.33917273127885755,LC_V18_H2p0_T7,0.5022737793068696
34,"(34, 1)",84,2,single,,K,0.009273536279975946,0.0011927630259245614,0.0020548369107243163,0.0013295359769293154,0.00025692827510901095,0.00031992005190335093,0.0032947804860617384,0.002546002375388236,0.000581337901008104,0.004532151682637326,0.000480685167425768,0.0011016246187557327,0.000700654327268889,0.011460563210648991,0.004984297952295568,0.0033953256245491015,0.016027556676998362,0.0008331713177021859,0.005640460458576659,0.001490653546500233,0.013524535604411756,0.003249615504629889,0.008307651008428724,0.018604966560084535,0.01204505041849715,0.0013599631850188124,0.002272159651329083,0.0013630764484507405,0.05623997467916354,0.00696170755523722,0.05955427174789315,0.07422478414043668,0.11548593516238129,0.031740161273883044,0.009617649306544544,0.04177128525669863,0.06956368423138634,0.06323184009312927,0.1706722975355401,0.073083764586534,0.014756099144619415,0.01685946358006768,0.02691340859271566,0.048395812577708266,0.04108999371583851,0.18251275339755385,0.12510839420909034,0.03831396940595166,0.024649031069570844,0.017416767762554203,0.019467419276257888,0.08992155442688213,0.19689012242781345,0.07096850296982982,0.028917241033803023,0.032605943022308355,0.04420589960168377,0.21263882232440345,0.10590968087246545,0.05235816928759503,0.0268371368441978,0.049126473060398225,0.1973399795136971,0.06708428298264228,0.04512414349388575,0.041374102094820765,0.042670068182828126,0.11553641386415994,0.1359450372679015,LC_V18_H2p0_T7,0.21263882232440345
34,"(34, 1)",84,2,single,,Y,0.015062909214353645,0.003517959936288914,0.006069845242186561,0.003746369431121969,0.000731786111997814,0.0008596158656245602,0.014152300057039465,0.01098661479860602,0.0022999162278767383,0.01856553878013882,0.0019985468518356805,0.004153597621303052,0.002721646715594065,0.062198405307876306,0.02720119882479343,0.017153992407526537,0.08253476108752364,0.0044235675170334575,0.027505153654159165,0.007473060901438207,0.07272964291081786,0.017506141173244085,0.043708859123967304,0.09847778882289651,0.06190561422357723,0.007123970699779643,0.011357317034987,0.006952931980694514,0.3654488414109364,0.04525263071425762,0.38386748750001415,0.47912675839744934,0.7377318719420767,0.2009764654131845,0.061172527827558686,0.25007697893858244,0.41330626397613485,0.3763864958268476,1.0066735910760514,0.4282193473272269,0.08503055443993679,0.09804667874623126,0.1446033524034632,0.2579417483196421,0.21943114583507686,0.9657263576189409,0.6576442220039771,0.19928018230579425,0.12882416425494372,0.09013387369758404,0.10124444446782174,0.46529976088434133,1.013746079294796,0.36250303463555494,0.14811013059690883,0.16580143235554917,0.23651602809981176,1.131763110598901,0.5593380558337225,0.275124742735389,0.13976579086728938,0.24725133702360608,0.9849191633252903,0.33306561144496355,0.22217672402162883,0.20454665372999548,0.20998433588206708,0.5630602140035262,0.6075034913133767,LC_V18_H2p0_T7,1.131763110598901
34,"(34, 0)",87,1,single,,K,0.007623511313480761,0.0054416111751578585,0.009548022904357896,0.005346561149794772,0.0010885092539907875,0.0011157784645563125,0.014452230903583864,0.011304158136655392,0.002145292886974181,0.01815808036831784,0.0019961092726699828,0.003700170973609288,0.002527769984571378,0.02208317726391931,0.009667123501268441,0.005935020355969127,0.0286432624182556,0.001562923963222719,0.009247472908113919,0.002562962229940867,0.02325439774235269,0.005589561706134827,0.014216167758415214,0.031781795813542624,0.020241462182993986,0.0023075910116903647,0.0036704087157428964,0.0022676413401642977,0.036537257407408257,0.004514559419864502,0.0391741041758803,0.04853254160803457,0.07620281028052207,0.02098194918253795,0.0063447941811575976,0.03732671893618747,0.062380477880504125,0.05676090363315384,0.15367811907709078,0.0660210992145241,0.013265198970104709,0.01527570385334075,0.02372587775050277,0.042781449026273274,0.03638893090340394,0.16204386443709276,0.11157018388005725,0.034248357668967284,0.0220925300509119,0.015654590271622568,0.014707218083226059,0.06825220794825013,0.15003134480691027,0.05419365509239129,0.02209485121081868,0.024997594667478758,0.03134418614686888,0.15128451648831234,0.07545279177539171,0.0374209660146515,0.01920264011397192,0.034959967855763614,0.14002114064740775,0.047787823701801145,0.03208737777465852,0.031451505351796055,0.03247982645769671,0.08773041072113802,0.1066059552982576,LC_V14_H1p5_T6,0.16204386443709276
34,"(34, 0)",87,1,single,,Y,0.014459025415828851,0.00697015234619907,0.01221541065032954,0.0068331012586105916,0.001389265917358973,0.0014230923014144396,0.023488384502548636,0.018376253943778,0.0034619499914130547,0.02942601432931376,0.0032363942629727097,0.005965345872734264,0.004083305791666586,0.049759544462526034,0.021813165671084597,0.013183849686710372,0.06403281029768698,0.003509545667298948,0.020540130434790044,0.005714101387223706,0.06457599068007051,0.015545355484292242,0.039054899308256154,0.08781672828569427,0.05540386363030719,0.006375156571643589,0.010023941455989727,0.0062299194193658715,0.12097166907978224,0.01496893871877917,0.12828406524047403,0.1597064413671389,0.2482573288618384,0.06812996518676168,0.02070118314683806,0.09946927295633665,0.16525763072223446,0.1506576140109867,0.40567281843152625,0.17375415751822246,0.03472613962617915,0.04009520397205992,0.06060814486674896,0.10885553045659081,0.09265650871041266,0.4108788090514154,0.2820432034528185,0.08617301247865147,0.05569093789272447,0.03929013794354857,0.04226572234170795,0.19519953983345706,0.4273546883755915,0.15353189391663086,0.06267860081816438,0.07058778048023653,0.09556910382180007,0.4593794905663492,0.22795963880168993,0.11277589080508237,0.057585367925270484,0.10846532543286579,0.43238653317258235,0.14710252171764843,0.09837685690919457,0.09883047808914007,0.10182681583416116,0.27382231017714154,0.32642564034495236,LC_V18_H2p0_T7,0.4593794905663492
34,"(34, 1)",97,1,single,,K,0.007327840105575529,0.0015526945290939927,0.0026972099282402103,0.001555556566630385,0.0003115626606341565,0.00033338824481813283,0.005045176495430401,0.0039318277283349815,0.0007764558143732998,0.006422095775375091,0.0007008060487116321,0.0013537513133052006,0.0009097937092024411,0.016285846719881297,0.007130894372564317,0.004398631442724026,0.02121909875877991,0.0011533945935725191,0.0069065169078992295,0.0019046752635591237,0.01693971253634736,0.004063664772536586,0.010573350964530633,0.02345971417992357,0.015346445279890562,0.0017101729718989767,0.002825814984408623,0.0017161561042135427,0.06594029261135982,0.008156501684952109,0.07013601834209067,0.08710056387441832,0.13605603378133993,0.03735873413781467,0.011282601983892694,0.049941448504749804,0.0834046004259189,0.07564649518037939,0.20473992527006799,0.0876036254741268,0.01762631611494673,0.020153891770395324,0.03185863311493278,0.0575272414454599,0.048732510865795595,0.21720818027732128,0.14891285820087063,0.04577368492793511,0.029328662333517715,0.02078589811889479,0.022969374502563155,0.10640699562667257,0.23341002423567694,0.08463425828551124,0.034323817111159165,0.03883414160939213,0.051687365652870965,0.24864037268576408,0.124136756883135,0.06128653242336454,0.031477083459534344,0.05760327011100786,0.23169802667280862,0.07878123357161453,0.05306570962973507,0.048761610123119456,0.050272980746260916,0.1361983612879929,0.16315824566525944,LC_V18_H2p0_T7,0.24864037268576408
34,"(34, 1)",97,1,single,,Y,0.013264061680171642,0.0042211992545932026,0.007355831889291655,0.0041464709957491274,0.0008368026187616547,0.0008682526508034896,0.017038738475295065,0.013312814245959198,0.0025364262835128348,0.02139425650567095,0.0023479331769826403,0.004375871818062047,0.0029809021458589925,0.0663698660572425,0.029150768962449655,0.017399609641250768,0.08488163148831716,0.004670574907915024,0.027146771679177492,0.007567455076435941,0.0724957371280617,0.01743529141532871,0.0440601976853318,0.09882875249389521,0.06269990168585574,0.007163853606923211,0.011363738437510625,0.0070257408943144055,0.3320015689926404,0.041099329897427636,0.34992198698230226,0.4360630038971811,0.6738064963540222,0.18387267099797056,0.05586653495868866,0.23454088311118917,0.3886642845814109,0.35345017436774967,0.947932357735804,0.4036162322397345,0.08031474646048024,0.09250185415069359,0.13880229255801155,0.24839828302864944,0.21106939060286292,0.9319971987895984,0.635758778321877,0.19334745668626055,0.12472155259043384,0.08755033550283342,0.09768253485522793,0.450065935589644,0.9826180722099079,0.35289029410804523,0.14391183233871124,0.161550371959691,0.22576321931251656,1.081998763876843,0.5358359689753742,0.26390607721301307,0.13440711618241116,0.24074774394498707,0.9607902695856623,0.325653159603636,0.21768890638395336,0.20170015142277173,0.20733926407475742,0.5576183202082345,0.6257443250070267,LC_V18_H2p0_T7,1.081998763876843
35,"(35, 0)",86,2,single,,TY,5.2678394602628804e-05,1.8175204192534878e-05,3.205736889863847e-05,1.778561046302393e-05,3.637026507582804e-06,3.6914614596165737e-06,5.875619040618845e-05,4.5872787843049904e-05,8.78824906176078e-06,7.346610578996296e-05,8.062977116237384e-06,1.4980101898843183e-05,1.0189557802020387e-05,0.00023936465540833816,0.00010492953296937802,6.236874641717714e-05,0.0003041512577373073,1.667645203659175e-05,9.636138822452635e-05,2.6825512279009426e-05,0.0008092544052722493,0.00019503620265864144,0.000484276821501529,0.001094325939216061,0.0006834737896886637,7.933651482790657e-05,0.0001232988326571085,7.706073451196438e-05,0.0034376039148381844,0.00042574498007134806,0.003606849644258572,0.004504830024733324,0.006932570556354184,0.0018928034215708897,0.0005775286749546653,0.002853390529245649,0.004703327015029743,0.004288999251741874,0.011457427898196369,0.0048727462075274465,0.0009659967213164336,0.0011167148608125942,0.0021684884126891126,0.0038754501871949947,0.0032958410453125205,0.01453869044452804,0.009922038163987677,0.0030124872817677553,0.0019487726471597304,0.0013669333122419258,0.0019831233586567578,0.009074912263214054,0.019728284897118916,0.007006251992720601,0.0028602020454966217,0.003197435708331687,0.006432792064358095,0.030705602640564347,0.015158611976182316,0.007455020579603947,0.003788484098188361,0.00859523438472816,0.03413466902027566,0.011532946159774063,0.007672781715533438,0.007719333997097107,0.007901806558567568,0.021117970043989662,0.02846012015165208,LC_V20_H2p5_T7,0.03413466902027566
35,"(35, 1)",100,2,single,,TY,4.724837580645728e-05,2.607150630951167e-05,4.557359607577826e-05,2.531814201088718e-05,5.134267265097198e-06,5.2310340311273496e-06,0.00019315099505492906,0.00015077301417872757,2.8511153666226697e-05,0.00024033588610818826,2.6393734821321985e-05,4.858685262883251e-05,3.318522855921947e-05,0.0011068812766285587,0.0004864456843831055,0.0002861397632836575,0.0013979391995679307,7.704119100549327e-05,0.000441279835091603,0.00012314477744684274,0.0018219517712096357,0.00043825373083153574,0.001095379325152394,0.002463552784578893,0.0015430031329475595,0.00017731146457015856,0.0002770966193861399,0.00017204132727044227,0.024004470117932376,0.002970171591748987,0.025123525929969054,0.03128962195143139,0.04794418153471137,0.012937702675969168,0.003924742661312635,0.019214010064015394,0.03161432015870318,0.028712404655118505,0.07636853130493435,0.03222171807698965,0.006355549453708257,0.007312774602408853,0.013109996502093647,0.023267221570133962,0.019772583487533694,0.08652917638891176,0.058533629118809445,0.0176381489163948,0.011386947606244863,0.007921556201612445,0.009643257124864626,0.04397225438582601,0.09502456837226764,0.033899132682416365,0.013819032462780064,0.015377394525694078,0.028726262669341307,0.13655596907164214,0.06710228198031552,0.03279592092436455,0.016562178533058206,0.03218561380456724,0.12754127048814942,0.042825524969657955,0.02842282910831615,0.025911807294916725,0.02645843657865761,0.07059092572424161,0.0811288277265032,LC_V18_H2p0_T7,0.13655596907164214
37,"(37,)",37,2,single,B_as_chord,X,7.841077428071145e-05,2.4043022275615754e-06,4.179569773084154e-06,2.433188482602533e-06,4.852775168938545e-07,5.319020535634323e-07,1.9207298991016178e-05,1.4954872252310628e-05,2.9346169064498714e-06,2.44167274097568e-05,2.6508120774827518e-06,5.179522956102914e-06,3.4668239406042848e-06,0.0001383288254359781,6.048610904028757e-05,3.6609653407096185e-05,0.0001774788924388204,9.5756112445441e-06,5.715091314334022e-05,1.5658408533417034e-05,0.0002920121103161839,7.028495096002693e-05,0.00017604449976055828,0.00039577532768567017,0.00025118498525742523,2.8698156743047017e-05,4.6023023555514144e-05,2.835999177444912e-05,0.002231359852737699,0.00027590130737020215,0.002335966043469013,0.002905040110607721,0.004468544364433345,0.0012116907930615499,0.0003659604983430799,0.001549557029305236,0.002547767481509115,0.002319735119429282,0.0061981086330229395,0.0026360004664773575,0.0005265448159260917,0.0006036100347427578,0.0009663529472976926,0.001719911794972425,0.0014610120622123854,0.006442274479914214,0.004384390473777296,0.0013395761405828575,0.0008560509936227097,0.0006045807876682506,0.0009152810942259439,0.004149679166177395,0.008925729782298006,0.00318527318392444,0.0012851472227143252,0.0014386622104039252,0.00315910593503885,0.014840922235978325,0.007281772056623171,0.0035292468410815865,0.0017875741792369095,0.004401601858960931,0.01733744876187803,0.005752559055456655,0.0038083967706195425,0.0034956229808305,0.003539774779151836,0.009411278680215369,0.013760794170751108,LC_V20_H2p5_T7,0.01733744876187803
37,"(37,)",39,2,single,A_as_chord,X,6.684733263791159e-05,1.8500408274687563e-06,3.24613524263555e-06,1.8500933153019013e-06,3.724865779949409e-07,3.9951186763702e-07,1.7617940979810558e-05,1.3778286242469967e-05,2.623655518708635e-06,2.2232581328259588e-05,2.435396958239348e-06,4.629512748550192e-06,3.1434155094259276e-06,0.00014865023888145998,6.525125326138172e-05,3.859146740817192e-05,0.00018866510924085247,1.0293737610384589e-05,6.0255051654855054e-05,1.665183267951836e-05,0.00032337005044073917,7.781021091337695e-05,0.0001950744693822394,0.0004399008045769455,0.0002789594986239998,3.211920260452688e-05,5.1252621826009077e-05,3.180611090643705e-05,0.002327768368046127,0.00028774053642500216,0.002444450573527441,0.003041807610314353,0.004692014949139032,0.0012766172616987305,0.0003866169787778067,0.0018216948462760384,0.0029979796128024017,0.0027290052278368037,0.007289717315461025,0.0030973722397460686,0.0006178559063895904,0.0007092531913408003,0.001277365704643357,0.002282923124454622,0.001938013391033154,0.008557411044519436,0.005825201990433963,0.0017778008685959059,0.0011380986970018355,0.0008022403085731043,0.0012693831697678528,0.00572635364995313,0.012264296669044404,0.004337380023204047,0.0017554294947190123,0.0019516788036640599,0.004049219950681444,0.019102885212016835,0.009367840087636983,0.004555802840262368,0.0023054321930353703,0.005648025127076387,0.022225265396380808,0.007430095391114995,0.004912772787599748,0.00490637694496673,0.004970766577924513,0.013180053729001443,0.018076378784679565,LC_V20_H2p5_T7,0.022225265396380808
38,"(38,)",41,2,single,B_as_chord,X,7.047993812889122e-05,3.0122292786789022e-06,5.277425996211403e-06,3.0006081161200906e-06,6.044709077531019e-07,6.418654045183148e-07,1.8612691738679958e-05,1.4536020979122634e-05,2.7674585351534233e-06,2.3389897664797586e-05,2.556997971102171e-06,4.877100225890291e-06,3.3019118666887337e-06,0.00014329726113668952,6.287383931844507e-05,3.7265332321706615e-05,0.0001819701950402179,9.921168797780102e-06,5.8002611074322434e-05,1.602347057193279e-05,0.0003042219106629563,7.319998672388958e-05,0.0001828206769674304,0.00041130858678312614,0.000259788974108762,2.9822838271686566e-05,4.731292078295366e-05,2.931265845066309e-05,0.0021097192080335846,0.0002610553602174602,0.0022105637551620046,0.002755258740707678,0.004248610080210557,0.0011587312398487466,0.00035070545041904205,0.0018085467147844075,0.0029797259470752506,0.0027094010812074632,0.0072442200590067925,0.003074814450616925,0.0006131389352646086,0.0007031793074992901,0.0012478854684040302,0.0022154441736441143,0.0018803732422798126,0.008251637788305037,0.005587960340941625,0.0016961540631059912,0.001087527941099355,0.0007629492415538718,0.0012921698354126734,0.005846676740081098,0.0125717382442741,0.004450759706151965,0.0018072556786611095,0.0020080852667616242,0.004063295622352166,0.0191768540629906,0.009410057777073034,0.004558628362750418,0.002306677715238473,0.005671386281986814,0.022249670882296093,0.007415080352555171,0.004886241808425345,0.005484334452028473,0.0055767231729380844,0.014817647252127338,0.0214721454163971,LC_V20_H2p5_T7,0.022249670882296093
38,"(38,)",43,2,single,A_as_chord,X,8.499662521477559e-05,2.3067702893791504e-06,3.969915575658715e-06,2.339066743077776e-06,4.6415129477793414e-07,5.165134552673337e-07,1.4630467952299718e-05,1.1423545933271547e-05,2.192653156525126e-06,1.843640519893439e-05,2.0083441846138783e-06,3.874707658909635e-06,2.6023382517734504e-06,0.00014453046650193612,6.339489994821416e-05,3.784789896726082e-05,0.00018470047520311548,1.0049049367141305e-05,5.934335110614326e-05,1.6345065761702135e-05,0.0002790942883565489,6.725815106628138e-05,0.00016950075333228948,0.0003829891455171856,0.00024532017042406715,2.8169160622660023e-05,4.549761223494091e-05,2.8121994941398092e-05,0.002586603326730157,0.0003195562975389909,0.0027148389784836936,0.0033715584455098822,0.005197383823345032,0.001413948019975632,0.00042749803903795847,0.001851063110992626,0.0030462893756484644,0.0027715885388622623,0.0074109923187251,0.0031460238340406065,0.0006270727882000357,0.0007175619446322802,0.0011803939359275129,0.0021038688174350555,0.0017848150818008937,0.007856827325367317,0.005342425959662174,0.001628620542078962,0.0010435553258300067,0.000735092491768626,0.0010732771140048534,0.004846889599931845,0.010399387794271065,0.0036985746318790253,0.0014976588503282605,0.0016728675408812742,0.00374881893039304,0.017629384553888988,0.008653487278887527,0.004189630019506774,0.002122387759786572,0.005059451297369545,0.019930931256802335,0.006621369243118792,0.004385913818705654,0.0042036638972264215,0.004258135646383535,0.01133897327556834,0.016862496888928723,LC_V20_H2p5_T7,0.019930931256802335
39,"(39,)",45,2,single,B_as_chord,X,0.0014307353565060955,1.1276810626162468e-05,2.0202212412718417e-05,2.3664212397621507e-05,4.94442780266871e-06,1.2607167628277449e-05,7.263849198336398e-05,5.769488780932219e-05,1.62160474728509e-05,0.00014993147850513586,1.6733503450387608e-05,5.811664746176753e-05,4.0998563863552024e-05,0.0007713536515810013,0.000343506073629363,0.00024252525272083588,0.0012318483926095306,7.02860269683245e-05,0.0005747369116218156,0.00016383299345188,0.0009308934754956428,0.0002265408087921831,0.0006790217503246996,0.0015746817403231737,0.001341065036586844,0.00016561640489354498,0.00037579579036747617,0.00024321475221330025,0.027730846877736068,0.0034337662049365733,0.030279125838335755,0.037782075813568426,0.06223145759151782,0.01866021195775525,0.005652211858094412,0.01933739762426735,0.03292329924920857,0.029891519996445716,0.08499160494315178,0.03954461433317966,0.008843006528087135,0.010187680663541167,0.012172741948995097,0.022219607925638863,0.018924142075858335,0.08740811981137764,0.06434518416704366,0.02156685670762192,0.013984170555224145,0.01111598936365282,0.008711236822750434,0.041734680810391514,0.09741829519593026,0.03831323203948203,0.015590877695903156,0.019769809275439008,0.030274901747825635,0.1522911541405748,0.08052776398585397,0.0430143221253405,0.024178858886637455,0.03377854551967896,0.14285048239679016,0.05221040953379337,0.03824249377493479,0.02577343563920859,0.028684247192368863,0.08551353118059465,0.09492511545986142,LC_V18_H2p0_T7,0.1522911541405748
39,"(39,)",47,2,single,A_as_chord,X,0.001371764616048456,1.0655677160773747e-05,1.9198088245345518e-05,2.2136962534856736e-05,4.671761803488957e-06,1.2020639811430236e-05,7.967547372662597e-05,6.338122632568826e-05,1.7553999822075083e-05,0.00016293481430161683,1.830119886979381e-05,6.236222737841767e-05,4.40989289680458e-05,0.0007863252453096504,0.0003499831690405244,0.00024835932465360573,0.0012597414833686313,7.172331767624736e-05,0.0005895242648524794,0.00016831506212095036,0.001021850805956928,0.00024872142816606454,0.0007378869840037669,0.0017112145210088983,0.0014471432496722858,0.00017996236223946004,0.00040478709449621845,0.00026189189687129825,0.026510702102226502,0.0032806657317606775,0.029045845691464105,0.03620407836352324,0.0598830526991558,0.018069957830790004,0.005479246611707619,0.019451816695077354,0.03316847579138547,0.03014609111855968,0.08576352075937499,0.03997579521563613,0.008977255329629891,0.010344160380482333,0.013188755065517484,0.02414089309295758,0.02053669601279985,0.0950695073353413,0.06999018159267283,0.023432149269420634,0.01515558700431825,0.012017176545090097,0.009662306032376404,0.04620237769414206,0.10760366876493328,0.042308222957845885,0.01717592440012258,0.02167211904523673,0.031754582879853784,0.1603073986356255,0.08476971531444168,0.045567608040510625,0.025652634884588056,0.035431882441048855,0.15017628221258164,0.05498008468701344,0.04024668661813422,0.029149711505746877,0.032349254440299104,0.09606093933121594,0.10617485280732054,LC_V18_H2p0_T7,0.1603073986356255
40,"(40,)",49,2,single,B_as_chord,X,0.0013501283323844662,1.2586233413785185e-05,2.2519230097599024e-05,2.4887264735039104e-05,5.175020749290868e-06,1.2962765812042221e-05,8.639026460047902e-05,6.804277130597997e-05,1.867279944138995e-05,0.00017144119813459777,1.9258652518075164e-05,6.333998334974543e-05,4.510488974411898e-05,0.0007336246751748345,0.0003244414146839821,0.00023854444089073436,0.0012047587611205318,6.730695868078608e-05,0.0005736573607742507,0.00016158720886986437,0.0008894887012672104,0.000213770921224477,0.0006463785978491148,0.001479115224715563,0.0012733734237443132,0.00014998973137292235,0.00034962998603802793,0.00021986061111702867,0.01982840712419209,0.0024561324184378857,0.021557502087006526,0.026994642547282295,0.04463668684866793,0.013627090338670192,0.004122422621902592,0.015455294658337275,0.026526748620382554,0.024114601880385958,0.06910724874127909,0.032553985043694826,0.0073726217124296806,0.008524672537759318,0.01027036329170361,0.018838549867752644,0.01599247668367778,0.07432585330060318,0.0546523721653762,0.018467318861607553,0.01192129275442108,0.009584288916271446,0.008077204910241692,0.038942689092099185,0.0914061111346714,0.03626299929002582,0.014821516727133239,0.01886301205159916,0.025718494477436554,0.12943615234077951,0.06890397163927767,0.037118135661834556,0.021126699952337413,0.029978987580518254,0.12754820886252294,0.04694852788052937,0.03475066969992276,0.0253318710259123,0.028608978124431122,0.08525460897860833,0.09964192776092669,LC_V18_H2p0_T7,0.12943615234077951
40,"(40,)",51,2,single,A_as_chord,X,0.0014172715061986038,1.2437010832857352e-05,2.2251114380935158e-05,2.5161748075750266e-05,5.243071992498987e-06,1.318974392579648e-05,8.403109524783595e-05,6.608889731797263e-05,1.835300778376938e-05,0.00016630378602356278,1.8576239644244227e-05,6.189330777328922e-05,4.3738561226451224e-05,0.0007350120915890827,0.0003252124865791833,0.00023991730972921214,0.0012103718563641417,6.742796006327582e-05,0.000574387739061034,0.00016147989438622612,0.0008455252929188592,0.00020404586564228632,0.0006210386883175105,0.001427792064992067,0.0012378236992540725,0.00014598642145676266,0.00034188932467284303,0.00021478151412039588,0.02083986225443467,0.0025795859487281925,0.022613532369903006,0.028257925926857594,0.04664753472738674,0.014168997022858149,0.004287246140751549,0.015317613812984915,0.02623567962920754,0.02383777060988708,0.06820217643066606,0.03206830607376608,0.007261279089427589,0.008395478013652638,0.009419028871909239,0.01731955297115601,0.014689207873743152,0.06848582629817239,0.05074725601436115,0.017259086875751138,0.011135049563462963,0.009024137154191984,0.007204052648222128,0.035039349067497436,0.08264085569633339,0.03296951706715822,0.013320924957195501,0.01709721811842217,0.024526464376255927,0.12319214368091295,0.06564831341987047,0.035154713674904726,0.02002017005081973,0.027600722003245128,0.11789452246761657,0.04324538173505701,0.0321890947996051,0.022005052306978024,0.024943390460491613,0.07502994703164123,0.08507429385614228,LC_V18_H2p0_T7,0.12319214368091295
41,"(41,)",53,2,single,B_as_chord,X,0.0005628171239597037,6.510756802333644e-05,0.0001136988989341525,6.382757127143705e-05,1.2895454592936287e-05,1.3355466179299507e-05,0.0002628304629450791,0.00020437147330014922,3.978720003792352e-05,0.0003281457732513077,3.576657911803377e-05,6.762108684084031e-05,4.5468273527649714e-05,0.0009896513088705882,0.0004314508705011324,0.0002657203808142436,0.001274409466780635,6.838591268935105e-05,0.0004082069992982155,0.00011194497209811821,0.0018952646251296384,0.00045602397596415515,0.0011419422994561306,0.0025606156235157616,0.0016159084051325329,0.00018450023482515952,0.00029527915836258917,0.0001828601132587284,0.011285333093275552,0.0013937377834263333,0.011871584319714894,0.014722256281564192,0.022751380828460625,0.006187932366252681,0.001868561661823142,0.01041427055631412,0.017224718405869106,0.015662425223063582,0.04206442525437818,0.017994764230874472,0.00361655927163077,0.004150002579363095,0.007319112806301695,0.013113905568864506,0.011139824547117413,0.04965612416685862,0.03412913312392417,0.010545636101673281,0.006734426302531577,0.004813960931726909,0.006112016767400677,0.027738548818039804,0.05968115959217695,0.021289850963124007,0.00860200232329771,0.009623372954393403,0.01989683370278032,0.09428352540878414,0.046543690754184054,0.02269582168541652,0.011551682623510041,0.026002677735371942,0.10294916197737168,0.0342264324826052,0.02271240465771608,0.020250437394942915,0.02052622214434194,0.05487392679204293,0.07891366619021217,LC_V20_H2p5_T7,0.10294916197737168
41,"(41,)",55,2,single,A_as_chord,X,0.0004402700213222036,5.5110793399412466e-05,9.736109053040761e-05,5.536857139689356e-05,1.1293066764516857e-05,1.1965885847333247e-05,0.0002676264847458953,0.0002090061190479524,4.053822575112196e-05,0.0003388295732264752,3.705300494038714e-05,7.050812687294841e-05,4.770683867632972e-05,0.0011644607284661314,0.0005102655460534264,0.0003058164281619513,0.0014836698983349795,8.066699550154939e-05,0.00047204066001232595,0.00013017346637582425,0.00221357083785327,0.0005327745028980576,0.0013385487186804274,0.0030108063423777234,0.0019047647871336306,0.00021821395703875703,0.0003454763191374592,0.00021384623060330938,0.011624373095622894,0.0014361530078977106,0.012235779481879596,0.015184524298400443,0.02346194251670223,0.006380520347367157,0.0019298613524375004,0.011499939798379918,0.018973465301376117,0.01728185104483041,0.04627887227946882,0.01969151568385126,0.003925030556146449,0.00451221207032461,0.00893100715526386,0.01603939610337617,0.013604409637415603,0.06027178273167961,0.04104142633001827,0.012536911219413556,0.008027732282297188,0.0056558434070184075,0.007963719745856497,0.0360327777125064,0.07729640291998112,0.027272544728695582,0.011064910824763269,0.012297361268593883,0.023992056467251485,0.11370646617181653,0.055862654512036855,0.027234829679117313,0.013782611594532,0.031892434099833465,0.12565563113065567,0.042075851729361666,0.027835345904658186,0.027451519466129684,0.027834571926040597,0.07399281298545285,0.10135531502190616,LC_V20_H2p5_T7,0.12565563113065567
42,"(42,)",57,2,single,B_as_chord,X,0.00045850064785459395,7.473625853952964e-05,0.00013174303757754316,7.293127188883168e-05,1.4890485331210306e-05,1.5115445224136069e-05,0.0002902854039375285,0.00022701412057133825,4.299792845927648e-05,0.0003627961073823118,3.976022254164671e-05,7.401938131963735e-05,5.02609913795063e-05,0.0011124859092931018,0.0004867950429071818,0.00029411742555248327,0.0014216901615546266,7.702446795984484e-05,0.00045239366447993336,0.00012445058049619678,0.0020641461055252394,0.000496999761464899,0.001242612781609771,0.002793731161899679,0.0017608149493072004,0.00020190478011032878,0.000318385444167553,0.00019708206515048408,0.011517617467738925,0.001422719274914593,0.012250670720078984,0.01519644263456009,0.0237620120386585,0.006538954086716395,0.001972465411625034,0.011823122791009787,0.019591609767444996,0.017781192929204628,0.04772467166624816,0.020240341994191485,0.004035634032545231,0.0046184238247026985,0.008808378053093799,0.015680823101658584,0.013311873719964831,0.058563520983388774,0.039719329277529226,0.0120507930112837,0.007741331130621878,0.005420984878743531,0.008286944915361256,0.03768788615525093,0.08131994500467975,0.028748399004119705,0.011692778894418589,0.012997957532692986,0.023884788036444518,0.11313898687288017,0.05555096814761727,0.02702231352420043,0.013678397053019509,0.03320127161235923,0.1304937823645654,0.04364945936645559,0.028803562432025503,0.031164779068468287,0.03166680041669085,0.08426281769896872,0.1238986353654262,LC_V20_H2p5_T7,0.1304937823645654
42,"(42,)",59,2,single,A_as_chord,X,0.0006163862881137451,5.996161254487006e-05,0.000105048671339443,6.021628245823385e-05,1.2190130225113345e-05,1.3133675962699785e-05,0.00021734106818210668,0.00017027037558485977,3.292359984040745e-05,0.00027864559201981907,3.052276593384095e-05,5.924970520506456e-05,4.021467153795136e-05,0.0009695586183723012,0.0004242492942653662,0.00025821659139071355,0.001248390944562665,6.764084228871142e-05,0.0004040771421951051,0.00011086774759754442,0.0016385226131671302,0.0003945083452213076,0.0009970424664658252,0.0022348532730019546,0.0014241003657428375,0.00016169946843882973,0.0002603228752946661,0.0001597415232901338,0.012314192307217808,0.0015197866974087284,0.012968522787721221,0.016054793302088435,0.024747857264574395,0.00669110682531124,0.0020213208538050675,0.010796354448126646,0.017834172731746742,0.016197533205379224,0.04334159834094399,0.018348093142502894,0.0036459390008269396,0.004170093782635614,0.008290108389257601,0.014829140658839515,0.012581411003344164,0.05550316664658579,0.03770441817223863,0.0114566595416452,0.007355026512794622,0.005154004231810947,0.006799342929359008,0.03082987886717461,0.06635464390719321,0.023605205289913115,0.009601575125575858,0.010728718966532014,0.020848340093667806,0.09817940325921873,0.04824334782297215,0.023371601089900905,0.011837755311947038,0.027177603844290733,0.10721669114831595,0.03555539848858864,0.023515841624913374,0.022360653512895373,0.02264842007520824,0.06027179852777187,0.09163843727513546,LC_V20_H2p5_T7,0.10721669114831595
43,"(43,)",61,2,single,B_as_chord,X,0.006955171187960064,0.00011710096295816916,0.0002058128968050035,0.00019281772977593995,3.738382040012936e-05,7.471407754727512e-05,0.0005345652810163523,0.0004193662325014145,0.00011611512576364473,0.0009762927718933551,0.00010352990343069822,0.00034311053850523464,0.00022022480976341868,0.0042365555640506486,0.0018711126310609406,0.001365344155964819,0.00677309063477879,0.00036366872582537586,0.0030036085536717413,0.0008052182351211725,0.004492719001053833,0.0010919072636206165,0.003346014442527279,0.0076468404179686625,0.006614116421913466,0.0007381235413298418,0.0017516040554257021,0.0010512853677352271,0.12759278685670086,0.015768115270428134,0.14045637435001557,0.17436714180907334,0.28972503959651663,0.08587414449050271,0.025437886774313825,0.09349860496949937,0.16071171304517157,0.14535565797727548,0.41718082445920485,0.1922717622546857,0.04295470327982541,0.04788459408604978,0.06254938964288641,0.11484223080034174,0.09754487656239041,0.4529563488224375,0.329096116100686,0.10937787315198928,0.06927727459542674,0.05399492271518419,0.04322535532332919,0.2082455182506294,0.4816888281049381,0.1892338862215235,0.07520876762780224,0.0938558606987649,0.14239093752679902,0.7063808395947919,0.371004523301782,0.19166898916129663,0.10593402622719737,0.1586531340381561,0.6665737316228572,0.23523997266675686,0.16899281524956075,0.12475372209240983,0.1340784891195984,0.3912708400910412,0.4347469028720413,LC_V18_H2p0_T7,0.7063808395947919
43,"(43,)",63,2,single,A_as_chord,X,0.005845870920876627,0.00010461687962023002,0.00018615250426172241,0.00016993668394474357,3.336926037862862e-05,6.62199320332036e-05,0.0006754795045950358,0.0005309462363793512,0.00014079750784790277,0.0011945871202684818,0.00012745075210870334,0.0004005188421401474,0.0002594029222559879,0.004623809597631498,0.002042993530247988,0.0014781614203337606,0.007322241283985337,0.0003914013313517154,0.003183905139539339,0.0008547111611050124,0.0054819821983587745,0.0013291403882869618,0.004005048416444971,0.009154147257961187,0.007716291686661922,0.000879471572043169,0.0020038461196209985,0.001208246572469447,0.12346525456566948,0.015249193530491636,0.1361087491581749,0.16872649832914793,0.28103010815429674,0.08342770487322546,0.0247042767531985,0.09523383954251974,0.16384481031822096,0.1480056974385293,0.42420459896203855,0.19465887780808952,0.043532169130073954,0.048277126385200875,0.06872385236215056,0.12672096074182948,0.10755644653825674,0.4999158804293092,0.362413591871728,0.12018311576891008,0.07589782575219138,0.058755676249634195,0.04846247738703296,0.23267251244797738,0.5365922466757177,0.20997477273093623,0.08352212370870525,0.10329635111243654,0.15213207280045415,0.757119281419251,0.3968092524287781,0.2053605234074597,0.11317991282452396,0.17087110503466088,0.7162854899652551,0.2530620594635336,0.1810988574722194,0.14428881018042425,0.154693411083875,0.4480217922759203,0.49242230764954553,LC_V18_H2p0_T7,0.757119281419251
44,"(44,)",65,2,single,B_as_chord,X,0.006092932375223806,0.00013401011309859,0.00023733811003218366,0.00020593307542584718,4.020587847505217e-05,7.640207150770003e-05,0.0007603275317117951,0.0005936602727769962,0.00015744495783291524,0.0013157901505201932,0.0001404745114453894,0.000429727928739728,0.00027955687261741667,0.004403931742096528,0.0019325467489959157,0.0014603075517531094,0.0071473874791749235,0.0003761395604282216,0.0031826881790404057,0.0008463700259241024,0.004838555891775638,0.0011590516210557608,0.0035922406280165286,0.008055382947133394,0.006922712312650562,0.000741126121091411,0.0017736830414375598,0.0010352623752291925,0.09149384542287363,0.011307050971001993,0.10039003811406208,0.1251093072283043,0.2092627792668765,0.06293292510012502,0.01854023020798722,0.07637391297742947,0.13230023360894608,0.11955523458550306,0.3456491340041939,0.16089897386325835,0.03638578373255783,0.04057329944099695,0.05366547389649467,0.09939271358948637,0.08428557800770259,0.39515839886611215,0.288693660084315,0.09741763352101471,0.061044035691449165,0.04819344120492395,0.04127549094117716,0.19876403369821094,0.46032128777013204,0.18156867598565354,0.07239138235470073,0.09037948328794616,0.12710420357073804,0.6363254964077338,0.3370852639498991,0.17550822747438977,0.09756435703955964,0.14946981168532994,0.6304165023444194,0.22386500928295622,0.16141373292735403,0.12820605139454358,0.13913898653960308,0.40585386442865035,0.4683934677988897,LC_V18_H2p0_T7,0.6363254964077338
44,"(44,)",67,2,single,A_as_chord,X,0.0065115399430778495,0.00013608958901806652,0.00023906173253700793,0.00021237768168085063,4.1320511964222004e-05,7.935035313576194e-05,0.0006788523750589802,0.0005276258672252263,0.00014204463682067044,0.0011732033954058275,0.00012484676835384254,0.00038887286247153696,0.00025128024959001407,0.004132200414757688,0.0018203494312192356,0.0013798942300268253,0.0068086500875797085,0.0003572264486442862,0.0030404909833258386,0.0008027153787351236,0.004262530061490851,0.0010255264794365056,0.0032094283076085366,0.007273316705352016,0.006377354554721902,0.000679063741093605,0.0016571912693863372,0.0009615553987678024,0.09540380125506842,0.011795623078904529,0.10442796571905152,0.1301366563780166,0.2172505175876014,0.06523942125159748,0.019191176048797925,0.07575787438596908,0.13019267896171474,0.11818741477690699,0.3390818844014327,0.157332427449426,0.03548754887826113,0.03971986996567145,0.04905679481025914,0.0909392873808718,0.07698667942251561,0.3621718469910326,0.26539769387297835,0.08986544557734584,0.05624658902960764,0.04453692911227603,0.03680188044920574,0.1792511566317953,0.4165760053028124,0.16549830739466842,0.06481613615431187,0.0815906890055234,0.1185818165502401,0.5921998707265711,0.31425730826553805,0.16241304393663641,0.09055636494533023,0.13562015417220363,0.5750917118228077,0.20327913178407755,0.14734401024845342,0.10760357580209139,0.11671610257941048,0.3423865956406492,0.38256245996801086,LC_V18_H2p0_T7,0.5921998707265711
45,"(45,)",69,2,single,B_as_chord,X,0.008282886006790044,0.0019698413715457143,0.003429324086725752,0.0019322459840581704,0.0003886747160012067,0.0004082820487438146,0.007373378180593972,0.005763074548529612,0.0010825486799235643,0.009191589731267328,0.0010103449646871076,0.00185660523483162,0.0012702902998483817,0.023940948277963607,0.01050059405255801,0.006264021387274615,0.030533971472036427,0.0016759348136729502,0.009715690362361909,0.0027060769119606216,0.03679875959481026,0.00886265350333786,0.02210513429843767,0.0498447396026816,0.031246900621014935,0.0036132326782784205,0.005642133824917777,0.0035168383641706407,0.08960196746596133,0.011089676809157201,0.09435273121644788,0.11761322225409586,0.18151635213939718,0.04956775849448614,0.015088957201620287,0.06115318230149292,0.10098886866498934,0.09210816433500227,0.2465408516205848,0.10504295625135385,0.02086711243914671,0.02409646806095404,0.03589264486940262,0.06428735270809352,0.054652095597781905,0.24151594153527536,0.16498691805448937,0.05021424325081661,0.0324203654535091,0.022781542595662542,0.02784784849203297,0.12782909036995987,0.2783241945051971,0.09940385958334788,0.04056527743365464,0.0454501149725995,0.06550898629833475,0.31276286815879956,0.1544654753514814,0.07598499832358843,0.03862588974404227,0.07599274396890368,0.30199860001569667,0.10211755656953563,0.06801141556303894,0.06574196207567531,0.06740296464032257,0.18062375163079628,0.2170238061023622,LC_V18_H2p0_T7,0.31276286815879956
45,"(45,)",71,2,single,A_as_chord,X,0.007450096296862619,0.0015814531242225012,0.002767522457335581,0.0015431135136106757,0.0003133005778465326,0.0003267628044899308,0.007568980296155875,0.0059286898708192995,0.0011002994850555024,0.009424898551824061,0.0010380719498940738,0.001893808589018238,0.0013002568617382338,0.02591698551208696,0.011373762561486516,0.006755616744161046,0.032999616761018084,0.001815073347442802,0.010504740434292973,0.0029312635921442867,0.038508071319969805,0.009274889232264254,0.023097444176986972,0.05211544161744359,0.03261955887290057,0.0037748674898467763,0.005885441147665256,0.0036705278956413135,0.0897401200946092,0.01111155255059983,0.09453076186746762,0.1179598715753753,0.18218586669117168,0.049845157983155836,0.01518536454996106,0.0649807338943989,0.10740060836367397,0.09795290731905082,0.2623583903013446,0.11187340594398816,0.022238923870744103,0.025702460321865416,0.039822513420818266,0.0712340857368246,0.06060876649347161,0.26760598365825405,0.1828641640037774,0.05560381026965455,0.03595833686712964,0.025255830454231586,0.031233801453302058,0.14357118200624305,0.3130127047590682,0.11210130147984779,0.0458077022826403,0.05132454606806972,0.07275652861261206,0.3485586954978777,0.1723086170579574,0.08500186058583417,0.043269391296467875,0.08321146677724704,0.3306886959171597,0.1121527772163588,0.07473828381790781,0.07563503246991789,0.07765527035876994,0.20799943079016997,0.24533361254264988,LC_V18_H2p0_T7,0.3485586954978777
46,"(46,)",73,2,single,B_as_chord,X,0.007498273067265176,0.0021135317431548043,0.0036982830392574785,0.00205477748466973,0.0004175448547308573,0.00042935571294307044,0.007507619268862185,0.005880706568251106,0.0010907402265014571,0.009351292922692161,0.0010298980967650814,0.0018788326201420536,0.0012902756403036246,0.025329521215270864,0.01112999100856395,0.006574181458919698,0.03219457791299732,0.0017756889630754459,0.01022894690974268,0.0028590678660334982,0.03636420934614679,0.008764538466403755,0.02176597667494194,0.049185586356370915,0.030740309105833984,0.0035679333268445763,0.005549912084317685,0.00346723739757292,0.08642220396436412,0.01070002587867468,0.09104394079602109,0.11360960843595751,0.1754712889609572,0.048034658026351706,0.014646038005138206,0.06590584244161803,0.10891659901843495,0.0993625352087291,0.2661320360603552,0.11349673491657988,0.022559297099722042,0.026082290671634697,0.04033265917287449,0.07220898636481121,0.06141725543247331,0.2713552569933747,0.18552160999447043,0.05644430353149933,0.03649947239441987,0.025648246931963263,0.03167839266627647,0.1456723370106913,0.3178214237985733,0.11375512915659332,0.0465084153782494,0.052109377670612016,0.0746437531472337,0.35735264408431566,0.17654827938262574,0.0869658569095267,0.044254358697912145,0.0875632590849883,0.3478776767052954,0.1178566000549715,0.07850820691352499,0.08134410380265457,0.0835657885344376,0.22404510487236795,0.2698064592439381,LC_V18_H2p0_T7,0.35735264408431566
46,"(46,)",75,2,single,A_as_chord,X,0.008561599833254002,0.0018710007804588213,0.0032507587574903273,0.0018286119722762566,0.00036859741023353255,0.0003893901818853314,0.0059741226790156225,0.004673192678132888,0.0008791993134952032,0.007482374859568578,0.0008222051916199636,0.0015261280858323211,0.0010426666301395452,0.023543061726406248,0.01033091370496002,0.006154311451466965,0.030004426641904787,0.0016483833502526463,0.009557333347424294,0.002661466110724976,0.032402866430779644,0.007802222905625137,0.019459181992754558,0.043862336094070004,0.02747755053009062,0.003174159259909903,0.0049609882839668955,0.0030885724468350537,0.09256203426729774,0.011454615170750655,0.09748806533346863,0.12151107987899933,0.18755948744769804,0.05121187003222573,0.01558666459334202,0.06423951629406269,0.10619380219117339,0.09683738737878173,0.2594494027526285,0.11061028045357409,0.021991869212726986,0.025385517977048407,0.03808894438654076,0.06811292061439858,0.05795515989853101,0.25583115988963756,0.17484431827683966,0.05316375404539119,0.03436581818533373,0.024126618786963972,0.028929786531418405,0.13280623215249718,0.2892441150027956,0.1032377983694776,0.042160451869616276,0.04723474025819389,0.06874208740251704,0.327808112032458,0.16176660199990653,0.0794053991892021,0.04034507008341249,0.07924975088468149,0.3146790739889545,0.10618576520007643,0.07064802068569546,0.07050862712521852,0.07230842202343095,0.1938341984833352,0.233116348662443,LC_V18_H2p0_T7,0.327808112032458
47,"(47,)",77,2,single,B_as_chord,X,0.014623509580125715,0.004260703699051527,0.007289030833373286,0.004468079529272819,0.0008713097464134746,0.0010126766301261233,0.015472110612840572,0.01198420444113099,0.0025532843123987426,0.020209116016412912,0.002173555835093778,0.004520679971995302,0.002951053185836663,0.06454350158717727,0.028226335088670243,0.01792538196481212,0.08575197341471695,0.004594378431332028,0.028468937979380566,0.007739842000293747,0.059693625839758346,0.014303797642753417,0.038324884282083076,0.08447384831636746,0.05722205007607016,0.0062042386839479225,0.010744210116779692,0.00639748540135963,0.3792163341135669,0.04686064170292166,0.40565124108282813,0.5024777316266588,0.7899637941144023,0.21725531968071835,0.06524297872685263,0.2533832028561456,0.4244969453025025,0.38444048845421985,1.045717988510839,0.44894200724297056,0.09112690446899403,0.10348689072167798,0.14633139808842793,0.2637176603733622,0.22355692311577813,0.9961673278072365,0.6831422771019514,0.2106472738719591,0.1345093896716265,0.09567182189368063,0.09706747404840778,0.450315335625622,0.9880769723190821,0.35848116879719216,0.14448708334478125,0.16451997467205834,0.22967952832899322,1.1043073752624335,0.5527857458707949,0.27247803086997335,0.14050541593731558,0.23145898447052943,0.9328023089662013,0.31611693727332923,0.21353116389808716,0.19001937030262933,0.195367602370452,0.5323285940937432,0.5547980239393362,LC_V18_H2p0_T7,1.1043073752624335
47,"(47,)",79,2,single,A_as_chord,X,0.012772836787971252,0.0039447052297936595,0.006782198003081934,0.004132342744769185,0.0008087801354703877,0.0009342143964861824,0.01758682329329018,0.013646564487700985,0.0028591614992482506,0.02288023013055248,0.0024677785900293465,0.005063996851626288,0.003322561002784153,0.06783546825457888,0.029690756714666092,0.018715678899255305,0.08985382482245831,0.004829133407474525,0.029749694753304745,0.008101621885405141,0.0659443711373336,0.015801717456815127,0.042122994175174316,0.09295802797712441,0.06268548366916225,0.00683191711503458,0.011766439207621222,0.007028240712830699,0.37495450749980047,0.046341214812620365,0.4014132027779042,0.49737538679119675,0.7825678604277351,0.21534781783115403,0.06467728108680582,0.25753245277477216,0.4314556070902619,0.3908056290805226,1.063630749919228,0.456626224284028,0.09267268622317283,0.10528750743354338,0.15193066713452547,0.2739706756807525,0.23222642721838702,1.0355424366552903,0.7102540065025035,0.21901818312224774,0.13984350155844028,0.09948166696766807,0.10212579467173773,0.4734362830017481,1.0388178623396023,0.3780236453743322,0.15249252206129582,0.1735439794860626,0.24093581948692977,1.1595195955686846,0.5799674773600101,0.2863371026122714,0.14760245007458014,0.2433055540215808,0.9805803869305848,0.33281038527962936,0.22485355501799523,0.20481038156103468,0.21059443612393303,0.5734372714449671,0.6008402729535314,LC_V18_H2p0_T7,1.1595195955686846
48,"(48,)",81,2,single,B_as_chord,X,0.01294247463688721,0.004647472721322711,0.008013443335089365,0.004828037259081948,0.0009500066119572692,0.00108150408348491,0.01843878312427166,0.014270036922050663,0.003002760757584945,0.023889210763041225,0.002575391108631875,0.005271142497291678,0.003460224319403935,0.06426277585379402,0.028031978444748553,0.01800230762518472,0.08578969821763935,0.0045662961293577355,0.0285096190029923,0.007721537395046612,0.06367839029039096,0.015225302914724691,0.04079791726592795,0.08966655205501131,0.060503252631249296,0.006538586482827881,0.011302139355427216,0.006720048071419969,0.3130514871267155,0.038702186499906865,0.3347489617080042,0.41492489481609984,0.653097329032136,0.1798074542113773,0.05396128409498845,0.2234463186367205,0.3750323678410955,0.3393739872682291,0.9244948492762257,0.39684058653926796,0.08062031910757667,0.09144942034519579,0.1289123432281513,0.232415197629695,0.19695407018083724,0.8787833915144357,0.6026352235654596,0.1862363249501374,0.11860394310225816,0.08454674168068675,0.08999478049684387,0.41696611129396827,0.913991043987891,0.3326796157846575,0.13411576321866522,0.15267538647706766,0.20997345833340608,1.0109884407622574,0.5069651766561393,0.25003192013265474,0.12913911280168255,0.21845804883760234,0.8792420925425564,0.2982414922330649,0.20141232931517275,0.1869249865308303,0.19241261861061554,0.5236833612749777,0.5596585372494917,LC_V18_H2p0_T7,1.0109884407622574
48,"(48,)",83,2,single,A_as_chord,X,0.014282699329813209,0.004688633941857128,0.008048081117821952,0.00489867149533403,0.0009587056772179033,0.0011032060963731677,0.017451921813741566,0.013487517550340378,0.0028702869289869517,0.022636636518618636,0.002436153022391935,0.005034552481235013,0.0032894458929894708,0.062251671010339,0.027142363934151943,0.017531269002992574,0.08341337189693716,0.004430934973305037,0.02783086155724643,0.007523290435672727,0.06094182774374524,0.014577103095690302,0.03917316005435904,0.08604389842111251,0.05839337598771737,0.006289374282391352,0.010956292967638307,0.0064925101841013,0.31810480822944026,0.03931159485576173,0.34038651791812863,0.4216889486831886,0.6637319478925292,0.18265565062534939,0.05475286492895338,0.2196436555018649,0.3686692765219554,0.33364238889455516,0.9090234216849434,0.3902274666260856,0.07934957478102528,0.08988412325280626,0.12394664419045408,0.22404342047300935,0.18963907075427314,0.8481934834814336,0.5821781555001636,0.18041272815072829,0.1146469790341101,0.08188734768583665,0.08599480121863903,0.39943079438663603,0.8760465965309621,0.31894403831784224,0.12799971717029182,0.1460482992704761,0.20175118929608812,0.9700410546180194,0.4868307501002975,0.23970681758069554,0.1238592971349304,0.20839529776284657,0.8407750579735804,0.2845755778222935,0.19251194840148952,0.17205665482847496,0.1769104375924932,0.48171746005725824,0.5082955858577771,LC_V18_H2p0_T7,0.9700410546180194
49,"(49,)",85,2,single,B_as_chord,X,0.00014800909419135502,6.836903076162439e-05,0.00012006930402813583,6.713983602224063e-05,1.367318120047518e-05,1.4002457097710278e-05,0.0001379172398042833,0.00010749902179325285,2.0865192332779027e-05,0.000173037603141326,1.895329866706189e-05,3.554687788955901e-05,2.4093200480787978e-05,0.00025342950597840664,0.00011012577771373662,6.994260535838292e-05,0.0003317722115433441,1.7753562631771574e-05,0.00010717498951458172,2.9324643197331194e-05,0.000583630615976227,0.00014075726562657958,0.00035130084142309887,0.0007898072623848529,0.000497106070007614,5.7184156961453864e-05,8.960898656887736e-05,5.5613389064524193e-05,0.0019781772339837853,0.0002442377535679194,0.0021183230005261005,0.0026233706513982776,0.004109272223612856,0.0011287897915433246,0.00034159036372913797,0.00308879464248119,0.0051223410879385235,0.00467151925522767,0.012573638320938205,0.005386364223167466,0.0010773039285135008,0.0012430770672497084,0.002492894651197493,0.0045035358362328646,0.0038215683400759973,0.017036833196628735,0.011709688844431626,0.0035908967111404587,0.002314886831839064,0.0016380685894773065,0.0016019936221254032,0.0074034699154784615,0.016207520118435653,0.005821890104681294,0.002377423225662264,0.0026764942567058794,0.00381384253907184,0.018340999205698035,0.009142388461366464,0.004523010986452696,0.0023173736282469334,0.004701135132577995,0.018836680220884576,0.006384698753872998,0.004275851464540011,0.004025012329315872,0.004135358573683825,0.011161265605519187,0.015370251473286233,LC_V20_H2p5_T7,0.018836680220884576
49,"(49,)",87,2,single,A_as_chord,X,0.00011158255238963381,4.821475111220978e-05,8.518909131194551e-05,4.723316074396846e-05,9.669306646159648e-06,9.817746118781433e-06,0.00013850427891292982,0.00010792961359199807,2.0884749766425285e-05,0.0001737605894863175,1.903414857444966e-05,3.564348868577543e-05,2.4191426528012693e-05,0.0002998651265683239,0.00013104992023417925,8.073724484511827e-05,0.00038772623575831263,2.107147256545959e-05,0.00012471530586736566,3.4453176836434897e-05,0.0006352991834610723,0.00015259004302213718,0.00038805711105669815,0.0008670949342089765,0.0005517418080778202,6.281698157899368e-05,9.99338798120119e-05,6.169667115799077e-05,0.0020561315800962853,0.00025407120824906304,0.002192281663051368,0.0027187587906798453,0.00424752241048503,0.0011654662940642452,0.0003527900546531309,0.0025879073575725445,0.004309504506293268,0.003924473749449396,0.01059381040715923,0.004541023629498171,0.000910243928938762,0.0010482936337280757,0.002217790666882827,0.004000733514904677,0.0034007087616203693,0.015127744426167149,0.010392774346773128,0.003185887131969508,0.002053362133877783,0.001452502843884368,0.001386905864891603,0.006400358647649716,0.013987690989297157,0.005032696915571299,0.002049261976591381,0.00230909917601468,0.003512543047008542,0.01688530190164033,0.008392121694996642,0.004151734741877591,0.0021220960262725973,0.004404548665665442,0.017554447104392218,0.005966618911620188,0.003992106777689214,0.003585700692425728,0.003686183976065526,0.00992132148398618,0.014054349381220542,LC_V20_H2p5_T7,0.017554447104392218
50,"(50,)",89,2,single,B_as_chord,X,0.00011924495655605577,7.202345966062805e-05,0.0001275504708604048,7.039254075764146e-05,1.4471962543177705e-05,1.4585830293179678e-05,0.00016324231012450604,0.00012781189345575193,2.427556921063414e-05,0.00020457337332320289,2.250304112569018e-05,4.164106580264363e-05,2.8401952016327938e-05,0.0003163488548080394,0.00013842597155563552,8.51904782090643e-05,0.0004093318213175296,2.2276801179387544e-05,0.00013172130787857396,3.641913466004642e-05,0.000649426058628644,0.00015644498372022103,0.0003931113093231931,0.0008830725867423221,0.0005573871590591127,6.407223990044674e-05,0.00010077824128346355,6.257882514930893e-05,0.001985608704320589,0.000244991845568104,0.002135228241856592,0.00263903112044996,0.004145279679145661,0.0011384413784971213,0.00034361344521325915,0.003153512813493259,0.005288790299913799,0.004800123713772392,0.013019145710181626,0.00558305868735896,0.0011222696171603237,0.0012884610891864166,0.002473158011151801,0.0044435312055377905,0.00377907593897196,0.016761821558159005,0.01150146733360927,0.003519409745921462,0.0022732419568795457,0.0016038099731451438,0.001664132154287416,0.007702848915706625,0.01690049714036612,0.006085751560650578,0.0024840767253181445,0.002803616212244081,0.004246363380606847,0.02039458342575199,0.010116757672349515,0.004996019746278689,0.0025507431176098002,0.005017842033433912,0.019980490956474525,0.006781697540805021,0.004531330414966178,0.004558558364739235,0.004693218338737568,0.012644444527604624,0.018004263200282363,LC_V18_H2p0_T7,0.02039458342575199
50,"(50,)",91,2,single,A_as_chord,X,0.00016151079209349137,5.2114242620461966e-05,9.08468930812165e-05,5.13121767041414e-05,1.0371624776378019e-05,1.0753464043657699e-05,9.957854681253565e-05,7.73986284242848e-05,1.516403132745113e-05,0.00012495029867274626,1.3653141300503568e-05,2.5778201496046915e-05,1.741614092933815e-05,0.00021329151361378768,9.306196029417383e-05,5.797686503032451e-05,0.00027670576208735083,1.4958115574023807e-05,8.904354358802731e-05,2.4508182478381865e-05,0.00047023079457153127,0.00011303884968436441,0.0002897876663779097,0.0006450509829171445,0.00041311040797318877,4.673395105148553e-05,7.475238163072038e-05,4.6005077653009854e-05,0.0018039954346882909,0.00022287590732251173,0.0019267449701341594,0.0023873868241160853,0.003733679080001081,0.0010245203846710853,0.00030999904207775354,0.002377962569390975,0.003985865598826674,0.003613260916830844,0.009796543969090143,0.004193499309531477,0.0008423953746719289,0.0009658222399078826,0.0023034182153235955,0.004155629798612112,0.00352799409477693,0.015705654837275745,0.010784291333196515,0.0033060922095805314,0.002130215507972965,0.0015060382355241383,0.0013442705522023516,0.006200190116583294,0.01356225561551896,0.004872407630111054,0.0019864866893068473,0.002237542519846347,0.003460214133875099,0.01661541539180517,0.008291867121496967,0.004084104483316903,0.002095338850315238,0.004138953939717493,0.01660509011586932,0.005622633348260932,0.003771176761366417,0.003614057952100671,0.0037118350120410974,0.009991656846478457,0.014320117995460117,LC_V18_H2p0_T7,0.01661541539180517
51,"(51,)",93,2,single,B_as_chord,X,0.00012331835947272424,1.6421967662737012e-05,2.834413249001028e-05,1.6122483876281924e-05,3.2232762850971945e-06,3.378031983608774e-06,5.1338762870593074e-05,3.974189982404707e-05,7.885889713905396e-06,6.41542703010407e-05,6.996247510262727e-06,1.32692010666648e-05,8.933498788960709e-06,0.00029769889649780676,0.00013011872956465994,7.9261984821731e-05,0.00038141787561994515,2.072748969386797e-05,0.00012138724993255875,3.3556714015053526e-05,0.0004321620236074848,0.00010372419212514538,0.00026360453700993356,0.0005876380073760784,0.00037306450378626595,4.2213013241634233e-05,6.705401239707618e-05,4.124794626441149e-05,0.006526184412255724,0.0008060651306834841,0.006893998526133437,0.00854677510856331,0.013202783944568145,0.0035656580404147074,0.0010753293599424204,0.0054736889866051144,0.00906248499565012,0.008214042432346238,0.02197819010753438,0.009302715939123709,0.001845691026831265,0.002118051620959066,0.004710334715396665,0.008444254656736924,0.00714647862561489,0.03152627103229782,0.021380595601855262,0.006485551191430717,0.004171262304918846,0.002917171844363413,0.0030621681594873084,0.013993883293564704,0.030308636881851758,0.010821164311882434,0.004404291755811602,0.004911524827512875,0.009430431641859636,0.04492375229466705,0.022220791920640075,0.010865885697359459,0.005524079623641298,0.01065103266944856,0.04247881225981565,0.014271155485758809,0.009506038803562789,0.00866314430965208,0.008856279149277972,0.023799678278300533,0.029704292561531873,LC_V18_H2p0_T7,0.04492375229466705
51,"(51,)",95,2,single,A_as_chord,X,8.178892027187128e-05,1.2722494642634193e-05,2.2404886920304693e-05,1.238251969128567e-05,2.529142740051828e-06,2.563201520013473e-06,8.71866978877071e-05,6.797145898592867e-05,1.2996015478524933e-05,0.00010907431529316634,1.1964830076951949e-05,2.2227687660691464e-05,1.514640777891764e-05,0.0004163310769028552,0.00018246189869558144,0.00010958126743976445,0.0005322037635057633,2.9133049343045428e-05,0.00016948394060730619,4.710001462804226e-05,0.0006372449222065875,0.00015309239445980306,0.00038656305335356194,0.0008661087006623003,0.0005469556198783274,6.244719602031187e-05,9.850923680344059e-05,6.090938136045343e-05,0.007349101488230871,0.0009086125866685734,0.007735765542184883,0.009613249053352053,0.014807131868455645,0.004003348638677677,0.001211185158313595,0.006076636659632318,0.010043310350425385,0.009116248878457044,0.02435951918832094,0.010319147086962376,0.002043892888117363,0.002352866856749149,0.004788538034604468,0.008559584722962886,0.0072548700927142825,0.03195753757477088,0.02166567524426269,0.006564099781067208,0.00422613970796302,0.0029535583451002646,0.003403689498965574,0.015576266747256672,0.03378174863209809,0.012016790323591896,0.00490118570084189,0.005471542266721105,0.010482938513238177,0.049986291061710035,0.02468368502060674,0.012088177103769577,0.006131264094873165,0.011675099421259525,0.046446904509846225,0.015640848563458862,0.010410552940982361,0.009365214570534812,0.009583172930088193,0.02572828371243156,0.032985075517326434,LC_V18_H2p0_T7,0.049986291061710035
52,"(52,)",97,2,single,B_as_chord,X,0.00010178602635803539,2.000471994394369e-05,3.523019035571526e-05,1.9481258954670555e-05,3.9857650830559614e-06,4.031196163943313e-06,9.876712278457688e-05,7.724891394980008e-05,1.4596354626943986e-05,0.000123228926636973,1.3553773549482696e-05,2.4958218441529073e-05,1.7052379048780403e-05,0.0003866736981049939,0.00016947813860096974,0.00010193275695324092,0.0004934814754945664,2.7028547424859887e-05,0.00015700941402682856,4.364471793305084e-05,0.0005741029049165953,0.0001380094771846073,0.0003481980941935223,0.0007798854964545598,0.0004924526231910383,5.6290417319942795e-05,8.867074415496716e-05,5.488237691201109e-05,0.0054535969335391225,0.000674918696961303,0.005726981235811939,0.007124910089556933,0.010958310321415803,0.0029664295128909654,0.0008993526500183388,0.005019699148777596,0.008320573086197224,0.007537097870792435,0.02018558180902367,0.008537111278427104,0.0016940314794639678,0.001943180640092682,0.003950795641323571,0.007075844061543031,0.005992629196253897,0.026430813914016443,0.017940542025963322,0.005443984002711755,0.003500434371497987,0.0024496586603218397,0.0030049732574093276,0.013760336887900484,0.02989080431512561,0.010637372412695063,0.0043379107671590285,0.0048408349676472735,0.008525047720780655,0.040630168960808545,0.020059329537945876,0.009823370661223572,0.004986063872964761,0.010481232143764447,0.04169367909423997,0.014062371096540235,0.009365905322348926,0.00859302226084884,0.008801132098093361,0.023622216463300576,0.032068005661778004,LC_V20_H2p5_T7,0.04169367909423997
52,"(52,)",99,2,single,A_as_chord,X,0.00010201315148038488,1.969223877061705e-05,3.4213898970150415e-05,1.9304912836134352e-05,3.89210613619171e-06,4.033797673055568e-06,7.561074155882502e-05,5.887183487255028e-05,1.1337842576761676e-05,9.453016867457538e-05,1.0351504280558239e-05,1.930120126242383e-05,1.3120735683421248e-05,0.00028791146591073785,0.00012602206249924766,7.59890970958018e-05,0.0003673314928434641,2.0055197500345407e-05,0.00011666378162057747,3.236083437674152e-05,0.0004485595866871386,0.00010790372473020879,0.0002712249665779609,0.0006071739790486515,0.0003829838296453054,4.3749631381211484e-05,6.888574611360267e-05,4.263101386502389e-05,0.004858622699151396,0.0006007737181693201,0.005111079376643708,0.006350472853289849,0.009778183319852154,0.002645333768440451,0.0008013087543772305,0.004778842389843302,0.007895889206302692,0.007170566515184534,0.01916251381408003,0.008114639555976053,0.0016077074539020111,0.0018474737530062586,0.003817625731480666,0.006827578619522027,0.0057839549773007854,0.025486504476054057,0.017287942674671836,0.005238868334208406,0.0033722916209789457,0.002356504217029799,0.002736021106720791,0.012507146277167635,0.027089275094252328,0.0096766153766185,0.003939617649436377,0.004396294052097293,0.00791586040520773,0.03767024216736215,0.01860643184293139,0.009095095046623616,0.00461286921141907,0.009564040766631688,0.038157771191640176,0.012823609251993152,0.008549070041350611,0.007651833329657243,0.007823833538996013,0.02094513936669572,0.026352207353456683,LC_V20_H2p5_T7,0.038157771191640176
